build	Set up job	﻿2026-08-23T00:20:03.7884200Z Current runner version: '2.336.0'
build	Set up job	2026-08-23T00:20:03.7903050Z ##[group]Runner Image Provisioner
build	Set up job	2026-08-23T00:20:03.7903640Z Hosted Compute Agent
build	Set up job	2026-08-23T00:20:03.7904020Z Version: 20260624.560
build	Set up job	2026-08-23T00:20:03.7904420Z Commit: 925d229a51159bc391ae97e54a2dd1fe20af789d
build	Set up job	2026-08-23T00:20:03.7904890Z Build Date: 2026-06-24T18:26:47Z
build	Set up job	2026-08-23T00:20:03.7905340Z Worker ID: {06a70baa-9e6b-4af2-af9f-434ce6c7c1be}
build	Set up job	2026-08-23T00:20:03.7905810Z Azure Region: westus
build	Set up job	2026-08-23T00:20:03.7906200Z ##[endgroup]
build	Set up job	2026-08-23T00:20:03.7907270Z ##[group]Operating System
build	Set up job	2026-08-23T00:20:03.7907710Z macOS
build	Set up job	2026-08-23T00:20:03.7908050Z 14.8.7
build	Set up job	2026-08-23T00:20:03.7908370Z 23J520
build	Set up job	2026-08-23T00:20:03.7908720Z ##[endgroup]
build	Set up job	2026-08-23T00:20:03.7909090Z ##[group]Runner Image
build	Set up job	2026-08-23T00:20:03.7909550Z Image: macos-14-arm64
build	Set up job	2026-08-23T00:20:03.7909940Z Version: 20260629.0180.1
build	Set up job	2026-08-23T00:20:03.7910710Z Included Software: https://github.com/actions/runner-images/blob/macos-14-arm64/20260629.0180/images/macos/macos-14-arm64-Readme.md
build	Set up job	2026-08-23T00:20:03.7911940Z Image Release: https://github.com/actions/runner-images/releases/tag/macos-14-arm64%2F20260629.0180
build	Set up job	2026-08-23T00:20:03.7912610Z ##[endgroup]
build	Set up job	2026-08-23T00:20:03.7913450Z ##[group]GITHUB_TOKEN Permissions
build	Set up job	2026-08-23T00:20:03.7914960Z Contents: read
build	Set up job	2026-08-23T00:20:03.7915330Z Metadata: read
build	Set up job	2026-08-23T00:20:03.7915700Z Packages: read
build	Set up job	2026-08-23T00:20:03.7916090Z ##[endgroup]
build	Set up job	2026-08-23T00:20:03.7917660Z Secret source: Actions
build	Set up job	2026-08-23T00:20:03.7918340Z Prepare workflow directory
build	Set up job	2026-08-23T00:20:03.8512430Z Prepare all required actions
build	Set up job	2026-08-23T00:20:03.8634510Z Getting action download info
build	Set up job	2026-08-23T00:20:04.2130110Z Download action repository 'actions/checkout@v4' (SHA:11d5960a326750d5838078e36cf38b85af677262)
build	Set up job	2026-08-23T00:20:05.3583970Z Download action repository 'actions/setup-node@v4' (SHA:49933ea5288caeca8642d1e84afbd3f7d6820020)
build	Set up job	2026-08-23T00:20:05.5182660Z Download action repository 'maxim-lobanov/setup-xcode@v1' (SHA:ed7a3b1fda3918c0306d1b724322adc0b8cc0a90)
build	Set up job	2026-08-23T00:20:06.0776420Z Download action repository 'actions/upload-artifact@v4' (SHA:ea165f8d65b6e75b540449e92b4886f43607fa02)
build	Set up job	2026-08-23T00:20:06.3903010Z Complete job name: build
build	Checkout Code	﻿2026-08-23T00:20:06.4685790Z Node 20 is being deprecated. This workflow is running with Node 24 by default. If you need to temporarily use Node 20, you can set the ACTIONS_ALLOW_USE_UNSECURE_NODE_VERSION=true environment variable. For more information see: https://github.blog/changelog/2025-09-19-deprecation-of-node-20-on-github-actions-runners/
build	Checkout Code	2026-08-23T00:20:06.4694720Z ##[group]Run actions/checkout@v4
build	Checkout Code	2026-08-23T00:20:06.4695610Z with:
build	Checkout Code	2026-08-23T00:20:06.4696250Z   repository: olamicreas/HenceLogistics
build	Checkout Code	2026-08-23T00:20:06.4702090Z   token: ***
build	Checkout Code	2026-08-23T00:20:06.4702690Z   ssh-strict: true
build	Checkout Code	2026-08-23T00:20:06.4703400Z   ssh-user: git
build	Checkout Code	2026-08-23T00:20:06.4704030Z   persist-credentials: true
build	Checkout Code	2026-08-23T00:20:06.4704710Z   clean: true
build	Checkout Code	2026-08-23T00:20:06.4705360Z   sparse-checkout-cone-mode: true
build	Checkout Code	2026-08-23T00:20:06.4706190Z   fetch-depth: 1
build	Checkout Code	2026-08-23T00:20:06.4706810Z   fetch-tags: false
build	Checkout Code	2026-08-23T00:20:06.4707440Z   show-progress: true
build	Checkout Code	2026-08-23T00:20:06.4708060Z   lfs: false
build	Checkout Code	2026-08-23T00:20:06.4708640Z   submodules: false
build	Checkout Code	2026-08-23T00:20:06.4709320Z   set-safe-directory: true
build	Checkout Code	2026-08-23T00:20:06.4710020Z   allow-unsafe-pr-checkout: false
build	Checkout Code	2026-08-23T00:20:06.4711080Z ##[endgroup]
build	Checkout Code	2026-08-23T00:20:06.9923620Z Syncing repository: olamicreas/HenceLogistics
build	Checkout Code	2026-08-23T00:20:06.9927940Z ##[group]Getting Git version info
build	Checkout Code	2026-08-23T00:20:06.9929390Z Working directory is '/Users/runner/work/HenceLogistics/HenceLogistics'
build	Checkout Code	2026-08-23T00:20:06.9931460Z [command]/opt/homebrew/bin/git version
build	Checkout Code	2026-08-23T00:20:07.0271250Z git version 2.54.0
build	Checkout Code	2026-08-23T00:20:07.0289460Z ##[endgroup]
build	Checkout Code	2026-08-23T00:20:07.0296630Z Copying '/Users/runner/.gitconfig' to '/Users/runner/work/_temp/b343dbc1-cc97-4113-b842-29d1ead01a89/.gitconfig'
build	Checkout Code	2026-08-23T00:20:07.0315570Z Temporarily overriding HOME='/Users/runner/work/_temp/b343dbc1-cc97-4113-b842-29d1ead01a89' before making global git config changes
build	Checkout Code	2026-08-23T00:20:07.0320670Z Adding repository directory to the temporary git global config as a safe directory
build	Checkout Code	2026-08-23T00:20:07.0323260Z [command]/opt/homebrew/bin/git config --global --add safe.directory /Users/runner/work/HenceLogistics/HenceLogistics
build	Checkout Code	2026-08-23T00:20:07.0492570Z Deleting the contents of '/Users/runner/work/HenceLogistics/HenceLogistics'
build	Checkout Code	2026-08-23T00:20:07.0498580Z ##[group]Initializing the repository
build	Checkout Code	2026-08-23T00:20:07.0508150Z [command]/opt/homebrew/bin/git init /Users/runner/work/HenceLogistics/HenceLogistics
build	Checkout Code	2026-08-23T00:20:07.0878120Z hint: Using 'master' as the name for the initial branch. This default branch name
build	Checkout Code	2026-08-23T00:20:07.0905280Z hint: will change to "main" in Git 3.0. To configure the initial branch name
build	Checkout Code	2026-08-23T00:20:07.0923890Z hint: to use in all of your new repositories, which will suppress this warning,
build	Checkout Code	2026-08-23T00:20:07.0955430Z hint: call:
build	Checkout Code	2026-08-23T00:20:07.0962180Z hint:
build	Checkout Code	2026-08-23T00:20:07.0963220Z hint: 	git config --global init.defaultBranch <name>
build	Checkout Code	2026-08-23T00:20:07.0966280Z hint:
build	Checkout Code	2026-08-23T00:20:07.0968610Z hint: Names commonly chosen instead of 'master' are 'main', 'trunk' and
build	Checkout Code	2026-08-23T00:20:07.0970330Z hint: 'development'. The just-created branch can be renamed via this command:
build	Checkout Code	2026-08-23T00:20:07.0971540Z hint:
build	Checkout Code	2026-08-23T00:20:07.0972220Z hint: 	git branch -m <name>
build	Checkout Code	2026-08-23T00:20:07.0973000Z hint:
build	Checkout Code	2026-08-23T00:20:07.0973950Z hint: Disable this message with "git config set advice.defaultBranchName false"
build	Checkout Code	2026-08-23T00:20:07.0975480Z Initialized empty Git repository in /Users/runner/work/HenceLogistics/HenceLogistics/.git/
build	Checkout Code	2026-08-23T00:20:07.0978730Z [command]/opt/homebrew/bin/git remote add origin https://github.com/olamicreas/HenceLogistics
build	Checkout Code	2026-08-23T00:20:07.1005060Z ##[endgroup]
build	Checkout Code	2026-08-23T00:20:07.1010680Z ##[group]Disabling automatic garbage collection
build	Checkout Code	2026-08-23T00:20:07.1013270Z [command]/opt/homebrew/bin/git config --local gc.auto 0
build	Checkout Code	2026-08-23T00:20:07.1152460Z ##[endgroup]
build	Checkout Code	2026-08-23T00:20:07.1153840Z ##[group]Setting up auth
build	Checkout Code	2026-08-23T00:20:07.1156440Z [command]/opt/homebrew/bin/git config --local --name-only --get-regexp core\.sshCommand
build	Checkout Code	2026-08-23T00:20:07.1190080Z [command]/opt/homebrew/bin/git submodule foreach --recursive sh -c "git config --local --name-only --get-regexp 'core\.sshCommand' && git config --local --unset-all 'core.sshCommand' || :"
build	Checkout Code	2026-08-23T00:20:07.2727610Z [command]/opt/homebrew/bin/git config --local --name-only --get-regexp http\.https\:\/\/github\.com\/\.extraheader
build	Checkout Code	2026-08-23T00:20:07.2752810Z [command]/opt/homebrew/bin/git submodule foreach --recursive sh -c "git config --local --name-only --get-regexp 'http\.https\:\/\/github\.com\/\.extraheader' && git config --local --unset-all 'http.https://github.com/.extraheader' || :"
build	Checkout Code	2026-08-23T00:20:07.3462040Z [command]/opt/homebrew/bin/git config --local --name-only --get-regexp ^includeIf\.gitdir:
build	Checkout Code	2026-08-23T00:20:07.3510020Z [command]/opt/homebrew/bin/git submodule foreach --recursive git config --local --show-origin --name-only --get-regexp remote.origin.url
build	Checkout Code	2026-08-23T00:20:07.4328630Z [command]/opt/homebrew/bin/git config --local http.https://github.com/.extraheader AUTHORIZATION: basic ***
build	Checkout Code	2026-08-23T00:20:07.4334620Z ##[endgroup]
build	Checkout Code	2026-08-23T00:20:07.4336080Z ##[group]Fetching the repository
build	Checkout Code	2026-08-23T00:20:07.4340920Z [command]/opt/homebrew/bin/git -c protocol.version=2 fetch --no-tags --prune --no-recurse-submodules --depth=1 origin +4c499ec9a7029483dce916ad589b6cf9636d4e43:refs/remotes/origin/main
build	Checkout Code	2026-08-23T00:20:08.2381790Z From https://github.com/olamicreas/HenceLogistics
build	Checkout Code	2026-08-23T00:20:08.2383550Z  * [new ref]         4c499ec9a7029483dce916ad589b6cf9636d4e43 -> origin/main
build	Checkout Code	2026-08-23T00:20:08.2459000Z ##[endgroup]
build	Checkout Code	2026-08-23T00:20:08.2460890Z ##[group]Determining the checkout info
build	Checkout Code	2026-08-23T00:20:08.2461790Z ##[endgroup]
build	Checkout Code	2026-08-23T00:20:08.2462210Z [command]/opt/homebrew/bin/git sparse-checkout disable
build	Checkout Code	2026-08-23T00:20:08.2532600Z [command]/opt/homebrew/bin/git config --local --unset-all extensions.worktreeConfig
build	Checkout Code	2026-08-23T00:20:08.2593630Z ##[group]Checking out the ref
build	Checkout Code	2026-08-23T00:20:08.2594820Z [command]/opt/homebrew/bin/git checkout --progress --force -B main refs/remotes/origin/main
build	Checkout Code	2026-08-23T00:20:08.3082470Z Switched to a new branch 'main'
build	Checkout Code	2026-08-23T00:20:08.3180190Z branch 'main' set up to track 'origin/main'.
build	Checkout Code	2026-08-23T00:20:08.3485510Z ##[endgroup]
build	Checkout Code	2026-08-23T00:20:08.3525000Z [command]/opt/homebrew/bin/git log -1 --format=%H
build	Checkout Code	2026-08-23T00:20:08.3526870Z 4c499ec9a7029483dce916ad589b6cf9636d4e43
build	Setup Node	﻿2026-08-23T00:20:08.3722730Z Node 20 is being deprecated. This workflow is running with Node 24 by default. If you need to temporarily use Node 20, you can set the ACTIONS_ALLOW_USE_UNSECURE_NODE_VERSION=true environment variable. For more information see: https://github.blog/changelog/2025-09-19-deprecation-of-node-20-on-github-actions-runners/
build	Setup Node	2026-08-23T00:20:08.3730500Z ##[group]Run actions/setup-node@v4
build	Setup Node	2026-08-23T00:20:08.3731190Z with:
build	Setup Node	2026-08-23T00:20:08.3731630Z   node-version: 22.x
build	Setup Node	2026-08-23T00:20:08.3732140Z   cache: npm
build	Setup Node	2026-08-23T00:20:08.3732590Z   always-auth: false
build	Setup Node	2026-08-23T00:20:08.3733070Z   check-latest: false
build	Setup Node	2026-08-23T00:20:08.3744100Z   token: ***
build	Setup Node	2026-08-23T00:20:08.3744720Z ##[endgroup]
build	Setup Node	2026-08-23T00:20:08.4993270Z Found in cache @ /Users/runner/hostedtoolcache/node/22.23.1/arm64
build	Setup Node	2026-08-23T00:20:08.4996300Z (node:5619) [DEP0040] DeprecationWarning: The `punycode` module is deprecated. Please use a userland alternative instead.
build	Setup Node	2026-08-23T00:20:08.4997820Z (Use `node --trace-deprecation ...` to show where the warning was created)
build	Setup Node	2026-08-23T00:20:08.4999300Z ##[group]Environment details
build	Setup Node	2026-08-23T00:20:09.0701650Z node: v22.23.1
build	Setup Node	2026-08-23T00:20:09.0819510Z npm: 10.9.8
build	Setup Node	2026-08-23T00:20:09.0862110Z yarn: 1.22.22
build	Setup Node	2026-08-23T00:20:09.0971770Z ##[endgroup]
build	Setup Node	2026-08-23T00:20:09.1095420Z [command]/Users/runner/hostedtoolcache/node/22.23.1/arm64/bin/npm config get cache
build	Setup Node	2026-08-23T00:20:09.2661950Z /Users/runner/.npm
build	Setup Node	2026-08-23T00:20:09.4548650Z npm cache is not found
build	Force Xcode 16.1 System-Wide	﻿2026-08-23T00:20:09.4647460Z ##[group]Run maxim-lobanov/setup-xcode@v1
build	Force Xcode 16.1 System-Wide	2026-08-23T00:20:09.4647970Z with:
build	Force Xcode 16.1 System-Wide	2026-08-23T00:20:09.4648210Z   xcode-version: 16.1
build	Force Xcode 16.1 System-Wide	2026-08-23T00:20:09.4648500Z ##[endgroup]
build	Force Xcode 16.1 System-Wide	2026-08-23T00:20:09.5507850Z Switching Xcode to version '16.1'...
build	Force Xcode 16.1 System-Wide	2026-08-23T00:20:09.6309410Z Xcode is set to 16.1.0 (16B40)
build	Install Project Dependencies	﻿2026-08-23T00:20:09.6451510Z ##[group]Run npm install
build	Install Project Dependencies	2026-08-23T00:20:09.6451910Z ^[[36;1mnpm install^[[0m
build	Install Project Dependencies	2026-08-23T00:20:09.6452180Z ^[[36;1mnpx expo install react-native-webview^[[0m
build	Install Project Dependencies	2026-08-23T00:20:09.6452470Z ^[[36;1mnpm install -g eas-cli^[[0m
build	Install Project Dependencies	2026-08-23T00:20:09.6513320Z shell: /bin/bash -e {0}
build	Install Project Dependencies	2026-08-23T00:20:09.6513610Z env:
build	Install Project Dependencies	2026-08-23T00:20:09.6513820Z   MD_APPLE_SDK_ROOT: /Applications/Xcode_16.1.app
build	Install Project Dependencies	2026-08-23T00:20:09.6514080Z ##[endgroup]
build	Install Project Dependencies	2026-08-23T00:20:13.1261680Z npm warn deprecated text-encoding@0.7.0: no longer maintained
build	Install Project Dependencies	2026-08-23T00:20:26.5819790Z 
build	Install Project Dependencies	2026-08-23T00:20:26.5822940Z > hencelogistics@1.0.0 postinstall
build	Install Project Dependencies	2026-08-23T00:20:26.5823610Z > node patch-expo.js
build	Install Project Dependencies	2026-08-23T00:20:26.5824340Z 
build	Install Project Dependencies	2026-08-23T00:20:26.6235000Z Patched ExpoModulesJSI build script successfully.
build	Install Project Dependencies	2026-08-23T00:20:26.6337800Z 
build	Install Project Dependencies	2026-08-23T00:20:26.6339300Z added 742 packages, and audited 743 packages in 17s
build	Install Project Dependencies	2026-08-23T00:20:26.6340150Z 
build	Install Project Dependencies	2026-08-23T00:20:26.6340960Z 102 packages are looking for funding
build	Install Project Dependencies	2026-08-23T00:20:26.6341680Z   run `npm fund` for details
build	Install Project Dependencies	2026-08-23T00:20:26.6738930Z 
build	Install Project Dependencies	2026-08-23T00:20:26.6740290Z 24 vulnerabilities (1 low, 14 moderate, 9 high)
build	Install Project Dependencies	2026-08-23T00:20:26.6741140Z 
build	Install Project Dependencies	2026-08-23T00:20:26.6741770Z To address issues that do not require attention, run:
build	Install Project Dependencies	2026-08-23T00:20:26.6742700Z   npm audit fix
build	Install Project Dependencies	2026-08-23T00:20:26.6743230Z 
build	Install Project Dependencies	2026-08-23T00:20:26.6744020Z To address all issues (including breaking changes), run:
build	Install Project Dependencies	2026-08-23T00:20:26.6745100Z   npm audit fix --force
build	Install Project Dependencies	2026-08-23T00:20:26.6745430Z 
build	Install Project Dependencies	2026-08-23T00:20:26.6745880Z Run `npm audit` for details.
build	Install Project Dependencies	2026-08-23T00:20:27.6394110Z › Installing 1 SDK 57.0.0 compatible native module using npm
build	Install Project Dependencies	2026-08-23T00:20:27.6498390Z > npm install
build	Install Project Dependencies	2026-08-23T00:20:30.2179650Z 
build	Install Project Dependencies	2026-08-23T00:20:30.2276310Z > hencelogistics@1.0.0 postinstall
build	Install Project Dependencies	2026-08-23T00:20:30.2279480Z > node patch-expo.js
build	Install Project Dependencies	2026-08-23T00:20:30.2280380Z 
build	Install Project Dependencies	2026-08-23T00:20:30.2607450Z Patched ExpoModulesJSI build script successfully.
build	Install Project Dependencies	2026-08-23T00:20:30.2673020Z 
build	Install Project Dependencies	2026-08-23T00:20:30.2752420Z added 1 package, and audited 744 packages in 3s
build	Install Project Dependencies	2026-08-23T00:20:30.2753280Z 
build	Install Project Dependencies	2026-08-23T00:20:30.2786180Z 102 packages are looking for funding
build	Install Project Dependencies	2026-08-23T00:20:30.2827590Z   run `npm fund` for details
build	Install Project Dependencies	2026-08-23T00:20:30.3359890Z 
build	Install Project Dependencies	2026-08-23T00:20:30.3374650Z 24 vulnerabilities (1 low, 14 moderate, 9 high)
build	Install Project Dependencies	2026-08-23T00:20:30.3375070Z 
build	Install Project Dependencies	2026-08-23T00:20:30.3378980Z To address issues that do not require attention, run:
build	Install Project Dependencies	2026-08-23T00:20:30.3398180Z   npm audit fix
build	Install Project Dependencies	2026-08-23T00:20:30.3400770Z 
build	Install Project Dependencies	2026-08-23T00:20:30.3402050Z To address all issues (including breaking changes), run:
build	Install Project Dependencies	2026-08-23T00:20:30.3431400Z   npm audit fix --force
build	Install Project Dependencies	2026-08-23T00:20:30.3486920Z 
build	Install Project Dependencies	2026-08-23T00:20:30.3512920Z Run `npm audit` for details.
build	Install Project Dependencies	2026-08-23T00:20:47.2451550Z npm warn deprecated inflight@1.0.6: This module is not supported, and leaks memory. Do not use it. Check out lru-cache if you want a good and tested way to coalesce async requests by a key value, which is much more comprehensive and powerful.
build	Install Project Dependencies	2026-08-23T00:20:47.6395260Z npm warn deprecated glob@6.0.4: Old versions of glob are not supported, and contain widely publicized security vulnerabilities, which have been fixed in the current version. Please update. Support for old versions may be purchased (at exorbitant rates) by contacting i@izs.me
build	Install Project Dependencies	2026-08-23T00:20:47.6563250Z npm warn deprecated rimraf@2.4.5: Rimraf versions prior to v4 are no longer supported
build	Install Project Dependencies	2026-08-23T00:20:47.7392600Z npm warn deprecated lodash.get@4.4.2: This package is deprecated. Use the optional chaining (?.) operator instead.
build	Install Project Dependencies	2026-08-23T00:20:48.4655300Z npm warn deprecated uuid@7.0.3: uuid@10 and below is no longer supported.  For ESM codebases, update to uuid@latest.  For CommonJS codebases, use uuid@11 (but be aware this version will likely be deprecated in 2028).
build	Install Project Dependencies	2026-08-23T00:20:48.8199230Z npm warn deprecated uuid@8.3.2: uuid@10 and below is no longer supported.  For ESM codebases, update to uuid@latest.  For CommonJS codebases, use uuid@11 (but be aware this version will likely be deprecated in 2028).
build	Install Project Dependencies	2026-08-23T00:20:48.8655150Z npm warn deprecated uuid@8.3.2: uuid@10 and below is no longer supported.  For ESM codebases, update to uuid@latest.  For CommonJS codebases, use uuid@11 (but be aware this version will likely be deprecated in 2028).
build	Install Project Dependencies	2026-08-23T00:20:48.8845020Z npm warn deprecated uuid@9.0.1: uuid@10 and below is no longer supported.  For ESM codebases, update to uuid@latest.  For CommonJS codebases, use uuid@11 (but be aware this version will likely be deprecated in 2028).
build	Install Project Dependencies	2026-08-23T00:20:48.9384180Z npm warn deprecated glob@10.5.0: Old versions of glob are not supported, and contain widely publicized security vulnerabilities, which have been fixed in the current version. Please update. Support for old versions may be purchased (at exorbitant rates) by contacting i@izs.me
build	Install Project Dependencies	2026-08-23T00:20:48.9566540Z npm warn deprecated glob@10.5.0: Old versions of glob are not supported, and contain widely publicized security vulnerabilities, which have been fixed in the current version. Please update. Support for old versions may be purchased (at exorbitant rates) by contacting i@izs.me
build	Install Project Dependencies	2026-08-23T00:20:48.9670150Z npm warn deprecated glob@10.5.0: Old versions of glob are not supported, and contain widely publicized security vulnerabilities, which have been fixed in the current version. Please update. Support for old versions may be purchased (at exorbitant rates) by contacting i@izs.me
build	Install Project Dependencies	2026-08-23T00:21:02.5230510Z 
build	Install Project Dependencies	2026-08-23T00:21:02.5231360Z added 518 packages in 32s
build	Install Project Dependencies	2026-08-23T00:21:02.5231800Z 
build	Install Project Dependencies	2026-08-23T00:21:02.5233390Z 70 packages are looking for funding
build	Install Project Dependencies	2026-08-23T00:21:02.5244150Z   run `npm fund` for details
build	Configure Sandbox Environment & Bypasses	﻿2026-08-23T00:21:02.5438010Z ##[group]Run # 1. Prevent SPM Rate Limiting & SSH Hangs
build	Configure Sandbox Environment & Bypasses	2026-08-23T00:21:02.5446110Z ^[[36;1m# 1. Prevent SPM Rate Limiting & SSH Hangs^[[0m
build	Configure Sandbox Environment & Bypasses	2026-08-23T00:21:02.5446780Z ^[[36;1mgit config --global url."https://github.com/".insteadOf "git@github.com:"^[[0m
build	Configure Sandbox Environment & Bypasses	2026-08-23T00:21:02.5447370Z ^[[36;1mgit config --global url."https://".insteadOf "git://"^[[0m
build	Configure Sandbox Environment & Bypasses	2026-08-23T00:21:02.5448080Z ^[[36;1m^[[0m
build	Configure Sandbox Environment & Bypasses	2026-08-23T00:21:02.5448430Z ^[[36;1m# 2. Inject Sandbox Variables into eas.json^[[0m
build	Configure Sandbox Environment & Bypasses	2026-08-23T00:21:02.5448820Z ^[[36;1mnode -e "^[[0m
build	Configure Sandbox Environment & Bypasses	2026-08-23T00:21:02.5449090Z ^[[36;1mconst fs = require('fs');^[[0m
build	Configure Sandbox Environment & Bypasses	2026-08-23T00:21:02.5449540Z ^[[36;1mconst eas = JSON.parse(fs.readFileSync('eas.json', 'utf8'));^[[0m
build	Configure Sandbox Environment & Bypasses	2026-08-23T00:21:02.5449900Z ^[[36;1meas.build = eas.build || {};^[[0m
build	Configure Sandbox Environment & Bypasses	2026-08-23T00:21:02.5450350Z ^[[36;1meas.build.production = eas.build.production || {};^[[0m
build	Configure Sandbox Environment & Bypasses	2026-08-23T00:21:02.5450870Z ^[[36;1meas.build.production.env = eas.build.production.env || {};^[[0m
build	Configure Sandbox Environment & Bypasses	2026-08-23T00:21:02.5451220Z ^[[36;1m^[[0m
build	Configure Sandbox Environment & Bypasses	2026-08-23T00:21:02.5451520Z ^[[36;1m// User traps bypasses^[[0m
build	Configure Sandbox Environment & Bypasses	2026-08-23T00:21:02.5452030Z ^[[36;1meas.build.production.env.EXPO_USE_SPM = '0';^[[0m
build	Configure Sandbox Environment & Bypasses	2026-08-23T00:21:02.5452540Z ^[[36;1meas.build.production.env.ENABLE_USER_SCRIPT_SANDBOXING = 'NO';^[[0m
build	Configure Sandbox Environment & Bypasses	2026-08-23T00:21:02.5452890Z ^[[36;1m^[[0m
build	Configure Sandbox Environment & Bypasses	2026-08-23T00:21:02.5453190Z ^[[36;1m// Give Xcode the exact absolute path to Node.js^[[0m
build	Configure Sandbox Environment & Bypasses	2026-08-23T00:21:02.5453760Z ^[[36;1meas.build.production.env.NODE_BINARY = process.execPath;^[[0m
build	Configure Sandbox Environment & Bypasses	2026-08-23T00:21:02.5454240Z ^[[36;1meas.build.production.env.EXPO_DEBUG = '1';^[[0m
build	Configure Sandbox Environment & Bypasses	2026-08-23T00:21:02.5454510Z ^[[36;1m^[[0m
build	Configure Sandbox Environment & Bypasses	2026-08-23T00:21:02.5454800Z ^[[36;1mfs.writeFileSync('eas.json', JSON.stringify(eas, null, 2));^[[0m
build	Configure Sandbox Environment & Bypasses	2026-08-23T00:21:02.5490710Z ^[[36;1mconsole.log('Successfully injected build-from-source flags into eas.json');^[[0m
build	Configure Sandbox Environment & Bypasses	2026-08-23T00:21:02.5491210Z ^[[36;1m"^[[0m
build	Configure Sandbox Environment & Bypasses	2026-08-23T00:21:02.5720000Z shell: /bin/bash -e {0}
build	Configure Sandbox Environment & Bypasses	2026-08-23T00:21:02.5720330Z env:
build	Configure Sandbox Environment & Bypasses	2026-08-23T00:21:02.5720530Z   MD_APPLE_SDK_ROOT: /Applications/Xcode_16.1.app
build	Configure Sandbox Environment & Bypasses	2026-08-23T00:21:02.5720860Z ##[endgroup]
build	Configure Sandbox Environment & Bypasses	2026-08-23T00:21:02.6977150Z Successfully injected build-from-source flags into eas.json
build	Build iOS Locally on Free Cloud Mac	﻿2026-08-23T00:21:02.7037580Z ##[group]Run EAS_NO_VCS=1 eas build --platform ios --local --non-interactive
build	Build iOS Locally on Free Cloud Mac	2026-08-23T00:21:02.7038110Z ^[[36;1mEAS_NO_VCS=1 eas build --platform ios --local --non-interactive^[[0m
build	Build iOS Locally on Free Cloud Mac	2026-08-23T00:21:02.7090610Z shell: /bin/bash -e {0}
build	Build iOS Locally on Free Cloud Mac	2026-08-23T00:21:02.7090880Z env:
build	Build iOS Locally on Free Cloud Mac	2026-08-23T00:21:02.7091130Z   MD_APPLE_SDK_ROOT: /Applications/Xcode_16.1.app
build	Build iOS Locally on Free Cloud Mac	2026-08-23T00:21:02.7091650Z   EXPO_TOKEN: ***
build	Build iOS Locally on Free Cloud Mac	2026-08-23T00:21:02.7091830Z   EXPO_APPLE_ID: info@hencedelivery.com
build	Build iOS Locally on Free Cloud Mac	2026-08-23T00:21:02.7092050Z ##[endgroup]
build	Build iOS Locally on Free Cloud Mac	2026-08-23T00:21:04.0452100Z Using EAS CLI without version control system is not recommended, use this mode only if you know what you are doing.
build	Build iOS Locally on Free Cloud Mac	2026-08-23T00:21:04.7389580Z Resolved "production" environment for the build. Learn more: https://docs.expo.dev/eas/environment-variables/#setting-the-environment-for-your-builds
build	Build iOS Locally on Free Cloud Mac	2026-08-23T00:21:04.8138940Z No environment variables with visibility "Plain text" and "Sensitive" found for the "production" environment on EAS.
build	Build iOS Locally on Free Cloud Mac	2026-08-23T00:21:04.8140330Z Environment variables loaded from the "production" build profile "env" configuration: EXPO_USE_SPM, ENABLE_USER_SCRIPT_SANDBOXING, NODE_BINARY, EXPO_DEBUG.
build	Build iOS Locally on Free Cloud Mac	2026-08-23T00:21:04.8141270Z 
build	Build iOS Locally on Free Cloud Mac	2026-08-23T00:21:06.6325550Z - Incrementing buildNumber from 105 to 106.
build	Build iOS Locally on Free Cloud Mac	2026-08-23T00:21:06.7347790Z ✔ Incremented buildNumber from 105 to 106.
build	Build iOS Locally on Free Cloud Mac	2026-08-23T00:21:07.0145150Z ✔ Using remote iOS credentials (Expo server)
build	Build iOS Locally on Free Cloud Mac	2026-08-23T00:21:07.0145680Z 
build	Build iOS Locally on Free Cloud Mac	2026-08-23T00:21:07.2126950Z Distribution Certificate is not validated for non-interactive builds.
build	Build iOS Locally on Free Cloud Mac	2026-08-23T00:21:07.4361620Z Using App Store Connect API Key from EAS credentials service.
build	Build iOS Locally on Free Cloud Mac	2026-08-23T00:21:07.5565260Z - Fetching Apple provisioning profiles
build	Build iOS Locally on Free Cloud Mac	2026-08-23T00:21:08.2755570Z ✔ Fetched Apple provisioning profiles
build	Build iOS Locally on Free Cloud Mac	2026-08-23T00:21:08.2804630Z 
build	Build iOS Locally on Free Cloud Mac	2026-08-23T00:21:08.2805370Z Project Credentials Configuration
build	Build iOS Locally on Free Cloud Mac	2026-08-23T00:21:08.2805680Z 
build	Build iOS Locally on Free Cloud Mac	2026-08-23T00:21:08.2806130Z Project                   @olamicreas/HenceLogistics
build	Build iOS Locally on Free Cloud Mac	2026-08-23T00:21:08.2837990Z Bundle Identifier         com.hence.oyedotun
build	Build iOS Locally on Free Cloud Mac	2026-08-23T00:21:08.2854810Z                           
build	Build iOS Locally on Free Cloud Mac	2026-08-23T00:21:08.2855230Z App Store Configuration   
build	Build iOS Locally on Free Cloud Mac	2026-08-23T00:21:08.2855580Z                           
build	Build iOS Locally on Free Cloud Mac	2026-08-23T00:21:08.2855910Z Distribution Certificate  
build	Build iOS Locally on Free Cloud Mac	2026-08-23T00:21:08.2856380Z Serial Number             EB7B31DE3CF5EF4CA943E062DC1C448
build	Build iOS Locally on Free Cloud Mac	2026-08-23T00:21:08.2857070Z Expiration Date           Sun, 01 Aug 2027 22:14:07 UTC
build	Build iOS Locally on Free Cloud Mac	2026-08-23T00:21:08.2871410Z Apple Team                Q42QY7STMH (HENCE LIMITED (Company/Organization))
build	Build iOS Locally on Free Cloud Mac	2026-08-23T00:21:08.2871980Z Updated                   21 days ago
build	Build iOS Locally on Free Cloud Mac	2026-08-23T00:21:08.2872300Z                           
build	Build iOS Locally on Free Cloud Mac	2026-08-23T00:21:08.2872630Z Provisioning Profile      
build	Build iOS Locally on Free Cloud Mac	2026-08-23T00:21:08.2873000Z Developer Portal ID       XKBD54QKQR
build	Build iOS Locally on Free Cloud Mac	2026-08-23T00:21:08.2873420Z Status                    active
build	Build iOS Locally on Free Cloud Mac	2026-08-23T00:21:08.2873890Z Expiration                Sun, 01 Aug 2027 22:14:07 UTC
build	Build iOS Locally on Free Cloud Mac	2026-08-23T00:21:08.2974890Z Apple Team                Q42QY7STMH (HENCE LIMITED (Company/Organization))
build	Build iOS Locally on Free Cloud Mac	2026-08-23T00:21:08.2986930Z Updated                   20 days ago
build	Build iOS Locally on Free Cloud Mac	2026-08-23T00:21:08.2987330Z                           
build	Build iOS Locally on Free Cloud Mac	2026-08-23T00:21:08.2987830Z All credentials are ready to build @olamicreas/HenceLogistics (com.hence.oyedotun)
build	Build iOS Locally on Free Cloud Mac	2026-08-23T00:21:08.2988220Z 
build	Build iOS Locally on Free Cloud Mac	2026-08-23T00:21:08.4822960Z - Computing project fingerprint
build	Build iOS Locally on Free Cloud Mac	2026-08-23T00:21:10.5794780Z ✔ Computed project fingerprint
build	Build iOS Locally on Free Cloud Mac	2026-08-23T00:21:16.9210370Z npm warn deprecated inflight@1.0.6: This module is not supported, and leaks memory. Do not use it. Check out lru-cache if you want a good and tested way to coalesce async requests by a key value, which is much more comprehensive and powerful.
build	Build iOS Locally on Free Cloud Mac	2026-08-23T00:21:16.9341460Z npm warn deprecated rimraf@2.4.5: Rimraf versions prior to v4 are no longer supported
build	Build iOS Locally on Free Cloud Mac	2026-08-23T00:21:16.9342590Z npm warn deprecated lodash.get@4.4.2: This package is deprecated. Use the optional chaining (?.) operator instead.
build	Build iOS Locally on Free Cloud Mac	2026-08-23T00:21:17.0607110Z npm warn deprecated glob@6.0.4: Old versions of glob are not supported, and contain widely publicized security vulnerabilities, which have been fixed in the current version. Please update. Support for old versions may be purchased (at exorbitant rates) by contacting i@izs.me
build	Build iOS Locally on Free Cloud Mac	2026-08-23T00:21:17.6628540Z npm warn deprecated uuid@7.0.3: uuid@10 and below is no longer supported.  For ESM codebases, update to uuid@latest.  For CommonJS codebases, use uuid@11 (but be aware this version will likely be deprecated in 2028).
build	Build iOS Locally on Free Cloud Mac	2026-08-23T00:21:17.8582820Z npm warn deprecated uuid@9.0.1: uuid@10 and below is no longer supported.  For ESM codebases, update to uuid@latest.  For CommonJS codebases, use uuid@11 (but be aware this version will likely be deprecated in 2028).
build	Build iOS Locally on Free Cloud Mac	2026-08-23T00:21:24.7964640Z [SETUP_WORKINGDIR] Preparing workingdir /var/folders/g3/pffjr_y96bq06blnkf72x_hw0000gn/T/eas-build-local-nodejs/8b92a6e8-638b-44a7-86ed-dccce4fa23af
build	Build iOS Locally on Free Cloud Mac	2026-08-23T00:21:24.7995300Z [START_BUILD] Starting build
build	Build iOS Locally on Free Cloud Mac	2026-08-23T00:21:24.7996850Z   "job": {
build	Build iOS Locally on Free Cloud Mac	2026-08-23T00:21:24.7997060Z     "type": "managed",
build	Build iOS Locally on Free Cloud Mac	2026-08-23T00:21:24.7997350Z     "platform": "ios",
build	Build iOS Locally on Free Cloud Mac	2026-08-23T00:21:24.7997580Z     "projectArchive": {
build	Build iOS Locally on Free Cloud Mac	2026-08-23T00:21:24.7997800Z       "type": "PATH",
build	Build iOS Locally on Free Cloud Mac	2026-08-23T00:21:24.7998580Z       "path": "/var/folders/g3/pffjr_y96bq06blnkf72x_hw0000gn/T/eas-cli-nodejs/ce3529ca-2a88-4037-81f2-fda0a21b87c0.tar.gz"
build	Build iOS Locally on Free Cloud Mac	2026-08-23T00:21:24.7999030Z     },
build	Build iOS Locally on Free Cloud Mac	2026-08-23T00:21:24.7999280Z     "projectRootDirectory": ".",
build	Build iOS Locally on Free Cloud Mac	2026-08-23T00:21:24.7999590Z     "builderEnvironment": {
build	Build iOS Locally on Free Cloud Mac	2026-08-23T00:21:24.7999860Z       "image": "latest",
build	Build iOS Locally on Free Cloud Mac	2026-08-23T00:21:24.8000150Z       "env": {
build	Build iOS Locally on Free Cloud Mac	2026-08-23T00:21:24.8000410Z         "EXPO_USE_SPM": "0",
build	Build iOS Locally on Free Cloud Mac	2026-08-23T00:21:24.8000780Z         "ENABLE_USER_SCRIPT_SANDBOXING": "NO",
build	Build iOS Locally on Free Cloud Mac	2026-08-23T00:21:24.8001300Z         "NODE_BINARY": "/Users/runner/hostedtoolcache/node/22.23.1/arm64/bin/node",
build	Build iOS Locally on Free Cloud Mac	2026-08-23T00:21:24.8001760Z         "EXPO_DEBUG": "1"
build	Build iOS Locally on Free Cloud Mac	2026-08-23T00:21:24.8002050Z       }
build	Build iOS Locally on Free Cloud Mac	2026-08-23T00:21:24.8002250Z     },
build	Build iOS Locally on Free Cloud Mac	2026-08-23T00:21:24.8002450Z     "cache": {
build	Build iOS Locally on Free Cloud Mac	2026-08-23T00:21:24.8007180Z       "disabled": false,
build	Build iOS Locally on Free Cloud Mac	2026-08-23T00:21:24.8007420Z       "paths": [],
build	Build iOS Locally on Free Cloud Mac	2026-08-23T00:21:24.8007580Z       "clear": false
build	Build iOS Locally on Free Cloud Mac	2026-08-23T00:21:24.8007750Z     },
build	Build iOS Locally on Free Cloud Mac	2026-08-23T00:21:24.8007900Z     "updates": {},
build	Build iOS Locally on Free Cloud Mac	2026-08-23T00:21:24.8008070Z     "scheme": "Hence",
build	Build iOS Locally on Free Cloud Mac	2026-08-23T00:21:24.8008260Z     "username": "olamicreas",
build	Build iOS Locally on Free Cloud Mac	2026-08-23T00:21:24.8008450Z     "version": {
build	Build iOS Locally on Free Cloud Mac	2026-08-23T00:21:24.8008620Z       "buildNumber": "106"
build	Build iOS Locally on Free Cloud Mac	2026-08-23T00:21:24.8008810Z     },
build	Build iOS Locally on Free Cloud Mac	2026-08-23T00:21:24.8008970Z     "experimental": {},
build	Build iOS Locally on Free Cloud Mac	2026-08-23T00:21:24.8009150Z     "mode": "build",
build	Build iOS Locally on Free Cloud Mac	2026-08-23T00:21:24.8009330Z     "triggeredBy": "EAS_CLI",
build	Build iOS Locally on Free Cloud Mac	2026-08-23T00:21:24.8010150Z     "appId": "b0ad43f4-c5c8-4274-9639-2f6965170365",
build	Build iOS Locally on Free Cloud Mac	2026-08-23T00:21:24.8010530Z     "initiatingUserId": "111d6b7c-7a91-4431-8f03-0f2d8ff66bfb"
build	Build iOS Locally on Free Cloud Mac	2026-08-23T00:21:24.8010790Z   }
build	Build iOS Locally on Free Cloud Mac	2026-08-23T00:21:24.8025660Z Local build, skipping project archive refresh
build	Build iOS Locally on Free Cloud Mac	2026-08-23T00:21:24.8342250Z [READ_EAS_JSON] Using eas.json:
build	Build iOS Locally on Free Cloud Mac	2026-08-23T00:21:24.8342810Z [READ_EAS_JSON] {
build	Build iOS Locally on Free Cloud Mac	2026-08-23T00:21:24.8343200Z   "cli": {
build	Build iOS Locally on Free Cloud Mac	2026-08-23T00:21:24.8343770Z     "version": ">= 3.8.2",
build	Build iOS Locally on Free Cloud Mac	2026-08-23T00:21:24.8344110Z     "appVersionSource": "remote"
build	Build iOS Locally on Free Cloud Mac	2026-08-23T00:21:24.8344410Z   },
build	Build iOS Locally on Free Cloud Mac	2026-08-23T00:21:24.8344650Z   "build": {
build	Build iOS Locally on Free Cloud Mac	2026-08-23T00:21:24.8345010Z     "development": {
build	Build iOS Locally on Free Cloud Mac	2026-08-23T00:21:24.8345540Z       "developmentClient": true,
build	Build iOS Locally on Free Cloud Mac	2026-08-23T00:21:24.8345900Z       "distribution": "internal",
build	Build iOS Locally on Free Cloud Mac	2026-08-23T00:21:24.8346140Z       "android": {
build	Build iOS Locally on Free Cloud Mac	2026-08-23T00:21:24.8346430Z         "buildType": "apk"
build	Build iOS Locally on Free Cloud Mac	2026-08-23T00:21:24.8346610Z       }
build	Build iOS Locally on Free Cloud Mac	2026-08-23T00:21:24.8346800Z     },
build	Build iOS Locally on Free Cloud Mac	2026-08-23T00:21:24.8346990Z     "simulator": {
build	Build iOS Locally on Free Cloud Mac	2026-08-23T00:21:24.8347350Z       "developmentClient": true,
build	Build iOS Locally on Free Cloud Mac	2026-08-23T00:21:24.8347630Z       "ios": {
build	Build iOS Locally on Free Cloud Mac	2026-08-23T00:21:24.8347810Z         "simulator": true
build	Build iOS Locally on Free Cloud Mac	2026-08-23T00:21:24.8400270Z       }
build	Build iOS Locally on Free Cloud Mac	2026-08-23T00:21:24.8400460Z     },
build	Build iOS Locally on Free Cloud Mac	2026-08-23T00:21:24.8400590Z     "preview": {
build	Build iOS Locally on Free Cloud Mac	2026-08-23T00:21:24.8400760Z       "android": {
build	Build iOS Locally on Free Cloud Mac	2026-08-23T00:21:24.8400970Z         "buildType": "apk"
build	Build iOS Locally on Free Cloud Mac	2026-08-23T00:21:24.8401190Z       }
build	Build iOS Locally on Free Cloud Mac	2026-08-23T00:21:24.8401420Z     },
build	Build iOS Locally on Free Cloud Mac	2026-08-23T00:21:24.8404350Z     "production": {
build	Build iOS Locally on Free Cloud Mac	2026-08-23T00:21:24.8404530Z       "autoIncrement": true,
build	Build iOS Locally on Free Cloud Mac	2026-08-23T00:21:24.8404730Z       "ios": {
build	Build iOS Locally on Free Cloud Mac	2026-08-23T00:21:24.8404880Z         "image": "latest"
build	Build iOS Locally on Free Cloud Mac	2026-08-23T00:21:24.8405200Z       },
build	Build iOS Locally on Free Cloud Mac	2026-08-23T00:21:24.8405360Z       "env": {
build	Build iOS Locally on Free Cloud Mac	2026-08-23T00:21:24.8405520Z         "EXPO_USE_SPM": "0",
build	Build iOS Locally on Free Cloud Mac	2026-08-23T00:21:24.8405770Z         "ENABLE_USER_SCRIPT_SANDBOXING": "NO",
build	Build iOS Locally on Free Cloud Mac	2026-08-23T00:21:24.8406160Z         "NODE_BINARY": "/Users/runner/hostedtoolcache/node/22.23.1/arm64/bin/node",
build	Build iOS Locally on Free Cloud Mac	2026-08-23T00:21:24.8406490Z         "EXPO_DEBUG": "1"
build	Build iOS Locally on Free Cloud Mac	2026-08-23T00:21:24.8406650Z       }
build	Build iOS Locally on Free Cloud Mac	2026-08-23T00:21:24.8406800Z     }
build	Build iOS Locally on Free Cloud Mac	2026-08-23T00:21:24.8406930Z   },
build	Build iOS Locally on Free Cloud Mac	2026-08-23T00:21:24.8407080Z   "submit": {
build	Build iOS Locally on Free Cloud Mac	2026-08-23T00:21:24.8407250Z     "production": {}
build	Build iOS Locally on Free Cloud Mac	2026-08-23T00:21:24.8407420Z   }
build	Build iOS Locally on Free Cloud Mac	2026-08-23T00:21:24.8407570Z }
build	Build iOS Locally on Free Cloud Mac	2026-08-23T00:21:24.8407780Z [READ_PACKAGE_JSON] Using package.json:
build	Build iOS Locally on Free Cloud Mac	2026-08-23T00:21:24.8408040Z [READ_PACKAGE_JSON] {
build	Build iOS Locally on Free Cloud Mac	2026-08-23T00:21:24.8408230Z   "name": "hencelogistics",
build	Build iOS Locally on Free Cloud Mac	2026-08-23T00:21:24.8408430Z   "version": "1.0.0",
build	Build iOS Locally on Free Cloud Mac	2026-08-23T00:21:24.8408600Z   "main": "index.ts",
build	Build iOS Locally on Free Cloud Mac	2026-08-23T00:21:24.8408750Z   "scripts": {
build	Build iOS Locally on Free Cloud Mac	2026-08-23T00:21:24.8408940Z     "start": "expo start",
build	Build iOS Locally on Free Cloud Mac	2026-08-23T00:21:24.8409180Z     "android": "expo run:android",
build	Build iOS Locally on Free Cloud Mac	2026-08-23T00:21:24.8409390Z     "ios": "expo run:ios",
build	Build iOS Locally on Free Cloud Mac	2026-08-23T00:21:24.8409590Z     "web": "expo start --web",
build	Build iOS Locally on Free Cloud Mac	2026-08-23T00:21:24.8409840Z     "postinstall": "node patch-expo.js"
build	Build iOS Locally on Free Cloud Mac	2026-08-23T00:21:24.8410040Z   },
build	Build iOS Locally on Free Cloud Mac	2026-08-23T00:21:24.8410190Z   "dependencies": {
build	Build iOS Locally on Free Cloud Mac	2026-08-23T00:21:24.8410420Z     "@expo/vector-icons": "^15.0.2",
build	Build iOS Locally on Free Cloud Mac	2026-08-23T00:21:24.8410800Z     "@react-native-async-storage/async-storage": "2.2.0",
build	Build iOS Locally on Free Cloud Mac	2026-08-23T00:21:24.8411180Z     "@react-native-community/datetimepicker": "9.1.0",
build	Build iOS Locally on Free Cloud Mac	2026-08-23T00:21:24.8411480Z     "@react-native-picker/picker": "2.11.4",
build	Build iOS Locally on Free Cloud Mac	2026-08-23T00:21:24.8411760Z     "@react-navigation/bottom-tabs": "^6.5.20",
build	Build iOS Locally on Free Cloud Mac	2026-08-23T00:21:24.8412080Z     "@react-navigation/native": "^6.1.17",
build	Build iOS Locally on Free Cloud Mac	2026-08-23T00:21:24.8412660Z     "@react-navigation/native-stack": "^6.9.26",
build	Build iOS Locally on Free Cloud Mac	2026-08-23T00:21:24.8413000Z     "@stripe/stripe-react-native": "0.64.0",
build	Build iOS Locally on Free Cloud Mac	2026-08-23T00:21:24.8413250Z     "axios": "^1.7.2",
build	Build iOS Locally on Free Cloud Mac	2026-08-23T00:21:24.8413420Z     "expo": "~57.0.13",
build	Build iOS Locally on Free Cloud Mac	2026-08-23T00:21:24.8413600Z     "expo-blur": "~57.0.2",
build	Build iOS Locally on Free Cloud Mac	2026-08-23T00:21:24.8413820Z     "expo-build-properties": "~57.0.13",
build	Build iOS Locally on Free Cloud Mac	2026-08-23T00:21:24.8414030Z     "expo-camera": "~57.0.3",
build	Build iOS Locally on Free Cloud Mac	2026-08-23T00:21:24.8414240Z     "expo-clipboard": "~57.0.1",
build	Build iOS Locally on Free Cloud Mac	2026-08-23T00:21:24.8414470Z     "expo-constants": "~57.0.11",
build	Build iOS Locally on Free Cloud Mac	2026-08-23T00:21:24.8414700Z     "expo-dev-client": "~57.0.12",
build	Build iOS Locally on Free Cloud Mac	2026-08-23T00:21:24.8414900Z     "expo-device": "~57.0.1",
build	Build iOS Locally on Free Cloud Mac	2026-08-23T00:21:24.8415140Z     "expo-font": "~57.0.1",
build	Build iOS Locally on Free Cloud Mac	2026-08-23T00:21:24.8415350Z     "expo-haptics": "~57.0.1",
build	Build iOS Locally on Free Cloud Mac	2026-08-23T00:21:24.8415580Z     "expo-image-picker": "~57.0.10",
build	Build iOS Locally on Free Cloud Mac	2026-08-23T00:21:24.8415820Z     "expo-linear-gradient": "~57.0.1",
build	Build iOS Locally on Free Cloud Mac	2026-08-23T00:21:24.8416070Z     "expo-linking": "~57.0.6",
build	Build iOS Locally on Free Cloud Mac	2026-08-23T00:21:24.8416300Z     "expo-location": "~57.0.10",
build	Build iOS Locally on Free Cloud Mac	2026-08-23T00:21:24.8416540Z     "expo-notifications": "~57.0.11",
build	Build iOS Locally on Free Cloud Mac	2026-08-23T00:21:24.8416800Z     "expo-sharing": "~57.0.12",
build	Build iOS Locally on Free Cloud Mac	2026-08-23T00:21:24.8417010Z     "expo-speech": "~57.0.1",
build	Build iOS Locally on Free Cloud Mac	2026-08-23T00:21:24.8417220Z     "expo-status-bar": "~57.0.1",
build	Build iOS Locally on Free Cloud Mac	2026-08-23T00:21:24.8417460Z     "expo-task-manager": "~57.0.10",
build	Build iOS Locally on Free Cloud Mac	2026-08-23T00:21:24.8417660Z     "react": "19.2.3",
build	Build iOS Locally on Free Cloud Mac	2026-08-23T00:21:24.8417850Z     "react-native": "0.86.2",
build	Build iOS Locally on Free Cloud Mac	2026-08-23T00:21:24.8418090Z     "react-native-chart-kit": "^6.12.0",
build	Build iOS Locally on Free Cloud Mac	2026-08-23T00:21:24.8418340Z     "react-native-maps": "1.27.2",
build	Build iOS Locally on Free Cloud Mac	2026-08-23T00:21:24.8418590Z     "react-native-qrcode-svg": "^6.3.21",
build	Build iOS Locally on Free Cloud Mac	2026-08-23T00:21:24.8418870Z     "react-native-safe-area-context": "~5.7.0",
build	Build iOS Locally on Free Cloud Mac	2026-08-23T00:21:24.8419140Z     "react-native-screens": "~4.26.0",
build	Build iOS Locally on Free Cloud Mac	2026-08-23T00:21:24.8419400Z     "react-native-svg": "15.15.4",
build	Build iOS Locally on Free Cloud Mac	2026-08-23T00:21:24.8419650Z     "react-native-webview": "13.16.1"
build	Build iOS Locally on Free Cloud Mac	2026-08-23T00:21:24.8419830Z   },
build	Build iOS Locally on Free Cloud Mac	2026-08-23T00:21:24.8419980Z   "devDependencies": {
build	Build iOS Locally on Free Cloud Mac	2026-08-23T00:21:24.8420370Z     "@react-native-community/cli": "^20.2.0",
build	Build iOS Locally on Free Cloud Mac	2026-08-23T00:21:24.8420610Z     "@types/react": "~19.2.4",
build	Build iOS Locally on Free Cloud Mac	2026-08-23T00:21:24.8420820Z     "@types/react-native": "~0.72.8",
build	Build iOS Locally on Free Cloud Mac	2026-08-23T00:21:24.8421050Z     "typescript": "~6.0.3"
build	Build iOS Locally on Free Cloud Mac	2026-08-23T00:21:24.8421240Z   },
build	Build iOS Locally on Free Cloud Mac	2026-08-23T00:21:24.8421390Z   "private": true
build	Build iOS Locally on Free Cloud Mac	2026-08-23T00:21:24.8421560Z }
build	Build iOS Locally on Free Cloud Mac	2026-08-23T00:21:24.8422350Z [INSTALL_DEPENDENCIES] Running "npm ci --include=dev" in /var/folders/g3/pffjr_y96bq06blnkf72x_hw0000gn/T/eas-build-local-nodejs/8b92a6e8-638b-44a7-86ed-dccce4fa23af/build directory
build	Build iOS Locally on Free Cloud Mac	2026-08-23T00:21:28.4972800Z [INSTALL_DEPENDENCIES] npm warn deprecated text-encoding@0.7.0: no longer maintained
build	Build iOS Locally on Free Cloud Mac	2026-08-23T00:21:35.9661880Z [INSTALL_DEPENDENCIES] > hencelogistics@1.0.0 postinstall
build	Build iOS Locally on Free Cloud Mac	2026-08-23T00:21:35.9662750Z [INSTALL_DEPENDENCIES] > node patch-expo.js
build	Build iOS Locally on Free Cloud Mac	2026-08-23T00:21:36.0158990Z [INSTALL_DEPENDENCIES] Patched ExpoModulesJSI build script successfully.
build	Build iOS Locally on Free Cloud Mac	2026-08-23T00:21:36.0277140Z [INSTALL_DEPENDENCIES] added 743 packages, and audited 744 packages in 11s
build	Build iOS Locally on Free Cloud Mac	2026-08-23T00:21:36.0278030Z [INSTALL_DEPENDENCIES] 
build	Build iOS Locally on Free Cloud Mac	2026-08-23T00:21:36.0278550Z [INSTALL_DEPENDENCIES] 102 packages are looking for funding
build	Build iOS Locally on Free Cloud Mac	2026-08-23T00:21:36.0279080Z [INSTALL_DEPENDENCIES]   run `npm fund` for details
build	Build iOS Locally on Free Cloud Mac	2026-08-23T00:21:36.0674580Z [INSTALL_DEPENDENCIES] 24 vulnerabilities (1 low, 14 moderate, 9 high)
build	Build iOS Locally on Free Cloud Mac	2026-08-23T00:21:36.0675420Z [INSTALL_DEPENDENCIES] 
build	Build iOS Locally on Free Cloud Mac	2026-08-23T00:21:36.0676250Z [INSTALL_DEPENDENCIES] To address issues that do not require attention, run:
build	Build iOS Locally on Free Cloud Mac	2026-08-23T00:21:36.0677960Z [INSTALL_DEPENDENCIES]   npm audit fix
build	Build iOS Locally on Free Cloud Mac	2026-08-23T00:21:36.0678280Z [INSTALL_DEPENDENCIES] 
build	Build iOS Locally on Free Cloud Mac	2026-08-23T00:21:36.0678810Z [INSTALL_DEPENDENCIES] To address all issues (including breaking changes), run:
build	Build iOS Locally on Free Cloud Mac	2026-08-23T00:21:36.0679430Z [INSTALL_DEPENDENCIES]   npm audit fix --force
build	Build iOS Locally on Free Cloud Mac	2026-08-23T00:21:36.0679800Z [INSTALL_DEPENDENCIES] 
build	Build iOS Locally on Free Cloud Mac	2026-08-23T00:21:36.0680160Z [INSTALL_DEPENDENCIES] Run `npm audit` for details.
build	Build iOS Locally on Free Cloud Mac	2026-08-23T00:21:36.0994290Z The NODE_ENV environment variable is required but was not specified. Ensure the project is bundled with Expo CLI or NODE_ENV is set.
build	Build iOS Locally on Free Cloud Mac	2026-08-23T00:21:36.1033130Z Proceeding without mode-specific .env
build	Build iOS Locally on Free Cloud Mac	2026-08-23T00:21:36.4646270Z [READ_APP_CONFIG] Using app configuration:
build	Build iOS Locally on Free Cloud Mac	2026-08-23T00:21:36.4647120Z [READ_APP_CONFIG] {
build	Build iOS Locally on Free Cloud Mac	2026-08-23T00:21:36.4647560Z   "name": "Hence",
build	Build iOS Locally on Free Cloud Mac	2026-08-23T00:21:36.4648110Z   "slug": "HenceLogistics",
build	Build iOS Locally on Free Cloud Mac	2026-08-23T00:21:36.4648520Z   "scheme": "hencelogistics",
build	Build iOS Locally on Free Cloud Mac	2026-08-23T00:21:36.4649010Z   "version": "1.0.0",
build	Build iOS Locally on Free Cloud Mac	2026-08-23T00:21:36.4649560Z   "orientation": "portrait",
build	Build iOS Locally on Free Cloud Mac	2026-08-23T00:21:36.4650050Z   "icon": "./assets/icon.png",
build	Build iOS Locally on Free Cloud Mac	2026-08-23T00:21:36.4650550Z   "userInterfaceStyle": "light",
build	Build iOS Locally on Free Cloud Mac	2026-08-23T00:21:36.4651080Z   "splash": {
build	Build iOS Locally on Free Cloud Mac	2026-08-23T00:21:36.4651650Z     "image": "./assets/splash-icon.png",
build	Build iOS Locally on Free Cloud Mac	2026-08-23T00:21:36.4652220Z     "resizeMode": "contain",
build	Build iOS Locally on Free Cloud Mac	2026-08-23T00:21:36.4652740Z     "backgroundColor": "#ffffff"
build	Build iOS Locally on Free Cloud Mac	2026-08-23T00:21:36.4653100Z   },
build	Build iOS Locally on Free Cloud Mac	2026-08-23T00:21:36.4653450Z   "ios": {
build	Build iOS Locally on Free Cloud Mac	2026-08-23T00:21:36.4654030Z     "bundleIdentifier": "com.hence.oyedotun",
build	Build iOS Locally on Free Cloud Mac	2026-08-23T00:21:36.4654540Z     "infoPlist": {
build	Build iOS Locally on Free Cloud Mac	2026-08-23T00:21:36.4655020Z       "UIBackgroundModes": [
build	Build iOS Locally on Free Cloud Mac	2026-08-23T00:21:36.4655450Z         "fetch",
build	Build iOS Locally on Free Cloud Mac	2026-08-23T00:21:36.4655810Z         "remote-notification"
build	Build iOS Locally on Free Cloud Mac	2026-08-23T00:21:36.4656290Z       ],
build	Build iOS Locally on Free Cloud Mac	2026-08-23T00:21:36.4657000Z       "NSCameraUsageDescription": "Hence Logistics needs camera access to take photos for proof of delivery.",
build	Build iOS Locally on Free Cloud Mac	2026-08-23T00:21:36.4658030Z       "NSPhotoLibraryUsageDescription": "Hence Logistics needs photo library access to upload profile pictures and delivery receipts.",
build	Build iOS Locally on Free Cloud Mac	2026-08-23T00:21:36.4659160Z       "NSLocationWhenInUseUsageDescription": "Hence Logistics needs your location to provide accurate tracking for deliveries.",
build	Build iOS Locally on Free Cloud Mac	2026-08-23T00:21:36.4660590Z       "NSLocationAlwaysAndWhenInUseUsageDescription": "Hence Logistics needs background location access to update delivery statuses while you are driving.",
build	Build iOS Locally on Free Cloud Mac	2026-08-23T00:21:36.4661970Z       "NSMicrophoneUsageDescription": "Hence Logistics needs microphone access for voice notes and video delivery proof.",
build	Build iOS Locally on Free Cloud Mac	2026-08-23T00:21:36.4667330Z       "NSUserTrackingUsageDescription": "Hence Logistics uses tracking to optimize the delivery experience.",
build	Build iOS Locally on Free Cloud Mac	2026-08-23T00:21:36.4668100Z       "NSFaceIDUsageDescription": "Hence Logistics uses Face ID for secure driver login.",
build	Build iOS Locally on Free Cloud Mac	2026-08-23T00:21:36.4668630Z       "ITSAppUsesNonExemptEncryption": false
build	Build iOS Locally on Free Cloud Mac	2026-08-23T00:21:36.4669020Z     }
build	Build iOS Locally on Free Cloud Mac	2026-08-23T00:21:36.4669260Z   },
build	Build iOS Locally on Free Cloud Mac	2026-08-23T00:21:36.4669530Z   "android": {
build	Build iOS Locally on Free Cloud Mac	2026-08-23T00:21:36.4669860Z     "package": "com.hencelogistics.app",
build	Build iOS Locally on Free Cloud Mac	2026-08-23T00:21:36.4670180Z     "usesCleartextTraffic": true,
build	Build iOS Locally on Free Cloud Mac	2026-08-23T00:21:36.4670480Z     "permissions": [
build	Build iOS Locally on Free Cloud Mac	2026-08-23T00:21:36.4670750Z       "ACCESS_FINE_LOCATION",
build	Build iOS Locally on Free Cloud Mac	2026-08-23T00:21:36.4671040Z       "ACCESS_COARSE_LOCATION",
build	Build iOS Locally on Free Cloud Mac	2026-08-23T00:21:36.4671400Z       "ACCESS_BACKGROUND_LOCATION",
build	Build iOS Locally on Free Cloud Mac	2026-08-23T00:21:36.4671670Z       "CAMERA",
build	Build iOS Locally on Free Cloud Mac	2026-08-23T00:21:36.4671920Z       "FOREGROUND_SERVICE",
build	Build iOS Locally on Free Cloud Mac	2026-08-23T00:21:36.4672250Z       "FOREGROUND_SERVICE_LOCATION",
build	Build iOS Locally on Free Cloud Mac	2026-08-23T00:21:36.4672540Z       "RECORD_AUDIO",
build	Build iOS Locally on Free Cloud Mac	2026-08-23T00:21:36.4672840Z       "android.permission.CAMERA",
build	Build iOS Locally on Free Cloud Mac	2026-08-23T00:21:36.4673220Z       "android.permission.RECORD_AUDIO",
build	Build iOS Locally on Free Cloud Mac	2026-08-23T00:21:36.4673660Z       "android.permission.ACCESS_COARSE_LOCATION",
build	Build iOS Locally on Free Cloud Mac	2026-08-23T00:21:36.4674030Z       "android.permission.ACCESS_FINE_LOCATION"
build	Build iOS Locally on Free Cloud Mac	2026-08-23T00:21:36.4674340Z     ],
build	Build iOS Locally on Free Cloud Mac	2026-08-23T00:21:36.4674570Z     "adaptiveIcon": {
build	Build iOS Locally on Free Cloud Mac	2026-08-23T00:21:36.4674880Z       "foregroundImage": "./assets/adaptive-icon.png",
build	Build iOS Locally on Free Cloud Mac	2026-08-23T00:21:36.4675240Z       "backgroundColor": "#ffffff"
build	Build iOS Locally on Free Cloud Mac	2026-08-23T00:21:36.4675450Z     }
build	Build iOS Locally on Free Cloud Mac	2026-08-23T00:21:36.4675590Z   },
build	Build iOS Locally on Free Cloud Mac	2026-08-23T00:21:36.4675730Z   "web": {
build	Build iOS Locally on Free Cloud Mac	2026-08-23T00:21:36.4675920Z     "favicon": "./assets/favicon.png"
build	Build iOS Locally on Free Cloud Mac	2026-08-23T00:21:36.4676120Z   },
build	Build iOS Locally on Free Cloud Mac	2026-08-23T00:21:36.4676250Z   "plugins": [
build	Build iOS Locally on Free Cloud Mac	2026-08-23T00:21:36.4676410Z     [
build	Build iOS Locally on Free Cloud Mac	2026-08-23T00:21:36.4676590Z       "@stripe/stripe-react-native",
build	Build iOS Locally on Free Cloud Mac	2026-08-23T00:21:36.4677600Z       {
build	Build iOS Locally on Free Cloud Mac	2026-08-23T00:21:36.4677900Z         "merchantIdentifier": "merchant.com.hencelogistics.test",
build	Build iOS Locally on Free Cloud Mac	2026-08-23T00:21:36.4678230Z         "enableGooglePay": false,
build	Build iOS Locally on Free Cloud Mac	2026-08-23T00:21:36.4678480Z         "enableApplePay": true
build	Build iOS Locally on Free Cloud Mac	2026-08-23T00:21:36.4678660Z       }
build	Build iOS Locally on Free Cloud Mac	2026-08-23T00:21:36.4678820Z     ],
build	Build iOS Locally on Free Cloud Mac	2026-08-23T00:21:36.4678960Z     "expo-font",
build	Build iOS Locally on Free Cloud Mac	2026-08-23T00:21:36.4679180Z     [
build	Build iOS Locally on Free Cloud Mac	2026-08-23T00:21:36.4679320Z       "expo-camera",
build	Build iOS Locally on Free Cloud Mac	2026-08-23T00:21:36.4679670Z       {
build	Build iOS Locally on Free Cloud Mac	2026-08-23T00:21:36.4680130Z         "cameraPermission": "Hence needs camera access to scan QR codes and upload delivery proof."
build	Build iOS Locally on Free Cloud Mac	2026-08-23T00:21:36.4680640Z       }
build	Build iOS Locally on Free Cloud Mac	2026-08-23T00:21:36.4681240Z     ],
build	Build iOS Locally on Free Cloud Mac	2026-08-23T00:21:36.4681430Z     [
build	Build iOS Locally on Free Cloud Mac	2026-08-23T00:21:36.4681670Z       "expo-location",
build	Build iOS Locally on Free Cloud Mac	2026-08-23T00:21:36.4681880Z       {
build	Build iOS Locally on Free Cloud Mac	2026-08-23T00:21:36.4682470Z         "locationAlwaysAndWhenInUsePermission": "Allow Hence to use your location to find nearby jobs and track deliveries."
build	Build iOS Locally on Free Cloud Mac	2026-08-23T00:21:36.4683150Z       }
build	Build iOS Locally on Free Cloud Mac	2026-08-23T00:21:36.4683370Z     ],
build	Build iOS Locally on Free Cloud Mac	2026-08-23T00:21:36.4683670Z     [
build	Build iOS Locally on Free Cloud Mac	2026-08-23T00:21:36.4683880Z       "expo-notifications",
build	Build iOS Locally on Free Cloud Mac	2026-08-23T00:21:36.4684190Z       {
build	Build iOS Locally on Free Cloud Mac	2026-08-23T00:21:36.4684510Z         "color": "#1A7A4A"
build	Build iOS Locally on Free Cloud Mac	2026-08-23T00:21:36.4684770Z       }
build	Build iOS Locally on Free Cloud Mac	2026-08-23T00:21:36.4685040Z     ],
build	Build iOS Locally on Free Cloud Mac	2026-08-23T00:21:36.4685440Z     "@react-native-community/datetimepicker",
build	Build iOS Locally on Free Cloud Mac	2026-08-23T00:21:36.4685710Z     "expo-sharing",
build	Build iOS Locally on Free Cloud Mac	2026-08-23T00:21:36.4685990Z     "expo-status-bar",
build	Build iOS Locally on Free Cloud Mac	2026-08-23T00:21:36.4686270Z     "./plugins/withDisableSandboxing.js",
build	Build iOS Locally on Free Cloud Mac	2026-08-23T00:21:36.4686600Z     [
build	Build iOS Locally on Free Cloud Mac	2026-08-23T00:21:36.4686880Z       "expo-build-properties",
build	Build iOS Locally on Free Cloud Mac	2026-08-23T00:21:36.4687130Z       {
build	Build iOS Locally on Free Cloud Mac	2026-08-23T00:21:36.4687630Z         "ios": {
build	Build iOS Locally on Free Cloud Mac	2026-08-23T00:21:36.4687910Z           "extraXCBuildSettings": {
build	Build iOS Locally on Free Cloud Mac	2026-08-23T00:21:36.4688290Z             "ENABLE_USER_SCRIPT_SANDBOXING": "NO"
build	Build iOS Locally on Free Cloud Mac	2026-08-23T00:21:36.4688610Z           }
build	Build iOS Locally on Free Cloud Mac	2026-08-23T00:21:36.4688800Z         }
build	Build iOS Locally on Free Cloud Mac	2026-08-23T00:21:36.4689030Z       }
build	Build iOS Locally on Free Cloud Mac	2026-08-23T00:21:36.4689200Z     ]
build	Build iOS Locally on Free Cloud Mac	2026-08-23T00:21:36.4689450Z   ],
build	Build iOS Locally on Free Cloud Mac	2026-08-23T00:21:36.4689740Z   "extra": {
build	Build iOS Locally on Free Cloud Mac	2026-08-23T00:21:36.4690910Z     "eas": {
build	Build iOS Locally on Free Cloud Mac	2026-08-23T00:21:36.4691430Z       "projectId": "b0ad43f4-c5c8-4274-9639-2f6965170365"
build	Build iOS Locally on Free Cloud Mac	2026-08-23T00:21:36.4691880Z     }
build	Build iOS Locally on Free Cloud Mac	2026-08-23T00:21:36.4692160Z   },
build	Build iOS Locally on Free Cloud Mac	2026-08-23T00:21:36.4692470Z   "sdkVersion": "57.0.0",
build	Build iOS Locally on Free Cloud Mac	2026-08-23T00:21:36.4692710Z   "platforms": [
build	Build iOS Locally on Free Cloud Mac	2026-08-23T00:21:36.4692970Z     "ios",
build	Build iOS Locally on Free Cloud Mac	2026-08-23T00:21:36.4693230Z     "android"
build	Build iOS Locally on Free Cloud Mac	2026-08-23T00:21:36.4693480Z   ]
build	Build iOS Locally on Free Cloud Mac	2026-08-23T00:21:36.4693760Z }
build	Build iOS Locally on Free Cloud Mac	2026-08-23T00:21:36.4694060Z [RUN_EXPO_DOCTOR] Running "expo doctor"
build	Build iOS Locally on Free Cloud Mac	2026-08-23T00:21:37.6203040Z [RUN_EXPO_DOCTOR] 2026-08-23T00:21:37.619Z expo:env /private/var/folders/g3/pffjr_y96bq06blnkf72x_hw0000gn/T/eas-build-local-nodejs/8b92a6e8-638b-44a7-86ed-dccce4fa23af/build/.env does not exist, skipping this env file
build	Build iOS Locally on Free Cloud Mac	2026-08-23T00:21:37.6205320Z [RUN_EXPO_DOCTOR] 2026-08-23T00:21:37.619Z expo:env /private/var/folders/g3/pffjr_y96bq06blnkf72x_hw0000gn/T/eas-build-local-nodejs/8b92a6e8-638b-44a7-86ed-dccce4fa23af/build/.env.development does not exist, skipping this env file
build	Build iOS Locally on Free Cloud Mac	2026-08-23T00:21:37.6207170Z [RUN_EXPO_DOCTOR] 2026-08-23T00:21:37.620Z expo:env /private/var/folders/g3/pffjr_y96bq06blnkf72x_hw0000gn/T/eas-build-local-nodejs/8b92a6e8-638b-44a7-86ed-dccce4fa23af/build/.env.local does not exist, skipping this env file
build	Build iOS Locally on Free Cloud Mac	2026-08-23T00:21:37.6208860Z [RUN_EXPO_DOCTOR] 2026-08-23T00:21:37.620Z expo:env /private/var/folders/g3/pffjr_y96bq06blnkf72x_hw0000gn/T/eas-build-local-nodejs/8b92a6e8-638b-44a7-86ed-dccce4fa23af/build/.env.development.local does not exist, skipping this env file
build	Build iOS Locally on Free Cloud Mac	2026-08-23T00:21:37.8711580Z [RUN_EXPO_DOCTOR] Running 21 checks on your project...
build	Build iOS Locally on Free Cloud Mac	2026-08-23T00:21:38.0026470Z [RUN_EXPO_DOCTOR] Expo Metro config:
build	Build iOS Locally on Free Cloud Mac	2026-08-23T00:21:38.0027690Z [RUN_EXPO_DOCTOR] - Version: 57.0.8
build	Build iOS Locally on Free Cloud Mac	2026-08-23T00:21:38.0028680Z [RUN_EXPO_DOCTOR] - Extensions: ts, tsx, mjs, js, jsx, json, cjs, scss, sass, css
build	Build iOS Locally on Free Cloud Mac	2026-08-23T00:21:38.0030170Z [RUN_EXPO_DOCTOR] - React Native: /private/var/folders/g3/pffjr_y96bq06blnkf72x_hw0000gn/T/eas-build-local-nodejs/8b92a6e8-638b-44a7-86ed-dccce4fa23af/build/node_modules/react-native
build	Build iOS Locally on Free Cloud Mac	2026-08-23T00:21:38.0049920Z [RUN_EXPO_DOCTOR] - Watch Folders: 
build	Build iOS Locally on Free Cloud Mac	2026-08-23T00:21:38.0050340Z [RUN_EXPO_DOCTOR] - Node Module Paths: 
build	Build iOS Locally on Free Cloud Mac	2026-08-23T00:21:38.0050780Z [RUN_EXPO_DOCTOR] - Sass: null
build	Build iOS Locally on Free Cloud Mac	2026-08-23T00:21:38.0051170Z [RUN_EXPO_DOCTOR] - Reanimated: null
build	Build iOS Locally on Free Cloud Mac	2026-08-23T00:21:38.0051480Z [RUN_EXPO_DOCTOR] - Worklets: null
build	Build iOS Locally on Free Cloud Mac	2026-08-23T00:21:38.0051740Z [RUN_EXPO_DOCTOR] - Babel Runtime: null
build	Build iOS Locally on Free Cloud Mac	2026-08-23T00:21:38.1488870Z [RUN_EXPO_DOCTOR] Expo Metro config:
build	Build iOS Locally on Free Cloud Mac	2026-08-23T00:21:38.1489660Z [RUN_EXPO_DOCTOR] - Version: 57.0.8
build	Build iOS Locally on Free Cloud Mac	2026-08-23T00:21:38.1490980Z [RUN_EXPO_DOCTOR] - Extensions: ts, tsx, mjs, js, jsx, json, cjs, scss, sass, css
build	Build iOS Locally on Free Cloud Mac	2026-08-23T00:21:38.1492100Z [RUN_EXPO_DOCTOR] - React Native: /private/var/folders/g3/pffjr_y96bq06blnkf72x_hw0000gn/T/eas-build-local-nodejs/8b92a6e8-638b-44a7-86ed-dccce4fa23af/build/node_modules/react-native
build	Build iOS Locally on Free Cloud Mac	2026-08-23T00:21:38.1492860Z [RUN_EXPO_DOCTOR] - Watch Folders: 
build	Build iOS Locally on Free Cloud Mac	2026-08-23T00:21:38.1493210Z [RUN_EXPO_DOCTOR] - Node Module Paths: 
build	Build iOS Locally on Free Cloud Mac	2026-08-23T00:21:38.1493610Z [RUN_EXPO_DOCTOR] - Sass: null
build	Build iOS Locally on Free Cloud Mac	2026-08-23T00:21:38.1493920Z [RUN_EXPO_DOCTOR] - Reanimated: null
build	Build iOS Locally on Free Cloud Mac	2026-08-23T00:21:38.1494280Z [RUN_EXPO_DOCTOR] - Worklets: null
build	Build iOS Locally on Free Cloud Mac	2026-08-23T00:21:38.1494600Z [RUN_EXPO_DOCTOR] - Babel Runtime: null
build	Build iOS Locally on Free Cloud Mac	2026-08-23T00:21:38.4512500Z [RUN_EXPO_DOCTOR] 
build	Build iOS Locally on Free Cloud Mac	2026-08-23T00:21:38.4612990Z [RUN_EXPO_DOCTOR] Expo Metro config:
build	Build iOS Locally on Free Cloud Mac	2026-08-23T00:21:38.4713760Z [RUN_EXPO_DOCTOR] - Version: 57.0.8
build	Build iOS Locally on Free Cloud Mac	2026-08-23T00:21:38.4814690Z [RUN_EXPO_DOCTOR] - Extensions: ts, tsx, mjs, js, jsx, json, cjs, scss, sass, css
build	Build iOS Locally on Free Cloud Mac	2026-08-23T00:21:38.4917630Z [RUN_EXPO_DOCTOR] - React Native: /private/var/folders/g3/pffjr_y96bq06blnkf72x_hw0000gn/T/eas-build-local-nodejs/8b92a6e8-638b-44a7-86ed-dccce4fa23af/build/node_modules/react-native
build	Build iOS Locally on Free Cloud Mac	2026-08-23T00:21:38.5018360Z [RUN_EXPO_DOCTOR] - Watch Folders:
build	Build iOS Locally on Free Cloud Mac	2026-08-23T00:21:38.5118680Z [RUN_EXPO_DOCTOR] - Node Module Paths:
build	Build iOS Locally on Free Cloud Mac	2026-08-23T00:21:38.5220540Z [RUN_EXPO_DOCTOR] - Sass: null
build	Build iOS Locally on Free Cloud Mac	2026-08-23T00:21:38.5321750Z [RUN_EXPO_DOCTOR] - Reanimated: null
build	Build iOS Locally on Free Cloud Mac	2026-08-23T00:21:38.5422280Z [RUN_EXPO_DOCTOR] - Worklets: null
build	Build iOS Locally on Free Cloud Mac	2026-08-23T00:21:38.5523180Z [RUN_EXPO_DOCTOR] - Babel Runtime: null
build	Build iOS Locally on Free Cloud Mac	2026-08-23T00:21:39.8063240Z [RUN_EXPO_DOCTOR] 18/21 checks passed. 3 checks failed. Possible issues detected:
build	Build iOS Locally on Free Cloud Mac	2026-08-23T00:21:39.8064820Z [RUN_EXPO_DOCTOR] Use the --verbose flag to see more details about passed checks.
build	Build iOS Locally on Free Cloud Mac	2026-08-23T00:21:39.8066740Z [RUN_EXPO_DOCTOR] ✖ Check Expo config (app.json/ app.config.js) schema
build	Build iOS Locally on Free Cloud Mac	2026-08-23T00:21:39.8067800Z [RUN_EXPO_DOCTOR] Errors validating fields in /private/var/folders/g3/pffjr_y96bq06blnkf72x_hw0000gn/T/eas-build-local-nodejs/8b92a6e8-638b-44a7-86ed-dccce4fa23af/build/app.json:
build	Build iOS Locally on Free Cloud Mac	2026-08-23T00:21:39.8068710Z [RUN_EXPO_DOCTOR]  should NOT have additional property 'splash'.
build	Build iOS Locally on Free Cloud Mac	2026-08-23T00:21:39.8069420Z [RUN_EXPO_DOCTOR]  Field: android - should NOT have additional property 'usesCleartextTraffic'.
build	Build iOS Locally on Free Cloud Mac	2026-08-23T00:21:39.8069960Z [RUN_EXPO_DOCTOR] Advice:
build	Build iOS Locally on Free Cloud Mac	2026-08-23T00:21:39.8070700Z [RUN_EXPO_DOCTOR] Resolve schema errors in your app config. Learn more: https://docs.expo.dev/workflow/configuration/
build	Build iOS Locally on Free Cloud Mac	2026-08-23T00:21:39.8072250Z [RUN_EXPO_DOCTOR] 
build	Build iOS Locally on Free Cloud Mac	2026-08-23T00:21:39.8072890Z [RUN_EXPO_DOCTOR] ✖ Check dependencies for packages that should not be installed directly
build	Build iOS Locally on Free Cloud Mac	2026-08-23T00:21:39.8073830Z [RUN_EXPO_DOCTOR] The package  "@types/react-native" should not be installed directly in your project, as types are included with the "react-native" package.
build	Build iOS Locally on Free Cloud Mac	2026-08-23T00:21:39.8074440Z [RUN_EXPO_DOCTOR] Advice:
build	Build iOS Locally on Free Cloud Mac	2026-08-23T00:21:39.8074920Z [RUN_EXPO_DOCTOR] Remove these packages from your package.json.
build	Build iOS Locally on Free Cloud Mac	2026-08-23T00:21:39.8075280Z [RUN_EXPO_DOCTOR] 
build	Build iOS Locally on Free Cloud Mac	2026-08-23T00:21:39.8075910Z [RUN_EXPO_DOCTOR] ✖ Check that packages match versions required by installed Expo SDK
build	Build iOS Locally on Free Cloud Mac	2026-08-23T00:21:39.8076380Z [RUN_EXPO_DOCTOR] 
build	Build iOS Locally on Free Cloud Mac	2026-08-23T00:21:39.8076920Z [RUN_EXPO_DOCTOR] 🔧 Patch version mismatches
build	Build iOS Locally on Free Cloud Mac	2026-08-23T00:21:39.8077560Z [RUN_EXPO_DOCTOR] 3 checks failed, indicating possible issues with the project.
build	Build iOS Locally on Free Cloud Mac	2026-08-23T00:21:39.8078170Z [RUN_EXPO_DOCTOR] package             expected  found    
build	Build iOS Locally on Free Cloud Mac	2026-08-23T00:21:39.8079050Z [RUN_EXPO_DOCTOR] expo                ~57.0.15  57.0.13  
build	Build iOS Locally on Free Cloud Mac	2026-08-23T00:21:39.8079590Z [RUN_EXPO_DOCTOR] expo-camera         ~57.0.4   57.0.3   
build	Build iOS Locally on Free Cloud Mac	2026-08-23T00:21:39.8080030Z [RUN_EXPO_DOCTOR] expo-constants      ~57.0.13  57.0.11  
build	Build iOS Locally on Free Cloud Mac	2026-08-23T00:21:39.8080440Z [RUN_EXPO_DOCTOR] expo-dev-client     ~57.0.14  57.0.12  
build	Build iOS Locally on Free Cloud Mac	2026-08-23T00:21:39.8080940Z [RUN_EXPO_DOCTOR] expo-image-picker   ~57.0.12  57.0.10  
build	Build iOS Locally on Free Cloud Mac	2026-08-23T00:21:39.8081320Z [RUN_EXPO_DOCTOR] expo-linking        ~57.0.7   57.0.6   
build	Build iOS Locally on Free Cloud Mac	2026-08-23T00:21:39.8081760Z [RUN_EXPO_DOCTOR] expo-location       ~57.0.12  57.0.10  
build	Build iOS Locally on Free Cloud Mac	2026-08-23T00:21:39.8082190Z [RUN_EXPO_DOCTOR] expo-notifications  ~57.0.13  57.0.11  
build	Build iOS Locally on Free Cloud Mac	2026-08-23T00:21:39.8082580Z [RUN_EXPO_DOCTOR] expo-sharing        ~57.0.14  57.0.12  
build	Build iOS Locally on Free Cloud Mac	2026-08-23T00:21:39.8083010Z [RUN_EXPO_DOCTOR] expo-task-manager   ~57.0.12  57.0.10  
build	Build iOS Locally on Free Cloud Mac	2026-08-23T00:21:39.8083380Z [RUN_EXPO_DOCTOR] 
build	Build iOS Locally on Free Cloud Mac	2026-08-23T00:21:39.8083600Z [RUN_EXPO_DOCTOR] Changelogs:
build	Build iOS Locally on Free Cloud Mac	2026-08-23T00:21:39.8084350Z [RUN_EXPO_DOCTOR] - expo-camera → https://github.com/expo/expo/blob/sdk-57/packages/expo-camera/CHANGELOG.md
build	Build iOS Locally on Free Cloud Mac	2026-08-23T00:21:39.8085250Z [RUN_EXPO_DOCTOR] - expo-constants → https://github.com/expo/expo/blob/sdk-57/packages/expo-constants/CHANGELOG.md
build	Build iOS Locally on Free Cloud Mac	2026-08-23T00:21:39.8086140Z [RUN_EXPO_DOCTOR] - expo-dev-client → https://github.com/expo/expo/blob/sdk-57/packages/expo-dev-client/CHANGELOG.md
build	Build iOS Locally on Free Cloud Mac	2026-08-23T00:21:39.8087170Z [RUN_EXPO_DOCTOR] - expo-image-picker → https://github.com/expo/expo/blob/sdk-57/packages/expo-image-picker/CHANGELOG.md
build	Build iOS Locally on Free Cloud Mac	2026-08-23T00:21:39.8088010Z [RUN_EXPO_DOCTOR] - expo-linking → https://github.com/expo/expo/blob/sdk-57/packages/expo-linking/CHANGELOG.md
build	Build iOS Locally on Free Cloud Mac	2026-08-23T00:21:39.8088900Z [RUN_EXPO_DOCTOR] - expo-location → https://github.com/expo/expo/blob/sdk-57/packages/expo-location/CHANGELOG.md
build	Build iOS Locally on Free Cloud Mac	2026-08-23T00:21:39.8090820Z [RUN_EXPO_DOCTOR] - expo-notifications → https://github.com/expo/expo/blob/sdk-57/packages/expo-notifications/CHANGELOG.md
build	Build iOS Locally on Free Cloud Mac	2026-08-23T00:21:39.8091780Z [RUN_EXPO_DOCTOR] - expo-sharing → https://github.com/expo/expo/blob/sdk-57/packages/expo-sharing/CHANGELOG.md
build	Build iOS Locally on Free Cloud Mac	2026-08-23T00:21:39.8093120Z [RUN_EXPO_DOCTOR] - expo-task-manager → https://github.com/expo/expo/blob/sdk-57/packages/expo-task-manager/CHANGELOG.md
build	Build iOS Locally on Free Cloud Mac	2026-08-23T00:21:39.8093690Z [RUN_EXPO_DOCTOR] 
build	Build iOS Locally on Free Cloud Mac	2026-08-23T00:21:39.8093990Z [RUN_EXPO_DOCTOR] 10 packages out of date.
build	Build iOS Locally on Free Cloud Mac	2026-08-23T00:21:39.8094450Z [RUN_EXPO_DOCTOR] Advice:
build	Build iOS Locally on Free Cloud Mac	2026-08-23T00:21:39.8094920Z [RUN_EXPO_DOCTOR] Use 'npx expo install --check' to review and upgrade your dependencies.
build	Build iOS Locally on Free Cloud Mac	2026-08-23T00:21:39.8095930Z [RUN_EXPO_DOCTOR] To ignore specific packages, add them to "expo.install.exclude" in package.json. Learn more: https://expo.fyi/dependency-validation
build	Build iOS Locally on Free Cloud Mac	2026-08-23T00:21:39.8144530Z [RUN_EXPO_DOCTOR] Command "expo doctor" failed.
build	Build iOS Locally on Free Cloud Mac	2026-08-23T00:21:39.8148660Z Error: npx -y expo-doctor exited with non-zero code: 1
build	Build iOS Locally on Free Cloud Mac	2026-08-23T00:21:39.8149770Z     at ChildProcess.completionListener (/Users/runner/.npm/_npx/cec30832843bb978/node_modules/@expo/spawn-async/build/spawnAsync.js:113:23)
build	Build iOS Locally on Free Cloud Mac	2026-08-23T00:21:39.8150710Z     at Object.onceWrapper (node:events:634:26)
build	Build iOS Locally on Free Cloud Mac	2026-08-23T00:21:39.8151150Z [PREPARE_CREDENTIALS] Preparing credentials
build	Build iOS Locally on Free Cloud Mac	2026-08-23T00:21:39.8151730Z     at ChildProcess.emit (node:events:519:28)
build	Build iOS Locally on Free Cloud Mac	2026-08-23T00:21:39.8152120Z [PREPARE_CREDENTIALS] Creating keychain
build	Build iOS Locally on Free Cloud Mac	2026-08-23T00:21:39.8152620Z     at ChildProcess.emit (node:domain:489:12)
build	Build iOS Locally on Free Cloud Mac	2026-08-23T00:21:39.8152970Z     at maybeClose (node:internal/child_process:1101:16)
build	Build iOS Locally on Free Cloud Mac	2026-08-23T00:21:39.8153370Z     at Socket.<anonymous> (node:internal/child_process:456:11)
build	Build iOS Locally on Free Cloud Mac	2026-08-23T00:21:39.8153700Z     at Socket.emit (node:events:519:28)
build	Build iOS Locally on Free Cloud Mac	2026-08-23T00:21:39.8153960Z     at Socket.emit (node:domain:489:12)
build	Build iOS Locally on Free Cloud Mac	2026-08-23T00:21:39.8154250Z     at Pipe.<anonymous> (node:net:347:12)
build	Build iOS Locally on Free Cloud Mac	2026-08-23T00:21:39.8154450Z     ...
build	Build iOS Locally on Free Cloud Mac	2026-08-23T00:21:39.8154890Z     at spawnAsync (/Users/runner/.npm/_npx/cec30832843bb978/node_modules/@expo/spawn-async/build/spawnAsync.js:9:23)
build	Build iOS Locally on Free Cloud Mac	2026-08-23T00:21:39.8155610Z     at spawn (/Users/runner/.npm/_npx/cec30832843bb978/node_modules/@expo/turtle-spawn/dist/index.js:16:47)
build	Build iOS Locally on Free Cloud Mac	2026-08-23T00:21:39.8156810Z     at runExpoDoctor (/Users/runner/.npm/_npx/cec30832843bb978/node_modules/@expo/build-tools/dist/common/setup.js:158:52)
build	Build iOS Locally on Free Cloud Mac	2026-08-23T00:21:39.8157530Z     at async /Users/runner/.npm/_npx/cec30832843bb978/node_modules/@expo/build-tools/dist/common/setup.js:137:17
build	Build iOS Locally on Free Cloud Mac	2026-08-23T00:21:39.8158320Z     at async BuildContext.runBuildPhase (/Users/runner/.npm/_npx/cec30832843bb978/node_modules/@expo/build-tools/dist/context.js:126:28)
build	Build iOS Locally on Free Cloud Mac	2026-08-23T00:21:39.8159120Z     at async setupAsync (/Users/runner/.npm/_npx/cec30832843bb978/node_modules/@expo/build-tools/dist/common/setup.js:135:9)
build	Build iOS Locally on Free Cloud Mac	2026-08-23T00:21:39.8159870Z     at async buildInnerAsync (/Users/runner/.npm/_npx/cec30832843bb978/node_modules/@expo/build-tools/dist/builders/ios.js:66:5)
build	Build iOS Locally on Free Cloud Mac	2026-08-23T00:21:39.8160690Z     at async buildAsync (/Users/runner/.npm/_npx/cec30832843bb978/node_modules/@expo/build-tools/dist/builders/ios.js:56:9)
build	Build iOS Locally on Free Cloud Mac	2026-08-23T00:21:39.8161510Z     at async runBuilderWithHooksAsync (/Users/runner/.npm/_npx/cec30832843bb978/node_modules/@expo/build-tools/dist/builders/common.js:13:13)
build	Build iOS Locally on Free Cloud Mac	2026-08-23T00:21:39.8162330Z     at async Object.iosBuilder (/Users/runner/.npm/_npx/cec30832843bb978/node_modules/@expo/build-tools/dist/builders/ios.js:41:16)
build	Build iOS Locally on Free Cloud Mac	2026-08-23T00:21:41.1384390Z [PREPARE_CREDENTIALS] Preparing credentials for target 'Hence'
build	Build iOS Locally on Free Cloud Mac	2026-08-23T00:21:41.1385150Z [PREPARE_CREDENTIALS] Getting distribution certificate fingerprint and common name
build	Build iOS Locally on Free Cloud Mac	2026-08-23T00:21:41.1951760Z [PREPARE_CREDENTIALS] Fingerprint = "3B911D328AA09817105F625D0E0A6B7122079BEB", common name = iPhone Distribution: HENCE LIMITED (Q42QY7STMH)
build	Build iOS Locally on Free Cloud Mac	2026-08-23T00:21:41.1962150Z [PREPARE_CREDENTIALS] Writing distribution certificate to /var/folders/g3/pffjr_y96bq06blnkf72x_hw0000gn/T/001dff75-8957-48c9-ac73-64bfd35cbc1b.p12
build	Build iOS Locally on Free Cloud Mac	2026-08-23T00:21:41.1963010Z [PREPARE_CREDENTIALS] Importing distribution certificate into the keychain
build	Build iOS Locally on Free Cloud Mac	2026-08-23T00:21:42.2597360Z [PREPARE_CREDENTIALS] Initializing provisioning profile
build	Build iOS Locally on Free Cloud Mac	2026-08-23T00:21:42.2980970Z [PREPARE_CREDENTIALS] Validating whether the distribution certificate has been imported successfully
build	Build iOS Locally on Free Cloud Mac	2026-08-23T00:21:42.3224580Z [PREPARE_CREDENTIALS] Verifying whether the distribution certificate and provisioning profile match
build	Build iOS Locally on Free Cloud Mac	2026-08-23T00:21:42.5939040Z [PREBUILD] 2026-08-23T00:21:42.593Z expo:telemetry Recording 1 event(s)
build	Build iOS Locally on Free Cloud Mac	2026-08-23T00:21:42.6071560Z [PREBUILD] 2026-08-23T00:21:42.606Z expo:env /private/var/folders/g3/pffjr_y96bq06blnkf72x_hw0000gn/T/eas-build-local-nodejs/8b92a6e8-638b-44a7-86ed-dccce4fa23af/build/.env does not exist, skipping this env file
build	Build iOS Locally on Free Cloud Mac	2026-08-23T00:21:42.6073090Z [PREBUILD] 2026-08-23T00:21:42.606Z expo:env /private/var/folders/g3/pffjr_y96bq06blnkf72x_hw0000gn/T/eas-build-local-nodejs/8b92a6e8-638b-44a7-86ed-dccce4fa23af/build/.env.development does not exist, skipping this env file
build	Build iOS Locally on Free Cloud Mac	2026-08-23T00:21:42.6074550Z [PREBUILD] 2026-08-23T00:21:42.606Z expo:env /private/var/folders/g3/pffjr_y96bq06blnkf72x_hw0000gn/T/eas-build-local-nodejs/8b92a6e8-638b-44a7-86ed-dccce4fa23af/build/.env.local does not exist, skipping this env file
build	Build iOS Locally on Free Cloud Mac	2026-08-23T00:21:42.6076050Z [PREBUILD] 2026-08-23T00:21:42.606Z expo:env /private/var/folders/g3/pffjr_y96bq06blnkf72x_hw0000gn/T/eas-build-local-nodejs/8b92a6e8-638b-44a7-86ed-dccce4fa23af/build/.env.development.local does not exist, skipping this env file
build	Build iOS Locally on Free Cloud Mac	2026-08-23T00:21:42.7013960Z [PREBUILD] - Creating native directory (./ios)
build	Build iOS Locally on Free Cloud Mac	2026-08-23T00:21:42.7020280Z [PREBUILD] 2026-08-23T00:21:42.701Z expo:prebuild:resolveLocalTemplate Using local template from Expo package: /private/var/folders/g3/pffjr_y96bq06blnkf72x_hw0000gn/T/eas-build-local-nodejs/8b92a6e8-638b-44a7-86ed-dccce4fa23af/build/node_modules/expo/template.tgz
build	Build iOS Locally on Free Cloud Mac	2026-08-23T00:21:42.7096040Z [PREBUILD] 2026-08-23T00:21:42.709Z expo:utils:tar write(644): /var/folders/g3/pffjr_y96bq06blnkf72x_hw0000gn/T/381813a8a0a2d9250da0e12feec0d208/.gitattributes
build	Build iOS Locally on Free Cloud Mac	2026-08-23T00:21:42.7119820Z [PREBUILD] 2026-08-23T00:21:42.711Z expo:utils:tar mkdir(p): /var/folders/g3/pffjr_y96bq06blnkf72x_hw0000gn/T/381813a8a0a2d9250da0e12feec0d208/android
build	Build iOS Locally on Free Cloud Mac	2026-08-23T00:21:42.7125590Z [PREBUILD] 2026-08-23T00:21:42.712Z expo:utils:tar write(644): /var/folders/g3/pffjr_y96bq06blnkf72x_hw0000gn/T/381813a8a0a2d9250da0e12feec0d208/android/.gitignore
build	Build iOS Locally on Free Cloud Mac	2026-08-23T00:21:42.7131620Z [PREBUILD] 2026-08-23T00:21:42.712Z expo:utils:tar write(644): /var/folders/g3/pffjr_y96bq06blnkf72x_hw0000gn/T/381813a8a0a2d9250da0e12feec0d208/.gitignore
build	Build iOS Locally on Free Cloud Mac	2026-08-23T00:21:42.7134430Z [PREBUILD] 2026-08-23T00:21:42.713Z expo:utils:tar mkdir(p): /var/folders/g3/pffjr_y96bq06blnkf72x_hw0000gn/T/381813a8a0a2d9250da0e12feec0d208/ios
build	Build iOS Locally on Free Cloud Mac	2026-08-23T00:21:42.7135710Z [PREBUILD] 2026-08-23T00:21:42.713Z expo:utils:tar write(644): /var/folders/g3/pffjr_y96bq06blnkf72x_hw0000gn/T/381813a8a0a2d9250da0e12feec0d208/ios/.gitignore
build	Build iOS Locally on Free Cloud Mac	2026-08-23T00:21:42.7138410Z [PREBUILD] 2026-08-23T00:21:42.713Z expo:utils:tar write(755): /var/folders/g3/pffjr_y96bq06blnkf72x_hw0000gn/T/381813a8a0a2d9250da0e12feec0d208/android/gradlew
build	Build iOS Locally on Free Cloud Mac	2026-08-23T00:21:42.7142380Z [PREBUILD] 2026-08-23T00:21:42.714Z expo:utils:tar write(644): /var/folders/g3/pffjr_y96bq06blnkf72x_hw0000gn/T/381813a8a0a2d9250da0e12feec0d208/ios/Podfile
build	Build iOS Locally on Free Cloud Mac	2026-08-23T00:21:42.7147220Z [PREBUILD] 2026-08-23T00:21:42.714Z expo:utils:tar write(644): /var/folders/g3/pffjr_y96bq06blnkf72x_hw0000gn/T/381813a8a0a2d9250da0e12feec0d208/android/gradlew.bat
build	Build iOS Locally on Free Cloud Mac	2026-08-23T00:21:42.7150600Z [PREBUILD] 2026-08-23T00:21:42.714Z expo:utils:tar write(644): /var/folders/g3/pffjr_y96bq06blnkf72x_hw0000gn/T/381813a8a0a2d9250da0e12feec0d208/ios/.xcode.env
build	Build iOS Locally on Free Cloud Mac	2026-08-23T00:21:42.7155360Z [PREBUILD] 2026-08-23T00:21:42.715Z expo:utils:tar mkdir(p): /var/folders/g3/pffjr_y96bq06blnkf72x_hw0000gn/T/381813a8a0a2d9250da0e12feec0d208/android/app
build	Build iOS Locally on Free Cloud Mac	2026-08-23T00:21:42.7156440Z [PREBUILD] 2026-08-23T00:21:42.715Z expo:utils:tar write(644): /var/folders/g3/pffjr_y96bq06blnkf72x_hw0000gn/T/381813a8a0a2d9250da0e12feec0d208/android/app/build.gradle
build	Build iOS Locally on Free Cloud Mac	2026-08-23T00:21:42.7159660Z [PREBUILD] 2026-08-23T00:21:42.715Z expo:utils:tar write(644): /var/folders/g3/pffjr_y96bq06blnkf72x_hw0000gn/T/381813a8a0a2d9250da0e12feec0d208/android/build.gradle
build	Build iOS Locally on Free Cloud Mac	2026-08-23T00:21:42.7164370Z [PREBUILD] 2026-08-23T00:21:42.716Z expo:utils:tar write(644): /var/folders/g3/pffjr_y96bq06blnkf72x_hw0000gn/T/381813a8a0a2d9250da0e12feec0d208/android/settings.gradle
build	Build iOS Locally on Free Cloud Mac	2026-08-23T00:21:42.7200400Z [PREBUILD] 2026-08-23T00:21:42.716Z expo:utils:tar mkdir(p): /var/folders/g3/pffjr_y96bq06blnkf72x_hw0000gn/T/381813a8a0a2d9250da0e12feec0d208/ios/Hence
build	Build iOS Locally on Free Cloud Mac	2026-08-23T00:21:42.7277130Z [PREBUILD] 2026-08-23T00:21:42.716Z expo:utils:tar write(644): /var/folders/g3/pffjr_y96bq06blnkf72x_hw0000gn/T/381813a8a0a2d9250da0e12feec0d208/ios/Hence/Hence-Bridging-Header.h
build	Build iOS Locally on Free Cloud Mac	2026-08-23T00:21:42.7314960Z [PREBUILD] 2026-08-23T00:21:42.717Z expo:utils:tar mkdir(p): /var/folders/g3/pffjr_y96bq06blnkf72x_hw0000gn/T/381813a8a0a2d9250da0e12feec0d208/android/gradle/wrapper
build	Build iOS Locally on Free Cloud Mac	2026-08-23T00:21:42.7316330Z [PREBUILD] 2026-08-23T00:21:42.717Z expo:utils:tar write(644): /var/folders/g3/pffjr_y96bq06blnkf72x_hw0000gn/T/381813a8a0a2d9250da0e12feec0d208/android/gradle/wrapper/gradle-wrapper.jar
build	Build iOS Locally on Free Cloud Mac	2026-08-23T00:21:42.7317460Z [PREBUILD] 2026-08-23T00:21:42.717Z expo:utils:tar write(644): /var/folders/g3/pffjr_y96bq06blnkf72x_hw0000gn/T/381813a8a0a2d9250da0e12feec0d208/App.js
build	Build iOS Locally on Free Cloud Mac	2026-08-23T00:21:42.7318420Z [PREBUILD] 2026-08-23T00:21:42.717Z expo:utils:tar write(644): /var/folders/g3/pffjr_y96bq06blnkf72x_hw0000gn/T/381813a8a0a2d9250da0e12feec0d208/index.js
build	Build iOS Locally on Free Cloud Mac	2026-08-23T00:21:42.7319400Z [PREBUILD] 2026-08-23T00:21:42.718Z expo:utils:tar write(644): /var/folders/g3/pffjr_y96bq06blnkf72x_hw0000gn/T/381813a8a0a2d9250da0e12feec0d208/metro.config.js
build	Build iOS Locally on Free Cloud Mac	2026-08-23T00:21:42.7320490Z [PREBUILD] 2026-08-23T00:21:42.718Z expo:utils:tar write(644): /var/folders/g3/pffjr_y96bq06blnkf72x_hw0000gn/T/381813a8a0a2d9250da0e12feec0d208/app.json
build	Build iOS Locally on Free Cloud Mac	2026-08-23T00:21:42.7321590Z [PREBUILD] 2026-08-23T00:21:42.718Z expo:utils:tar mkdir(p): /var/folders/g3/pffjr_y96bq06blnkf72x_hw0000gn/T/381813a8a0a2d9250da0e12feec0d208/ios/Hence/Images.xcassets/AppIcon.appiconset
build	Build iOS Locally on Free Cloud Mac	2026-08-23T00:21:42.7323160Z [PREBUILD] 2026-08-23T00:21:42.718Z expo:utils:tar write(644): /var/folders/g3/pffjr_y96bq06blnkf72x_hw0000gn/T/381813a8a0a2d9250da0e12feec0d208/ios/Hence/Images.xcassets/AppIcon.appiconset/Contents.json
build	Build iOS Locally on Free Cloud Mac	2026-08-23T00:21:42.7324510Z [PREBUILD] 2026-08-23T00:21:42.719Z expo:utils:tar write(644): /var/folders/g3/pffjr_y96bq06blnkf72x_hw0000gn/T/381813a8a0a2d9250da0e12feec0d208/ios/Hence/Images.xcassets/Contents.json
build	Build iOS Locally on Free Cloud Mac	2026-08-23T00:21:42.7326050Z [PREBUILD] 2026-08-23T00:21:42.719Z expo:utils:tar write(644): /var/folders/g3/pffjr_y96bq06blnkf72x_hw0000gn/T/381813a8a0a2d9250da0e12feec0d208/package.json
build	Build iOS Locally on Free Cloud Mac	2026-08-23T00:21:42.7327230Z [PREBUILD] 2026-08-23T00:21:42.719Z expo:utils:tar write(644): /var/folders/g3/pffjr_y96bq06blnkf72x_hw0000gn/T/381813a8a0a2d9250da0e12feec0d208/ios/Podfile.properties.json
build	Build iOS Locally on Free Cloud Mac	2026-08-23T00:21:42.7328460Z [PREBUILD] 2026-08-23T00:21:42.719Z expo:utils:tar write(644): /var/folders/g3/pffjr_y96bq06blnkf72x_hw0000gn/T/381813a8a0a2d9250da0e12feec0d208/android/app/debug.keystore
build	Build iOS Locally on Free Cloud Mac	2026-08-23T00:21:42.7329590Z [PREBUILD] 2026-08-23T00:21:42.722Z expo:utils:tar mkdir(p): /var/folders/g3/pffjr_y96bq06blnkf72x_hw0000gn/T/381813a8a0a2d9250da0e12feec0d208/android/app/src/main/java/com/hence
build	Build iOS Locally on Free Cloud Mac	2026-08-23T00:21:42.7330990Z [PREBUILD] 2026-08-23T00:21:42.722Z expo:utils:tar write(644): /var/folders/g3/pffjr_y96bq06blnkf72x_hw0000gn/T/381813a8a0a2d9250da0e12feec0d208/android/app/src/main/java/com/hence/MainActivity.kt
build	Build iOS Locally on Free Cloud Mac	2026-08-23T00:21:42.7332290Z [PREBUILD] 2026-08-23T00:21:42.722Z expo:utils:tar write(644): /var/folders/g3/pffjr_y96bq06blnkf72x_hw0000gn/T/381813a8a0a2d9250da0e12feec0d208/android/app/src/main/java/com/hence/MainApplication.kt
build	Build iOS Locally on Free Cloud Mac	2026-08-23T00:21:42.7333520Z [PREBUILD] 2026-08-23T00:21:42.723Z expo:utils:tar mkdir(p): /var/folders/g3/pffjr_y96bq06blnkf72x_hw0000gn/T/381813a8a0a2d9250da0e12feec0d208/ios/Hence.xcodeproj
build	Build iOS Locally on Free Cloud Mac	2026-08-23T00:21:42.7335600Z [PREBUILD] 2026-08-23T00:21:42.723Z expo:utils:tar write(644): /var/folders/g3/pffjr_y96bq06blnkf72x_hw0000gn/T/381813a8a0a2d9250da0e12feec0d208/ios/Hence.xcodeproj/project.pbxproj
build	Build iOS Locally on Free Cloud Mac	2026-08-23T00:21:42.7337060Z [PREBUILD] 2026-08-23T00:21:42.723Z expo:utils:tar mkdir(p): /var/folders/g3/pffjr_y96bq06blnkf72x_hw0000gn/T/381813a8a0a2d9250da0e12feec0d208/ios/Hence/Supporting
build	Build iOS Locally on Free Cloud Mac	2026-08-23T00:21:42.7338380Z [PREBUILD] 2026-08-23T00:21:42.723Z expo:utils:tar write(644): /var/folders/g3/pffjr_y96bq06blnkf72x_hw0000gn/T/381813a8a0a2d9250da0e12feec0d208/ios/Hence/Supporting/Expo.plist
build	Build iOS Locally on Free Cloud Mac	2026-08-23T00:21:42.7340100Z [PREBUILD] 2026-08-23T00:21:42.723Z expo:utils:tar mkdir(p): /var/folders/g3/pffjr_y96bq06blnkf72x_hw0000gn/T/381813a8a0a2d9250da0e12feec0d208/ios/Hence.xcodeproj/project.xcworkspace/xcshareddata
build	Build iOS Locally on Free Cloud Mac	2026-08-23T00:21:42.7341680Z [PREBUILD] 2026-08-23T00:21:42.724Z expo:utils:tar write(644): /var/folders/g3/pffjr_y96bq06blnkf72x_hw0000gn/T/381813a8a0a2d9250da0e12feec0d208/ios/Hence.xcodeproj/project.xcworkspace/xcshareddata/IDEWorkspaceChecks.plist
build	Build iOS Locally on Free Cloud Mac	2026-08-23T00:21:42.7342980Z [PREBUILD] 2026-08-23T00:21:42.724Z expo:utils:tar write(644): /var/folders/g3/pffjr_y96bq06blnkf72x_hw0000gn/T/381813a8a0a2d9250da0e12feec0d208/ios/Hence/Info.plist
build	Build iOS Locally on Free Cloud Mac	2026-08-23T00:21:42.7344190Z [PREBUILD] 2026-08-23T00:21:42.724Z expo:utils:tar mkdir(p): /var/folders/g3/pffjr_y96bq06blnkf72x_hw0000gn/T/381813a8a0a2d9250da0e12feec0d208/android/app/src/main/res/drawable-hdpi
build	Build iOS Locally on Free Cloud Mac	2026-08-23T00:21:42.7345640Z [PREBUILD] 2026-08-23T00:21:42.724Z expo:utils:tar write(644): /var/folders/g3/pffjr_y96bq06blnkf72x_hw0000gn/T/381813a8a0a2d9250da0e12feec0d208/android/app/src/main/res/drawable-hdpi/splashscreen_logo.png
build	Build iOS Locally on Free Cloud Mac	2026-08-23T00:21:42.7346950Z [PREBUILD] 2026-08-23T00:21:42.725Z expo:utils:tar mkdir(p): /var/folders/g3/pffjr_y96bq06blnkf72x_hw0000gn/T/381813a8a0a2d9250da0e12feec0d208/android/app/src/main/res/drawable-mdpi
build	Build iOS Locally on Free Cloud Mac	2026-08-23T00:21:42.7348320Z [PREBUILD] 2026-08-23T00:21:42.725Z expo:utils:tar write(644): /var/folders/g3/pffjr_y96bq06blnkf72x_hw0000gn/T/381813a8a0a2d9250da0e12feec0d208/android/app/src/main/res/drawable-mdpi/splashscreen_logo.png
build	Build iOS Locally on Free Cloud Mac	2026-08-23T00:21:42.7349970Z [PREBUILD] 2026-08-23T00:21:42.725Z expo:utils:tar mkdir(p): /var/folders/g3/pffjr_y96bq06blnkf72x_hw0000gn/T/381813a8a0a2d9250da0e12feec0d208/android/app/src/main/res/drawable-xhdpi
build	Build iOS Locally on Free Cloud Mac	2026-08-23T00:21:42.7351280Z [PREBUILD] 2026-08-23T00:21:42.725Z expo:utils:tar write(644): /var/folders/g3/pffjr_y96bq06blnkf72x_hw0000gn/T/381813a8a0a2d9250da0e12feec0d208/android/app/src/main/res/drawable-xhdpi/splashscreen_logo.png
build	Build iOS Locally on Free Cloud Mac	2026-08-23T00:21:42.7352650Z [PREBUILD] 2026-08-23T00:21:42.726Z expo:utils:tar mkdir(p): /var/folders/g3/pffjr_y96bq06blnkf72x_hw0000gn/T/381813a8a0a2d9250da0e12feec0d208/android/app/src/main/res/drawable-xxhdpi
build	Build iOS Locally on Free Cloud Mac	2026-08-23T00:21:42.7354090Z [PREBUILD] 2026-08-23T00:21:42.726Z expo:utils:tar write(644): /var/folders/g3/pffjr_y96bq06blnkf72x_hw0000gn/T/381813a8a0a2d9250da0e12feec0d208/android/app/src/main/res/drawable-xxhdpi/splashscreen_logo.png
build	Build iOS Locally on Free Cloud Mac	2026-08-23T00:21:42.7355430Z [PREBUILD] 2026-08-23T00:21:42.726Z expo:utils:tar mkdir(p): /var/folders/g3/pffjr_y96bq06blnkf72x_hw0000gn/T/381813a8a0a2d9250da0e12feec0d208/android/app/src/main/res/drawable-xxxhdpi
build	Build iOS Locally on Free Cloud Mac	2026-08-23T00:21:42.7356650Z [PREBUILD] 2026-08-23T00:21:42.726Z expo:utils:tar write(644): /var/folders/g3/pffjr_y96bq06blnkf72x_hw0000gn/T/381813a8a0a2d9250da0e12feec0d208/android/app/src/main/res/drawable-xxxhdpi/splashscreen_logo.png
build	Build iOS Locally on Free Cloud Mac	2026-08-23T00:21:42.7357810Z [PREBUILD] 2026-08-23T00:21:42.727Z expo:utils:tar write(644): /var/folders/g3/pffjr_y96bq06blnkf72x_hw0000gn/T/381813a8a0a2d9250da0e12feec0d208/android/app/proguard-rules.pro
build	Build iOS Locally on Free Cloud Mac	2026-08-23T00:21:42.7358950Z [PREBUILD] 2026-08-23T00:21:42.727Z expo:utils:tar write(644): /var/folders/g3/pffjr_y96bq06blnkf72x_hw0000gn/T/381813a8a0a2d9250da0e12feec0d208/android/gradle/wrapper/gradle-wrapper.properties
build	Build iOS Locally on Free Cloud Mac	2026-08-23T00:21:42.7360050Z [PREBUILD] 2026-08-23T00:21:42.727Z expo:utils:tar write(644): /var/folders/g3/pffjr_y96bq06blnkf72x_hw0000gn/T/381813a8a0a2d9250da0e12feec0d208/android/gradle.properties
build	Build iOS Locally on Free Cloud Mac	2026-08-23T00:21:42.7361130Z [PREBUILD] 2026-08-23T00:21:42.728Z expo:utils:tar write(644): /var/folders/g3/pffjr_y96bq06blnkf72x_hw0000gn/T/381813a8a0a2d9250da0e12feec0d208/ios/Hence/SplashScreen.storyboard
build	Build iOS Locally on Free Cloud Mac	2026-08-23T00:21:42.7362940Z [PREBUILD] 2026-08-23T00:21:42.728Z expo:utils:tar write(644): /var/folders/g3/pffjr_y96bq06blnkf72x_hw0000gn/T/381813a8a0a2d9250da0e12feec0d208/ios/Hence/AppDelegate.swift
build	Build iOS Locally on Free Cloud Mac	2026-08-23T00:21:42.7364360Z [PREBUILD] 2026-08-23T00:21:42.729Z expo:utils:tar mkdir(p): /var/folders/g3/pffjr_y96bq06blnkf72x_hw0000gn/T/381813a8a0a2d9250da0e12feec0d208/android/app/src/main/res/mipmap-hdpi
build	Build iOS Locally on Free Cloud Mac	2026-08-23T00:21:42.7365750Z [PREBUILD] 2026-08-23T00:21:42.729Z expo:utils:tar write(644): /var/folders/g3/pffjr_y96bq06blnkf72x_hw0000gn/T/381813a8a0a2d9250da0e12feec0d208/android/app/src/main/res/mipmap-hdpi/ic_launcher_round.webp
build	Build iOS Locally on Free Cloud Mac	2026-08-23T00:21:42.7367010Z [PREBUILD] 2026-08-23T00:21:42.729Z expo:utils:tar mkdir(p): /var/folders/g3/pffjr_y96bq06blnkf72x_hw0000gn/T/381813a8a0a2d9250da0e12feec0d208/android/app/src/main/res/mipmap-mdpi
build	Build iOS Locally on Free Cloud Mac	2026-08-23T00:21:42.7368480Z [PREBUILD] 2026-08-23T00:21:42.729Z expo:utils:tar write(644): /var/folders/g3/pffjr_y96bq06blnkf72x_hw0000gn/T/381813a8a0a2d9250da0e12feec0d208/android/app/src/main/res/mipmap-mdpi/ic_launcher_round.webp
build	Build iOS Locally on Free Cloud Mac	2026-08-23T00:21:42.7369720Z [PREBUILD] 2026-08-23T00:21:42.729Z expo:utils:tar mkdir(p): /var/folders/g3/pffjr_y96bq06blnkf72x_hw0000gn/T/381813a8a0a2d9250da0e12feec0d208/android/app/src/main/res/mipmap-xhdpi
build	Build iOS Locally on Free Cloud Mac	2026-08-23T00:21:42.7370960Z [PREBUILD] 2026-08-23T00:21:42.729Z expo:utils:tar write(644): /var/folders/g3/pffjr_y96bq06blnkf72x_hw0000gn/T/381813a8a0a2d9250da0e12feec0d208/android/app/src/main/res/mipmap-xhdpi/ic_launcher_round.webp
build	Build iOS Locally on Free Cloud Mac	2026-08-23T00:21:42.7373210Z [PREBUILD] 2026-08-23T00:21:42.730Z expo:utils:tar mkdir(p): /var/folders/g3/pffjr_y96bq06blnkf72x_hw0000gn/T/381813a8a0a2d9250da0e12feec0d208/android/app/src/main/res/mipmap-xxhdpi
build	Build iOS Locally on Free Cloud Mac	2026-08-23T00:21:42.7375030Z [PREBUILD] 2026-08-23T00:21:42.730Z expo:utils:tar write(644): /var/folders/g3/pffjr_y96bq06blnkf72x_hw0000gn/T/381813a8a0a2d9250da0e12feec0d208/android/app/src/main/res/mipmap-xxhdpi/ic_launcher_round.webp
build	Build iOS Locally on Free Cloud Mac	2026-08-23T00:21:42.7377520Z [PREBUILD] 2026-08-23T00:21:42.730Z expo:utils:tar mkdir(p): /var/folders/g3/pffjr_y96bq06blnkf72x_hw0000gn/T/381813a8a0a2d9250da0e12feec0d208/android/app/src/main/res/mipmap-xxxhdpi
build	Build iOS Locally on Free Cloud Mac	2026-08-23T00:21:42.7378860Z [PREBUILD] 2026-08-23T00:21:42.730Z expo:utils:tar write(644): /var/folders/g3/pffjr_y96bq06blnkf72x_hw0000gn/T/381813a8a0a2d9250da0e12feec0d208/android/app/src/main/res/mipmap-xxxhdpi/ic_launcher_round.webp
build	Build iOS Locally on Free Cloud Mac	2026-08-23T00:21:42.7380240Z [PREBUILD] 2026-08-23T00:21:42.731Z expo:utils:tar write(644): /var/folders/g3/pffjr_y96bq06blnkf72x_hw0000gn/T/381813a8a0a2d9250da0e12feec0d208/android/app/src/main/res/mipmap-hdpi/ic_launcher.webp
build	Build iOS Locally on Free Cloud Mac	2026-08-23T00:21:42.7382420Z [PREBUILD] 2026-08-23T00:21:42.731Z expo:utils:tar write(644): /var/folders/g3/pffjr_y96bq06blnkf72x_hw0000gn/T/381813a8a0a2d9250da0e12feec0d208/android/app/src/main/res/mipmap-mdpi/ic_launcher.webp
build	Build iOS Locally on Free Cloud Mac	2026-08-23T00:21:42.7383820Z [PREBUILD] 2026-08-23T00:21:42.731Z expo:utils:tar write(644): /var/folders/g3/pffjr_y96bq06blnkf72x_hw0000gn/T/381813a8a0a2d9250da0e12feec0d208/android/app/src/main/res/mipmap-xhdpi/ic_launcher.webp
build	Build iOS Locally on Free Cloud Mac	2026-08-23T00:21:42.7385230Z [PREBUILD] 2026-08-23T00:21:42.731Z expo:utils:tar write(644): /var/folders/g3/pffjr_y96bq06blnkf72x_hw0000gn/T/381813a8a0a2d9250da0e12feec0d208/android/app/src/main/res/mipmap-xxhdpi/ic_launcher.webp
build	Build iOS Locally on Free Cloud Mac	2026-08-23T00:21:42.7386590Z [PREBUILD] 2026-08-23T00:21:42.731Z expo:utils:tar write(644): /var/folders/g3/pffjr_y96bq06blnkf72x_hw0000gn/T/381813a8a0a2d9250da0e12feec0d208/android/app/src/main/res/mipmap-xxxhdpi/ic_launcher.webp
build	Build iOS Locally on Free Cloud Mac	2026-08-23T00:21:42.7387860Z [PREBUILD] 2026-08-23T00:21:42.732Z expo:utils:tar mkdir(p): /var/folders/g3/pffjr_y96bq06blnkf72x_hw0000gn/T/381813a8a0a2d9250da0e12feec0d208/ios/Hence.xcodeproj/xcshareddata/xcschemes
build	Build iOS Locally on Free Cloud Mac	2026-08-23T00:21:42.7389120Z [PREBUILD] 2026-08-23T00:21:42.732Z expo:utils:tar write(644): /var/folders/g3/pffjr_y96bq06blnkf72x_hw0000gn/T/381813a8a0a2d9250da0e12feec0d208/ios/Hence.xcodeproj/xcshareddata/xcschemes/Hence.xcscheme
build	Build iOS Locally on Free Cloud Mac	2026-08-23T00:21:42.7390780Z [PREBUILD] 2026-08-23T00:21:42.732Z expo:utils:tar write(644): /var/folders/g3/pffjr_y96bq06blnkf72x_hw0000gn/T/381813a8a0a2d9250da0e12feec0d208/ios/Hence.xcodeproj/project.xcworkspace/contents.xcworkspacedata
build	Build iOS Locally on Free Cloud Mac	2026-08-23T00:21:42.7391950Z [PREBUILD] 2026-08-23T00:21:42.732Z expo:utils:tar mkdir(p): /var/folders/g3/pffjr_y96bq06blnkf72x_hw0000gn/T/381813a8a0a2d9250da0e12feec0d208/android/app/src/debug
build	Build iOS Locally on Free Cloud Mac	2026-08-23T00:21:42.7393080Z [PREBUILD] 2026-08-23T00:21:42.732Z expo:utils:tar write(644): /var/folders/g3/pffjr_y96bq06blnkf72x_hw0000gn/T/381813a8a0a2d9250da0e12feec0d208/android/app/src/debug/AndroidManifest.xml
build	Build iOS Locally on Free Cloud Mac	2026-08-23T00:21:42.7394260Z [PREBUILD] 2026-08-23T00:21:42.733Z expo:utils:tar mkdir(p): /var/folders/g3/pffjr_y96bq06blnkf72x_hw0000gn/T/381813a8a0a2d9250da0e12feec0d208/android/app/src/debugOptimized
build	Build iOS Locally on Free Cloud Mac	2026-08-23T00:21:42.7395470Z [PREBUILD] 2026-08-23T00:21:42.733Z expo:utils:tar write(644): /var/folders/g3/pffjr_y96bq06blnkf72x_hw0000gn/T/381813a8a0a2d9250da0e12feec0d208/android/app/src/debugOptimized/AndroidManifest.xml
build	Build iOS Locally on Free Cloud Mac	2026-08-23T00:21:42.7396680Z [PREBUILD] 2026-08-23T00:21:42.733Z expo:utils:tar write(644): /var/folders/g3/pffjr_y96bq06blnkf72x_hw0000gn/T/381813a8a0a2d9250da0e12feec0d208/android/app/src/main/AndroidManifest.xml
build	Build iOS Locally on Free Cloud Mac	2026-08-23T00:21:42.7398180Z [PREBUILD] 2026-08-23T00:21:42.733Z expo:utils:tar mkdir(p): /var/folders/g3/pffjr_y96bq06blnkf72x_hw0000gn/T/381813a8a0a2d9250da0e12feec0d208/android/app/src/main/res/values
build	Build iOS Locally on Free Cloud Mac	2026-08-23T00:21:42.7399380Z [PREBUILD] 2026-08-23T00:21:42.733Z expo:utils:tar write(644): /var/folders/g3/pffjr_y96bq06blnkf72x_hw0000gn/T/381813a8a0a2d9250da0e12feec0d208/android/app/src/main/res/values/colors.xml
build	Build iOS Locally on Free Cloud Mac	2026-08-23T00:21:42.7400550Z [PREBUILD] 2026-08-23T00:21:42.734Z expo:utils:tar mkdir(p): /var/folders/g3/pffjr_y96bq06blnkf72x_hw0000gn/T/381813a8a0a2d9250da0e12feec0d208/android/app/src/main/res/drawable
build	Build iOS Locally on Free Cloud Mac	2026-08-23T00:21:42.7401760Z [PREBUILD] 2026-08-23T00:21:42.734Z expo:utils:tar write(644): /var/folders/g3/pffjr_y96bq06blnkf72x_hw0000gn/T/381813a8a0a2d9250da0e12feec0d208/android/app/src/main/res/drawable/ic_launcher_background.xml
build	Build iOS Locally on Free Cloud Mac	2026-08-23T00:21:42.7403260Z [PREBUILD] 2026-08-23T00:21:42.734Z expo:utils:tar write(644): /var/folders/g3/pffjr_y96bq06blnkf72x_hw0000gn/T/381813a8a0a2d9250da0e12feec0d208/android/app/src/main/res/drawable/rn_edit_text_material.xml
build	Build iOS Locally on Free Cloud Mac	2026-08-23T00:21:42.7404470Z [PREBUILD] 2026-08-23T00:21:42.734Z expo:utils:tar write(644): /var/folders/g3/pffjr_y96bq06blnkf72x_hw0000gn/T/381813a8a0a2d9250da0e12feec0d208/android/app/src/main/res/values/strings.xml
build	Build iOS Locally on Free Cloud Mac	2026-08-23T00:21:42.7405640Z [PREBUILD] 2026-08-23T00:21:42.735Z expo:utils:tar write(644): /var/folders/g3/pffjr_y96bq06blnkf72x_hw0000gn/T/381813a8a0a2d9250da0e12feec0d208/android/app/src/main/res/values/styles.xml
build	Build iOS Locally on Free Cloud Mac	2026-08-23T00:21:42.7406780Z [PREBUILD] 2026-08-23T00:21:42.735Z expo:utils:tar write(644): /var/folders/g3/pffjr_y96bq06blnkf72x_hw0000gn/T/381813a8a0a2d9250da0e12feec0d208/LICENSE
build	Build iOS Locally on Free Cloud Mac	2026-08-23T00:21:42.7407630Z [PREBUILD] 2026-08-23T00:21:42.738Z expo:prebuild:copyTemplateFiles All platforms have an internal gitignore: true
build	Build iOS Locally on Free Cloud Mac	2026-08-23T00:21:42.9242950Z [PREBUILD] 2026-08-23T00:21:42.923Z expo:prebuild:copyTemplateFiles Got files to transform: ["ios/Podfile","app.json","ios/Hence.xcodeproj/project.pbxproj","ios/Hence.xcodeproj/xcshareddata/xcschemes/Hence.xcscheme","ios/Hence.xcodeproj/project.xcworkspace/contents.xcworkspacedata","node_modules/react-native-qrcode-svg/Example/app.json","node_modules/expo/node_modules/@expo/log-box/app.json"]
build	Build iOS Locally on Free Cloud Mac	2026-08-23T00:21:42.9246090Z [PREBUILD] 2026-08-23T00:21:42.924Z expo:prebuild:copyTemplateFiles Renaming app name in file: /private/var/folders/g3/pffjr_y96bq06blnkf72x_hw0000gn/T/eas-build-local-nodejs/8b92a6e8-638b-44a7-86ed-dccce4fa23af/build/ios/Podfile
build	Build iOS Locally on Free Cloud Mac	2026-08-23T00:21:42.9260250Z [PREBUILD] 2026-08-23T00:21:42.924Z expo:prebuild:copyTemplateFiles Renaming app name in file: /private/var/folders/g3/pffjr_y96bq06blnkf72x_hw0000gn/T/eas-build-local-nodejs/8b92a6e8-638b-44a7-86ed-dccce4fa23af/build/app.json
build	Build iOS Locally on Free Cloud Mac	2026-08-23T00:21:42.9261560Z [PREBUILD] ✔ Created native directory
build	Build iOS Locally on Free Cloud Mac	2026-08-23T00:21:42.9263170Z [PREBUILD] 2026-08-23T00:21:42.924Z expo:prebuild:copyTemplateFiles Renaming app name in file: /private/var/folders/g3/pffjr_y96bq06blnkf72x_hw0000gn/T/eas-build-local-nodejs/8b92a6e8-638b-44a7-86ed-dccce4fa23af/build/ios/Hence.xcodeproj/xcshareddata/xcschemes/Hence.xcscheme
build	Build iOS Locally on Free Cloud Mac	2026-08-23T00:21:42.9264870Z [PREBUILD] 2026-08-23T00:21:42.925Z expo:prebuild:copyTemplateFiles Renaming app name in file: /private/var/folders/g3/pffjr_y96bq06blnkf72x_hw0000gn/T/eas-build-local-nodejs/8b92a6e8-638b-44a7-86ed-dccce4fa23af/build/ios/Hence.xcodeproj/project.pbxproj
build	Build iOS Locally on Free Cloud Mac	2026-08-23T00:21:42.9266600Z [PREBUILD] 2026-08-23T00:21:42.925Z expo:prebuild:copyTemplateFiles Renaming app name in file: /private/var/folders/g3/pffjr_y96bq06blnkf72x_hw0000gn/T/eas-build-local-nodejs/8b92a6e8-638b-44a7-86ed-dccce4fa23af/build/ios/Hence.xcodeproj/project.xcworkspace/contents.xcworkspacedata
build	Build iOS Locally on Free Cloud Mac	2026-08-23T00:21:42.9268370Z [PREBUILD] 2026-08-23T00:21:42.925Z expo:prebuild:copyTemplateFiles Renaming app name in file: /private/var/folders/g3/pffjr_y96bq06blnkf72x_hw0000gn/T/eas-build-local-nodejs/8b92a6e8-638b-44a7-86ed-dccce4fa23af/build/node_modules/react-native-qrcode-svg/Example/app.json
build	Build iOS Locally on Free Cloud Mac	2026-08-23T00:21:42.9270100Z [PREBUILD] 2026-08-23T00:21:42.925Z expo:prebuild:copyTemplateFiles Renaming app name in file: /private/var/folders/g3/pffjr_y96bq06blnkf72x_hw0000gn/T/eas-build-local-nodejs/8b92a6e8-638b-44a7-86ed-dccce4fa23af/build/node_modules/expo/node_modules/@expo/log-box/app.json
build	Build iOS Locally on Free Cloud Mac	2026-08-23T00:21:42.9270930Z [PREBUILD] - Updating package.json
build	Build iOS Locally on Free Cloud Mac	2026-08-23T00:21:42.9291060Z [PREBUILD] ✔ Updated package.json | no changes
build	Build iOS Locally on Free Cloud Mac	2026-08-23T00:21:43.0103330Z [PREBUILD] 2026-08-23T00:21:43.009Z expo:config-plugins:ios:maps Google Maps API Key: null
build	Build iOS Locally on Free Cloud Mac	2026-08-23T00:21:43.0128760Z [PREBUILD] 2026-08-23T00:21:43.012Z expo:prebuild-config Skipping unlinked auto plugin: expo-firebase-analytics
build	Build iOS Locally on Free Cloud Mac	2026-08-23T00:21:43.0129990Z [PREBUILD] 2026-08-23T00:21:43.012Z expo:prebuild-config Skipping unlinked auto plugin: expo-firebase-core
build	Build iOS Locally on Free Cloud Mac	2026-08-23T00:21:43.0130880Z [PREBUILD] 2026-08-23T00:21:43.012Z expo:prebuild-config Skipping unlinked auto plugin: expo-google-sign-in
build	Build iOS Locally on Free Cloud Mac	2026-08-23T00:21:43.0131660Z [PREBUILD] 2026-08-23T00:21:43.012Z expo:prebuild-config Skipping unlinked auto plugin: expo-app-auth
build	Build iOS Locally on Free Cloud Mac	2026-08-23T00:21:43.0132330Z [PREBUILD] 2026-08-23T00:21:43.012Z expo:prebuild-config Skipping unlinked auto plugin: expo-av
build	Build iOS Locally on Free Cloud Mac	2026-08-23T00:21:43.0133060Z [PREBUILD] 2026-08-23T00:21:43.012Z expo:prebuild-config Skipping unlinked auto plugin: expo-background-fetch
build	Build iOS Locally on Free Cloud Mac	2026-08-23T00:21:43.0133740Z [PREBUILD] 2026-08-23T00:21:43.012Z expo:prebuild-config Skipping unlinked auto plugin: expo-brightness
build	Build iOS Locally on Free Cloud Mac	2026-08-23T00:21:43.0134400Z [PREBUILD] 2026-08-23T00:21:43.012Z expo:prebuild-config Skipping unlinked auto plugin: expo-calendar
build	Build iOS Locally on Free Cloud Mac	2026-08-23T00:21:43.0135050Z [PREBUILD] 2026-08-23T00:21:43.012Z expo:prebuild-config Skipping unlinked auto plugin: expo-cellular
build	Build iOS Locally on Free Cloud Mac	2026-08-23T00:21:43.0175480Z [PREBUILD] 2026-08-23T00:21:43.017Z expo:prebuild-config Skipping unlinked auto plugin: expo-media-library
build	Build iOS Locally on Free Cloud Mac	2026-08-23T00:21:43.0176350Z [PREBUILD] 2026-08-23T00:21:43.017Z expo:prebuild-config Skipping unlinked auto plugin: expo-screen-orientation
build	Build iOS Locally on Free Cloud Mac	2026-08-23T00:21:43.0177080Z [PREBUILD] 2026-08-23T00:21:43.017Z expo:prebuild-config Skipping unlinked auto plugin: expo-sensors
build	Build iOS Locally on Free Cloud Mac	2026-08-23T00:21:43.0183770Z [PREBUILD] 2026-08-23T00:21:43.018Z expo:prebuild-config Skipping unlinked auto plugin: expo-local-authentication
build	Build iOS Locally on Free Cloud Mac	2026-08-23T00:21:43.0250830Z [PREBUILD] 2026-08-23T00:21:43.024Z expo:config-plugins:mod-compiler run in order: dangerous, xcodeproj, entitlements, infoPlist, podfileProperties, podfile, appDelegate, expoPlist
build	Build iOS Locally on Free Cloud Mac	2026-08-23T00:21:43.0277170Z [PREBUILD] ios.dangerous: withDefaultBaseMods ➜ withIosBaseMods ➜ withGeneratedBaseMods ➜ withIosDangerousBaseMod
build	Build iOS Locally on Free Cloud Mac	2026-08-23T00:21:43.0278020Z [PREBUILD] 2026-08-23T00:21:43.027Z expo:config-plugins:base-mods mods.ios.dangerous: file path: [skipped]
build	Build iOS Locally on Free Cloud Mac	2026-08-23T00:21:43.0279270Z [PREBUILD] ios.dangerous: withIosExpoPlugins ➜ withPlugins ➜ withStaticPlugin ➜ withIosIcons ➜ withDangerousMod
build	Build iOS Locally on Free Cloud Mac	2026-08-23T00:21:43.4274100Z [PREBUILD] ios.xcodeproj: withDefaultBaseMods ➜ withIosBaseMods ➜ withGeneratedBaseMods ➜ withIosXcodeprojBaseMod
build	Build iOS Locally on Free Cloud Mac	2026-08-23T00:21:43.4286130Z [PREBUILD] 2026-08-23T00:21:43.428Z expo:config-plugins:base-mods mods.ios.xcodeproj: file path: /private/var/folders/g3/pffjr_y96bq06blnkf72x_hw0000gn/T/eas-build-local-nodejs/8b92a6e8-638b-44a7-86ed-dccce4fa23af/build/ios/Hence.xcodeproj/project.pbxproj
build	Build iOS Locally on Free Cloud Mac	2026-08-23T00:21:43.4359030Z [PREBUILD] ios.xcodeproj: withIosExpoPlugins ➜ withPlugins ➜ withStaticPlugin ➜ withIosIcons ➜ withXcodeProject
build	Build iOS Locally on Free Cloud Mac	2026-08-23T00:21:43.4508510Z [PREBUILD] ios.xcodeproj: withIosExpoPlugins ➜ withPlugins ➜ withStaticPlugin ➜ withDevelopmentTeam ➜ withXcodeProject
build	Build iOS Locally on Free Cloud Mac	2026-08-23T00:21:43.4534150Z [PREBUILD] ios.xcodeproj: withIosExpoPlugins ➜ withPlugins ➜ withStaticPlugin ➜ withLocales ➜ withXcodeProject
build	Build iOS Locally on Free Cloud Mac	2026-08-23T00:21:43.4621100Z [PREBUILD] 2026-08-23T00:21:43.457Z expo:config-plugins:base-mods mods.ios.entitlements: file path: /private/var/folders/g3/pffjr_y96bq06blnkf72x_hw0000gn/T/eas-build-local-nodejs/8b92a6e8-638b-44a7-86ed-dccce4fa23af/build/ios/Hence/Hence.entitlements
build	Build iOS Locally on Free Cloud Mac	2026-08-23T00:21:43.4632130Z [PREBUILD] ios.xcodeproj: withIosExpoPlugins ➜ withPlugins ➜ withStaticPlugin ➜ withBitcode ➜ withXcodeProject
build	Build iOS Locally on Free Cloud Mac	2026-08-23T00:21:43.4734350Z [PREBUILD] 2026-08-23T00:21:43.468Z expo:config-plugins:base-mods mods.ios.infoPlist: file path: /private/var/folders/g3/pffjr_y96bq06blnkf72x_hw0000gn/T/eas-build-local-nodejs/8b92a6e8-638b-44a7-86ed-dccce4fa23af/build/ios/Hence/Info.plist
build	Build iOS Locally on Free Cloud Mac	2026-08-23T00:21:43.4748180Z [PREBUILD] ios.xcodeproj: withIosExpoPlugins ➜ withPlugins ➜ withStaticPlugin ➜ withDeviceFamily ➜ withXcodeProject
build	Build iOS Locally on Free Cloud Mac	2026-08-23T00:21:43.4773140Z [PREBUILD] 2026-08-23T00:21:43.476Z expo:config-plugins:ios:permissions Setting "NSPhotoLibraryUsageDescription" to "Hence Logistics needs photo library access to upload profile pictures and delivery receipts."
build	Build iOS Locally on Free Cloud Mac	2026-08-23T00:21:43.4801930Z [PREBUILD] ios.xcodeproj: withIosExpoPlugins ➜ withPlugins ➜ withStaticPlugin ➜ withDeploymentTarget ➜ withXcodeProject
build	Build iOS Locally on Free Cloud Mac	2026-08-23T00:21:43.4803530Z [PREBUILD] 2026-08-23T00:21:43.476Z expo:config-plugins:ios:permissions Setting "NSCameraUsageDescription" to "Hence Logistics needs camera access to take photos for proof of delivery."
build	Build iOS Locally on Free Cloud Mac	2026-08-23T00:21:43.4809490Z [PREBUILD] ios.xcodeproj: withIosExpoPlugins ➜ withPlugins ➜ withStaticPlugin ➜ withGoogleServicesFile ➜ withXcodeProject
build	Build iOS Locally on Free Cloud Mac	2026-08-23T00:21:43.4811340Z [PREBUILD] 2026-08-23T00:21:43.476Z expo:config-plugins:ios:permissions Setting "NSMicrophoneUsageDescription" to "Hence Logistics needs microphone access for voice notes and video delivery proof."
build	Build iOS Locally on Free Cloud Mac	2026-08-23T00:21:43.4812490Z [PREBUILD] ios.xcodeproj: withIosExpoPlugins ➜ withPlugins ➜ withStaticPlugin ➜ withProductName ➜ withXcodeProject
build	Build iOS Locally on Free Cloud Mac	2026-08-23T00:21:43.4813730Z [PREBUILD] 2026-08-23T00:21:43.476Z expo:config-plugins:ios:permissions Setting "NSLocationAlwaysAndWhenInUseUsageDescription" to "Allow Hence to use your location to find nearby jobs and track deliveries."
build	Build iOS Locally on Free Cloud Mac	2026-08-23T00:21:43.4815570Z [PREBUILD] ios.xcodeproj: withIosExpoPlugins ➜ withPlugins ➜ withStaticPlugin ➜ withBundleIdentifier ➜ withXcodeProject
build	Build iOS Locally on Free Cloud Mac	2026-08-23T00:21:43.4816700Z [PREBUILD] 2026-08-23T00:21:43.476Z expo:config-plugins:ios:permissions Setting "NSLocationAlwaysUsageDescription" to "Allow $(PRODUCT_NAME) to access your location"
build	Build iOS Locally on Free Cloud Mac	2026-08-23T00:21:43.4817770Z [PREBUILD] ios.xcodeproj: withStaticPlugin ➜ withRunOnce ➜ withStripLocalNetworkKeysForRelease ➜ withXcodeProject
build	Build iOS Locally on Free Cloud Mac	2026-08-23T00:21:43.4819200Z [PREBUILD] 2026-08-23T00:21:43.476Z expo:config-plugins:ios:permissions Setting "NSLocationWhenInUseUsageDescription" to "Hence Logistics needs your location to provide accurate tracking for deliveries."
build	Build iOS Locally on Free Cloud Mac	2026-08-23T00:21:43.4821210Z [PREBUILD] ios.xcodeproj: withStaticPlugin ➜ withRunOnce ➜ withNotifications ➜ withNotificationsIOS ➜ withNotificationSounds ➜ withXcodeProject
build	Build iOS Locally on Free Cloud Mac	2026-08-23T00:21:43.4822410Z [PREBUILD] 2026-08-23T00:21:43.476Z expo:config-plugins:ios:permissions Setting "NSMotionUsageDescription" to "Allow $(PRODUCT_NAME) to detect your current motion activity"
build	Build iOS Locally on Free Cloud Mac	2026-08-23T00:21:43.4823840Z [PREBUILD] ios.xcodeproj: withStaticPlugin ➜ withRunOnce ➜ withStripe ➜ withNoopSwiftFile ➜ withBuildSourceFile ➜ withXcodeProject
build	Build iOS Locally on Free Cloud Mac	2026-08-23T00:21:43.4825030Z [PREBUILD] 2026-08-23T00:21:43.476Z expo:config-plugins:ios:permissions Setting "NSCameraUsageDescription" to "Hence needs camera access to scan QR codes and upload delivery proof."
build	Build iOS Locally on Free Cloud Mac	2026-08-23T00:21:43.4826470Z [PREBUILD] ios.entitlements: withDefaultBaseMods ➜ withIosBaseMods ➜ withGeneratedBaseMods ➜ withIosEntitlementsBaseMod
build	Build iOS Locally on Free Cloud Mac	2026-08-23T00:21:43.4828420Z [PREBUILD] 2026-08-23T00:21:43.476Z expo:config-plugins:ios:permissions Setting "NSMicrophoneUsageDescription" to "Hence Logistics needs microphone access for voice notes and video delivery proof."
build	Build iOS Locally on Free Cloud Mac	2026-08-23T00:21:43.4830000Z [PREBUILD] 2026-08-23T00:21:43.478Z expo:config-plugins:base-mods mods.ios.podfileProperties: file path: /private/var/folders/g3/pffjr_y96bq06blnkf72x_hw0000gn/T/eas-build-local-nodejs/8b92a6e8-638b-44a7-86ed-dccce4fa23af/build/ios/Podfile.properties.json
build	Build iOS Locally on Free Cloud Mac	2026-08-23T00:21:43.4833000Z [PREBUILD] 2026-08-23T00:21:43.479Z expo:config-plugins:base-mods mods.ios.podfile: file path: /private/var/folders/g3/pffjr_y96bq06blnkf72x_hw0000gn/T/eas-build-local-nodejs/8b92a6e8-638b-44a7-86ed-dccce4fa23af/build/ios/Podfile
build	Build iOS Locally on Free Cloud Mac	2026-08-23T00:21:43.4833960Z [PREBUILD] 2026-08-23T00:21:43.479Z expo:config-plugins:ios:maps Is Expo Autolinked: true
build	Build iOS Locally on Free Cloud Mac	2026-08-23T00:21:43.4835150Z [PREBUILD] 2026-08-23T00:21:43.479Z expo:config-plugins:ios:maps react-native-maps path: /private/var/folders/g3/pffjr_y96bq06blnkf72x_hw0000gn/T/eas-build-local-nodejs/8b92a6e8-638b-44a7-86ed-dccce4fa23af/build/node_modules/react-native-maps
build	Build iOS Locally on Free Cloud Mac	2026-08-23T00:21:43.4836780Z [PREBUILD] 2026-08-23T00:21:43.481Z expo:config-plugins:base-mods mods.ios.appDelegate: file path: /private/var/folders/g3/pffjr_y96bq06blnkf72x_hw0000gn/T/eas-build-local-nodejs/8b92a6e8-638b-44a7-86ed-dccce4fa23af/build/ios/Hence/AppDelegate.swift
build	Build iOS Locally on Free Cloud Mac	2026-08-23T00:21:43.4838570Z [PREBUILD] 2026-08-23T00:21:43.481Z expo:config-plugins:base-mods mods.ios.expoPlist: file path: /private/var/folders/g3/pffjr_y96bq06blnkf72x_hw0000gn/T/eas-build-local-nodejs/8b92a6e8-638b-44a7-86ed-dccce4fa23af/build/ios/Hence/Supporting/Expo.plist
build	Build iOS Locally on Free Cloud Mac	2026-08-23T00:21:43.4839880Z [PREBUILD] ios.entitlements: withIosExpoPlugins ➜ withPlugins ➜ withStaticPlugin ➜ withAssociatedDomains ➜ withEntitlementsPlist
build	Build iOS Locally on Free Cloud Mac	2026-08-23T00:21:43.4840830Z [PREBUILD] ios.entitlements: withStaticPlugin ➜ withExpoContacts ➜ withRunOnce ➜ withAccessesContactNotes ➜ withEntitlementsPlist
build	Build iOS Locally on Free Cloud Mac	2026-08-23T00:21:43.4841810Z [PREBUILD] ios.entitlements: withStaticPlugin ➜ withExpoAppleAuthentication ➜ withRunOnce ➜ withAppleSignInWarning ➜ withEntitlementsPlist
build	Build iOS Locally on Free Cloud Mac	2026-08-23T00:21:43.4842760Z [PREBUILD] ios.entitlements: withStaticPlugin ➜ withRunOnce ➜ withNotifications ➜ withNotificationsIOS ➜ withEntitlementsPlist
build	Build iOS Locally on Free Cloud Mac	2026-08-23T00:21:43.4843640Z [PREBUILD] ios.entitlements: withStaticPlugin ➜ withRunOnce ➜ withStripe ➜ withStripeIos ➜ withEntitlementsPlist
build	Build iOS Locally on Free Cloud Mac	2026-08-23T00:21:43.4844450Z [PREBUILD] ios.infoPlist: withDefaultBaseMods ➜ withIosBaseMods ➜ withGeneratedBaseMods ➜ withIosInfoPlistBaseMod
build	Build iOS Locally on Free Cloud Mac	2026-08-23T00:21:43.4845250Z [PREBUILD] ios.infoPlist: withIosExpoPlugins ➜ withPlugins ➜ withStaticPlugin ➜ withVersion ➜ withInfoPlist
build	Build iOS Locally on Free Cloud Mac	2026-08-23T00:21:43.4846100Z [PREBUILD] ios.infoPlist: withIosExpoPlugins ➜ withPlugins ➜ withStaticPlugin ➜ withBuildNumber ➜ withInfoPlist
build	Build iOS Locally on Free Cloud Mac	2026-08-23T00:21:43.4846960Z [PREBUILD] ios.infoPlist: withIosExpoPlugins ➜ withPlugins ➜ withStaticPlugin ➜ withUsesNonExemptEncryption ➜ withInfoPlist
build	Build iOS Locally on Free Cloud Mac	2026-08-23T00:21:43.4848060Z [PREBUILD] ios.infoPlist: withIosExpoPlugins ➜ withPlugins ➜ withStaticPlugin ➜ withMetroPort ➜ withInfoPlist
build	Build iOS Locally on Free Cloud Mac	2026-08-23T00:21:43.4848880Z [PREBUILD] ios.infoPlist: withIosExpoPlugins ➜ withPlugins ➜ withStaticPlugin ➜ withScheme ➜ withInfoPlist
build	Build iOS Locally on Free Cloud Mac	2026-08-23T00:21:43.4849750Z [PREBUILD] ios.infoPlist: withIosExpoPlugins ➜ withPlugins ➜ withStaticPlugin ➜ withRequiresFullScreen ➜ withInfoPlist
build	Build iOS Locally on Free Cloud Mac	2026-08-23T00:21:43.4850830Z [PREBUILD] ios.infoPlist: withIosExpoPlugins ➜ withPlugins ➜ withStaticPlugin ➜ withOrientation ➜ withInfoPlist
build	Build iOS Locally on Free Cloud Mac	2026-08-23T00:21:43.4851630Z [PREBUILD] ios.infoPlist: withIosExpoPlugins ➜ withPlugins ➜ withStaticPlugin ➜ withDisplayName ➜ withInfoPlist
build	Build iOS Locally on Free Cloud Mac	2026-08-23T00:21:43.4852410Z [PREBUILD] ios.infoPlist: withIosExpoPlugins ➜ withPlugins ➜ withStaticPlugin ➜ withGoogle ➜ withInfoPlist
build	Build iOS Locally on Free Cloud Mac	2026-08-23T00:21:43.4853140Z [PREBUILD] ios.infoPlist: withStaticPlugin ➜ withRunOnce ➜ withTaskManager ➜ withInfoPlist
build	Build iOS Locally on Free Cloud Mac	2026-08-23T00:21:43.4853940Z [PREBUILD] ios.infoPlist: withStaticPlugin ➜ withRunOnce ➜ withImagePicker ➜ withIosPermissions ➜ withInfoPlist
build	Build iOS Locally on Free Cloud Mac	2026-08-23T00:21:43.4854770Z [PREBUILD] ios.infoPlist: withStaticPlugin ➜ withRunOnce ➜ withDevClient ➜ withGeneratedIosScheme ➜ withInfoPlist
build	Build iOS Locally on Free Cloud Mac	2026-08-23T00:21:43.4855530Z [PREBUILD] ios.infoPlist: withStaticPlugin ➜ withRunOnce ➜ withLocalNetworkPermission ➜ withInfoPlist
build	Build iOS Locally on Free Cloud Mac	2026-08-23T00:21:43.4856160Z [PREBUILD] ios.infoPlist: withStaticPlugin ➜ withRunOnce ➜ withInfoPlist
build	Build iOS Locally on Free Cloud Mac	2026-08-23T00:21:43.4856860Z [PREBUILD] ios.infoPlist: withFallback ➜ withPlugins ➜ withStaticPlugin ➜ withIosUserInterfaceStyle ➜ withInfoPlist
build	Build iOS Locally on Free Cloud Mac	2026-08-23T00:21:43.4857710Z [PREBUILD] ios.infoPlist: withFallback ➜ withPlugins ➜ withStaticPlugin ➜ withIosRootViewBackgroundColor ➜ withInfoPlist
build	Build iOS Locally on Free Cloud Mac	2026-08-23T00:21:43.4858570Z [PREBUILD] ios.infoPlist: withFallback ➜ withPlugins ➜ withStaticPlugin ➜ withMaps ➜ withGoogleMapsKey ➜ withInfoPlist
build	Build iOS Locally on Free Cloud Mac	2026-08-23T00:21:43.4859360Z [PREBUILD] ios.infoPlist: withStaticPlugin ➜ withRunOnce ➜ withLocation ➜ withIosPermissions ➜ withInfoPlist
build	Build iOS Locally on Free Cloud Mac	2026-08-23T00:21:43.4860130Z [PREBUILD] ios.infoPlist: withStaticPlugin ➜ withRunOnce ➜ withCamera ➜ withIosPermissions ➜ withInfoPlist
build	Build iOS Locally on Free Cloud Mac	2026-08-23T00:21:43.4861000Z [PREBUILD] ios.podfileProperties: withDefaultBaseMods ➜ withIosBaseMods ➜ withGeneratedBaseMods ➜ withIosPodfilePropertiesBaseMod
build	Build iOS Locally on Free Cloud Mac	2026-08-23T00:21:43.4862220Z [PREBUILD] ios.podfileProperties: withIosExpoPlugins ➜ withPlugins ➜ withStaticPlugin ➜ withDeploymentTargetPodfileProps ➜ withPodfileProperties
build	Build iOS Locally on Free Cloud Mac	2026-08-23T00:21:43.4864650Z [PREBUILD] ios.podfileProperties: withVersionedExpoSDKPlugins ➜ withPlugins ➜ withStaticPlugin ➜ withInlineModules ➜ withIosInlineModules ➜ withPodfileProperties
build	Build iOS Locally on Free Cloud Mac	2026-08-23T00:21:43.4865980Z [PREBUILD] ios.podfileProperties: withUnversionedUpdates ➜ withUpdates ➜ withPlugins ➜ withStaticPlugin ➜ withUpdatesNativeDebugPodfileProps ➜ withPodfileProperties
build	Build iOS Locally on Free Cloud Mac	2026-08-23T00:21:43.4867150Z [PREBUILD] ios.podfileProperties: withConfigPlugins ➜ withPlugins ➜ withStaticPlugin ➜ withBuildProperties ➜ withIosBuildProperties ➜ withPodfileProperties
build	Build iOS Locally on Free Cloud Mac	2026-08-23T00:21:43.4868150Z [PREBUILD] ios.podfileProperties: withStaticPlugin ➜ withRunOnce ➜ withCamera ➜ withPodfileProperties
build	Build iOS Locally on Free Cloud Mac	2026-08-23T00:21:43.4868960Z [PREBUILD] ios.podfile: withDefaultBaseMods ➜ withIosBaseMods ➜ withGeneratedBaseMods ➜ withIosPodfileBaseMod
build	Build iOS Locally on Free Cloud Mac	2026-08-23T00:21:43.4869790Z [PREBUILD] ios.podfile: withFallback ➜ withPlugins ➜ withStaticPlugin ➜ withMaps ➜ withMapsCocoaPods ➜ withPodfile
build	Build iOS Locally on Free Cloud Mac	2026-08-23T00:21:43.4870610Z [PREBUILD] ios.podfile: withConfigPlugins ➜ withPlugins ➜ withStaticPlugin ➜ withDisableSandboxing ➜ withPodfile
build	Build iOS Locally on Free Cloud Mac	2026-08-23T00:21:43.4871440Z [PREBUILD] ios.appDelegate: withDefaultBaseMods ➜ withIosBaseMods ➜ withGeneratedBaseMods ➜ withIosAppDelegateBaseMod
build	Build iOS Locally on Free Cloud Mac	2026-08-23T00:21:43.4872350Z [PREBUILD] ios.appDelegate: withFallback ➜ withPlugins ➜ withStaticPlugin ➜ withMaps ➜ withGoogleMapsAppDelegate ➜ withAppDelegate
build	Build iOS Locally on Free Cloud Mac	2026-08-23T00:21:43.4873210Z [PREBUILD] ios.expoPlist: withDefaultBaseMods ➜ withIosBaseMods ➜ withGeneratedBaseMods ➜ withIosExpoPlistBaseMod
build	Build iOS Locally on Free Cloud Mac	2026-08-23T00:21:43.4874150Z [PREBUILD] ios.expoPlist: withUnversionedUpdates ➜ withUpdates ➜ withPlugins ➜ withStaticPlugin ➜ withUpdatesPlist ➜ withExpoPlist
build	Build iOS Locally on Free Cloud Mac	2026-08-23T00:21:43.4874910Z [PREBUILD] 2026-08-23T00:21:43.483Z expo:config-plugins:mod-compiler skip platform: android
build	Build iOS Locally on Free Cloud Mac	2026-08-23T00:21:43.4875270Z [PREBUILD] 
build	Build iOS Locally on Free Cloud Mac	2026-08-23T00:21:43.4875850Z [PREBUILD] Evaluated config:
build	Build iOS Locally on Free Cloud Mac	2026-08-23T00:21:43.4876030Z [PREBUILD] {
build	Build iOS Locally on Free Cloud Mac	2026-08-23T00:21:43.4876290Z [PREBUILD]   name: ^[[32m'Hence'^[[39m,
build	Build iOS Locally on Free Cloud Mac	2026-08-23T00:21:43.4876730Z [PREBUILD]   slug: ^[[32m'HenceLogistics'^[[39m,
build	Build iOS Locally on Free Cloud Mac	2026-08-23T00:21:43.4877090Z [PREBUILD]   scheme: ^[[32m'hencelogistics'^[[39m,
build	Build iOS Locally on Free Cloud Mac	2026-08-23T00:21:43.4877410Z [PREBUILD]   version: ^[[32m'1.0.0'^[[39m,
build	Build iOS Locally on Free Cloud Mac	2026-08-23T00:21:43.4877730Z [PREBUILD]   orientation: ^[[32m'portrait'^[[39m,
build	Build iOS Locally on Free Cloud Mac	2026-08-23T00:21:43.4878080Z [PREBUILD]   icon: ^[[32m'./assets/icon.png'^[[39m,
build	Build iOS Locally on Free Cloud Mac	2026-08-23T00:21:43.4878440Z [PREBUILD]   userInterfaceStyle: ^[[32m'light'^[[39m,
build	Build iOS Locally on Free Cloud Mac	2026-08-23T00:21:43.4878690Z [PREBUILD]   plugins: [
build	Build iOS Locally on Free Cloud Mac	2026-08-23T00:21:43.4878850Z [PREBUILD]     [
build	Build iOS Locally on Free Cloud Mac	2026-08-23T00:21:43.4879160Z [PREBUILD]       ^[[32m'@stripe/stripe-react-native'^[[39m,
build	Build iOS Locally on Free Cloud Mac	2026-08-23T00:21:43.4879420Z [PREBUILD]       {
build	Build iOS Locally on Free Cloud Mac	2026-08-23T00:21:43.4879850Z [PREBUILD]         merchantIdentifier: ^[[32m'merchant.com.hencelogistics.test'^[[39m,
build	Build iOS Locally on Free Cloud Mac	2026-08-23T00:21:43.4880310Z [PREBUILD]         enableGooglePay: ^[[33mfalse^[[39m,
build	Build iOS Locally on Free Cloud Mac	2026-08-23T00:21:43.4880670Z [PREBUILD]         enableApplePay: ^[[33mtrue^[[39m
build	Build iOS Locally on Free Cloud Mac	2026-08-23T00:21:43.4880910Z [PREBUILD]       }
build	Build iOS Locally on Free Cloud Mac	2026-08-23T00:21:43.4881070Z [PREBUILD]     ],
build	Build iOS Locally on Free Cloud Mac	2026-08-23T00:21:43.4881310Z [PREBUILD]     ^[[32m'expo-font'^[[39m,
build	Build iOS Locally on Free Cloud Mac	2026-08-23T00:21:43.4881500Z [PREBUILD]     [
build	Build iOS Locally on Free Cloud Mac	2026-08-23T00:21:43.4881750Z [PREBUILD]       ^[[32m'expo-camera'^[[39m,
build	Build iOS Locally on Free Cloud Mac	2026-08-23T00:21:43.4881970Z [PREBUILD]       {
build	Build iOS Locally on Free Cloud Mac	2026-08-23T00:21:43.4882520Z [PREBUILD]         cameraPermission: ^[[32m'Hence needs camera access to scan QR codes and upload delivery proof.'^[[39m
build	Build iOS Locally on Free Cloud Mac	2026-08-23T00:21:43.4882930Z [PREBUILD]       }
build	Build iOS Locally on Free Cloud Mac	2026-08-23T00:21:43.4883110Z [PREBUILD]     ],
build	Build iOS Locally on Free Cloud Mac	2026-08-23T00:21:43.4883260Z [PREBUILD]     [
build	Build iOS Locally on Free Cloud Mac	2026-08-23T00:21:43.4883530Z [PREBUILD]       ^[[32m'expo-location'^[[39m,
build	Build iOS Locally on Free Cloud Mac	2026-08-23T00:21:43.4884630Z [PREBUILD]       {
build	Build iOS Locally on Free Cloud Mac	2026-08-23T00:21:43.4886160Z [PREBUILD]         locationAlwaysAndWhenInUsePermission: ^[[32m'Allow Hence to use your location to find nearby jobs and track deliveries.'^[[39m
build	Build iOS Locally on Free Cloud Mac	2026-08-23T00:21:43.4887220Z [PREBUILD] 2026-08-23T00:21:43.484Z expo:prebuild Skipped pod install
build	Build iOS Locally on Free Cloud Mac	2026-08-23T00:21:43.4887520Z [PREBUILD]       }
build	Build iOS Locally on Free Cloud Mac	2026-08-23T00:21:43.4887680Z [PREBUILD]     ],
build	Build iOS Locally on Free Cloud Mac	2026-08-23T00:21:43.4887830Z [PREBUILD]     [
build	Build iOS Locally on Free Cloud Mac	2026-08-23T00:21:43.4888150Z [PREBUILD]       ^[[32m'expo-notifications'^[[39m,
build	Build iOS Locally on Free Cloud Mac	2026-08-23T00:21:43.4888380Z [PREBUILD]       {
build	Build iOS Locally on Free Cloud Mac	2026-08-23T00:21:43.4888650Z [PREBUILD]         color: ^[[32m'#1A7A4A'^[[39m
build	Build iOS Locally on Free Cloud Mac	2026-08-23T00:21:43.4888880Z [PREBUILD]       }
build	Build iOS Locally on Free Cloud Mac	2026-08-23T00:21:43.4889040Z [PREBUILD]     ],
build	Build iOS Locally on Free Cloud Mac	2026-08-23T00:21:43.4889390Z [PREBUILD]     ^[[32m'@react-native-community/datetimepicker'^[[39m,
build	Build iOS Locally on Free Cloud Mac	2026-08-23T00:21:43.4889770Z [PREBUILD]     ^[[32m'expo-sharing'^[[39m,
build	Build iOS Locally on Free Cloud Mac	2026-08-23T00:21:43.4890080Z [PREBUILD]     ^[[32m'expo-status-bar'^[[39m,
build	Build iOS Locally on Free Cloud Mac	2026-08-23T00:21:43.4890480Z [PREBUILD]     ^[[32m'./plugins/withDisableSandboxing.js'^[[39m,
build	Build iOS Locally on Free Cloud Mac	2026-08-23T00:21:43.4890740Z [PREBUILD]     [
build	Build iOS Locally on Free Cloud Mac	2026-08-23T00:21:43.4891030Z [PREBUILD]       ^[[32m'expo-build-properties'^[[39m,
build	Build iOS Locally on Free Cloud Mac	2026-08-23T00:21:43.4891280Z [PREBUILD]       {
build	Build iOS Locally on Free Cloud Mac	2026-08-23T00:21:43.4891450Z [PREBUILD]         ios: {
build	Build iOS Locally on Free Cloud Mac	2026-08-23T00:21:43.4891710Z [PREBUILD]           extraXCBuildSettings: {
build	Build iOS Locally on Free Cloud Mac	2026-08-23T00:21:43.4892130Z [PREBUILD]             ENABLE_USER_SCRIPT_SANDBOXING: ^[[32m'NO'^[[39m
build	Build iOS Locally on Free Cloud Mac	2026-08-23T00:21:43.4892410Z [PREBUILD]           }
build	Build iOS Locally on Free Cloud Mac	2026-08-23T00:21:43.4892580Z [PREBUILD]         }
build	Build iOS Locally on Free Cloud Mac	2026-08-23T00:21:43.4892740Z [PREBUILD]       }
build	Build iOS Locally on Free Cloud Mac	2026-08-23T00:21:43.4892900Z [PREBUILD]     ]
build	Build iOS Locally on Free Cloud Mac	2026-08-23T00:21:43.4893040Z [PREBUILD]   ],
build	Build iOS Locally on Free Cloud Mac	2026-08-23T00:21:43.4893310Z [PREBUILD]   description: ^[[90mundefined^[[39m,
build	Build iOS Locally on Free Cloud Mac	2026-08-23T00:21:43.4893640Z [PREBUILD]   sdkVersion: ^[[32m'57.0.0'^[[39m,
build	Build iOS Locally on Free Cloud Mac	2026-08-23T00:21:43.4893870Z [PREBUILD]   platforms: [
build	Build iOS Locally on Free Cloud Mac	2026-08-23T00:21:43.4894130Z [PREBUILD]     ^[[32m'ios'^[[39m,
build	Build iOS Locally on Free Cloud Mac	2026-08-23T00:21:43.4894420Z [PREBUILD]     ^[[32m'android'^[[39m
build	Build iOS Locally on Free Cloud Mac	2026-08-23T00:21:43.4894620Z [PREBUILD]   ],
build	Build iOS Locally on Free Cloud Mac	2026-08-23T00:21:43.4894780Z [PREBUILD]   splash: {
build	Build iOS Locally on Free Cloud Mac	2026-08-23T00:21:43.4895110Z [PREBUILD]     image: ^[[32m'./assets/splash-icon.png'^[[39m,
build	Build iOS Locally on Free Cloud Mac	2026-08-23T00:21:43.4895580Z [PREBUILD]     resizeMode: ^[[32m'contain'^[[39m,
build	Build iOS Locally on Free Cloud Mac	2026-08-23T00:21:43.4896000Z [PREBUILD]     backgroundColor: ^[[32m'#ffffff'^[[39m
build	Build iOS Locally on Free Cloud Mac	2026-08-23T00:21:43.4896220Z [PREBUILD]   },
build	Build iOS Locally on Free Cloud Mac	2026-08-23T00:21:43.4896380Z [PREBUILD]   ios: {
build	Build iOS Locally on Free Cloud Mac	2026-08-23T00:21:43.4896720Z [PREBUILD]     bundleIdentifier: ^[[32m'com.hence.oyedotun'^[[39m,
build	Build iOS Locally on Free Cloud Mac	2026-08-23T00:21:43.4897020Z [PREBUILD]     infoPlist: {
build	Build iOS Locally on Free Cloud Mac	2026-08-23T00:21:43.4897410Z [PREBUILD]       CADisableMinimumFrameDurationOnPhone: ^[[33mtrue^[[39m,
build	Build iOS Locally on Free Cloud Mac	2026-08-23T00:21:43.4897960Z [PREBUILD]       CFBundleDevelopmentRegion: ^[[32m'$(DEVELOPMENT_LANGUAGE)'^[[39m,
build	Build iOS Locally on Free Cloud Mac	2026-08-23T00:21:43.4898470Z [PREBUILD]       CFBundleExecutable: ^[[32m'$(EXECUTABLE_NAME)'^[[39m,
build	Build iOS Locally on Free Cloud Mac	2026-08-23T00:21:43.4898980Z [PREBUILD]       CFBundleIdentifier: ^[[32m'$(PRODUCT_BUNDLE_IDENTIFIER)'^[[39m,
build	Build iOS Locally on Free Cloud Mac	2026-08-23T00:21:43.4899460Z [PREBUILD]       CFBundleInfoDictionaryVersion: ^[[32m'6.0'^[[39m,
build	Build iOS Locally on Free Cloud Mac	2026-08-23T00:21:43.4899870Z [PREBUILD]       CFBundleName: ^[[32m'$(PRODUCT_NAME)'^[[39m,
build	Build iOS Locally on Free Cloud Mac	2026-08-23T00:21:43.4900360Z [PREBUILD]       CFBundlePackageType: ^[[32m'$(PRODUCT_BUNDLE_PACKAGE_TYPE)'^[[39m,
build	Build iOS Locally on Free Cloud Mac	2026-08-23T00:21:43.4900840Z [PREBUILD]       CFBundleShortVersionString: ^[[32m'1.0.0'^[[39m,
build	Build iOS Locally on Free Cloud Mac	2026-08-23T00:21:43.4901230Z [PREBUILD]       CFBundleSignature: ^[[32m'????'^[[39m,
build	Build iOS Locally on Free Cloud Mac	2026-08-23T00:21:43.4901570Z [PREBUILD]       CFBundleVersion: ^[[32m'1'^[[39m,
build	Build iOS Locally on Free Cloud Mac	2026-08-23T00:21:43.4901920Z [PREBUILD]       LSRequiresIPhoneOS: ^[[33mtrue^[[39m,
build	Build iOS Locally on Free Cloud Mac	2026-08-23T00:21:43.4902300Z [PREBUILD]       LSMinimumSystemVersion: ^[[32m'12.0'^[[39m,
build	Build iOS Locally on Free Cloud Mac	2026-08-23T00:21:43.4902720Z [PREBUILD]       NSAppTransportSecurity: [Object: null prototype] {
build	Build iOS Locally on Free Cloud Mac	2026-08-23T00:21:43.4903160Z [PREBUILD]         NSAllowsArbitraryLoads: ^[[33mfalse^[[39m,
build	Build iOS Locally on Free Cloud Mac	2026-08-23T00:21:43.4903580Z [PREBUILD]         NSAllowsLocalNetworking: ^[[33mtrue^[[39m
build	Build iOS Locally on Free Cloud Mac	2026-08-23T00:21:43.4903830Z [PREBUILD]       },
build	Build iOS Locally on Free Cloud Mac	2026-08-23T00:21:43.4904190Z [PREBUILD]       UILaunchStoryboardName: ^[[32m'SplashScreen'^[[39m,
build	Build iOS Locally on Free Cloud Mac	2026-08-23T00:21:43.4904560Z [PREBUILD]       UIRequiredDeviceCapabilities: [
build	Build iOS Locally on Free Cloud Mac	2026-08-23T00:21:43.4904970Z [PREBUILD]         ^[[32m'arm64'^[[39m
build	Build iOS Locally on Free Cloud Mac	2026-08-23T00:21:43.4905200Z [PREBUILD]       ],
build	Build iOS Locally on Free Cloud Mac	2026-08-23T00:21:43.4905960Z [PREBUILD]       UIStatusBarStyle: ^[[32m'UIStatusBarStyleDefault'^[[39m,
build	Build iOS Locally on Free Cloud Mac	2026-08-23T00:21:43.4906380Z [PREBUILD]       UISupportedInterfaceOrientations: [
build	Build iOS Locally on Free Cloud Mac	2026-08-23T00:21:43.4906810Z [PREBUILD]         ^[[32m'UIInterfaceOrientationPortrait'^[[39m,
build	Build iOS Locally on Free Cloud Mac	2026-08-23T00:21:43.4907280Z [PREBUILD]         ^[[32m'UIInterfaceOrientationPortraitUpsideDown'^[[39m
build	Build iOS Locally on Free Cloud Mac	2026-08-23T00:21:43.4907580Z [PREBUILD]       ],
build	Build iOS Locally on Free Cloud Mac	2026-08-23T00:21:43.4907980Z [PREBUILD]       UIViewControllerBasedStatusBarAppearance: ^[[33mfalse^[[39m,
build	Build iOS Locally on Free Cloud Mac	2026-08-23T00:21:43.4908350Z [PREBUILD]       UIBackgroundModes: [
build	Build iOS Locally on Free Cloud Mac	2026-08-23T00:21:43.4908640Z [PREBUILD]         ^[[32m'fetch'^[[39m,
build	Build iOS Locally on Free Cloud Mac	2026-08-23T00:21:43.4908970Z [PREBUILD]         ^[[32m'remote-notification'^[[39m
build	Build iOS Locally on Free Cloud Mac	2026-08-23T00:21:43.4909210Z [PREBUILD]       ],
build	Build iOS Locally on Free Cloud Mac	2026-08-23T00:21:43.4909810Z [PREBUILD]       NSCameraUsageDescription: ^[[32m'Hence needs camera access to scan QR codes and upload delivery proof.'^[[39m,
build	Build iOS Locally on Free Cloud Mac	2026-08-23T00:21:43.4910810Z [PREBUILD]       NSPhotoLibraryUsageDescription: ^[[32m'Hence Logistics needs photo library access to upload profile pictures and delivery receipts.'^[[39m,
build	Build iOS Locally on Free Cloud Mac	2026-08-23T00:21:43.4911860Z [PREBUILD]       NSLocationWhenInUseUsageDescription: ^[[32m'Hence Logistics needs your location to provide accurate tracking for deliveries.'^[[39m,
build	Build iOS Locally on Free Cloud Mac	2026-08-23T00:21:43.4912930Z [PREBUILD]       NSLocationAlwaysAndWhenInUseUsageDescription: ^[[32m'Allow Hence to use your location to find nearby jobs and track deliveries.'^[[39m,
build	Build iOS Locally on Free Cloud Mac	2026-08-23T00:21:43.4913960Z [PREBUILD]       NSMicrophoneUsageDescription: ^[[32m'Hence Logistics needs microphone access for voice notes and video delivery proof.'^[[39m,
build	Build iOS Locally on Free Cloud Mac	2026-08-23T00:21:43.4914890Z [PREBUILD]       NSUserTrackingUsageDescription: ^[[32m'Hence Logistics uses tracking to optimize the delivery experience.'^[[39m,
build	Build iOS Locally on Free Cloud Mac	2026-08-23T00:21:43.4915690Z [PREBUILD]       NSFaceIDUsageDescription: ^[[32m'Hence Logistics uses Face ID for secure driver login.'^[[39m,
build	Build iOS Locally on Free Cloud Mac	2026-08-23T00:21:43.4916410Z [PREBUILD]       ITSAppUsesNonExemptEncryption: ^[[33mfalse^[[39m,
build	Build iOS Locally on Free Cloud Mac	2026-08-23T00:21:43.4916850Z [PREBUILD]       RCTMetroPort: ^[[32m'$(RCT_METRO_PORT)'^[[39m,
build	Build iOS Locally on Free Cloud Mac	2026-08-23T00:21:43.4917170Z [PREBUILD]       CFBundleURLTypes: [
build	Build iOS Locally on Free Cloud Mac	2026-08-23T00:21:43.4917380Z [PREBUILD]         {
build	Build iOS Locally on Free Cloud Mac	2026-08-23T00:21:43.4917620Z [PREBUILD]           CFBundleURLSchemes: [
build	Build iOS Locally on Free Cloud Mac	2026-08-23T00:21:43.4917950Z [PREBUILD]             ^[[32m'hencelogistics'^[[39m,
build	Build iOS Locally on Free Cloud Mac	2026-08-23T00:21:43.4918310Z [PREBUILD]             ^[[32m'com.hence.oyedotun'^[[39m
build	Build iOS Locally on Free Cloud Mac	2026-08-23T00:21:43.4918560Z [PREBUILD]           ]
build	Build iOS Locally on Free Cloud Mac	2026-08-23T00:21:43.4918730Z [PREBUILD]         },
build	Build iOS Locally on Free Cloud Mac	2026-08-23T00:21:43.4918900Z [PREBUILD]         {
build	Build iOS Locally on Free Cloud Mac	2026-08-23T00:21:43.4919140Z [PREBUILD]           CFBundleURLSchemes: [
build	Build iOS Locally on Free Cloud Mac	2026-08-23T00:21:43.4919490Z [PREBUILD]             ^[[32m'exp+hencelogistics'^[[39m
build	Build iOS Locally on Free Cloud Mac	2026-08-23T00:21:43.4919730Z [PREBUILD]           ]
build	Build iOS Locally on Free Cloud Mac	2026-08-23T00:21:43.4919900Z [PREBUILD]         }
build	Build iOS Locally on Free Cloud Mac	2026-08-23T00:21:43.4920070Z [PREBUILD]       ],
build	Build iOS Locally on Free Cloud Mac	2026-08-23T00:21:43.4920370Z [PREBUILD]       UIRequiresFullScreen: ^[[33mfalse^[[39m,
build	Build iOS Locally on Free Cloud Mac	2026-08-23T00:21:43.4920770Z [PREBUILD]       CFBundleDisplayName: ^[[32m'Hence'^[[39m,
build	Build iOS Locally on Free Cloud Mac	2026-08-23T00:21:43.4921070Z [PREBUILD]       NSBonjourServices: [
build	Build iOS Locally on Free Cloud Mac	2026-08-23T00:21:43.4921370Z [PREBUILD]         ^[[32m'_expo._tcp'^[[39m
build	Build iOS Locally on Free Cloud Mac	2026-08-23T00:21:43.4921580Z [PREBUILD]       ],
build	Build iOS Locally on Free Cloud Mac	2026-08-23T00:21:43.4922390Z [PREBUILD]       NSLocalNetworkUsageDescription: ^[[32m'Expo Dev Launcher uses the local network to discover and connect to development servers running on your computer.'^[[39m,
build	Build iOS Locally on Free Cloud Mac	2026-08-23T00:21:43.4923110Z [PREBUILD]       UIUserInterfaceStyle: ^[[32m'Light'^[[39m,
build	Build iOS Locally on Free Cloud Mac	2026-08-23T00:21:43.4923740Z [PREBUILD]       NSLocationAlwaysUsageDescription: ^[[32m'Allow $(PRODUCT_NAME) to access your location'^[[39m,
build	Build iOS Locally on Free Cloud Mac	2026-08-23T00:21:43.4924540Z [PREBUILD]       NSMotionUsageDescription: ^[[32m'Allow $(PRODUCT_NAME) to detect your current motion activity'^[[39m
build	Build iOS Locally on Free Cloud Mac	2026-08-23T00:21:43.4924940Z [PREBUILD]     },
build	Build iOS Locally on Free Cloud Mac	2026-08-23T00:21:43.4925220Z [PREBUILD]     entitlements: {
build	Build iOS Locally on Free Cloud Mac	2026-08-23T00:21:43.4925620Z [PREBUILD]       ^[[32m'aps-environment'^[[39m: ^[[32m'development'^[[39m,
build	Build iOS Locally on Free Cloud Mac	2026-08-23T00:21:43.4926090Z [PREBUILD]       ^[[32m'com.apple.developer.in-app-payments'^[[39m: [
build	Build iOS Locally on Free Cloud Mac	2026-08-23T00:21:43.4926560Z [PREBUILD]         ^[[32m'merchant.com.hencelogistics.test'^[[39m
build	Build iOS Locally on Free Cloud Mac	2026-08-23T00:21:43.4926840Z [PREBUILD]       ]
build	Build iOS Locally on Free Cloud Mac	2026-08-23T00:21:43.4926990Z [PREBUILD]     }
build	Build iOS Locally on Free Cloud Mac	2026-08-23T00:21:43.4927130Z [PREBUILD]   },
build	Build iOS Locally on Free Cloud Mac	2026-08-23T00:21:43.4927300Z [PREBUILD]   android: {
build	Build iOS Locally on Free Cloud Mac	2026-08-23T00:21:43.4927640Z [PREBUILD]     package: ^[[32m'com.hencelogistics.app'^[[39m,
build	Build iOS Locally on Free Cloud Mac	2026-08-23T00:21:43.4928120Z [PREBUILD]     usesCleartextTraffic: ^[[33mtrue^[[39m,
build	Build iOS Locally on Free Cloud Mac	2026-08-23T00:21:43.4928390Z [PREBUILD]     permissions: [
build	Build iOS Locally on Free Cloud Mac	2026-08-23T00:21:43.4928770Z [PREBUILD]       ^[[32m'android.permission.ACCESS_FINE_LOCATION'^[[39m,
build	Build iOS Locally on Free Cloud Mac	2026-08-23T00:21:43.4929260Z [PREBUILD]       ^[[32m'android.permission.ACCESS_COARSE_LOCATION'^[[39m,
build	Build iOS Locally on Free Cloud Mac	2026-08-23T00:21:43.4929770Z [PREBUILD]       ^[[32m'android.permission.ACCESS_BACKGROUND_LOCATION'^[[39m,
build	Build iOS Locally on Free Cloud Mac	2026-08-23T00:21:43.4930220Z [PREBUILD]       ^[[32m'android.permission.CAMERA'^[[39m,
build	Build iOS Locally on Free Cloud Mac	2026-08-23T00:21:43.4930670Z [PREBUILD]       ^[[32m'android.permission.FOREGROUND_SERVICE'^[[39m,
build	Build iOS Locally on Free Cloud Mac	2026-08-23T00:21:43.4931480Z [PREBUILD]       ^[[32m'android.permission.FOREGROUND_SERVICE_LOCATION'^[[39m,
build	Build iOS Locally on Free Cloud Mac	2026-08-23T00:21:43.4932040Z [PREBUILD]       ^[[32m'android.permission.RECORD_AUDIO'^[[39m,
build	Build iOS Locally on Free Cloud Mac	2026-08-23T00:21:43.4937980Z [PREBUILD]       ^[[32m'android.permission.CAMERA'^[[39m,
build	Build iOS Locally on Free Cloud Mac	2026-08-23T00:21:43.4938500Z [PREBUILD]       ^[[32m'android.permission.RECORD_AUDIO'^[[39m,
build	Build iOS Locally on Free Cloud Mac	2026-08-23T00:21:43.4938970Z [PREBUILD]       ^[[32m'android.permission.ACCESS_COARSE_LOCATION'^[[39m,
build	Build iOS Locally on Free Cloud Mac	2026-08-23T00:21:43.4939450Z [PREBUILD]       ^[[32m'android.permission.ACCESS_FINE_LOCATION'^[[39m
build	Build iOS Locally on Free Cloud Mac	2026-08-23T00:21:43.4939730Z [PREBUILD]     ],
build	Build iOS Locally on Free Cloud Mac	2026-08-23T00:21:43.4939940Z [PREBUILD]     adaptiveIcon: {
build	Build iOS Locally on Free Cloud Mac	2026-08-23T00:21:43.4940340Z [PREBUILD]       foregroundImage: ^[[32m'./assets/adaptive-icon.png'^[[39m,
build	Build iOS Locally on Free Cloud Mac	2026-08-23T00:21:43.4940770Z [PREBUILD]       backgroundColor: ^[[32m'#ffffff'^[[39m
build	Build iOS Locally on Free Cloud Mac	2026-08-23T00:21:43.4941110Z [PREBUILD]     }
build	Build iOS Locally on Free Cloud Mac	2026-08-23T00:21:43.4941260Z [PREBUILD]   },
build	Build iOS Locally on Free Cloud Mac	2026-08-23T00:21:43.4941420Z [PREBUILD]   web: {
build	Build iOS Locally on Free Cloud Mac	2026-08-23T00:21:43.4941730Z [PREBUILD]     favicon: ^[[32m'./assets/favicon.png'^[[39m
build	Build iOS Locally on Free Cloud Mac	2026-08-23T00:21:43.4941960Z [PREBUILD]   },
build	Build iOS Locally on Free Cloud Mac	2026-08-23T00:21:43.4942130Z [PREBUILD]   extra: {
build	Build iOS Locally on Free Cloud Mac	2026-08-23T00:21:43.4942300Z [PREBUILD]     eas: {
build	Build iOS Locally on Free Cloud Mac	2026-08-23T00:21:43.4942700Z [PREBUILD]       projectId: ^[[32m'b0ad43f4-c5c8-4274-9639-2f6965170365'^[[39m
build	Build iOS Locally on Free Cloud Mac	2026-08-23T00:21:43.4942970Z [PREBUILD]     }
build	Build iOS Locally on Free Cloud Mac	2026-08-23T00:21:43.4943120Z [PREBUILD]   },
build	Build iOS Locally on Free Cloud Mac	2026-08-23T00:21:43.4943290Z [PREBUILD]   _internal: {
build	Build iOS Locally on Free Cloud Mac	2026-08-23T00:21:43.4943670Z [PREBUILD]     isDebug: ^[[33mtrue^[[39m,
build	Build iOS Locally on Free Cloud Mac	2026-08-23T00:21:43.4944510Z [PREBUILD]     projectRoot: ^[[32m'/private/var/folders/g3/pffjr_y96bq06blnkf72x_hw0000gn/T/eas-build-local-nodejs/8b92a6e8-638b-44a7-86ed-dccce4fa23af/build'^[[39m,
build	Build iOS Locally on Free Cloud Mac	2026-08-23T00:21:43.4945790Z [PREBUILD]     staticConfigPath: ^[[32m'/private/var/folders/g3/pffjr_y96bq06blnkf72x_hw0000gn/T/eas-build-local-nodejs/8b92a6e8-638b-44a7-86ed-dccce4fa23af/build/app.json'^[[39m,
build	Build iOS Locally on Free Cloud Mac	2026-08-23T00:21:43.4947080Z [PREBUILD]     packageJsonPath: ^[[32m'/private/var/folders/g3/pffjr_y96bq06blnkf72x_hw0000gn/T/eas-build-local-nodejs/8b92a6e8-638b-44a7-86ed-dccce4fa23af/build/package.json'^[[39m,
build	Build iOS Locally on Free Cloud Mac	2026-08-23T00:21:43.4947720Z [PREBUILD]     autolinkedModules: [
build	Build iOS Locally on Free Cloud Mac	2026-08-23T00:21:43.4948040Z [PREBUILD]       ^[[32m'@expo/dom-webview'^[[39m,
build	Build iOS Locally on Free Cloud Mac	2026-08-23T00:21:43.4948360Z [PREBUILD]       ^[[32m'@expo/log-box'^[[39m,
build	Build iOS Locally on Free Cloud Mac	2026-08-23T00:21:43.4948660Z [PREBUILD]       ^[[32m'expo'^[[39m,
build	Build iOS Locally on Free Cloud Mac	2026-08-23T00:21:43.4949290Z [PREBUILD]       ^[[32m'expo-application'^[[39m,
build	Build iOS Locally on Free Cloud Mac	2026-08-23T00:21:43.4949630Z [PREBUILD]       ^[[32m'expo-asset'^[[39m,
build	Build iOS Locally on Free Cloud Mac	2026-08-23T00:21:43.4949920Z [PREBUILD]       ^[[32m'expo-blur'^[[39m,
build	Build iOS Locally on Free Cloud Mac	2026-08-23T00:21:43.4950230Z [PREBUILD]       ^[[32m'expo-camera'^[[39m,
build	Build iOS Locally on Free Cloud Mac	2026-08-23T00:21:43.4950540Z [PREBUILD]       ^[[32m'expo-clipboard'^[[39m,
build	Build iOS Locally on Free Cloud Mac	2026-08-23T00:21:43.4951460Z [PREBUILD]       ^[[32m'expo-constants'^[[39m,
build	Build iOS Locally on Free Cloud Mac	2026-08-23T00:21:43.4952090Z [PREBUILD]       ^[[32m'expo-dev-client'^[[39m,
build	Build iOS Locally on Free Cloud Mac	2026-08-23T00:21:43.4952450Z [PREBUILD]       ^[[32m'expo-dev-launcher'^[[39m,
build	Build iOS Locally on Free Cloud Mac	2026-08-23T00:21:43.4952800Z [PREBUILD]       ^[[32m'expo-dev-menu'^[[39m,
build	Build iOS Locally on Free Cloud Mac	2026-08-23T00:21:43.4953160Z [PREBUILD]       ^[[32m'expo-dev-menu-interface'^[[39m,
build	Build iOS Locally on Free Cloud Mac	2026-08-23T00:21:43.4953500Z [PREBUILD]       ^[[32m'expo-device'^[[39m,
build	Build iOS Locally on Free Cloud Mac	2026-08-23T00:21:43.4953830Z [PREBUILD]       ^[[32m'expo-file-system'^[[39m,
build	Build iOS Locally on Free Cloud Mac	2026-08-23T00:21:43.4954140Z [PREBUILD]       ^[[32m'expo-font'^[[39m,
build	Build iOS Locally on Free Cloud Mac	2026-08-23T00:21:43.4954450Z [PREBUILD]       ^[[32m'expo-haptics'^[[39m,
build	Build iOS Locally on Free Cloud Mac	2026-08-23T00:21:43.4954800Z [PREBUILD]       ^[[32m'expo-image-picker'^[[39m,
build	Build iOS Locally on Free Cloud Mac	2026-08-23T00:21:43.4955130Z [PREBUILD]       ^[[32m'expo-json-utils'^[[39m,
build	Build iOS Locally on Free Cloud Mac	2026-08-23T00:21:43.4955480Z [PREBUILD]       ^[[32m'expo-keep-awake'^[[39m,
build	Build iOS Locally on Free Cloud Mac	2026-08-23T00:21:43.4955820Z [PREBUILD]       ^[[32m'expo-linear-gradient'^[[39m,
build	Build iOS Locally on Free Cloud Mac	2026-08-23T00:21:43.4956150Z [PREBUILD]       ^[[32m'expo-linking'^[[39m,
build	Build iOS Locally on Free Cloud Mac	2026-08-23T00:21:43.4956460Z [PREBUILD]       ^[[32m'expo-location'^[[39m,
build	Build iOS Locally on Free Cloud Mac	2026-08-23T00:21:43.4956780Z [PREBUILD]       ^[[32m'expo-manifests'^[[39m,
build	Build iOS Locally on Free Cloud Mac	2026-08-23T00:21:43.4957110Z [PREBUILD]       ^[[32m'expo-modules-core'^[[39m,
build	Build iOS Locally on Free Cloud Mac	2026-08-23T00:21:43.4957450Z [PREBUILD]       ^[[32m'expo-modules-jsi'^[[39m,
build	Build iOS Locally on Free Cloud Mac	2026-08-23T00:21:43.4957790Z [PREBUILD]       ^[[32m'expo-notifications'^[[39m,
build	Build iOS Locally on Free Cloud Mac	2026-08-23T00:21:43.4958110Z [PREBUILD]       ^[[32m'expo-sharing'^[[39m,
build	Build iOS Locally on Free Cloud Mac	2026-08-23T00:21:43.4958410Z [PREBUILD]       ^[[32m'expo-speech'^[[39m,
build	Build iOS Locally on Free Cloud Mac	2026-08-23T00:21:43.4958730Z [PREBUILD]       ^[[32m'expo-task-manager'^[[39m,
build	Build iOS Locally on Free Cloud Mac	2026-08-23T00:21:43.4959090Z [PREBUILD]       ^[[32m'expo-updates-interface'^[[39m,
build	Build iOS Locally on Free Cloud Mac	2026-08-23T00:21:43.4959450Z [PREBUILD]       ^[[32m'unimodules-app-loader'^[[39m
build	Build iOS Locally on Free Cloud Mac	2026-08-23T00:21:43.4960990Z [PREBUILD]     ],
build	Build iOS Locally on Free Cloud Mac	2026-08-23T00:21:43.4961470Z [PREBUILD]     templateChecksum: ^[[32m'afd5d1cf8464f7c0d801f03c638c3c51'^[[39m,
build	Build iOS Locally on Free Cloud Mac	2026-08-23T00:21:43.4961850Z [PREBUILD]     dynamicConfigPath: {},
build	Build iOS Locally on Free Cloud Mac	2026-08-23T00:21:43.4962120Z [PREBUILD]     pluginHistory: {
build	Build iOS Locally on Free Cloud Mac	2026-08-23T00:21:43.4962490Z [PREBUILD]       ^[[32m'@stripe/stripe-react-native'^[[39m: {
build	Build iOS Locally on Free Cloud Mac	2026-08-23T00:21:43.4963140Z [PREBUILD]         name: ^[[32m'@stripe/stripe-react-native'^[[39m,
build	Build iOS Locally on Free Cloud Mac	2026-08-23T00:21:43.4963530Z [PREBUILD]         version: ^[[32m'0.64.0'^[[39m
build	Build iOS Locally on Free Cloud Mac	2026-08-23T00:21:43.4963760Z [PREBUILD]       },
build	Build iOS Locally on Free Cloud Mac	2026-08-23T00:21:43.4964020Z [PREBUILD]       ^[[32m'expo-font'^[[39m: {
build	Build iOS Locally on Free Cloud Mac	2026-08-23T00:21:43.4964350Z [PREBUILD]         name: ^[[32m'expo-font'^[[39m,
build	Build iOS Locally on Free Cloud Mac	2026-08-23T00:21:43.4964690Z [PREBUILD]         version: ^[[32m'57.0.1'^[[39m
build	Build iOS Locally on Free Cloud Mac	2026-08-23T00:21:43.4964920Z [PREBUILD]       },
build	Build iOS Locally on Free Cloud Mac	2026-08-23T00:21:43.4965230Z [PREBUILD]       ^[[32m'expo-camera'^[[39m: {
build	Build iOS Locally on Free Cloud Mac	2026-08-23T00:21:43.4965600Z [PREBUILD]         name: ^[[32m'expo-camera'^[[39m,
build	Build iOS Locally on Free Cloud Mac	2026-08-23T00:21:43.4965940Z [PREBUILD]         version: ^[[32m'57.0.3'^[[39m
build	Build iOS Locally on Free Cloud Mac	2026-08-23T00:21:43.4966170Z [PREBUILD]       },
build	Build iOS Locally on Free Cloud Mac	2026-08-23T00:21:43.4966440Z [PREBUILD]       ^[[32m'expo-location'^[[39m: {
build	Build iOS Locally on Free Cloud Mac	2026-08-23T00:21:43.4966790Z [PREBUILD]         name: ^[[32m'expo-location'^[[39m,
build	Build iOS Locally on Free Cloud Mac	2026-08-23T00:21:43.4967150Z [PREBUILD]         version: ^[[32m'57.0.10'^[[39m
build	Build iOS Locally on Free Cloud Mac	2026-08-23T00:21:43.4967380Z [PREBUILD]       },
build	Build iOS Locally on Free Cloud Mac	2026-08-23T00:21:43.4967660Z [PREBUILD]       ^[[32m'expo-notifications'^[[39m: {
build	Build iOS Locally on Free Cloud Mac	2026-08-23T00:21:43.4968040Z [PREBUILD]         name: ^[[32m'expo-notifications'^[[39m,
build	Build iOS Locally on Free Cloud Mac	2026-08-23T00:21:43.4968400Z [PREBUILD]         version: ^[[32m'57.0.11'^[[39m
build	Build iOS Locally on Free Cloud Mac	2026-08-23T00:21:43.4968630Z [PREBUILD]       },
build	Build iOS Locally on Free Cloud Mac	2026-08-23T00:21:43.4968890Z [PREBUILD]       ^[[32m'expo-sharing'^[[39m: {
build	Build iOS Locally on Free Cloud Mac	2026-08-23T00:21:43.4969230Z [PREBUILD]         name: ^[[32m'expo-sharing'^[[39m,
build	Build iOS Locally on Free Cloud Mac	2026-08-23T00:21:43.4969570Z [PREBUILD]         version: ^[[32m'57.0.12'^[[39m
build	Build iOS Locally on Free Cloud Mac	2026-08-23T00:21:43.4969790Z [PREBUILD]       },
build	Build iOS Locally on Free Cloud Mac	2026-08-23T00:21:43.4970060Z [PREBUILD]       ^[[32m'expo-status-bar'^[[39m: {
build	Build iOS Locally on Free Cloud Mac	2026-08-23T00:21:43.4970420Z [PREBUILD]         name: ^[[32m'expo-status-bar'^[[39m,
build	Build iOS Locally on Free Cloud Mac	2026-08-23T00:21:43.4970770Z [PREBUILD]         version: ^[[32m'57.0.1'^[[39m
build	Build iOS Locally on Free Cloud Mac	2026-08-23T00:21:43.4970990Z [PREBUILD]       },
build	Build iOS Locally on Free Cloud Mac	2026-08-23T00:21:43.4971270Z [PREBUILD]       ^[[32m'react-native-maps'^[[39m: {
build	Build iOS Locally on Free Cloud Mac	2026-08-23T00:21:43.4971790Z [PREBUILD]         name: ^[[32m'react-native-maps'^[[39m,
build	Build iOS Locally on Free Cloud Mac	2026-08-23T00:21:43.4972170Z [PREBUILD]         version: ^[[32m'UNVERSIONED'^[[39m
build	Build iOS Locally on Free Cloud Mac	2026-08-23T00:21:43.4972410Z [PREBUILD]       },
build	Build iOS Locally on Free Cloud Mac	2026-08-23T00:21:43.4972740Z [PREBUILD]       ^[[32m'expo-apple-authentication'^[[39m: {
build	Build iOS Locally on Free Cloud Mac	2026-08-23T00:21:43.4973170Z [PREBUILD]         name: ^[[32m'expo-apple-authentication'^[[39m,
build	Build iOS Locally on Free Cloud Mac	2026-08-23T00:21:43.4973560Z [PREBUILD]         version: ^[[32m'UNVERSIONED'^[[39m
build	Build iOS Locally on Free Cloud Mac	2026-08-23T00:21:43.4973800Z [PREBUILD]       },
build	Build iOS Locally on Free Cloud Mac	2026-08-23T00:21:43.4974070Z [PREBUILD]       ^[[32m'expo-contacts'^[[39m: {
build	Build iOS Locally on Free Cloud Mac	2026-08-23T00:21:43.4974420Z [PREBUILD]         name: ^[[32m'expo-contacts'^[[39m,
build	Build iOS Locally on Free Cloud Mac	2026-08-23T00:21:43.4974780Z [PREBUILD]         version: ^[[32m'UNVERSIONED'^[[39m
build	Build iOS Locally on Free Cloud Mac	2026-08-23T00:21:43.4975020Z [PREBUILD]       },
build	Build iOS Locally on Free Cloud Mac	2026-08-23T00:21:43.4975290Z [PREBUILD]       ^[[32m'expo-updates'^[[39m: {
build	Build iOS Locally on Free Cloud Mac	2026-08-23T00:21:43.4975640Z [PREBUILD]         name: ^[[32m'expo-updates'^[[39m,
build	Build iOS Locally on Free Cloud Mac	2026-08-23T00:21:43.4976000Z [PREBUILD]         version: ^[[32m'UNVERSIONED'^[[39m
build	Build iOS Locally on Free Cloud Mac	2026-08-23T00:21:43.4976250Z [PREBUILD]       },
build	Build iOS Locally on Free Cloud Mac	2026-08-23T00:21:43.4976540Z [PREBUILD]       ^[[32m'expo-document-picker'^[[39m: {
build	Build iOS Locally on Free Cloud Mac	2026-08-23T00:21:43.4976940Z [PREBUILD]         name: ^[[32m'expo-document-picker'^[[39m,
build	Build iOS Locally on Free Cloud Mac	2026-08-23T00:21:43.4977310Z [PREBUILD]         version: ^[[32m'UNVERSIONED'^[[39m
build	Build iOS Locally on Free Cloud Mac	2026-08-23T00:21:43.4977550Z [PREBUILD]       },
build	Build iOS Locally on Free Cloud Mac	2026-08-23T00:21:43.4977820Z [PREBUILD]       ^[[32m'expo-system-ui'^[[39m: {
build	Build iOS Locally on Free Cloud Mac	2026-08-23T00:21:43.4978170Z [PREBUILD]         name: ^[[32m'expo-system-ui'^[[39m,
build	Build iOS Locally on Free Cloud Mac	2026-08-23T00:21:43.4978530Z [PREBUILD]         version: ^[[32m'UNVERSIONED'^[[39m
build	Build iOS Locally on Free Cloud Mac	2026-08-23T00:21:43.4978760Z [PREBUILD]       },
build	Build iOS Locally on Free Cloud Mac	2026-08-23T00:21:43.4979030Z [PREBUILD]       ^[[32m'expo-dev-menu'^[[39m: {
build	Build iOS Locally on Free Cloud Mac	2026-08-23T00:21:43.4979380Z [PREBUILD]         name: ^[[32m'expo-dev-menu'^[[39m,
build	Build iOS Locally on Free Cloud Mac	2026-08-23T00:21:43.4979730Z [PREBUILD]         version: ^[[32m'57.0.12'^[[39m
build	Build iOS Locally on Free Cloud Mac	2026-08-23T00:21:43.4980300Z [PREBUILD]       },
build	Build iOS Locally on Free Cloud Mac	2026-08-23T00:21:43.4980630Z [PREBUILD]       ^[[32m'expo-dev-launcher'^[[39m: {
build	Build iOS Locally on Free Cloud Mac	2026-08-23T00:21:43.4981020Z [PREBUILD]         name: ^[[32m'expo-dev-launcher'^[[39m,
build	Build iOS Locally on Free Cloud Mac	2026-08-23T00:21:43.4981520Z [PREBUILD]         version: ^[[32m'57.0.12'^[[39m
build	Build iOS Locally on Free Cloud Mac	2026-08-23T00:21:43.4981780Z [PREBUILD]       },
build	Build iOS Locally on Free Cloud Mac	2026-08-23T00:21:43.4982070Z [PREBUILD]       ^[[32m'expo-dev-client'^[[39m: {
build	Build iOS Locally on Free Cloud Mac	2026-08-23T00:21:43.4982440Z [PREBUILD]         name: ^[[32m'expo-dev-client'^[[39m,
build	Build iOS Locally on Free Cloud Mac	2026-08-23T00:21:43.4982860Z [PREBUILD]         version: ^[[32m'57.0.12'^[[39m
build	Build iOS Locally on Free Cloud Mac	2026-08-23T00:21:43.4983090Z [PREBUILD]       },
build	Build iOS Locally on Free Cloud Mac	2026-08-23T00:21:43.4983370Z [PREBUILD]       ^[[32m'expo-image-picker'^[[39m: {
build	Build iOS Locally on Free Cloud Mac	2026-08-23T00:21:43.4983750Z [PREBUILD]         name: ^[[32m'expo-image-picker'^[[39m,
build	Build iOS Locally on Free Cloud Mac	2026-08-23T00:21:43.4984100Z [PREBUILD]         version: ^[[32m'57.0.10'^[[39m
build	Build iOS Locally on Free Cloud Mac	2026-08-23T00:21:43.4984330Z [PREBUILD]       },
build	Build iOS Locally on Free Cloud Mac	2026-08-23T00:21:43.4984600Z [PREBUILD]       ^[[32m'expo-task-manager'^[[39m: {
build	Build iOS Locally on Free Cloud Mac	2026-08-23T00:21:43.4984970Z [PREBUILD]         name: ^[[32m'expo-task-manager'^[[39m,
build	Build iOS Locally on Free Cloud Mac	2026-08-23T00:21:43.4985330Z [PREBUILD]         version: ^[[32m'57.0.10'^[[39m
build	Build iOS Locally on Free Cloud Mac	2026-08-23T00:21:43.4985570Z [PREBUILD]       }
build	Build iOS Locally on Free Cloud Mac	2026-08-23T00:21:43.4985730Z [PREBUILD]     }
build	Build iOS Locally on Free Cloud Mac	2026-08-23T00:21:43.4985880Z [PREBUILD]   },
build	Build iOS Locally on Free Cloud Mac	2026-08-23T00:21:43.4986040Z [PREBUILD]   mods: {
build	Build iOS Locally on Free Cloud Mac	2026-08-23T00:21:43.4986220Z [PREBUILD]     ios: {
build	Build iOS Locally on Free Cloud Mac	2026-08-23T00:21:43.4986540Z [PREBUILD]       entitlements: [AsyncFunction: interceptingMod] {
build	Build iOS Locally on Free Cloud Mac	2026-08-23T00:21:43.4986940Z [PREBUILD]         isProvider: ^[[33mtrue^[[39m,
build	Build iOS Locally on Free Cloud Mac	2026-08-23T00:21:43.4987290Z [PREBUILD]         isIntrospective: ^[[33mtrue^[[39m
build	Build iOS Locally on Free Cloud Mac	2026-08-23T00:21:43.4987530Z [PREBUILD]       },
build	Build iOS Locally on Free Cloud Mac	2026-08-23T00:21:43.4987830Z [PREBUILD]       xcodeproj: [AsyncFunction: interceptingMod] {
build	Build iOS Locally on Free Cloud Mac	2026-08-23T00:21:43.4988200Z [PREBUILD]         isProvider: ^[[33mtrue^[[39m
build	Build iOS Locally on Free Cloud Mac	2026-08-23T00:21:43.4988430Z [PREBUILD]       },
build	Build iOS Locally on Free Cloud Mac	2026-08-23T00:21:43.4988740Z [PREBUILD]       infoPlist: [AsyncFunction: interceptingMod] {
build	Build iOS Locally on Free Cloud Mac	2026-08-23T00:21:43.4989110Z [PREBUILD]         isProvider: ^[[33mtrue^[[39m,
build	Build iOS Locally on Free Cloud Mac	2026-08-23T00:21:43.4989460Z [PREBUILD]         isIntrospective: ^[[33mtrue^[[39m
build	Build iOS Locally on Free Cloud Mac	2026-08-23T00:21:43.4989840Z [PREBUILD]       },
build	Build iOS Locally on Free Cloud Mac	2026-08-23T00:21:43.4990190Z [PREBUILD]       podfileProperties: [AsyncFunction: interceptingMod] {
build	Build iOS Locally on Free Cloud Mac	2026-08-23T00:21:43.4990600Z [PREBUILD]         isProvider: ^[[33mtrue^[[39m,
build	Build iOS Locally on Free Cloud Mac	2026-08-23T00:21:43.4991030Z [PREBUILD]         isIntrospective: ^[[33mtrue^[[39m
build	Build iOS Locally on Free Cloud Mac	2026-08-23T00:21:43.4991260Z [PREBUILD]       },
build	Build iOS Locally on Free Cloud Mac	2026-08-23T00:21:43.4991560Z [PREBUILD]       podfile: [AsyncFunction: interceptingMod] {
build	Build iOS Locally on Free Cloud Mac	2026-08-23T00:21:43.4993400Z [PREBUILD]         isProvider: ^[[33mtrue^[[39m
build	Build iOS Locally on Free Cloud Mac	2026-08-23T00:21:43.4993650Z [PREBUILD]       },
build	Build iOS Locally on Free Cloud Mac	2026-08-23T00:21:43.4993970Z [PREBUILD]       appDelegate: [AsyncFunction: interceptingMod] {
build	Build iOS Locally on Free Cloud Mac	2026-08-23T00:21:43.4994360Z [PREBUILD]         isProvider: ^[[33mtrue^[[39m
build	Build iOS Locally on Free Cloud Mac	2026-08-23T00:21:43.4994600Z [PREBUILD]       },
build	Build iOS Locally on Free Cloud Mac	2026-08-23T00:21:43.4994910Z [PREBUILD]       expoPlist: [AsyncFunction: interceptingMod] {
build	Build iOS Locally on Free Cloud Mac	2026-08-23T00:21:43.4995290Z [PREBUILD]         isProvider: ^[[33mtrue^[[39m,
build	Build iOS Locally on Free Cloud Mac	2026-08-23T00:21:43.4995650Z [PREBUILD]         isIntrospective: ^[[33mtrue^[[39m
build	Build iOS Locally on Free Cloud Mac	2026-08-23T00:21:43.4995900Z [PREBUILD]       },
build	Build iOS Locally on Free Cloud Mac	2026-08-23T00:21:43.4996220Z [PREBUILD]       dangerous: [AsyncFunction: interceptingMod] {
build	Build iOS Locally on Free Cloud Mac	2026-08-23T00:21:43.4996600Z [PREBUILD]         isProvider: ^[[33mtrue^[[39m
build	Build iOS Locally on Free Cloud Mac	2026-08-23T00:21:43.4996830Z [PREBUILD]       }
build	Build iOS Locally on Free Cloud Mac	2026-08-23T00:21:43.4997000Z [PREBUILD]     },
build	Build iOS Locally on Free Cloud Mac	2026-08-23T00:21:43.4997180Z [PREBUILD]     android: {
build	Build iOS Locally on Free Cloud Mac	2026-08-23T00:21:43.4997600Z [PREBUILD]       manifest: [AsyncFunction: interceptingMod] {
build	Build iOS Locally on Free Cloud Mac	2026-08-23T00:21:43.4997980Z [PREBUILD]         isProvider: ^[[33mtrue^[[39m,
build	Build iOS Locally on Free Cloud Mac	2026-08-23T00:21:43.4998340Z [PREBUILD]         isIntrospective: ^[[33mtrue^[[39m
build	Build iOS Locally on Free Cloud Mac	2026-08-23T00:21:43.4998660Z [PREBUILD]       },
build	Build iOS Locally on Free Cloud Mac	2026-08-23T00:21:43.4999010Z [PREBUILD]       gradleProperties: [AsyncFunction: interceptingMod] {
build	Build iOS Locally on Free Cloud Mac	2026-08-23T00:21:43.4999440Z [PREBUILD]         isProvider: ^[[33mtrue^[[39m,
build	Build iOS Locally on Free Cloud Mac	2026-08-23T00:21:43.4999990Z [PREBUILD] 2026-08-23T00:21:43.490Z expo:telemetry:client:detached Detached flush started
build	Build iOS Locally on Free Cloud Mac	2026-08-23T00:21:43.5000480Z [PREBUILD]         isIntrospective: ^[[33mtrue^[[39m
build	Build iOS Locally on Free Cloud Mac	2026-08-23T00:21:43.5000730Z [PREBUILD]       },
build	Build iOS Locally on Free Cloud Mac	2026-08-23T00:21:43.5001280Z [PREBUILD]       dangerous: [AsyncFunction: interceptingMod] {
build	Build iOS Locally on Free Cloud Mac	2026-08-23T00:21:43.5001670Z [PREBUILD]         isProvider: ^[[33mtrue^[[39m
build	Build iOS Locally on Free Cloud Mac	2026-08-23T00:21:43.5001910Z [PREBUILD]       },
build	Build iOS Locally on Free Cloud Mac	2026-08-23T00:21:43.5002200Z [PREBUILD]       colors: [AsyncFunction: interceptingMod] {
build	Build iOS Locally on Free Cloud Mac	2026-08-23T00:21:43.5002670Z [PREBUILD]         isProvider: ^[[33mtrue^[[39m,
build	Build iOS Locally on Free Cloud Mac	2026-08-23T00:21:43.5004300Z [PREBUILD]         isIntrospective: ^[[33mtrue^[[39m
build	Build iOS Locally on Free Cloud Mac	2026-08-23T00:21:43.5004610Z [PREBUILD]       },
build	Build iOS Locally on Free Cloud Mac	2026-08-23T00:21:43.5004960Z [PREBUILD]       colorsNight: [AsyncFunction: interceptingMod] {
build	Build iOS Locally on Free Cloud Mac	2026-08-23T00:21:43.5005430Z [PREBUILD]         isProvider: ^[[33mtrue^[[39m,
build	Build iOS Locally on Free Cloud Mac	2026-08-23T00:21:43.5005800Z [PREBUILD]         isIntrospective: ^[[33mtrue^[[39m
build	Build iOS Locally on Free Cloud Mac	2026-08-23T00:21:43.5006030Z [PREBUILD]       },
build	Build iOS Locally on Free Cloud Mac	2026-08-23T00:21:43.5006600Z [PREBUILD]       styles: [AsyncFunction: interceptingMod] {
build	Build iOS Locally on Free Cloud Mac	2026-08-23T00:21:43.5006990Z [PREBUILD]         isProvider: ^[[33mtrue^[[39m,
build	Build iOS Locally on Free Cloud Mac	2026-08-23T00:21:43.5007350Z [PREBUILD]         isIntrospective: ^[[33mtrue^[[39m
build	Build iOS Locally on Free Cloud Mac	2026-08-23T00:21:43.5007600Z [PREBUILD]       },
build	Build iOS Locally on Free Cloud Mac	2026-08-23T00:21:43.5007930Z [PREBUILD]       settingsGradle: [AsyncFunction: interceptingMod] {
build	Build iOS Locally on Free Cloud Mac	2026-08-23T00:21:43.5008500Z [PREBUILD]         isProvider: ^[[33mtrue^[[39m
build	Build iOS Locally on Free Cloud Mac	2026-08-23T00:21:43.5008740Z [PREBUILD]       },
build	Build iOS Locally on Free Cloud Mac	2026-08-23T00:21:43.5009250Z [PREBUILD]       strings: [AsyncFunction: interceptingMod] {
build	Build iOS Locally on Free Cloud Mac	2026-08-23T00:21:43.5009700Z [PREBUILD]         isProvider: ^[[33mtrue^[[39m,
build	Build iOS Locally on Free Cloud Mac	2026-08-23T00:21:43.5010110Z [PREBUILD]         isIntrospective: ^[[33mtrue^[[39m
build	Build iOS Locally on Free Cloud Mac	2026-08-23T00:21:43.5010400Z [PREBUILD]       }
build	Build iOS Locally on Free Cloud Mac	2026-08-23T00:21:43.5010550Z [PREBUILD]     }
build	Build iOS Locally on Free Cloud Mac	2026-08-23T00:21:43.5010700Z [PREBUILD]   }
build	Build iOS Locally on Free Cloud Mac	2026-08-23T00:21:43.5010850Z [PREBUILD] }
build	Build iOS Locally on Free Cloud Mac	2026-08-23T00:21:43.5011020Z [PREBUILD] Finished prebuild
build	Build iOS Locally on Free Cloud Mac	2026-08-23T00:21:43.5041970Z [PREBUILD] Running "npm install --include=dev" in /var/folders/g3/pffjr_y96bq06blnkf72x_hw0000gn/T/eas-build-local-nodejs/8b92a6e8-638b-44a7-86ed-dccce4fa23af/build directory
build	Build iOS Locally on Free Cloud Mac	2026-08-23T00:21:44.5895540Z [PREBUILD] > hencelogistics@1.0.0 postinstall
build	Build iOS Locally on Free Cloud Mac	2026-08-23T00:21:44.5898480Z [PREBUILD] > node patch-expo.js
build	Build iOS Locally on Free Cloud Mac	2026-08-23T00:21:44.6176870Z [PREBUILD] Patched ExpoModulesJSI build script successfully.
build	Build iOS Locally on Free Cloud Mac	2026-08-23T00:21:44.6224090Z [PREBUILD] up to date, audited 744 packages in 1s
build	Build iOS Locally on Free Cloud Mac	2026-08-23T00:21:44.6224630Z [PREBUILD] 
build	Build iOS Locally on Free Cloud Mac	2026-08-23T00:21:44.6224900Z [PREBUILD] 102 packages are looking for funding
build	Build iOS Locally on Free Cloud Mac	2026-08-23T00:21:44.6225200Z [PREBUILD] run `npm fund` for details
build	Build iOS Locally on Free Cloud Mac	2026-08-23T00:21:44.6622890Z [PREBUILD] 24 vulnerabilities (1 low, 14 moderate, 9 high)
build	Build iOS Locally on Free Cloud Mac	2026-08-23T00:21:44.6623360Z [PREBUILD] 
build	Build iOS Locally on Free Cloud Mac	2026-08-23T00:21:44.6624070Z [PREBUILD] To address issues that do not require attention, run:
build	Build iOS Locally on Free Cloud Mac	2026-08-23T00:21:44.6624510Z [PREBUILD]   npm audit fix
build	Build iOS Locally on Free Cloud Mac	2026-08-23T00:21:44.6624790Z [PREBUILD] 
build	Build iOS Locally on Free Cloud Mac	2026-08-23T00:21:44.6625490Z [PREBUILD] To address all issues (including breaking changes), run:
build	Build iOS Locally on Free Cloud Mac	2026-08-23T00:21:44.6626110Z [PREBUILD]   npm audit fix --force
build	Build iOS Locally on Free Cloud Mac	2026-08-23T00:21:44.6626740Z [PREBUILD] 
build	Build iOS Locally on Free Cloud Mac	2026-08-23T00:21:44.6627060Z [PREBUILD] Run `npm audit` for details.
build	Build iOS Locally on Free Cloud Mac	2026-08-23T00:21:44.6722340Z [RESTORE_CACHE] Local builds do not support restoring cache
build	Build iOS Locally on Free Cloud Mac	2026-08-23T00:21:46.4379570Z [INSTALL_PODS] Using Expo modules
build	Build iOS Locally on Free Cloud Mac	2026-08-23T00:21:46.4380990Z [INSTALL_PODS] [Expo] Enabling modular headers for pod ExpoModulesCore
build	Build iOS Locally on Free Cloud Mac	2026-08-23T00:21:46.4381750Z [INSTALL_PODS] [Expo] Enabling modular headers for pod ExpoModulesJSI
build	Build iOS Locally on Free Cloud Mac	2026-08-23T00:21:46.4383590Z [INSTALL_PODS] [Expo] Enabling modular headers for pod React-RCTAppDelegate
build	Build iOS Locally on Free Cloud Mac	2026-08-23T00:21:46.4386280Z [INSTALL_PODS] [Expo] Enabling modular headers for pod React-RCTFabric
build	Build iOS Locally on Free Cloud Mac	2026-08-23T00:21:46.4387110Z [INSTALL_PODS] [Expo] Enabling modular headers for pod ReactAppDependencyProvider
build	Build iOS Locally on Free Cloud Mac	2026-08-23T00:21:46.4393040Z [INSTALL_PODS] [Expo] Enabling modular headers for pod React-Core
build	Build iOS Locally on Free Cloud Mac	2026-08-23T00:21:46.4393550Z [INSTALL_PODS] [Expo] Enabling modular headers for pod ReactCodegen
build	Build iOS Locally on Free Cloud Mac	2026-08-23T00:21:46.4393990Z [INSTALL_PODS] [Expo] Enabling modular headers for pod RCTRequired
build	Build iOS Locally on Free Cloud Mac	2026-08-23T00:21:46.4394450Z [INSTALL_PODS] [Expo] Enabling modular headers for pod RCTTypeSafety
build	Build iOS Locally on Free Cloud Mac	2026-08-23T00:21:46.4395130Z [INSTALL_PODS] [Expo] Enabling modular headers for pod ReactCommon
build	Build iOS Locally on Free Cloud Mac	2026-08-23T00:21:46.4395610Z [INSTALL_PODS] [Expo] Enabling modular headers for pod React-NativeModulesApple
build	Build iOS Locally on Free Cloud Mac	2026-08-23T00:21:46.4396060Z [INSTALL_PODS] [Expo] Enabling modular headers for pod Yoga
build	Build iOS Locally on Free Cloud Mac	2026-08-23T00:21:46.4396480Z [INSTALL_PODS] [Expo] Enabling modular headers for pod React-Fabric
build	Build iOS Locally on Free Cloud Mac	2026-08-23T00:21:46.4396920Z [INSTALL_PODS] [Expo] Enabling modular headers for pod React-graphics
build	Build iOS Locally on Free Cloud Mac	2026-08-23T00:21:46.4397360Z [INSTALL_PODS] [Expo] Enabling modular headers for pod React-utils
build	Build iOS Locally on Free Cloud Mac	2026-08-23T00:21:46.4397810Z [INSTALL_PODS] [Expo] Enabling modular headers for pod React-featureflags
build	Build iOS Locally on Free Cloud Mac	2026-08-23T00:21:46.4398260Z [INSTALL_PODS] [Expo] Enabling modular headers for pod React-debug
build	Build iOS Locally on Free Cloud Mac	2026-08-23T00:21:46.4398720Z [INSTALL_PODS] [Expo] Enabling modular headers for pod React-ImageManager
build	Build iOS Locally on Free Cloud Mac	2026-08-23T00:21:46.4399200Z [INSTALL_PODS] [Expo] Enabling modular headers for pod React-rendererdebug
build	Build iOS Locally on Free Cloud Mac	2026-08-23T00:21:46.4399640Z [INSTALL_PODS] [Expo] Enabling modular headers for pod React-jsi
build	Build iOS Locally on Free Cloud Mac	2026-08-23T00:21:46.4400090Z [INSTALL_PODS] [Expo] Enabling modular headers for pod React-renderercss
build	Build iOS Locally on Free Cloud Mac	2026-08-23T00:21:46.4400550Z [INSTALL_PODS] [Expo] Enabling modular headers for pod hermes-engine
build	Build iOS Locally on Free Cloud Mac	2026-08-23T00:21:46.4400960Z [INSTALL_PODS] [Expo] Enabling modular headers for pod glog
build	Build iOS Locally on Free Cloud Mac	2026-08-23T00:21:46.4401350Z [INSTALL_PODS] [Expo] Enabling modular headers for pod boost
build	Build iOS Locally on Free Cloud Mac	2026-08-23T00:21:46.4401790Z [INSTALL_PODS] [Expo] Enabling modular headers for pod DoubleConversion
build	Build iOS Locally on Free Cloud Mac	2026-08-23T00:21:46.4402280Z [INSTALL_PODS] [Expo] Enabling modular headers for pod fast_float
build	Build iOS Locally on Free Cloud Mac	2026-08-23T00:21:46.4402680Z [INSTALL_PODS] [Expo] Enabling modular headers for pod fmt
build	Build iOS Locally on Free Cloud Mac	2026-08-23T00:21:46.4403070Z [INSTALL_PODS] [Expo] Enabling modular headers for pod RCT-Folly
build	Build iOS Locally on Free Cloud Mac	2026-08-23T00:21:46.4403500Z [INSTALL_PODS] [Expo] Enabling modular headers for pod SocketRocket
build	Build iOS Locally on Free Cloud Mac	2026-08-23T00:21:46.4404130Z [INSTALL_PODS] [Expo] Enabling modular headers for pod expo-dev-menu-interface
build	Build iOS Locally on Free Cloud Mac	2026-08-23T00:21:46.4404590Z [INSTALL_PODS] [Expo] Enabling modular headers for pod EXManifests
build	Build iOS Locally on Free Cloud Mac	2026-08-23T00:21:46.4405020Z [INSTALL_PODS] [Expo] Enabling modular headers for pod EXUpdatesInterface
build	Build iOS Locally on Free Cloud Mac	2026-08-23T00:21:46.4405460Z [INSTALL_PODS] [Expo] Enabling modular headers for pod expo-dev-menu
build	Build iOS Locally on Free Cloud Mac	2026-08-23T00:21:46.4405900Z [INSTALL_PODS] [Expo] Enabling modular headers for pod React-jsinspector
build	Build iOS Locally on Free Cloud Mac	2026-08-23T00:21:46.4406340Z [INSTALL_PODS] [Expo] Enabling modular headers for pod expo-dev-launcher
build	Build iOS Locally on Free Cloud Mac	2026-08-23T00:21:46.4406820Z [INSTALL_PODS] [Expo] Enabling modular headers for pod UMAppLoader
build	Build iOS Locally on Free Cloud Mac	2026-08-23T00:21:46.4407470Z [INSTALL_PODS] [Expo-precompiled] react-native-safe-area-context: prebuilt xcframework unavailable; building from source
build	Build iOS Locally on Free Cloud Mac	2026-08-23T00:21:46.4409020Z [INSTALL_PODS] [Expo-precompiled]   Expected tarball: /private/var/folders/g3/pffjr_y96bq06blnkf72x_hw0000gn/T/eas-build-local-nodejs/8b92a6e8-638b-44a7-86ed-dccce4fa23af/build/packages/precompile/.build/react-native-safe-area-context/output/5.7.0/0.86.2/250829098.0.16/debug/xcframeworks/RNCSafeAreaContext.tar.gz
build	Build iOS Locally on Free Cloud Mac	2026-08-23T00:21:46.4410250Z [INSTALL_PODS] [Expo-precompiled] RNScreens: prebuilt xcframework unavailable; building from source
build	Build iOS Locally on Free Cloud Mac	2026-08-23T00:21:46.4411650Z [INSTALL_PODS] [Expo-precompiled]   Expected tarball: /private/var/folders/g3/pffjr_y96bq06blnkf72x_hw0000gn/T/eas-build-local-nodejs/8b92a6e8-638b-44a7-86ed-dccce4fa23af/build/packages/precompile/.build/react-native-screens/output/4.26.2/0.86.2/250829098.0.16/debug/xcframeworks/RNScreens.tar.gz
build	Build iOS Locally on Free Cloud Mac	2026-08-23T00:21:46.4412770Z [INSTALL_PODS] [Expo-precompiled] RNSVG: prebuilt xcframework unavailable; building from source
build	Build iOS Locally on Free Cloud Mac	2026-08-23T00:21:46.4414120Z [INSTALL_PODS] [Expo-precompiled]   Expected tarball: /private/var/folders/g3/pffjr_y96bq06blnkf72x_hw0000gn/T/eas-build-local-nodejs/8b92a6e8-638b-44a7-86ed-dccce4fa23af/build/packages/precompile/.build/react-native-svg/output/15.15.4/0.86.2/250829098.0.16/debug/xcframeworks/RNSVG.tar.gz
build	Build iOS Locally on Free Cloud Mac	2026-08-23T00:21:46.4415360Z [INSTALL_PODS] [Expo-precompiled] RNCAsyncStorage: prebuilt xcframework unavailable; building from source
build	Build iOS Locally on Free Cloud Mac	2026-08-23T00:21:46.4416870Z [INSTALL_PODS] [Expo-precompiled]   Expected tarball: /private/var/folders/g3/pffjr_y96bq06blnkf72x_hw0000gn/T/eas-build-local-nodejs/8b92a6e8-638b-44a7-86ed-dccce4fa23af/build/packages/precompile/.build/@react-native-async-storage/async-storage/output/2.2.0/0.86.2/250829098.0.16/debug/xcframeworks/RNCAsyncStorage.tar.gz
build	Build iOS Locally on Free Cloud Mac	2026-08-23T00:21:46.8710580Z [INSTALL_PODS] Found 10 modules for target `Hence`
build	Build iOS Locally on Free Cloud Mac	2026-08-23T00:21:46.8733230Z [INSTALL_PODS] link_native_modules! {:ios_packages=>[{:configurations=>[], :name=>"@react-native-async-storage/async-storage", :root=>"/private/var/folders/g3/pffjr_y96bq06blnkf72x_hw0000gn/T/eas-build-local-nodejs/8b92a6e8-638b-44a7-86ed-dccce4fa23af/build/node_modules/@react-native-async-storage/async-storage", :path=>"../node_modules/@react-native-async-storage/async-storage", :podspec_path=>"/private/var/folders/g3/pffjr_y96bq06blnkf72x_hw0000gn/T/eas-build-local-nodejs/8b92a6e8-638b-44a7-86ed-dccce4fa23af/build/node_modules/@react-native-async-storage/async-storage/RNCAsyncStorage.podspec", :script_phases=>[]}, {:configurations=>[], :name=>"@react-native-community/datetimepicker", :root=>"/private/var/folders/g3/pffjr_y96bq06blnkf72x_hw0000gn/T/eas-build-local-nodejs/8b92a6e8-638b-44a7-86ed-dccce4fa23af/build/node_modules/@react-native-community/datetimepicker", :path=>"../node_modules/@react-native-community/datetimepicker", :podspec_path=>"/private/var/folders/g3/pffjr_y96bq06blnkf72x_hw0000gn/T/eas-build-local-nodejs/8b92a6e8-638b-44a7-86ed-dccce4fa23af/build/node_modules/@react-native-community/datetimepicker/RNDateTimePicker.podspec", :script_phases=>[]}, {:configurations=>[], :name=>"@react-native-picker/picker", :root=>"/private/var/folders/g3/pffjr_y96bq06blnkf72x_hw0000gn/T/eas-build-local-nodejs/8b92a6e8-638b-44a7-86ed-dccce4fa23af/build/node_modules/@react-native-picker/picker", :path=>"../node_modules/@react-native-picker/picker", :podspec_path=>"/private/var/folders/g3/pffjr_y96bq06blnkf72x_hw0000gn/T/eas-build-local-nodejs/8b92a6e8-638b-44a7-86ed-dccce4fa23af/build/node_modules/@react-native-picker/picker/RNCPicker.podspec", :script_phases=>[]}, {:configurations=>[], :name=>"@stripe/stripe-react-native", :root=>"/private/var/folders/g3/pffjr_y96bq06blnkf72x_hw0000gn/T/eas-build-local-nodejs/8b92a6e8-638b-44a7-86ed-dccce4fa23af/build/node_modules/@stripe/stripe-react-native", :path=>"../node_modules/@stripe/stripe-react-native", :podspec_path=>"/private/var/folders/g3/pffjr_y96bq06blnkf72x_hw0000gn/T/eas-build-local-nodejs/8b92a6e8-638b-44a7-86ed-dccce4fa23af/build/node_modules/@stripe/stripe-react-native/stripe-react-native.podspec", :script_phases=>[]}, {:configurations=>[], :name=>"expo", :root=>"/private/var/folders/g3/pffjr_y96bq06blnkf72x_hw0000gn/T/eas-build-local-nodejs/8b92a6e8-638b-44a7-86ed-dccce4fa23af/build/node_modules/expo", :path=>"../node_modules/expo", :podspec_path=>"/private/var/folders/g3/pffjr_y96bq06blnkf72x_hw0000gn/T/eas-build-local-nodejs/8b92a6e8-638b-44a7-86ed-dccce4fa23af/build/node_modules/expo/Expo.podspec", :script_phases=>[]}, {:configurations=>[], :name=>"react-native-maps", :root=>"/private/var/folders/g3/pffjr_y96bq06blnkf72x_hw0000gn/T/eas-build-local-nodejs/8b92a6e8-638b-44a7-86ed-dccce4fa23af/build/node_modules/react-native-maps", :path=>"../node_modules/react-native-maps", :podspec_path=>"/private/var/folders/g3/pffjr_y96bq06blnkf72x_hw0000gn/T/eas-build-local-nodejs/8b92a6e8-638b-44a7-86ed-dccce4fa23af/build/node_modules/react-native-maps/react-native-maps.podspec", :script_phases=>[]}, {:configurations=>[], :name=>"react-native-safe-area-context", :root=>"/private/var/folders/g3/pffjr_y96bq06blnkf72x_hw0000gn/T/eas-build-local-nodejs/8b92a6e8-638b-44a7-86ed-dccce4fa23af/build/node_modules/react-native-safe-area-context", :path=>"../node_modules/react-native-safe-area-context", :podspec_path=>"/private/var/folders/g3/pffjr_y96bq06blnkf72x_hw0000gn/T/eas-build-local-nodejs/8b92a6e8-638b-44a7-86ed-dccce4fa23af/build/node_modules/react-native-safe-area-context/react-native-safe-area-context.podspec", :script_phases=>[]}, {:configurations=>[], :name=>"react-native-screens", :root=>"/private/var/folders/g3/pffjr_y96bq06blnkf72x_hw0000gn/T/eas-build-local-nodejs/8b92a6e8-638b-44a7-86ed-dccce4fa23af/build/node_modules/react-native-screens", :path=>"../node_modules/react-native-screens", :podspec_path=>"/private/var/folders/g3/pffjr_y96bq06blnkf72x_hw0000gn/T/eas-build-local-nodejs/8b92a6e8-638b-44a7-86ed-dccce4fa23af/build/node_modules/react-native-screens/RNScreens.podspec", :script_phases=>[]}, {:configurations=>[], :name=>"react-native-svg", :root=>"/private/var/folders/g3/pffjr_y96bq06blnkf72x_hw0000gn/T/eas-build-local-nodejs/8b92a6e8-638b-44a7-86ed-dccce4fa23af/build/node_modules/react-native-svg", :path=>"../node_modules/react-native-svg", :podspec_path=>"/private/var/folders/g3/pffjr_y96bq06blnkf72x_hw0000gn/T/eas-build-local-nodejs/8b92a6e8-638b-44a7-86ed-dccce4fa23af/build/node_modules/react-native-svg/RNSVG.podspec", :script_phases=>[]}, {:configurations=>[], :name=>"react-native-webview", :root=>"/private/var/folders/g3/pffjr_y96bq06blnkf72x_hw0000gn/T/eas-build-local-nodejs/8b92a6e8-638b-44a7-86ed-dccce4fa23af/build/node_modules/react-native-webview", :path=>"../node_modules/react-native-webview", :podspec_path=>"/private/var/folders/g3/pffjr_y96bq06blnkf72x_hw0000gn/T/eas-build-local-nodejs/8b92a6e8-638b-44a7-86ed-dccce4fa23af/build/node_modules/react-native-webview/react-native-webview.podspec", :script_phases=>[]}], :ios_project_root_path=>"/private/var/folders/g3/pffjr_y96bq06blnkf72x_hw0000gn/T/eas-build-local-nodejs/8b92a6e8-638b-44a7-86ed-dccce4fa23af/build/ios", :react_native_path=>"../node_modules/react-native"}
build	Build iOS Locally on Free Cloud Mac	2026-08-23T00:21:46.9727020Z [INSTALL_PODS] Auto-linking React Native modules for target `Hence`: RNCAsyncStorage, RNCPicker, RNDateTimePicker, RNSVG, RNScreens, react-native-maps, react-native-safe-area-context, react-native-webview, and stripe-react-native
build	Build iOS Locally on Free Cloud Mac	2026-08-23T00:21:47.0339850Z [INSTALL_PODS] Framework build type is static library
build	Build iOS Locally on Free Cloud Mac	2026-08-23T00:21:47.0411640Z [INSTALL_PODS] [ReactNativeDependencies] Setting up ReactNativeDependencies...
build	Build iOS Locally on Free Cloud Mac	2026-08-23T00:21:47.1402710Z [INSTALL_PODS] [ReactNativeDependencies] Building from source: false
build	Build iOS Locally on Free Cloud Mac	2026-08-23T00:21:47.1404780Z [INSTALL_PODS] [ReactNativeDependencies] Using tarball from URL: https://repo1.maven.org/maven2/com/facebook/react/react-native-artifacts/0.86.2/react-native-artifacts-0.86.2-reactnative-dependencies-debug.tar.gz
build	Build iOS Locally on Free Cloud Mac	2026-08-23T00:21:47.1462610Z [INSTALL_PODS] [ReactNativeDependencies] Cache miss: downloading reactnative-dependencies-0.86.2-debug.tar.gz from https://repo1.maven.org/maven2/com/facebook/react/react-native-artifacts/0.86.2/react-native-artifacts-0.86.2-reactnative-dependencies-debug.tar.gz
build	Build iOS Locally on Free Cloud Mac	2026-08-23T00:21:47.1564370Z [INSTALL_PODS] % Total    % Received % Xferd  Average Speed   Time    Time     Time  C
build	Build iOS Locally on Free Cloud Mac	2026-08-23T00:21:47.1565010Z [INSTALL_PODS] urrent
build	Build iOS Locally on Free Cloud Mac	2026-08-23T00:21:47.1565420Z [INSTALL_PODS]                                  Dload  Upload   Total   Spent    Left  Speed
build	Build iOS Locally on Free Cloud Mac	2026-08-23T00:21:47.1565820Z [INSTALL_PODS] 
build	Build iOS Locally on Free Cloud Mac	2026-08-23T00:21:47.1566110Z   0     0    0     0    0     0      0      0 --:--:-- --:--:-- --:--:--     0
build	Build iOS Locally on Free Cloud Mac	2026-08-23T00:21:47.4104720Z [INSTALL_PODS] 100 17.8M  100 17.8M    0     0  70.3M      0 --:--:-- --:--:-
build	Build iOS Locally on Free Cloud Mac	2026-08-23T00:21:47.4106150Z [INSTALL_PODS] - --:--:-- 70.3M
build	Build iOS Locally on Free Cloud Mac	2026-08-23T00:21:47.4176730Z [INSTALL_PODS] [ReactNativeDependencies] Verifying checksum for downloaded reactnative-dependencies-0.86.2-debug.tar.gz...
build	Build iOS Locally on Free Cloud Mac	2026-08-23T00:21:47.5040240Z [INSTALL_PODS] [Cache] SHA1 verified for reactnative-dependencies-0.86.2-debug.tar.gz
build	Build iOS Locally on Free Cloud Mac	2026-08-23T00:21:47.5127240Z [INSTALL_PODS] [ReactNativeDependencies] Saved reactnative-dependencies-0.86.2-debug.tar.gz to shared cache (/Users/runner/Library/Caches/ReactNative)
build	Build iOS Locally on Free Cloud Mac	2026-08-23T00:21:47.5196290Z [INSTALL_PODS] [ReactNativeDependencies] Cache miss: downloading reactnative-dependencies-0.86.2-release.tar.gz from https://repo1.maven.org/maven2/com/facebook/react/react-native-artifacts/0.86.2/react-native-artifacts-0.86.2-reactnative-dependencies-release.tar.gz
build	Build iOS Locally on Free Cloud Mac	2026-08-23T00:21:47.5331410Z [INSTALL_PODS] % Total    % Received % Xferd  Average Speed   Time    Time     Time  Current
build	Build iOS Locally on Free Cloud Mac	2026-08-23T00:21:47.5337880Z [INSTALL_PODS]                                  Dload  Upload   Total   Spent    Left  S
build	Build iOS Locally on Free Cloud Mac	2026-08-23T00:21:47.5338280Z [INSTALL_PODS] peed
build	Build iOS Locally on Free Cloud Mac	2026-08-23T00:21:47.5338510Z [INSTALL_PODS] 
build	Build iOS Locally on Free Cloud Mac	2026-08-23T00:21:47.5339240Z   0     0    0     0    0     0      0      0 --:--:-- --:--:-- --:--:--     0
build	Build iOS Locally on Free Cloud Mac	2026-08-23T00:21:47.7270510Z [INSTALL_PODS] 85  9.9M   85 8654k    0     0  44.3M      0 --:--:-- --:--:-- --:--:-- 44.2M
build	Build iOS Locally on Free Cloud Mac	2026-08-23T00:21:47.7371010Z [INSTALL_PODS] 100  9.9M  100  9.9M    0     0  49.9M
build	Build iOS Locally on Free Cloud Mac	2026-08-23T00:21:47.7462250Z [INSTALL_PODS] 0 --:--:-- --:--:-- --:--:-- 49.9M
build	Build iOS Locally on Free Cloud Mac	2026-08-23T00:21:47.7463000Z [INSTALL_PODS] [ReactNativeDependencies] Verifying checksum for downloaded reactnative-dependencies-0.86.2-release.tar.gz...
build	Build iOS Locally on Free Cloud Mac	2026-08-23T00:21:47.8414060Z [INSTALL_PODS] [Cache] SHA1 verified for reactnative-dependencies-0.86.2-release.tar.gz
build	Build iOS Locally on Free Cloud Mac	2026-08-23T00:21:47.8573100Z [INSTALL_PODS] [ReactNativeDependencies] Saved reactnative-dependencies-0.86.2-release.tar.gz to shared cache (/Users/runner/Library/Caches/ReactNative)
build	Build iOS Locally on Free Cloud Mac	2026-08-23T00:21:47.8574860Z [INSTALL_PODS] [ReactNativeDependencies] Source: {:http=>"https://repo1.maven.org/maven2/com/facebook/react/react-native-artifacts/0.86.2/react-native-artifacts-0.86.2-reactnative-dependencies-debug.tar.gz"}
build	Build iOS Locally on Free Cloud Mac	2026-08-23T00:21:47.8575860Z [INSTALL_PODS] [ReactNativeCore] Setting up ReactNativeCore...
build	Build iOS Locally on Free Cloud Mac	2026-08-23T00:21:47.9351180Z [INSTALL_PODS] [ReactNativeCore] Building from source: false
build	Build iOS Locally on Free Cloud Mac	2026-08-23T00:21:47.9351750Z [INSTALL_PODS] Configuring the target with the New Architecture
build	Build iOS Locally on Free Cloud Mac	2026-08-23T00:21:47.9352360Z [INSTALL_PODS] [ReactNativeCore] Using React Native Core and React Native Dependencies prebuilt versions.
build	Build iOS Locally on Free Cloud Mac	2026-08-23T00:21:48.4420660Z [INSTALL_PODS] ^[[36m^[[1m[Codegen]^[[0m Analyzing /private/var/folders/g3/pffjr_y96bq06blnkf72x_hw0000gn/T/eas-build-local-nodejs/8b92a6e8-638b-44a7-86ed-dccce4fa23af/build/package.json^[[0m
build	Build iOS Locally on Free Cloud Mac	2026-08-23T00:21:48.4430890Z [INSTALL_PODS] ^[[36m^[[1m[Codegen]^[[0m ^[[33mSearching for codegen-enabled libraries in the app.^[[0m
build	Build iOS Locally on Free Cloud Mac	2026-08-23T00:21:48.4432090Z [INSTALL_PODS] ^[[36m^[[1m[Codegen]^[[0m ^[[33mThe "codegenConfig" field is not defined in package.json. Assuming there is nothing to generate at the app level.^[[0m
build	Build iOS Locally on Free Cloud Mac	2026-08-23T00:21:48.4433130Z [INSTALL_PODS] ^[[36m^[[1m[Codegen]^[[0m ^[[33mSearching for codegen-enabled libraries in react-native.config.js^[[0m
build	Build iOS Locally on Free Cloud Mac	2026-08-23T00:21:48.4433960Z [INSTALL_PODS] ^[[36m^[[1m[Codegen]^[[0m Found @react-native-async-storage/async-storage^[[0m
build	Build iOS Locally on Free Cloud Mac	2026-08-23T00:21:48.4434710Z [INSTALL_PODS] ^[[36m^[[1m[Codegen]^[[0m Found @react-native-community/datetimepicker^[[0m
build	Build iOS Locally on Free Cloud Mac	2026-08-23T00:21:48.4435360Z [INSTALL_PODS] ^[[36m^[[1m[Codegen]^[[0m Found @react-native-picker/picker^[[0m
build	Build iOS Locally on Free Cloud Mac	2026-08-23T00:21:48.4436900Z [INSTALL_PODS] ^[[36m^[[1m[Codegen]^[[0m Found @stripe/stripe-react-native^[[0m
build	Build iOS Locally on Free Cloud Mac	2026-08-23T00:21:48.4437510Z [INSTALL_PODS] ^[[36m^[[1m[Codegen]^[[0m Found react-native-maps^[[0m
build	Build iOS Locally on Free Cloud Mac	2026-08-23T00:21:48.4438120Z [INSTALL_PODS] ^[[36m^[[1m[Codegen]^[[0m Found react-native-safe-area-context^[[0m
build	Build iOS Locally on Free Cloud Mac	2026-08-23T00:21:48.4438710Z [INSTALL_PODS] ^[[36m^[[1m[Codegen]^[[0m Found react-native-screens^[[0m
build	Build iOS Locally on Free Cloud Mac	2026-08-23T00:21:48.4439260Z [INSTALL_PODS] ^[[36m^[[1m[Codegen]^[[0m Found react-native-svg^[[0m
build	Build iOS Locally on Free Cloud Mac	2026-08-23T00:21:48.4439810Z [INSTALL_PODS] ^[[36m^[[1m[Codegen]^[[0m Found react-native-webview^[[0m
build	Build iOS Locally on Free Cloud Mac	2026-08-23T00:21:48.4440430Z [INSTALL_PODS] ^[[36m^[[1m[Codegen]^[[0m Processing rnasyncstorage^[[0m
build	Build iOS Locally on Free Cloud Mac	2026-08-23T00:21:48.4441110Z [INSTALL_PODS] ^[[36m^[[1m[Codegen]^[[0m ^[[33mSearching for podspec in the project dependencies.^[[0m
build	Build iOS Locally on Free Cloud Mac	2026-08-23T00:21:48.4441940Z [INSTALL_PODS] ^[[36m^[[1m[Codegen]^[[0m Supported Apple platforms: ios, macos, tvos, visionos for rnasyncstorage^[[0m
build	Build iOS Locally on Free Cloud Mac	2026-08-23T00:21:48.4442690Z [INSTALL_PODS] ^[[36m^[[1m[Codegen]^[[0m Processing RNDateTimePickerCGen^[[0m
build	Build iOS Locally on Free Cloud Mac	2026-08-23T00:21:48.4443380Z [INSTALL_PODS] ^[[36m^[[1m[Codegen]^[[0m ^[[33mSearching for podspec in the project dependencies.^[[0m
build	Build iOS Locally on Free Cloud Mac	2026-08-23T00:21:48.4444450Z [INSTALL_PODS] ^[[36m^[[1m[Codegen]^[[0m Supported Apple platforms: ios, visionos for RNDateTimePickerCGen^[[0m
build	Build iOS Locally on Free Cloud Mac	2026-08-23T00:21:48.4445100Z [INSTALL_PODS] ^[[36m^[[1m[Codegen]^[[0m Processing rnpicker^[[0m
build	Build iOS Locally on Free Cloud Mac	2026-08-23T00:21:48.4445780Z [INSTALL_PODS] ^[[36m^[[1m[Codegen]^[[0m ^[[33mSearching for podspec in the project dependencies.^[[0m
build	Build iOS Locally on Free Cloud Mac	2026-08-23T00:21:48.4446600Z [INSTALL_PODS] ^[[36m^[[1m[Codegen]^[[0m Supported Apple platforms: ios, macos, tvos for rnpicker^[[0m
build	Build iOS Locally on Free Cloud Mac	2026-08-23T00:21:48.4447290Z [INSTALL_PODS] ^[[36m^[[1m[Codegen]^[[0m Processing rnstripe^[[0m
build	Build iOS Locally on Free Cloud Mac	2026-08-23T00:21:48.4448020Z [INSTALL_PODS] ^[[36m^[[1m[Codegen]^[[0m ^[[33mSearching for podspec in the project dependencies.^[[0m
build	Build iOS Locally on Free Cloud Mac	2026-08-23T00:21:48.4448830Z [INSTALL_PODS] ^[[36m^[[1m[Codegen]^[[0m Supported Apple platforms: ios for rnstripe^[[0m
build	Build iOS Locally on Free Cloud Mac	2026-08-23T00:21:48.4449440Z [INSTALL_PODS] ^[[36m^[[1m[Codegen]^[[0m Processing RNMapsSpecs^[[0m
build	Build iOS Locally on Free Cloud Mac	2026-08-23T00:21:48.4450130Z [INSTALL_PODS] ^[[36m^[[1m[Codegen]^[[0m ^[[33mSearching for podspec in the project dependencies.^[[0m
build	Build iOS Locally on Free Cloud Mac	2026-08-23T00:21:48.4450910Z [INSTALL_PODS] ^[[36m^[[1m[Codegen]^[[0m Supported Apple platforms: ios for RNMapsSpecs^[[0m
build	Build iOS Locally on Free Cloud Mac	2026-08-23T00:21:48.4451530Z [INSTALL_PODS] ^[[36m^[[1m[Codegen]^[[0m Processing safeareacontext^[[0m
build	Build iOS Locally on Free Cloud Mac	2026-08-23T00:21:48.4452230Z [INSTALL_PODS] ^[[36m^[[1m[Codegen]^[[0m ^[[33mSearching for podspec in the project dependencies.^[[0m
build	Build iOS Locally on Free Cloud Mac	2026-08-23T00:21:48.4453090Z [INSTALL_PODS] ^[[36m^[[1m[Codegen]^[[0m Supported Apple platforms: ios, macos, tvos, visionos for safeareacontext^[[0m
build	Build iOS Locally on Free Cloud Mac	2026-08-23T00:21:48.4453820Z [INSTALL_PODS] ^[[36m^[[1m[Codegen]^[[0m Processing rnscreens^[[0m
build	Build iOS Locally on Free Cloud Mac	2026-08-23T00:21:48.4454550Z [INSTALL_PODS] ^[[36m^[[1m[Codegen]^[[0m ^[[33mSearching for podspec in the project dependencies.^[[0m
build	Build iOS Locally on Free Cloud Mac	2026-08-23T00:21:48.4455350Z [INSTALL_PODS] ^[[36m^[[1m[Codegen]^[[0m Supported Apple platforms: ios, tvos, visionos for rnscreens^[[0m
build	Build iOS Locally on Free Cloud Mac	2026-08-23T00:21:48.4456050Z [INSTALL_PODS] ^[[36m^[[1m[Codegen]^[[0m Processing rnsvg^[[0m
build	Build iOS Locally on Free Cloud Mac	2026-08-23T00:21:48.4457150Z [INSTALL_PODS] ^[[36m^[[1m[Codegen]^[[0m ^[[33mSearching for podspec in the project dependencies.^[[0m
build	Build iOS Locally on Free Cloud Mac	2026-08-23T00:21:48.4457930Z [INSTALL_PODS] ^[[36m^[[1m[Codegen]^[[0m Supported Apple platforms: ios, macos, tvos, visionos for rnsvg^[[0m
build	Build iOS Locally on Free Cloud Mac	2026-08-23T00:21:48.4458570Z [INSTALL_PODS] ^[[36m^[[1m[Codegen]^[[0m Processing RNCWebViewSpec^[[0m
build	Build iOS Locally on Free Cloud Mac	2026-08-23T00:21:48.4459580Z [INSTALL_PODS] ^[[36m^[[1m[Codegen]^[[0m ^[[33mSearching for podspec in the project dependencies.^[[0m
build	Build iOS Locally on Free Cloud Mac	2026-08-23T00:21:48.4460480Z [INSTALL_PODS] ^[[36m^[[1m[Codegen]^[[0m Supported Apple platforms: ios, macos, visionos for RNCWebViewSpec^[[0m
build	Build iOS Locally on Free Cloud Mac	2026-08-23T00:21:48.4461270Z [INSTALL_PODS] ^[[36m^[[1m[Codegen]^[[0m Generating Native Code for rnasyncstorage - ios^[[0m
build	Build iOS Locally on Free Cloud Mac	2026-08-23T00:21:48.4462620Z [INSTALL_PODS] ^[[36m^[[1m[Codegen]^[[0m Generated artifacts: /private/var/folders/g3/pffjr_y96bq06blnkf72x_hw0000gn/T/eas-build-local-nodejs/8b92a6e8-638b-44a7-86ed-dccce4fa23af/build/ios/build/generated/ios/ReactCodegen^[[0m
build	Build iOS Locally on Free Cloud Mac	2026-08-23T00:21:48.4463810Z [INSTALL_PODS] ^[[36m^[[1m[Codegen]^[[0m Generating Native Code for RNDateTimePickerCGen - ios^[[0m
build	Build iOS Locally on Free Cloud Mac	2026-08-23T00:21:48.4465130Z [INSTALL_PODS] ^[[36m^[[1m[Codegen]^[[0m Generated artifacts: /private/var/folders/g3/pffjr_y96bq06blnkf72x_hw0000gn/T/eas-build-local-nodejs/8b92a6e8-638b-44a7-86ed-dccce4fa23af/build/ios/build/generated/ios/ReactCodegen^[[0m
build	Build iOS Locally on Free Cloud Mac	2026-08-23T00:21:48.4466130Z [INSTALL_PODS] ^[[36m^[[1m[Codegen]^[[0m Generating Native Code for rnpicker - ios^[[0m
build	Build iOS Locally on Free Cloud Mac	2026-08-23T00:21:48.4467290Z [INSTALL_PODS] ^[[36m^[[1m[Codegen]^[[0m Generated artifacts: /private/var/folders/g3/pffjr_y96bq06blnkf72x_hw0000gn/T/eas-build-local-nodejs/8b92a6e8-638b-44a7-86ed-dccce4fa23af/build/ios/build/generated/ios/ReactCodegen^[[0m
build	Build iOS Locally on Free Cloud Mac	2026-08-23T00:21:48.4468290Z [INSTALL_PODS] ^[[36m^[[1m[Codegen]^[[0m Generating Native Code for rnstripe - ios^[[0m
build	Build iOS Locally on Free Cloud Mac	2026-08-23T00:21:48.4469470Z [INSTALL_PODS] ^[[36m^[[1m[Codegen]^[[0m Generated artifacts: /private/var/folders/g3/pffjr_y96bq06blnkf72x_hw0000gn/T/eas-build-local-nodejs/8b92a6e8-638b-44a7-86ed-dccce4fa23af/build/ios/build/generated/ios/ReactCodegen^[[0m
build	Build iOS Locally on Free Cloud Mac	2026-08-23T00:21:48.4470650Z [INSTALL_PODS] ^[[36m^[[1m[Codegen]^[[0m Generating Native Code for safeareacontext - ios^[[0m
build	Build iOS Locally on Free Cloud Mac	2026-08-23T00:21:48.4471850Z [INSTALL_PODS] ^[[36m^[[1m[Codegen]^[[0m Generated artifacts: /private/var/folders/g3/pffjr_y96bq06blnkf72x_hw0000gn/T/eas-build-local-nodejs/8b92a6e8-638b-44a7-86ed-dccce4fa23af/build/ios/build/generated/ios/ReactCodegen^[[0m
build	Build iOS Locally on Free Cloud Mac	2026-08-23T00:21:48.4472800Z [INSTALL_PODS] ^[[36m^[[1m[Codegen]^[[0m Generating Native Code for rnscreens - ios^[[0m
build	Build iOS Locally on Free Cloud Mac	2026-08-23T00:21:48.4474080Z [INSTALL_PODS] ^[[36m^[[1m[Codegen]^[[0m Generated artifacts: /private/var/folders/g3/pffjr_y96bq06blnkf72x_hw0000gn/T/eas-build-local-nodejs/8b92a6e8-638b-44a7-86ed-dccce4fa23af/build/ios/build/generated/ios/ReactCodegen^[[0m
build	Build iOS Locally on Free Cloud Mac	2026-08-23T00:21:48.4475010Z [INSTALL_PODS] ^[[36m^[[1m[Codegen]^[[0m Generating Native Code for rnsvg - ios^[[0m
build	Build iOS Locally on Free Cloud Mac	2026-08-23T00:21:48.4476180Z [INSTALL_PODS] ^[[36m^[[1m[Codegen]^[[0m Generated artifacts: /private/var/folders/g3/pffjr_y96bq06blnkf72x_hw0000gn/T/eas-build-local-nodejs/8b92a6e8-638b-44a7-86ed-dccce4fa23af/build/ios/build/generated/ios/ReactCodegen^[[0m
build	Build iOS Locally on Free Cloud Mac	2026-08-23T00:21:48.4477160Z [INSTALL_PODS] ^[[36m^[[1m[Codegen]^[[0m Generating Native Code for RNCWebViewSpec - ios^[[0m
build	Build iOS Locally on Free Cloud Mac	2026-08-23T00:21:48.4478360Z [INSTALL_PODS] ^[[36m^[[1m[Codegen]^[[0m Generated artifacts: /private/var/folders/g3/pffjr_y96bq06blnkf72x_hw0000gn/T/eas-build-local-nodejs/8b92a6e8-638b-44a7-86ed-dccce4fa23af/build/ios/build/generated/ios/ReactCodegen^[[0m
build	Build iOS Locally on Free Cloud Mac	2026-08-23T00:21:48.4479310Z [INSTALL_PODS] ^[[36m^[[1m[Codegen]^[[0m Generating RCTThirdPartyComponentsProvider.h^[[0m
build	Build iOS Locally on Free Cloud Mac	2026-08-23T00:21:48.4480700Z [INSTALL_PODS] ^[[36m^[[1m[Codegen]^[[0m Generated artifact: /private/var/folders/g3/pffjr_y96bq06blnkf72x_hw0000gn/T/eas-build-local-nodejs/8b92a6e8-638b-44a7-86ed-dccce4fa23af/build/ios/build/generated/ios/ReactCodegen/RCTThirdPartyComponentsProvider.h^[[0m
build	Build iOS Locally on Free Cloud Mac	2026-08-23T00:21:48.4481940Z [INSTALL_PODS] ^[[36m^[[1m[Codegen]^[[0m Generating RCTThirdPartyComponentsProvider.mm^[[0m
build	Build iOS Locally on Free Cloud Mac	2026-08-23T00:21:48.4483540Z [INSTALL_PODS] ^[[36m^[[1m[Codegen]^[[0m Generated artifact: /private/var/folders/g3/pffjr_y96bq06blnkf72x_hw0000gn/T/eas-build-local-nodejs/8b92a6e8-638b-44a7-86ed-dccce4fa23af/build/ios/build/generated/ios/ReactCodegen/RCTThirdPartyComponentsProvider.mm^[[0m
build	Build iOS Locally on Free Cloud Mac	2026-08-23T00:21:48.4484730Z [INSTALL_PODS] ^[[36m^[[1m[Codegen]^[[0m Generating RCTModulesProvider.h^[[0m
build	Build iOS Locally on Free Cloud Mac	2026-08-23T00:21:48.4485980Z [INSTALL_PODS] ^[[36m^[[1m[Codegen]^[[0m Generated artifact: /private/var/folders/g3/pffjr_y96bq06blnkf72x_hw0000gn/T/eas-build-local-nodejs/8b92a6e8-638b-44a7-86ed-dccce4fa23af/build/ios/build/generated/ios/ReactCodegen/RCTModuleProviders.h^[[0m
build	Build iOS Locally on Free Cloud Mac	2026-08-23T00:21:48.4487050Z [INSTALL_PODS] ^[[36m^[[1m[Codegen]^[[0m Generating RCTModuleProviders.mm^[[0m
build	Build iOS Locally on Free Cloud Mac	2026-08-23T00:21:48.4488350Z [INSTALL_PODS] ^[[36m^[[1m[Codegen]^[[0m Generated artifact: /private/var/folders/g3/pffjr_y96bq06blnkf72x_hw0000gn/T/eas-build-local-nodejs/8b92a6e8-638b-44a7-86ed-dccce4fa23af/build/ios/build/generated/ios/ReactCodegen/RCTModuleProviders.mm^[[0m
build	Build iOS Locally on Free Cloud Mac	2026-08-23T00:21:48.4489540Z [INSTALL_PODS] ^[[36m^[[1m[Codegen]^[[0m Generating RCTAppDependencyProvider^[[0m
build	Build iOS Locally on Free Cloud Mac	2026-08-23T00:21:48.4490980Z [INSTALL_PODS] ^[[36m^[[1m[Codegen]^[[0m Generated artifact: /private/var/folders/g3/pffjr_y96bq06blnkf72x_hw0000gn/T/eas-build-local-nodejs/8b92a6e8-638b-44a7-86ed-dccce4fa23af/build/ios/build/generated/ios/ReactAppDependencyProvider/RCTAppDependencyProvider.h^[[0m
build	Build iOS Locally on Free Cloud Mac	2026-08-23T00:21:48.4493190Z [INSTALL_PODS] ^[[36m^[[1m[Codegen]^[[0m Generated artifact: /private/var/folders/g3/pffjr_y96bq06blnkf72x_hw0000gn/T/eas-build-local-nodejs/8b92a6e8-638b-44a7-86ed-dccce4fa23af/build/ios/build/generated/ios/ReactAppDependencyProvider/RCTAppDependencyProvider.mm^[[0m
build	Build iOS Locally on Free Cloud Mac	2026-08-23T00:21:48.4495150Z [INSTALL_PODS] ^[[36m^[[1m[Codegen]^[[0m Generated podspec: /private/var/folders/g3/pffjr_y96bq06blnkf72x_hw0000gn/T/eas-build-local-nodejs/8b92a6e8-638b-44a7-86ed-dccce4fa23af/build/ios/build/generated/ios/ReactAppDependencyProvider/ReactAppDependencyProvider.podspec^[[0m
build	Build iOS Locally on Free Cloud Mac	2026-08-23T00:21:48.4497070Z [INSTALL_PODS] ^[[36m^[[1m[Codegen]^[[0m Generated podspec: /private/var/folders/g3/pffjr_y96bq06blnkf72x_hw0000gn/T/eas-build-local-nodejs/8b92a6e8-638b-44a7-86ed-dccce4fa23af/build/ios/build/generated/ios/ReactCodegen/ReactCodegen.podspec^[[0m
build	Build iOS Locally on Free Cloud Mac	2026-08-23T00:21:48.4498290Z [INSTALL_PODS] ^[[36m^[[1m[Codegen]^[[0m Generating Package.swift^[[0m
build	Build iOS Locally on Free Cloud Mac	2026-08-23T00:21:48.4499550Z [INSTALL_PODS] ^[[36m^[[1m[Codegen]^[[0m Generated artifact: /private/var/folders/g3/pffjr_y96bq06blnkf72x_hw0000gn/T/eas-build-local-nodejs/8b92a6e8-638b-44a7-86ed-dccce4fa23af/build/ios/build/generated/ios/Package.swift^[[0m
build	Build iOS Locally on Free Cloud Mac	2026-08-23T00:21:48.4500580Z [INSTALL_PODS] ^[[36m^[[1m[Codegen]^[[0m ^[[33mDone.^[[0m
build	Build iOS Locally on Free Cloud Mac	2026-08-23T00:21:48.4500950Z [INSTALL_PODS] Analyzing dependencies
build	Build iOS Locally on Free Cloud Mac	2026-08-23T00:21:48.4501360Z [INSTALL_PODS] [Expo-precompiled] Bundled SPM frameworks: ZXingObjC
build	Build iOS Locally on Free Cloud Mac	2026-08-23T00:21:48.4957770Z [INSTALL_PODS] Fetching podspec for `ExpoCamera` from `../node_modules/expo-camera/ios/ExpoCamera.podspec`
build	Build iOS Locally on Free Cloud Mac	2026-08-23T00:21:48.5027440Z [INSTALL_PODS] Fetching podspec for `ExpoCameraBarcodeScanning` from `../node_modules/expo-camera/ios/ExpoCameraBarcodeScanning.podspec`
build	Build iOS Locally on Free Cloud Mac	2026-08-23T00:21:48.5041560Z [INSTALL_PODS] [Expo-precompiled] Stripping bundled dependency 'ZXingObjC/PDF417' from ExpoCameraBarcodeScanning
build	Build iOS Locally on Free Cloud Mac	2026-08-23T00:21:48.5043650Z [INSTALL_PODS] [Expo-precompiled] Stripping bundled dependency 'ZXingObjC/OneD' from ExpoCameraBarcodeScanning
build	Build iOS Locally on Free Cloud Mac	2026-08-23T00:21:48.5082450Z [INSTALL_PODS] Fetching podspec for `ExpoFileSystem` from `../node_modules/expo/node_modules/expo-file-system/ios/ExpoFileSystem.podspec`
build	Build iOS Locally on Free Cloud Mac	2026-08-23T00:21:48.5099550Z [INSTALL_PODS] Fetching podspec for `ExpoFont` from `../node_modules/expo-font/ios/ExpoFont.podspec`
build	Build iOS Locally on Free Cloud Mac	2026-08-23T00:21:48.5174300Z [INSTALL_PODS] Fetching podspec for `ExpoLocation` from `../node_modules/expo-location/ios/ExpoLocation.podspec`
build	Build iOS Locally on Free Cloud Mac	2026-08-23T00:21:48.5197040Z [INSTALL_PODS] Fetching podspec for `ExpoModulesCore` from `../node_modules/expo-modules-core/ExpoModulesCore.podspec`
build	Build iOS Locally on Free Cloud Mac	2026-08-23T00:21:48.5574850Z [INSTALL_PODS] Fetching podspec for `ExpoModulesWorklets` from `../node_modules/expo-modules-core/ExpoModulesWorklets.podspec`
build	Build iOS Locally on Free Cloud Mac	2026-08-23T00:21:48.6263230Z [INSTALL_PODS] Fetching podspec for `React-Core-prebuilt` from `../node_modules/react-native/React-Core-prebuilt.podspec`
build	Build iOS Locally on Free Cloud Mac	2026-08-23T00:21:48.6310060Z [INSTALL_PODS] [ReactNativeCore] Cache miss: downloading reactnative-core-0.86.2-debug.tar.gz from https://repo1.maven.org/maven2/com/facebook/react/react-native-artifacts/0.86.2/react-native-artifacts-0.86.2-reactnative-core-debug.tar.gz
build	Build iOS Locally on Free Cloud Mac	2026-08-23T00:21:48.6399460Z [INSTALL_PODS] % Total    % Received % Xferd  Average Speed   Time    Time     Time  Current
build	Build iOS Locally on Free Cloud Mac	2026-08-23T00:21:48.6400150Z [INSTALL_PODS] Dload  Upload   Total   Spent    Left  Speed
build	Build iOS Locally on Free Cloud Mac	2026-08-23T00:21:48.6400430Z [INSTALL_PODS] 
build	Build iOS Locally on Free Cloud Mac	2026-08-23T00:21:48.6400760Z   0     0    0     0    0     0      0      0 --:--:-- --:--:-- --:--:--     0
build	Build iOS Locally on Free Cloud Mac	2026-08-23T00:21:48.7231800Z [INSTALL_PODS] 0 94.2M    0 69725    0     0   817k      0  0:01:58
build	Build iOS Locally on Free Cloud Mac	2026-08-23T00:21:48.7232280Z [INSTALL_PODS] --:--:--  0:01:58  810k
build	Build iOS Locally on Free Cloud Mac	2026-08-23T00:21:49.4400990Z [INSTALL_PODS] 1
build	Build iOS Locally on Free Cloud Mac	2026-08-23T00:21:49.4508150Z [INSTALL_PODS] 00 94.2M  100 94.2M    0     0   117M      0 --:--:-- --:--:-- --:--:--  117M
build	Build iOS Locally on Free Cloud Mac	2026-08-23T00:21:49.4611270Z [INSTALL_PODS] [ReactNativeCore] Verifying checksum for downloaded reactnative-core-0.86.2-debug.tar.gz...
build	Build iOS Locally on Free Cloud Mac	2026-08-23T00:21:49.6080490Z [INSTALL_PODS] [Cache] SHA1 verified for reactnative-core-0.86.2-debug.tar.gz
build	Build iOS Locally on Free Cloud Mac	2026-08-23T00:21:49.6691820Z [INSTALL_PODS] [ReactNativeCore] Saved reactnative-core-0.86.2-debug.tar.gz to shared cache (/Users/runner/Library/Caches/ReactNative)
build	Build iOS Locally on Free Cloud Mac	2026-08-23T00:21:49.6781610Z [INSTALL_PODS] [ReactNativeCore] Cache miss: downloading reactnative-core-0.86.2-release.tar.gz from https://repo1.maven.org/maven2/com/facebook/react/react-native-artifacts/0.86.2/react-native-artifacts-0.86.2-reactnative-core-release.tar.gz
build	Build iOS Locally on Free Cloud Mac	2026-08-23T00:21:49.6886570Z [INSTALL_PODS] % Total    % Received % Xferd  Average Speed
build	Build iOS Locally on Free Cloud Mac	2026-08-23T00:21:49.6887710Z [INSTALL_PODS] Time    Time     Time  Current
build	Build iOS Locally on Free Cloud Mac	2026-08-23T00:21:49.6888780Z [INSTALL_PODS]                                  Dload  Upload   Total   Spent    Left  Speed
build	Build iOS Locally on Free Cloud Mac	2026-08-23T00:21:49.6889110Z [INSTALL_PODS] 
build	Build iOS Locally on Free Cloud Mac	2026-08-23T00:21:49.6889460Z   0     0    0     0    0     0      0      0 --:--:-- --:--:-- --:--:--     0
build	Build iOS Locally on Free Cloud Mac	2026-08-23T00:21:49.7381860Z [INSTALL_PODS] 0 29.5M    0 17770    0     0   350k      0  0:01:26 --:--:--  0:01:26  3
build	Build iOS Locally on Free Cloud Mac	2026-08-23T00:21:49.7383290Z [INSTALL_PODS] 47k
build	Build iOS Locally on Free Cloud Mac	2026-08-23T00:21:49.9803520Z [INSTALL_PODS] 100 29.5M  100 29.5M    0     0   102M      0 --:--:-- --:--:-- --:--:--  102M
build	Build iOS Locally on Free Cloud Mac	2026-08-23T00:21:49.9960410Z [INSTALL_PODS] [ReactNativeCore] Verifying checksum for downloaded reactnative-core-0.86.2-release.tar.gz...
build	Build iOS Locally on Free Cloud Mac	2026-08-23T00:21:50.0835550Z [INSTALL_PODS] [Cache] SHA1 verified for reactnative-core-0.86.2-release.tar.gz
build	Build iOS Locally on Free Cloud Mac	2026-08-23T00:21:50.1016270Z [INSTALL_PODS] [ReactNativeCore] Saved reactnative-core-0.86.2-release.tar.gz to shared cache (/Users/runner/Library/Caches/ReactNative)
build	Build iOS Locally on Free Cloud Mac	2026-08-23T00:21:50.1017560Z [INSTALL_PODS] [ReactNativeCore] Resolved stable ReactNativeCore-prebuilt version:
build	Build iOS Locally on Free Cloud Mac	2026-08-23T00:21:50.1018570Z [INSTALL_PODS] [ReactNativeCore]   ../../ios/Pods/ReactNativeCore-artifacts/reactnative-core-0.86.2-debug.tar.gz
build	Build iOS Locally on Free Cloud Mac	2026-08-23T00:21:50.1019530Z [INSTALL_PODS] [ReactNativeCore]   ../../ios/Pods/ReactNativeCore-artifacts/reactnative-core-0.86.2-release.tar.gz
build	Build iOS Locally on Free Cloud Mac	2026-08-23T00:21:50.1893580Z [INSTALL_PODS] Fetching podspec for `ReactNativeDependencies` from `../node_modules/react-native/third-party-podspecs/ReactNativeDependencies.podspec`
build	Build iOS Locally on Free Cloud Mac	2026-08-23T00:21:50.3098890Z [INSTALL_PODS] [ReactNativeDependencies] Using tarball from URL: https://repo1.maven.org/maven2/com/facebook/react/react-native-artifacts/0.86.2/react-native-artifacts-0.86.2-reactnative-dependencies-debug.tar.gz
build	Build iOS Locally on Free Cloud Mac	2026-08-23T00:21:50.3130230Z [INSTALL_PODS] [ReactNativeDependencies] Tarball reactnative-dependencies-0.86.2-debug.tar.gz already exists in Pods. Skipping download.
build	Build iOS Locally on Free Cloud Mac	2026-08-23T00:21:50.3131790Z [INSTALL_PODS] [ReactNativeDependencies] Tarball reactnative-dependencies-0.86.2-release.tar.gz already exists in Pods. Skipping download.
build	Build iOS Locally on Free Cloud Mac	2026-08-23T00:21:50.4167960Z [INSTALL_PODS] Fetching podspec for `hermes-engine` from `../node_modules/react-native/sdks/hermes-engine/hermes-engine.podspec`
build	Build iOS Locally on Free Cloud Mac	2026-08-23T00:21:50.5480150Z [INSTALL_PODS] [Hermes] Using release tarball from URL: https://repo1.maven.org/maven2/com/facebook/hermes/hermes-ios/250829098.0.16/hermes-ios-250829098.0.16-hermes-ios-debug.tar.gz
build	Build iOS Locally on Free Cloud Mac	2026-08-23T00:21:50.5679650Z [INSTALL_PODS] [Hermes] Cache miss: downloading hermes-ios-250829098.0.16-debug.tar.gz from https://repo1.maven.org/maven2/com/facebook/hermes/hermes-ios/250829098.0.16/hermes-ios-250829098.0.16-hermes-ios-debug.tar.gz
build	Build iOS Locally on Free Cloud Mac	2026-08-23T00:21:50.5781660Z [INSTALL_PODS] % Total    % Received % Xferd  Average Speed   Time    Time     Time  Current
build	Build iOS Locally on Free Cloud Mac	2026-08-23T00:21:50.5882040Z [INSTALL_PODS]                                  Dload  Upload   Total   Spent    Left  Speed
build	Build iOS Locally on Free Cloud Mac	2026-08-23T00:21:50.5983160Z [INSTALL_PODS] 
build	Build iOS Locally on Free Cloud Mac	2026-08-23T00:21:50.6084890Z   0     0    0     0    0     0      0      0 --:--:-- --:--:-- --:--:--     0
build	Build iOS Locally on Free Cloud Mac	2026-08-23T00:21:50.7243350Z [INSTALL_PODS] 8 31.1M    8 2758k    0     0  18.3M      0  0:00:01 --:--:--  0:00:01 18.2M
build	Build iOS Locally on Free Cloud Mac	2026-08-23T00:21:50.9571660Z [INSTALL_PODS] 100 31.1M
build	Build iOS Locally on Free Cloud Mac	2026-08-23T00:21:50.9700960Z [INSTALL_PODS] 100 31.1M    0     0  82.1M      0 --:--:-- --:--:-- --:--:-- 82.0M
build	Build iOS Locally on Free Cloud Mac	2026-08-23T00:21:50.9892450Z [INSTALL_PODS] [Hermes] Verifying checksum for downloaded hermes-ios-250829098.0.16-debug.tar.gz...
build	Build iOS Locally on Free Cloud Mac	2026-08-23T00:21:51.1012090Z [INSTALL_PODS] [Hermes] SHA1 verified for hermes-ios-250829098.0.16-debug.tar.gz
build	Build iOS Locally on Free Cloud Mac	2026-08-23T00:21:51.1307990Z [INSTALL_PODS] [Hermes] Saved hermes-ios-250829098.0.16-debug.tar.gz to shared cache (/Users/runner/Library/Caches/ReactNative)
build	Build iOS Locally on Free Cloud Mac	2026-08-23T00:21:51.1369950Z [INSTALL_PODS] [Hermes] Cache miss: downloading hermes-ios-250829098.0.16-release.tar.gz from https://repo1.maven.org/maven2/com/facebook/hermes/hermes-ios/250829098.0.16/hermes-ios-250829098.0.16-hermes-ios-release.tar.gz
build	Build iOS Locally on Free Cloud Mac	2026-08-23T00:21:51.1480350Z [INSTALL_PODS] % Total    % Received % Xferd  Average Speed   Time    Time     Time  Current
build	Build iOS Locally on Free Cloud Mac	2026-08-23T00:21:51.1481300Z [INSTALL_PODS]                                  Dload  Upload   Total   Spent    Left  Speed
build	Build iOS Locally on Free Cloud Mac	2026-08-23T00:21:51.1481960Z [INSTALL_PODS] 
build	Build iOS Locally on Free Cloud Mac	2026-08-23T00:21:51.1482780Z   0     0    0     0    0     0      0      0 --:--:-- --:--:-- --:--:--     0
build	Build iOS Locally on Free Cloud Mac	2026-08-23T00:21:51.4595120Z [INSTALL_PODS] 100 24.3M  100 24.3M    0     0  78.1M      0 --:--:-- --:--:-- --:--:-- 78.2M
build	Build iOS Locally on Free Cloud Mac	2026-08-23T00:21:51.4651550Z [INSTALL_PODS] [Hermes] Verifying checksum for downloaded hermes-ios-250829098.0.16-release.tar.gz...
build	Build iOS Locally on Free Cloud Mac	2026-08-23T00:21:51.5603970Z [INSTALL_PODS] [Hermes] SHA1 verified for hermes-ios-250829098.0.16-release.tar.gz
build	Build iOS Locally on Free Cloud Mac	2026-08-23T00:21:51.5735490Z [INSTALL_PODS] [Hermes] Saved hermes-ios-250829098.0.16-release.tar.gz to shared cache (/Users/runner/Library/Caches/ReactNative)
build	Build iOS Locally on Free Cloud Mac	2026-08-23T00:21:57.5768750Z [INSTALL_PODS] Adding spec repo `trunk` with CDN `https://cdn.cocoapods.org/`
build	Build iOS Locally on Free Cloud Mac	2026-08-23T00:21:57.5769740Z [INSTALL_PODS] Downloading dependencies
build	Build iOS Locally on Free Cloud Mac	2026-08-23T00:21:57.5770350Z [INSTALL_PODS] Installing EXApplication (57.0.2)
build	Build iOS Locally on Free Cloud Mac	2026-08-23T00:21:57.5770910Z [INSTALL_PODS] Installing EXConstants (57.0.11)
build	Build iOS Locally on Free Cloud Mac	2026-08-23T00:21:57.5771520Z [INSTALL_PODS] Installing EXJSONUtils (57.0.1)
build	Build iOS Locally on Free Cloud Mac	2026-08-23T00:21:57.5772200Z [INSTALL_PODS] Installing EXManifests (57.0.1)
build	Build iOS Locally on Free Cloud Mac	2026-08-23T00:21:57.5772700Z [INSTALL_PODS] Installing EXUpdatesInterface (57.0.1)
build	Build iOS Locally on Free Cloud Mac	2026-08-23T00:21:57.5773160Z [INSTALL_PODS] Installing Expo (57.0.13)
build	Build iOS Locally on Free Cloud Mac	2026-08-23T00:21:57.5773660Z [INSTALL_PODS] Installing ExpoAsset (57.0.11)
build	Build iOS Locally on Free Cloud Mac	2026-08-23T00:21:57.5774060Z [INSTALL_PODS] Installing ExpoBlur (57.0.2)
build	Build iOS Locally on Free Cloud Mac	2026-08-23T00:21:57.5774490Z [INSTALL_PODS] Installing ExpoCamera (57.0.3)
build	Build iOS Locally on Free Cloud Mac	2026-08-23T00:21:57.9805070Z [INSTALL_PODS] Installing ExpoCameraBarcodeScanning (57.0.3)
build	Build iOS Locally on Free Cloud Mac	2026-08-23T00:21:58.2874370Z [INSTALL_PODS] Installing ExpoClipboard (57.0.1)
build	Build iOS Locally on Free Cloud Mac	2026-08-23T00:21:58.2875420Z [INSTALL_PODS] Installing ExpoDevice (57.0.1)
build	Build iOS Locally on Free Cloud Mac	2026-08-23T00:21:58.2876490Z [INSTALL_PODS] Installing ExpoDomWebView (57.0.1)
build	Build iOS Locally on Free Cloud Mac	2026-08-23T00:21:58.2878290Z [INSTALL_PODS] Installing ExpoFileSystem (57.0.4)
build	Build iOS Locally on Free Cloud Mac	2026-08-23T00:21:58.7750030Z [INSTALL_PODS] Installing ExpoFont (57.0.1)
build	Build iOS Locally on Free Cloud Mac	2026-08-23T00:21:59.1157250Z [INSTALL_PODS] Installing ExpoHaptics (57.0.1)
build	Build iOS Locally on Free Cloud Mac	2026-08-23T00:21:59.1158060Z [INSTALL_PODS] Installing ExpoImagePicker (57.0.10)
build	Build iOS Locally on Free Cloud Mac	2026-08-23T00:21:59.1158760Z [INSTALL_PODS] Installing ExpoKeepAwake (57.0.1)
build	Build iOS Locally on Free Cloud Mac	2026-08-23T00:21:59.1160440Z [INSTALL_PODS] Installing ExpoLinearGradient (57.0.1)
build	Build iOS Locally on Free Cloud Mac	2026-08-23T00:21:59.1161090Z [INSTALL_PODS] Installing ExpoLinking (57.0.6)
build	Build iOS Locally on Free Cloud Mac	2026-08-23T00:21:59.1161660Z [INSTALL_PODS] Installing ExpoLocation (57.0.10)
build	Build iOS Locally on Free Cloud Mac	2026-08-23T00:21:59.5291480Z [INSTALL_PODS] Installing ExpoLogBox (57.0.2)
build	Build iOS Locally on Free Cloud Mac	2026-08-23T00:21:59.5292710Z [INSTALL_PODS] Installing ExpoModulesCore (57.0.11)
build	Build iOS Locally on Free Cloud Mac	2026-08-23T00:22:00.6526090Z [INSTALL_PODS] Installing ExpoModulesJSI (57.0.4)
build	Build iOS Locally on Free Cloud Mac	2026-08-23T00:22:01.1277540Z [INSTALL_PODS] Installing ExpoModulesWorklets (57.0.11)
build	Build iOS Locally on Free Cloud Mac	2026-08-23T00:22:01.4719070Z [INSTALL_PODS] Installing ExpoNotifications (57.0.11)
build	Build iOS Locally on Free Cloud Mac	2026-08-23T00:22:01.4721190Z [INSTALL_PODS] Installing ExpoSharing (57.0.12)
build	Build iOS Locally on Free Cloud Mac	2026-08-23T00:22:01.4722440Z [INSTALL_PODS] Installing ExpoSpeech (57.0.1)
build	Build iOS Locally on Free Cloud Mac	2026-08-23T00:22:01.4723040Z [INSTALL_PODS] Installing ExpoTaskManager (57.0.10)
build	Build iOS Locally on Free Cloud Mac	2026-08-23T00:22:01.4723550Z [INSTALL_PODS] Installing FBLazyVector (0.86.2)
build	Build iOS Locally on Free Cloud Mac	2026-08-23T00:22:01.4724150Z [INSTALL_PODS] Installing RCTDeprecation (0.86.2)
build	Build iOS Locally on Free Cloud Mac	2026-08-23T00:22:01.4724650Z [INSTALL_PODS] Installing RCTRequired (0.86.2)
build	Build iOS Locally on Free Cloud Mac	2026-08-23T00:22:01.4725140Z [INSTALL_PODS] Installing RCTSwiftUI (0.86.2)
build	Build iOS Locally on Free Cloud Mac	2026-08-23T00:22:01.4725530Z [INSTALL_PODS] Installing RCTSwiftUIWrapper (0.86.2)
build	Build iOS Locally on Free Cloud Mac	2026-08-23T00:22:01.4726010Z [INSTALL_PODS] Installing RCTTypeSafety (0.86.2)
build	Build iOS Locally on Free Cloud Mac	2026-08-23T00:22:01.4726560Z [INSTALL_PODS] Installing RNCAsyncStorage (2.2.0)
build	Build iOS Locally on Free Cloud Mac	2026-08-23T00:22:01.4727050Z [INSTALL_PODS] Installing RNCPicker (2.11.4)
build	Build iOS Locally on Free Cloud Mac	2026-08-23T00:22:01.4727610Z [INSTALL_PODS] Installing RNDateTimePicker (9.1.0)
build	Build iOS Locally on Free Cloud Mac	2026-08-23T00:22:01.4730910Z [INSTALL_PODS] Installing RNSVG (15.15.4)
build	Build iOS Locally on Free Cloud Mac	2026-08-23T00:22:01.4737810Z [INSTALL_PODS] Installing RNScreens (4.26.2)
build	Build iOS Locally on Free Cloud Mac	2026-08-23T00:22:01.4738380Z [INSTALL_PODS] Installing React (0.86.2)
build	Build iOS Locally on Free Cloud Mac	2026-08-23T00:22:01.4738880Z [INSTALL_PODS] Installing React-Core (0.86.2)
build	Build iOS Locally on Free Cloud Mac	2026-08-23T00:22:01.4739380Z [INSTALL_PODS] Installing React-Core-prebuilt (0.86.2)
build	Build iOS Locally on Free Cloud Mac	2026-08-23T00:22:13.9070340Z [INSTALL_PODS] Installing React-CoreModules (0.86.2)
build	Build iOS Locally on Free Cloud Mac	2026-08-23T00:22:13.9106570Z [INSTALL_PODS] Installing React-Fabric (0.86.2)
build	Build iOS Locally on Free Cloud Mac	2026-08-23T00:22:13.9113690Z [INSTALL_PODS] Installing React-FabricComponents (0.86.2)
build	Build iOS Locally on Free Cloud Mac	2026-08-23T00:22:13.9114560Z [INSTALL_PODS] Installing React-FabricImage (0.86.2)
build	Build iOS Locally on Free Cloud Mac	2026-08-23T00:22:13.9116090Z [INSTALL_PODS] Installing React-ImageManager (0.86.2)
build	Build iOS Locally on Free Cloud Mac	2026-08-23T00:22:13.9121540Z [INSTALL_PODS] Installing React-Mapbuffer (0.86.2)
build	Build iOS Locally on Free Cloud Mac	2026-08-23T00:22:13.9122220Z [INSTALL_PODS] Installing React-NativeModulesApple (0.86.2)
build	Build iOS Locally on Free Cloud Mac	2026-08-23T00:22:13.9122860Z [INSTALL_PODS] Installing React-RCTActionSheet (0.86.2)
build	Build iOS Locally on Free Cloud Mac	2026-08-23T00:22:13.9123650Z [INSTALL_PODS] Installing React-RCTAnimation (0.86.2)
build	Build iOS Locally on Free Cloud Mac	2026-08-23T00:22:13.9124270Z [INSTALL_PODS] Installing React-RCTAppDelegate (0.86.2)
build	Build iOS Locally on Free Cloud Mac	2026-08-23T00:22:13.9124840Z [INSTALL_PODS] Installing React-RCTBlob (0.86.2)
build	Build iOS Locally on Free Cloud Mac	2026-08-23T00:22:13.9126100Z [INSTALL_PODS] Installing React-RCTFBReactNativeSpec (0.86.2)
build	Build iOS Locally on Free Cloud Mac	2026-08-23T00:22:13.9129920Z [INSTALL_PODS] Installing React-RCTFabric (0.86.2)
build	Build iOS Locally on Free Cloud Mac	2026-08-23T00:22:13.9130520Z [INSTALL_PODS] Installing React-RCTImage (0.86.2)
build	Build iOS Locally on Free Cloud Mac	2026-08-23T00:22:13.9131090Z [INSTALL_PODS] Installing React-RCTLinking (0.86.2)
build	Build iOS Locally on Free Cloud Mac	2026-08-23T00:22:13.9131800Z [INSTALL_PODS] Installing React-RCTNetwork (0.86.2)
build	Build iOS Locally on Free Cloud Mac	2026-08-23T00:22:13.9132200Z [INSTALL_PODS] Installing React-RCTRuntime (0.86.2)
build	Build iOS Locally on Free Cloud Mac	2026-08-23T00:22:13.9132640Z [INSTALL_PODS] Installing React-RCTSettings (0.86.2)
build	Build iOS Locally on Free Cloud Mac	2026-08-23T00:22:13.9133080Z [INSTALL_PODS] Installing React-RCTText (0.86.2)
build	Build iOS Locally on Free Cloud Mac	2026-08-23T00:22:13.9133470Z [INSTALL_PODS] Installing React-RCTVibration (0.86.2)
build	Build iOS Locally on Free Cloud Mac	2026-08-23T00:22:13.9143080Z [INSTALL_PODS] Installing React-RuntimeApple (0.86.2)
build	Build iOS Locally on Free Cloud Mac	2026-08-23T00:22:13.9143630Z [INSTALL_PODS] Installing React-RuntimeCore (0.86.2)
build	Build iOS Locally on Free Cloud Mac	2026-08-23T00:22:13.9144110Z [INSTALL_PODS] Installing React-RuntimeHermes (0.86.2)
build	Build iOS Locally on Free Cloud Mac	2026-08-23T00:22:13.9144610Z [INSTALL_PODS] Installing React-callinvoker (0.86.2)
build	Build iOS Locally on Free Cloud Mac	2026-08-23T00:22:13.9145020Z [INSTALL_PODS] Installing React-cxxreact (0.86.2)
build	Build iOS Locally on Free Cloud Mac	2026-08-23T00:22:13.9145450Z [INSTALL_PODS] Installing React-debug (0.86.2)
build	Build iOS Locally on Free Cloud Mac	2026-08-23T00:22:13.9145990Z [INSTALL_PODS] Installing React-defaultsnativemodule (0.86.2)
build	Build iOS Locally on Free Cloud Mac	2026-08-23T00:22:13.9146490Z [INSTALL_PODS] Installing React-domnativemodule (0.86.2)
build	Build iOS Locally on Free Cloud Mac	2026-08-23T00:22:13.9146980Z [INSTALL_PODS] Installing React-featureflags (0.86.2)
build	Build iOS Locally on Free Cloud Mac	2026-08-23T00:22:13.9147440Z [INSTALL_PODS] Installing React-featureflagsnativemodule (0.86.2)
build	Build iOS Locally on Free Cloud Mac	2026-08-23T00:22:13.9147940Z [INSTALL_PODS] Installing React-graphics (0.86.2)
build	Build iOS Locally on Free Cloud Mac	2026-08-23T00:22:13.9148370Z [INSTALL_PODS] Installing React-hermes (0.86.2)
build	Build iOS Locally on Free Cloud Mac	2026-08-23T00:22:13.9148820Z [INSTALL_PODS] Installing React-idlecallbacksnativemodule (0.86.2)
build	Build iOS Locally on Free Cloud Mac	2026-08-23T00:22:13.9149440Z [INSTALL_PODS] Installing React-intersectionobservernativemodule (0.86.2)
build	Build iOS Locally on Free Cloud Mac	2026-08-23T00:22:13.9149980Z [INSTALL_PODS] Installing React-jserrorhandler (0.86.2)
build	Build iOS Locally on Free Cloud Mac	2026-08-23T00:22:13.9150380Z [INSTALL_PODS] Installing React-jsi (0.86.2)
build	Build iOS Locally on Free Cloud Mac	2026-08-23T00:22:13.9150810Z [INSTALL_PODS] Installing React-jsiexecutor (0.86.2)
build	Build iOS Locally on Free Cloud Mac	2026-08-23T00:22:13.9151210Z [INSTALL_PODS] Installing React-jsinspector (0.86.2)
build	Build iOS Locally on Free Cloud Mac	2026-08-23T00:22:13.9151680Z [INSTALL_PODS] Installing React-jsinspectorcdp (0.86.2)
build	Build iOS Locally on Free Cloud Mac	2026-08-23T00:22:13.9152200Z [INSTALL_PODS] Installing React-jsinspectornetwork (0.86.2)
build	Build iOS Locally on Free Cloud Mac	2026-08-23T00:22:13.9152640Z [INSTALL_PODS] Installing React-jsinspectortracing (0.86.2)
build	Build iOS Locally on Free Cloud Mac	2026-08-23T00:22:13.9153110Z [INSTALL_PODS] Installing React-jsitooling (0.86.2)
build	Build iOS Locally on Free Cloud Mac	2026-08-23T00:22:13.9153630Z [INSTALL_PODS] Installing React-jsitracing (0.86.2)
build	Build iOS Locally on Free Cloud Mac	2026-08-23T00:22:13.9154010Z [INSTALL_PODS] Installing React-logger (0.86.2)
build	Build iOS Locally on Free Cloud Mac	2026-08-23T00:22:13.9154510Z [INSTALL_PODS] Installing React-microtasksnativemodule (0.86.2)
build	Build iOS Locally on Free Cloud Mac	2026-08-23T00:22:13.9164440Z [INSTALL_PODS] Installing React-mutationobservernativemodule (0.86.2)
build	Build iOS Locally on Free Cloud Mac	2026-08-23T00:22:13.9165680Z [INSTALL_PODS] Installing React-networking (0.86.2)
build	Build iOS Locally on Free Cloud Mac	2026-08-23T00:22:13.9166750Z [INSTALL_PODS] Installing React-oscompat (0.86.2)
build	Build iOS Locally on Free Cloud Mac	2026-08-23T00:22:13.9168230Z [INSTALL_PODS] Installing React-perflogger (0.86.2)
build	Build iOS Locally on Free Cloud Mac	2026-08-23T00:22:13.9169380Z [INSTALL_PODS] Installing React-performancecdpmetrics (0.86.2)
build	Build iOS Locally on Free Cloud Mac	2026-08-23T00:22:13.9170680Z [INSTALL_PODS] Installing React-performancetimeline (0.86.2)
build	Build iOS Locally on Free Cloud Mac	2026-08-23T00:22:13.9171880Z [INSTALL_PODS] Installing React-rendererconsistency (0.86.2)
build	Build iOS Locally on Free Cloud Mac	2026-08-23T00:22:13.9173060Z [INSTALL_PODS] Installing React-renderercss (0.86.2)
build	Build iOS Locally on Free Cloud Mac	2026-08-23T00:22:13.9174150Z [INSTALL_PODS] Installing React-rendererdebug (0.86.2)
build	Build iOS Locally on Free Cloud Mac	2026-08-23T00:22:13.9175270Z [INSTALL_PODS] Installing React-runtimeexecutor (0.86.2)
build	Build iOS Locally on Free Cloud Mac	2026-08-23T00:22:13.9176440Z [INSTALL_PODS] Installing React-runtimescheduler (0.86.2)
build	Build iOS Locally on Free Cloud Mac	2026-08-23T00:22:13.9177570Z [INSTALL_PODS] Installing React-timing (0.86.2)
build	Build iOS Locally on Free Cloud Mac	2026-08-23T00:22:13.9178520Z [INSTALL_PODS] Installing React-utils (0.86.2)
build	Build iOS Locally on Free Cloud Mac	2026-08-23T00:22:13.9179720Z [INSTALL_PODS] Installing React-viewtransitionnativemodule (0.86.2)
build	Build iOS Locally on Free Cloud Mac	2026-08-23T00:22:13.9181030Z [INSTALL_PODS] Installing React-webperformancenativemodule (0.86.2)
build	Build iOS Locally on Free Cloud Mac	2026-08-23T00:22:13.9182350Z [INSTALL_PODS] Installing ReactAppDependencyProvider (0.86.2)
build	Build iOS Locally on Free Cloud Mac	2026-08-23T00:22:13.9183500Z [INSTALL_PODS] Installing ReactCodegen (0.86.2)
build	Build iOS Locally on Free Cloud Mac	2026-08-23T00:22:13.9184450Z [INSTALL_PODS] Installing ReactCommon (0.86.2)
build	Build iOS Locally on Free Cloud Mac	2026-08-23T00:22:13.9185590Z [INSTALL_PODS] Installing ReactNativeDependencies (0.86.2)
build	Build iOS Locally on Free Cloud Mac	2026-08-23T00:22:19.4810460Z [INSTALL_PODS] Installing Stripe (25.11.0)
build	Build iOS Locally on Free Cloud Mac	2026-08-23T00:22:33.6605770Z [INSTALL_PODS] Installing StripeApplePay (25.11.0)
build	Build iOS Locally on Free Cloud Mac	2026-08-23T00:22:45.4123960Z [INSTALL_PODS] Installing StripeCore (25.11.0)
build	Build iOS Locally on Free Cloud Mac	2026-08-23T00:22:56.9039510Z [INSTALL_PODS] Installing StripeFinancialConnections (25.11.0)
build	Build iOS Locally on Free Cloud Mac	2026-08-23T00:23:08.8304170Z [INSTALL_PODS] Installing StripeIssuing (25.11.0)
build	Build iOS Locally on Free Cloud Mac	2026-08-23T00:23:22.4031580Z [INSTALL_PODS] Installing StripePaymentSheet (25.11.0)
build	Build iOS Locally on Free Cloud Mac	2026-08-23T00:23:40.3724970Z [INSTALL_PODS] Installing StripePayments (25.11.0)
build	Build iOS Locally on Free Cloud Mac	2026-08-23T00:23:56.9885590Z [INSTALL_PODS] Installing StripePaymentsUI (25.11.0)
build	Build iOS Locally on Free Cloud Mac	2026-08-23T00:24:10.3651040Z [INSTALL_PODS] Installing StripeUICore (25.11.0)
build	Build iOS Locally on Free Cloud Mac	2026-08-23T00:24:23.5901010Z [INSTALL_PODS] Installing UMAppLoader (57.0.1)
build	Build iOS Locally on Free Cloud Mac	2026-08-23T00:24:23.5902140Z [INSTALL_PODS] Installing Yoga (0.0.0)
build	Build iOS Locally on Free Cloud Mac	2026-08-23T00:24:23.5902820Z [INSTALL_PODS] Installing expo-dev-client (57.0.12)
build	Build iOS Locally on Free Cloud Mac	2026-08-23T00:24:23.5907310Z [INSTALL_PODS] Installing expo-dev-launcher (57.0.12)
build	Build iOS Locally on Free Cloud Mac	2026-08-23T00:24:23.5907900Z [INSTALL_PODS] Installing expo-dev-menu (57.0.12)
build	Build iOS Locally on Free Cloud Mac	2026-08-23T00:24:23.5908360Z [INSTALL_PODS] Installing expo-dev-menu-interface (57.0.0)
build	Build iOS Locally on Free Cloud Mac	2026-08-23T00:24:23.5909430Z [INSTALL_PODS] Installing hermes-engine (250829098.0.16)
build	Build iOS Locally on Free Cloud Mac	2026-08-23T00:24:25.2199380Z [INSTALL_PODS] Installing react-native-maps (1.27.2)
build	Build iOS Locally on Free Cloud Mac	2026-08-23T00:24:25.2201400Z [INSTALL_PODS] Installing react-native-safe-area-context (5.7.0)
build	Build iOS Locally on Free Cloud Mac	2026-08-23T00:24:25.2202150Z [INSTALL_PODS] Installing react-native-webview (13.16.1)
build	Build iOS Locally on Free Cloud Mac	2026-08-23T00:24:25.2203620Z [INSTALL_PODS] Installing stripe-react-native (0.64.0)
build	Build iOS Locally on Free Cloud Mac	2026-08-23T00:24:25.2378150Z [INSTALL_PODS] [Expo] Ensuring required slices in ExpoModulesJSI.xcframework
build	Build iOS Locally on Free Cloud Mac	2026-08-23T00:24:42.2000970Z [INSTALL_PODS] [Expo] Staged 1/1 shared SPM xcframework(s) (debug)
build	Build iOS Locally on Free Cloud Mac	2026-08-23T00:24:42.2003900Z [INSTALL_PODS] Generating Pods project
build	Build iOS Locally on Free Cloud Mac	2026-08-23T00:24:42.2004650Z [INSTALL_PODS] Setting USE_HERMES build settings
build	Build iOS Locally on Free Cloud Mac	2026-08-23T00:24:42.2005270Z [INSTALL_PODS] Setting REACT_NATIVE_PATH build settings
build	Build iOS Locally on Free Cloud Mac	2026-08-23T00:24:42.2006050Z [INSTALL_PODS] Setting SWIFT_ACTIVE_COMPILATION_CONDITIONS build settings
build	Build iOS Locally on Free Cloud Mac	2026-08-23T00:24:44.0700320Z [INSTALL_PODS] [Ccache]: Removing Ccache from CC, LD, CXX & LDPLUSPLUS build settings
build	Build iOS Locally on Free Cloud Mac	2026-08-23T00:24:44.0714160Z [INSTALL_PODS] Setting SWIFT_ENABLE_EXPLICIT_MODULES build settings
build	Build iOS Locally on Free Cloud Mac	2026-08-23T00:24:44.0728360Z [INSTALL_PODS] [ReactNativeCore] Processing VFS overlay file...
build	Build iOS Locally on Free Cloud Mac	2026-08-23T00:24:44.0741360Z [INSTALL_PODS] [ReactNativeCore]   Created VFS overlay at /private/var/folders/g3/pffjr_y96bq06blnkf72x_hw0000gn/T/eas-build-local-nodejs/8b92a6e8-638b-44a7-86ed-dccce4fa23af/build/ios/Pods/React-Core-prebuilt/React-VFS.yaml
build	Build iOS Locally on Free Cloud Mac	2026-08-23T00:24:44.0742340Z [INSTALL_PODS] [ReactNativeCore] VFS overlay setup complete
build	Build iOS Locally on Free Cloud Mac	2026-08-23T00:24:44.0742910Z [INSTALL_PODS] [ReactNativeCore] Configuring xcconfig for prebuilt React Native Core...
build	Build iOS Locally on Free Cloud Mac	2026-08-23T00:24:44.0743600Z [INSTALL_PODS] [ReactNativeCore] Prebuilt xcconfig configuration complete
build	Build iOS Locally on Free Cloud Mac	2026-08-23T00:24:44.0744210Z [INSTALL_PODS] [SPM] Cleaning old SPM dependencies from Pods project
build	Build iOS Locally on Free Cloud Mac	2026-08-23T00:24:44.0744750Z [INSTALL_PODS] [SPM] Adding SPM dependencies to Pods project
build	Build iOS Locally on Free Cloud Mac	2026-08-23T00:24:44.0745570Z [INSTALL_PODS] [Privacy Manifest Aggregation] No existing PrivacyInfo.xcprivacy file found, creating a new one.
build	Build iOS Locally on Free Cloud Mac	2026-08-23T00:24:44.0746390Z [INSTALL_PODS] [Privacy Manifest Aggregation] Reading .xcprivacy files to aggregate all used Required Reason APIs.
build	Build iOS Locally on Free Cloud Mac	2026-08-23T00:24:44.0747020Z [INSTALL_PODS] file_root: Hence
build	Build iOS Locally on Free Cloud Mac	2026-08-23T00:24:44.0748160Z [INSTALL_PODS] Setting CLANG_CXX_LANGUAGE_STANDARD to c++20 on /private/var/folders/g3/pffjr_y96bq06blnkf72x_hw0000gn/T/eas-build-local-nodejs/8b92a6e8-638b-44a7-86ed-dccce4fa23af/build/ios/Hence.xcodeproj
build	Build iOS Locally on Free Cloud Mac	2026-08-23T00:24:46.4761490Z [INSTALL_PODS] ==================== DEPRECATION NOTICE =====================
build	Build iOS Locally on Free Cloud Mac	2026-08-23T00:24:46.4777530Z [INSTALL_PODS] Calling `pod install` directly is deprecated in React Native
build	Build iOS Locally on Free Cloud Mac	2026-08-23T00:24:46.4867440Z [INSTALL_PODS] because we are moving away from Cocoapods toward alternative
build	Build iOS Locally on Free Cloud Mac	2026-08-23T00:24:46.4870000Z [INSTALL_PODS] solutions to build the project.
build	Build iOS Locally on Free Cloud Mac	2026-08-23T00:24:46.4871500Z [INSTALL_PODS] * If you are using Expo, please run:
build	Build iOS Locally on Free Cloud Mac	2026-08-23T00:24:46.4872700Z [INSTALL_PODS] `npx expo run:ios`
build	Build iOS Locally on Free Cloud Mac	2026-08-23T00:24:46.4873930Z [INSTALL_PODS] * If you are using the Community CLI, please run:
build	Build iOS Locally on Free Cloud Mac	2026-08-23T00:24:46.4884640Z [INSTALL_PODS] `yarn ios`
build	Build iOS Locally on Free Cloud Mac	2026-08-23T00:24:46.4885880Z [INSTALL_PODS] =============================================================
build	Build iOS Locally on Free Cloud Mac	2026-08-23T00:24:46.4886990Z [INSTALL_PODS] Pod install took 179 [s] to run
build	Build iOS Locally on Free Cloud Mac	2026-08-23T00:24:46.4887920Z [INSTALL_PODS] Integrating client project
build	Build iOS Locally on Free Cloud Mac	2026-08-23T00:24:46.4889610Z [INSTALL_PODS] [!] Please close any current Xcode sessions and use `Hence.xcworkspace` for this project from now on.
build	Build iOS Locally on Free Cloud Mac	2026-08-23T00:24:46.7918980Z [INSTALL_PODS] [Expo] Installing the build script for target Hence
build	Build iOS Locally on Free Cloud Mac	2026-08-23T00:24:49.8694280Z [INSTALL_PODS] Pod installation complete! There are 119 dependencies from the Podfile and 127 total pods installed.
build	Build iOS Locally on Free Cloud Mac	2026-08-23T00:24:49.8708100Z [INSTALL_PODS] [!] ExpoCamera has added 2 script phases. Please inspect before executing a build. See `https://guides.cocoapods.org/syntax/podspec.html#script_phases` for more information.
build	Build iOS Locally on Free Cloud Mac	2026-08-23T00:24:49.8709040Z [INSTALL_PODS] [Expo-precompiled] Precompiled modules:
build	Build iOS Locally on Free Cloud Mac	2026-08-23T00:24:49.8710460Z [INSTALL_PODS] [!] ExpoCameraBarcodeScanning has added 2 script phases. Please inspect before executing a build. See `https://guides.cocoapods.org/syntax/podspec.html#script_phases` for more information.
build	Build iOS Locally on Free Cloud Mac	2026-08-23T00:24:49.8713440Z [INSTALL_PODS] [Expo-precompiled]   📦 ExpoCamera (57.0.3)
build	Build iOS Locally on Free Cloud Mac	2026-08-23T00:24:49.8715130Z [INSTALL_PODS] [!] ExpoFileSystem has added 2 script phases. Please inspect before executing a build. See `https://guides.cocoapods.org/syntax/podspec.html#script_phases` for more information.
build	Build iOS Locally on Free Cloud Mac	2026-08-23T00:24:49.8716640Z [INSTALL_PODS] [Expo-precompiled]   📦 ExpoCameraBarcodeScanning (57.0.3)
build	Build iOS Locally on Free Cloud Mac	2026-08-23T00:24:49.8744350Z [INSTALL_PODS] [!] ExpoFont has added 2 script phases. Please inspect before executing a build. See `https://guides.cocoapods.org/syntax/podspec.html#script_phases` for more information.
build	Build iOS Locally on Free Cloud Mac	2026-08-23T00:24:49.8745470Z [INSTALL_PODS] [Expo-precompiled]       ∟ ZXingObjC.xcframework (3.6.9)
build	Build iOS Locally on Free Cloud Mac	2026-08-23T00:24:49.8746950Z [INSTALL_PODS] [!] ExpoLocation has added 2 script phases. Please inspect before executing a build. See `https://guides.cocoapods.org/syntax/podspec.html#script_phases` for more information.
build	Build iOS Locally on Free Cloud Mac	2026-08-23T00:24:49.8748610Z [INSTALL_PODS] [Expo-precompiled]   📦 ExpoFileSystem (57.0.4)
build	Build iOS Locally on Free Cloud Mac	2026-08-23T00:24:49.8750020Z [INSTALL_PODS] [!] ExpoModulesCore has added 2 script phases. Please inspect before executing a build. See `https://guides.cocoapods.org/syntax/podspec.html#script_phases` for more information.
build	Build iOS Locally on Free Cloud Mac	2026-08-23T00:24:49.8751070Z [INSTALL_PODS] [Expo-precompiled]   📦 ExpoFont (57.0.1)
build	Build iOS Locally on Free Cloud Mac	2026-08-23T00:24:49.8752420Z [INSTALL_PODS] [!] ExpoModulesWorklets has added 2 script phases. Please inspect before executing a build. See `https://guides.cocoapods.org/syntax/podspec.html#script_phases` for more information.
build	Build iOS Locally on Free Cloud Mac	2026-08-23T00:24:49.8753430Z [INSTALL_PODS] [Expo-precompiled]   📦 ExpoLocation (57.0.10)
build	Build iOS Locally on Free Cloud Mac	2026-08-23T00:24:49.8754800Z [INSTALL_PODS] [!] React-Core-prebuilt has added 1 script phase. Please inspect before executing a build. See `https://guides.cocoapods.org/syntax/podspec.html#script_phases` for more information.
build	Build iOS Locally on Free Cloud Mac	2026-08-23T00:24:49.8755800Z [INSTALL_PODS] [Expo-precompiled]   📦 ExpoModulesCore (57.0.11)
build	Build iOS Locally on Free Cloud Mac	2026-08-23T00:24:49.8757230Z [INSTALL_PODS] [!] ReactNativeDependencies has added 1 script phase. Please inspect before executing a build. See `https://guides.cocoapods.org/syntax/podspec.html#script_phases` for more information.
build	Build iOS Locally on Free Cloud Mac	2026-08-23T00:24:49.8758300Z [INSTALL_PODS] [Expo-precompiled]   📦 ExpoModulesWorklets (57.0.11)
build	Build iOS Locally on Free Cloud Mac	2026-08-23T00:24:49.8759790Z [INSTALL_PODS] [!] hermes-engine has added 1 script phase. Please inspect before executing a build. See `https://guides.cocoapods.org/syntax/podspec.html#script_phases` for more information.
build	Build iOS Locally on Free Cloud Mac	2026-08-23T00:24:49.8760890Z [INSTALL_PODS] [Expo] Disabling SWIFT_EMIT_MODULE_INTERFACE for pod targets (prebuilt React compatibility)
build	Build iOS Locally on Free Cloud Mac	2026-08-23T00:24:49.8763050Z [INSTALL_PODS] [Expo-precompiled] Looking for ExpoModulesCore.xcframework at: /private/var/folders/g3/pffjr_y96bq06blnkf72x_hw0000gn/T/eas-build-local-nodejs/8b92a6e8-638b-44a7-86ed-dccce4fa23af/build/ios/Pods/ExpoModulesCore/ExpoModulesCore.xcframework
build	Build iOS Locally on Free Cloud Mac	2026-08-23T00:24:49.8765240Z [INSTALL_PODS] [Expo-precompiled] Adding ExpoModulesJSI header search paths to all targets
build	Build iOS Locally on Free Cloud Mac	2026-08-23T00:24:49.8766440Z [INSTALL_PODS] [Expo] Adding '[Expo] Remove duplicate codegen output' build phase to ReactCodegen
build	Build iOS Locally on Free Cloud Mac	2026-08-23T00:24:49.8770090Z [INSTALL_PODS] [Expo] Raised resource bundle deployment targets to match their pods: RNCAsyncStorage-RNCAsyncStorage_resources, RNSVG-RNSVGFilters, Stripe-StripeBundle, StripeCore-StripeCoreBundle, StripeFinancialConnections-StripeFinancialConnectionsBundle, StripePaymentSheet-StripePaymentSheetBundle, StripePayments-StripePaymentsBundle, StripePayments-Stripe3DS2, StripePaymentsUI-StripePaymentsUIBundle, StripeUICore-StripeUICoreBundle
build	Build iOS Locally on Free Cloud Mac	2026-08-23T00:24:49.9187070Z [CONFIGURE_XCODE_PROJECT] Configuring Xcode project
build	Build iOS Locally on Free Cloud Mac	2026-08-23T00:24:49.9191660Z [CONFIGURE_XCODE_PROJECT] Assigning provisioning profile '*[expo] com.hence.oyedotun AppStore 2026-08-02T10:43:24.097Z' (Apple Team ID: Q42QY7STMH) to target 'Hence'
build	Build iOS Locally on Free Cloud Mac	2026-08-23T00:24:50.0297850Z [CONFIGURE_XCODE_PROJECT] Updating versions in /var/folders/g3/pffjr_y96bq06blnkf72x_hw0000gn/T/eas-build-local-nodejs/8b92a6e8-638b-44a7-86ed-dccce4fa23af/build/ios/Hence/Info.plist
build	Build iOS Locally on Free Cloud Mac	2026-08-23T00:24:50.7778950Z [EAGER_BUNDLE] 2026-08-23T00:24:50.776Z expo:telemetry Switching strategy from detached to instant
build	Build iOS Locally on Free Cloud Mac	2026-08-23T00:24:50.7780070Z [EAGER_BUNDLE] 2026-08-23T00:24:50.777Z expo:telemetry Recording 1 event(s)
build	Build iOS Locally on Free Cloud Mac	2026-08-23T00:24:50.9693710Z [EAGER_BUNDLE] 2026-08-23T00:24:50.968Z expo:env /private/var/folders/g3/pffjr_y96bq06blnkf72x_hw0000gn/T/eas-build-local-nodejs/8b92a6e8-638b-44a7-86ed-dccce4fa23af/build/.env does not exist, skipping this env file
build	Build iOS Locally on Free Cloud Mac	2026-08-23T00:24:50.9695760Z [EAGER_BUNDLE] 2026-08-23T00:24:50.968Z expo:env /private/var/folders/g3/pffjr_y96bq06blnkf72x_hw0000gn/T/eas-build-local-nodejs/8b92a6e8-638b-44a7-86ed-dccce4fa23af/build/.env.production does not exist, skipping this env file
build	Build iOS Locally on Free Cloud Mac	2026-08-23T00:24:50.9697400Z [EAGER_BUNDLE] 2026-08-23T00:24:50.968Z expo:env /private/var/folders/g3/pffjr_y96bq06blnkf72x_hw0000gn/T/eas-build-local-nodejs/8b92a6e8-638b-44a7-86ed-dccce4fa23af/build/.env.local does not exist, skipping this env file
build	Build iOS Locally on Free Cloud Mac	2026-08-23T00:24:50.9699560Z [EAGER_BUNDLE] 2026-08-23T00:24:50.969Z expo:env /private/var/folders/g3/pffjr_y96bq06blnkf72x_hw0000gn/T/eas-build-local-nodejs/8b92a6e8-638b-44a7-86ed-dccce4fa23af/build/.env.production.local does not exist, skipping this env file
build	Build iOS Locally on Free Cloud Mac	2026-08-23T00:24:50.9756320Z [EAGER_BUNDLE] 2026-08-23T00:24:50.973Z expo:export:embed Bundling to non-standard location: /var/folders/g3/pffjr_y96bq06blnkf72x_hw0000gn/T/uptmkxxgnyf/main.jsbundle
build	Build iOS Locally on Free Cloud Mac	2026-08-23T00:24:51.1512520Z [EAGER_BUNDLE] 2026-08-23T00:24:51.150Z expo:start:server:devServer Stopping dev server (bundler: metro)
build	Build iOS Locally on Free Cloud Mac	2026-08-23T00:24:51.1514770Z [EAGER_BUNDLE] 2026-08-23T00:24:51.150Z expo:start:server:devServer Stopped dev server (bundler: metro)
build	Build iOS Locally on Free Cloud Mac	2026-08-23T00:24:51.1581700Z [EAGER_BUNDLE] 2026-08-23T00:24:51.157Z expo:start:server:metro:router Using app as the root directory for Expo Router.
build	Build iOS Locally on Free Cloud Mac	2026-08-23T00:24:51.3029380Z [EAGER_BUNDLE] 
build	Build iOS Locally on Free Cloud Mac	2026-08-23T00:24:51.3030780Z [EAGER_BUNDLE] Expo Metro config:
build	Build iOS Locally on Free Cloud Mac	2026-08-23T00:24:51.3031950Z [EAGER_BUNDLE] - Version: 57.0.8
build	Build iOS Locally on Free Cloud Mac	2026-08-23T00:24:51.3033240Z [EAGER_BUNDLE] - Extensions: ts, tsx, mjs, js, jsx, json, cjs, scss, sass, css
build	Build iOS Locally on Free Cloud Mac	2026-08-23T00:24:51.3036110Z [EAGER_BUNDLE] - React Native: /private/var/folders/g3/pffjr_y96bq06blnkf72x_hw0000gn/T/eas-build-local-nodejs/8b92a6e8-638b-44a7-86ed-dccce4fa23af/build/node_modules/react-native
build	Build iOS Locally on Free Cloud Mac	2026-08-23T00:24:51.3038190Z [EAGER_BUNDLE] - Watch Folders: 
build	Build iOS Locally on Free Cloud Mac	2026-08-23T00:24:51.3038600Z [EAGER_BUNDLE] - Node Module Paths: 
build	Build iOS Locally on Free Cloud Mac	2026-08-23T00:24:51.3039060Z [EAGER_BUNDLE] - Sass: null
build	Build iOS Locally on Free Cloud Mac	2026-08-23T00:24:51.3039410Z [EAGER_BUNDLE] - Reanimated: null
build	Build iOS Locally on Free Cloud Mac	2026-08-23T00:24:51.3039700Z [EAGER_BUNDLE] - Worklets: null
build	Build iOS Locally on Free Cloud Mac	2026-08-23T00:24:51.3040040Z [EAGER_BUNDLE] - Babel Runtime: null
build	Build iOS Locally on Free Cloud Mac	2026-08-23T00:24:51.5230350Z [EAGER_BUNDLE] Expo Metro config:
build	Build iOS Locally on Free Cloud Mac	2026-08-23T00:24:51.5241930Z [EAGER_BUNDLE] - Version: 57.0.8
build	Build iOS Locally on Free Cloud Mac	2026-08-23T00:24:51.5242840Z [EAGER_BUNDLE] - Extensions: ts, tsx, mjs, js, jsx, json, cjs, scss, sass, css
build	Build iOS Locally on Free Cloud Mac	2026-08-23T00:24:51.5244220Z [EAGER_BUNDLE] - React Native: /private/var/folders/g3/pffjr_y96bq06blnkf72x_hw0000gn/T/eas-build-local-nodejs/8b92a6e8-638b-44a7-86ed-dccce4fa23af/build/node_modules/react-native
build	Build iOS Locally on Free Cloud Mac	2026-08-23T00:24:51.5245220Z [EAGER_BUNDLE] - Watch Folders:
build	Build iOS Locally on Free Cloud Mac	2026-08-23T00:24:51.5245650Z [EAGER_BUNDLE] - Node Module Paths: 
build	Build iOS Locally on Free Cloud Mac	2026-08-23T00:24:51.5246070Z [EAGER_BUNDLE] - Sass: null
build	Build iOS Locally on Free Cloud Mac	2026-08-23T00:24:51.5246460Z [EAGER_BUNDLE] - Reanimated: null
build	Build iOS Locally on Free Cloud Mac	2026-08-23T00:24:51.5246770Z [EAGER_BUNDLE] - Worklets: null
build	Build iOS Locally on Free Cloud Mac	2026-08-23T00:24:51.5247080Z [EAGER_BUNDLE] - Babel Runtime: null
build	Build iOS Locally on Free Cloud Mac	2026-08-23T00:24:51.5271660Z [EAGER_BUNDLE] 2026-08-23T00:24:51.526Z expo:metro:withMetroResolvers Appending 8 custom resolvers to Metro config. (has custom resolver: false)
build	Build iOS Locally on Free Cloud Mac	2026-08-23T00:24:51.5273100Z [EAGER_BUNDLE] 2026-08-23T00:24:51.526Z expo:start:server:urlCreator URL: http://127.0.0.1:8081
build	Build iOS Locally on Free Cloud Mac	2026-08-23T00:24:51.6566750Z [EAGER_BUNDLE] Starting Metro Bundler
build	Build iOS Locally on Free Cloud Mac	2026-08-23T00:24:51.6866210Z [EAGER_BUNDLE] 2026-08-23T00:24:51.685Z expo:metro:options Disabling lazy bundling for export build
build	Build iOS Locally on Free Cloud Mac	2026-08-23T00:24:51.9143550Z [EAGER_BUNDLE] 2026-08-23T00:24:51.912Z expo:start:server:metro:multi-platform Enabling alias: react-native-vector-icons -> @expo/vector-icons
build	Build iOS Locally on Free Cloud Mac	2026-08-23T00:24:52.6220210Z [EAGER_BUNDLE] | 2026-08-23T00:24:52.619Z expo:babel:exports Found assignment to module.exports or exports at 32
build	Build iOS Locally on Free Cloud Mac	2026-08-23T00:24:52.6721550Z [EAGER_BUNDLE] | 2026-08-23T00:24:52.652Z expo:babel:exports Found assignment to module.exports or exports at 4
build	Build iOS Locally on Free Cloud Mac	2026-08-23T00:24:52.9410980Z [EAGER_BUNDLE] | 2026-08-23T00:24:52.933Z expo:babel:exports Found assignment to module.exports or exports at 4
build	Build iOS Locally on Free Cloud Mac	2026-08-23T00:24:52.9531850Z [EAGER_BUNDLE] | 2026-08-23T00:24:52.942Z expo:babel:exports Found assignment to module.exports or exports at 49
build	Build iOS Locally on Free Cloud Mac	2026-08-23T00:24:53.9417220Z [EAGER_BUNDLE] | 2026-08-23T00:24:53.938Z expo:babel:exports Found assignment to module.exports or exports at 345
build	Build iOS Locally on Free Cloud Mac	2026-08-23T00:24:53.9859970Z [EAGER_BUNDLE] | 2026-08-23T00:24:53.984Z expo:babel:exports Found assignment to module.exports or exports at 1
build	Build iOS Locally on Free Cloud Mac	2026-08-23T00:24:54.0549240Z [EAGER_BUNDLE] | 2026-08-23T00:24:54.054Z expo:babel:exports Found assignment to module.exports or exports at 26
build	Build iOS Locally on Free Cloud Mac	2026-08-23T00:24:54.1767700Z [EAGER_BUNDLE] | 2026-08-23T00:24:54.168Z expo:babel:exports Found assignment to module.exports or exports at 32
build	Build iOS Locally on Free Cloud Mac	2026-08-23T00:24:54.2913320Z [EAGER_BUNDLE] | 2026-08-23T00:24:54.289Z expo:babel:exports Found assignment to module.exports or exports at 51
build	Build iOS Locally on Free Cloud Mac	2026-08-23T00:24:54.5094030Z [EAGER_BUNDLE] | 2026-08-23T00:24:54.507Z expo:babel:exports Found assignment to module.exports or exports at 12
build	Build iOS Locally on Free Cloud Mac	2026-08-23T00:24:54.6770380Z [EAGER_BUNDLE] | 2026-08-23T00:24:54.675Z expo:babel:exports Found assignment to module.exports or exports at 115
build	Build iOS Locally on Free Cloud Mac	2026-08-23T00:24:55.0407040Z [EAGER_BUNDLE] | 2026-08-23T00:24:55.023Z expo:babel:exports Found assignment to module.exports or exports at 102
build	Build iOS Locally on Free Cloud Mac	2026-08-23T00:24:55.0507400Z [EAGER_BUNDLE] | 2026-08-23T00:24:55.048Z expo:babel:exports Found assignment to module.exports or exports at 170
build	Build iOS Locally on Free Cloud Mac	2026-08-23T00:24:56.6925590Z [EAGER_BUNDLE] | 2026-08-23T00:24:56.677Z expo:babel:exports Found assignment to module.exports or exports at 55
build	Build iOS Locally on Free Cloud Mac	2026-08-23T00:24:57.2742230Z [EAGER_BUNDLE] | 2026-08-23T00:24:57.272Z expo:babel:exports Found assignment to module.exports or exports at 484
build	Build iOS Locally on Free Cloud Mac	2026-08-23T00:24:57.3442780Z [EAGER_BUNDLE] | 2026-08-23T00:24:57.334Z expo:babel:exports Found assignment to module.exports or exports at 3
build	Build iOS Locally on Free Cloud Mac	2026-08-23T00:24:57.6484720Z [EAGER_BUNDLE] | 2026-08-23T00:24:57.646Z expo:babel:exports Found assignment to module.exports or exports at 92
build	Build iOS Locally on Free Cloud Mac	2026-08-23T00:24:57.9455730Z [EAGER_BUNDLE] | 2026-08-23T00:24:57.944Z expo:babel:exports Found assignment to module.exports or exports at 5
build	Build iOS Locally on Free Cloud Mac	2026-08-23T00:24:57.9547410Z [EAGER_BUNDLE] | 2026-08-23T00:24:57.953Z expo:babel:exports Found assignment to module.exports or exports at 69
build	Build iOS Locally on Free Cloud Mac	2026-08-23T00:24:57.9646790Z [EAGER_BUNDLE] | 2026-08-23T00:24:57.963Z expo:babel:exports Found assignment to module.exports or exports at 24
build	Build iOS Locally on Free Cloud Mac	2026-08-23T00:24:57.9747720Z [EAGER_BUNDLE] | 2026-08-23T00:24:57.969Z expo:babel:exports Found assignment to module.exports or exports at 45
build	Build iOS Locally on Free Cloud Mac	2026-08-23T00:24:58.0178610Z [EAGER_BUNDLE] | 2026-08-23T00:24:58.012Z expo:babel:exports Found assignment to module.exports or exports at 3
build	Build iOS Locally on Free Cloud Mac	2026-08-23T00:24:58.2560080Z [EAGER_BUNDLE] | 2026-08-23T00:24:58.253Z expo:babel:exports Found assignment to module.exports or exports at 10518
build	Build iOS Locally on Free Cloud Mac	2026-08-23T00:24:58.4035980Z [EAGER_BUNDLE] | 2026-08-23T00:24:58.402Z expo:babel:exports Found assignment to module.exports or exports at 50
build	Build iOS Locally on Free Cloud Mac	2026-08-23T00:24:58.8038540Z [EAGER_BUNDLE] | 2026-08-23T00:24:58.802Z expo:babel:exports Found assignment to module.exports or exports at 2
build	Build iOS Locally on Free Cloud Mac	2026-08-23T00:24:58.9791430Z [EAGER_BUNDLE] | 2026-08-23T00:24:58.978Z expo:babel:exports Found assignment to module.exports or exports at 4
build	Build iOS Locally on Free Cloud Mac	2026-08-23T00:24:59.0278660Z [EAGER_BUNDLE] | 2026-08-23T00:24:59.022Z expo:babel:exports Found assignment to module.exports or exports at 5
build	Build iOS Locally on Free Cloud Mac	2026-08-23T00:24:59.0305180Z [EAGER_BUNDLE] | 2026-08-23T00:24:59.029Z expo:babel:exports Found assignment to module.exports or exports at 7
build	Build iOS Locally on Free Cloud Mac	2026-08-23T00:24:59.0572110Z [EAGER_BUNDLE] | 2026-08-23T00:24:59.056Z expo:babel:exports Found assignment to module.exports or exports at 518
build	Build iOS Locally on Free Cloud Mac	2026-08-23T00:24:59.1005650Z [EAGER_BUNDLE] | 2026-08-23T00:24:59.099Z expo:babel:exports Found assignment to module.exports or exports at 4
build	Build iOS Locally on Free Cloud Mac	2026-08-23T00:24:59.1110240Z [EAGER_BUNDLE] | 2026-08-23T00:24:59.102Z expo:babel:exports Found assignment to module.exports or exports at 20
build	Build iOS Locally on Free Cloud Mac	2026-08-23T00:24:59.2024050Z [EAGER_BUNDLE] | 2026-08-23T00:24:59.201Z expo:babel:exports Found assignment to module.exports or exports at 172
build	Build iOS Locally on Free Cloud Mac	2026-08-23T00:24:59.2402230Z [EAGER_BUNDLE] | 2026-08-23T00:24:59.239Z expo:babel:exports Found assignment to module.exports or exports at 140
build	Build iOS Locally on Free Cloud Mac	2026-08-23T00:24:59.3145930Z [EAGER_BUNDLE] | 2026-08-23T00:24:59.310Z expo:babel:exports Found assignment to module.exports or exports at 52
build	Build iOS Locally on Free Cloud Mac	2026-08-23T00:24:59.3433390Z [EAGER_BUNDLE] | 2026-08-23T00:24:59.338Z expo:babel:exports Found assignment to module.exports or exports at 312
build	Build iOS Locally on Free Cloud Mac	2026-08-23T00:24:59.3514970Z [EAGER_BUNDLE] 2026-08-23T00:24:59.350Z expo:metro:withMetroResolvers Custom resolver (requestPostRewrites) threw: FailedToResolveNameError. (module: expo-asset, platform: ios, env: undefined, origin: /private/var/folders/g3/pffjr_y96bq06blnkf72x_hw0000gn/T/eas-build-local-nodejs/8b92a6e8-638b-44a7-86ed-dccce4fa23af/build/node_modules/expo-font/build/FontLoader.js)
build	Build iOS Locally on Free Cloud Mac	2026-08-23T00:24:59.3517050Z [EAGER_BUNDLE] 2026-08-23T00:24:59.350Z expo:start:server:metro:fallback-resolver Fallback resolution for ios: expo-asset -> from origin: expo
build	Build iOS Locally on Free Cloud Mac	2026-08-23T00:24:59.4794910Z [EAGER_BUNDLE] | 2026-08-23T00:24:59.479Z expo:babel:exports Found assignment to module.exports or exports at 69
build	Build iOS Locally on Free Cloud Mac	2026-08-23T00:24:59.7212460Z [EAGER_BUNDLE] | 2026-08-23T00:24:59.717Z expo:babel:exports Found assignment to module.exports or exports at 3
build	Build iOS Locally on Free Cloud Mac	2026-08-23T00:24:59.7301280Z [EAGER_BUNDLE] | 2026-08-23T00:24:59.727Z expo:babel:exports Found assignment to module.exports or exports at 5
build	Build iOS Locally on Free Cloud Mac	2026-08-23T00:24:59.7410480Z [EAGER_BUNDLE] | 2026-08-23T00:24:59.732Z expo:babel:exports Found assignment to module.exports or exports at 21
build	Build iOS Locally on Free Cloud Mac	2026-08-23T00:24:59.7548530Z [EAGER_BUNDLE] | 2026-08-23T00:24:59.746Z expo:babel:exports Found assignment to module.exports or exports at 474
build	Build iOS Locally on Free Cloud Mac	2026-08-23T00:24:59.7803380Z [EAGER_BUNDLE] | 2026-08-23T00:24:59.766Z expo:babel:exports Found assignment to module.exports or exports at 55
build	Build iOS Locally on Free Cloud Mac	2026-08-23T00:24:59.8616070Z [EAGER_BUNDLE] | 2026-08-23T00:24:59.860Z expo:babel:exports Found assignment to module.exports or exports at 16
build	Build iOS Locally on Free Cloud Mac	2026-08-23T00:24:59.8630390Z [EAGER_BUNDLE] | 2026-08-23T00:24:59.862Z expo:babel:exports Found assignment to module.exports or exports at 36
build	Build iOS Locally on Free Cloud Mac	2026-08-23T00:24:59.8648830Z [EAGER_BUNDLE] | 2026-08-23T00:24:59.864Z expo:babel:exports Found assignment to module.exports or exports at 37
build	Build iOS Locally on Free Cloud Mac	2026-08-23T00:24:59.8672800Z [EAGER_BUNDLE] | 2026-08-23T00:24:59.866Z expo:babel:exports Found assignment to module.exports or exports at 1
build	Build iOS Locally on Free Cloud Mac	2026-08-23T00:24:59.8718430Z [EAGER_BUNDLE] | 2026-08-23T00:24:59.870Z expo:babel:exports Found assignment to module.exports or exports at 65
build	Build iOS Locally on Free Cloud Mac	2026-08-23T00:24:59.8728100Z [EAGER_BUNDLE] | 2026-08-23T00:24:59.870Z expo:babel:exports Found assignment to module.exports or exports at 11
build	Build iOS Locally on Free Cloud Mac	2026-08-23T00:24:59.8830530Z [EAGER_BUNDLE] | 2026-08-23T00:24:59.878Z expo:babel:exports Found assignment to module.exports or exports at 27
build	Build iOS Locally on Free Cloud Mac	2026-08-23T00:24:59.8868760Z [EAGER_BUNDLE] | 2026-08-23T00:24:59.880Z expo:babel:exports Found assignment to module.exports or exports at 99
build	Build iOS Locally on Free Cloud Mac	2026-08-23T00:24:59.8869910Z [EAGER_BUNDLE] | 2026-08-23T00:24:59.884Z expo:babel:exports Found assignment to module.exports or exports at 5
build	Build iOS Locally on Free Cloud Mac	2026-08-23T00:24:59.8911790Z [EAGER_BUNDLE] | 2026-08-23T00:24:59.890Z expo:babel:exports Found assignment to module.exports or exports at 11
build	Build iOS Locally on Free Cloud Mac	2026-08-23T00:24:59.8982660Z [EAGER_BUNDLE] | 2026-08-23T00:24:59.897Z expo:babel:exports Found assignment to module.exports or exports at 56
build	Build iOS Locally on Free Cloud Mac	2026-08-23T00:24:59.9025860Z [EAGER_BUNDLE] | 2026-08-23T00:24:59.898Z expo:babel:exports Found assignment to module.exports or exports at 56
build	Build iOS Locally on Free Cloud Mac	2026-08-23T00:24:59.9039350Z [EAGER_BUNDLE] | 2026-08-23T00:24:59.903Z expo:babel:exports Found assignment to module.exports or exports at 17
build	Build iOS Locally on Free Cloud Mac	2026-08-23T00:24:59.9098270Z [EAGER_BUNDLE] | 2026-08-23T00:24:59.909Z expo:babel:exports Found assignment to module.exports or exports at 281
build	Build iOS Locally on Free Cloud Mac	2026-08-23T00:24:59.9177510Z [EAGER_BUNDLE] | 2026-08-23T00:24:59.915Z expo:babel:exports Found assignment to module.exports or exports at 1
build	Build iOS Locally on Free Cloud Mac	2026-08-23T00:24:59.9730120Z [EAGER_BUNDLE] | 2026-08-23T00:24:59.962Z expo:babel:exports Found assignment to module.exports or exports at 1563
build	Build iOS Locally on Free Cloud Mac	2026-08-23T00:25:00.0029470Z [EAGER_BUNDLE] | 2026-08-23T00:24:59.993Z expo:babel:exports Found assignment to module.exports or exports at 1316
build	Build iOS Locally on Free Cloud Mac	2026-08-23T00:25:00.0822370Z [EAGER_BUNDLE] | 2026-08-23T00:25:00.071Z expo:babel:exports Found assignment to module.exports or exports at 18
build	Build iOS Locally on Free Cloud Mac	2026-08-23T00:25:00.0925730Z [EAGER_BUNDLE] | 2026-08-23T00:25:00.073Z expo:babel:exports Found assignment to module.exports or exports at 7
build	Build iOS Locally on Free Cloud Mac	2026-08-23T00:25:00.1048280Z [EAGER_BUNDLE] | 2026-08-23T00:25:00.077Z expo:babel:exports Found assignment to module.exports or exports at 11
build	Build iOS Locally on Free Cloud Mac	2026-08-23T00:25:00.1159770Z [EAGER_BUNDLE] | 2026-08-23T00:25:00.080Z expo:babel:exports Found assignment to module.exports or exports at 10
build	Build iOS Locally on Free Cloud Mac	2026-08-23T00:25:00.1261560Z [EAGER_BUNDLE] | 2026-08-23T00:25:00.086Z expo:babel:exports Found assignment to module.exports or exports at 54
build	Build iOS Locally on Free Cloud Mac	2026-08-23T00:25:00.1262810Z [EAGER_BUNDLE] | 2026-08-23T00:25:00.091Z expo:babel:exports Found assignment to module.exports or exports at 43
build	Build iOS Locally on Free Cloud Mac	2026-08-23T00:25:00.1364980Z [EAGER_BUNDLE] | 2026-08-23T00:25:00.096Z expo:babel:exports Found assignment to module.exports or exports at 59
build	Build iOS Locally on Free Cloud Mac	2026-08-23T00:25:00.1486180Z [EAGER_BUNDLE] | 2026-08-23T00:25:00.099Z expo:babel:exports Found assignment to module.exports or exports at 30
build	Build iOS Locally on Free Cloud Mac	2026-08-23T00:25:00.1591220Z [EAGER_BUNDLE] | 2026-08-23T00:25:00.106Z expo:babel:exports Found assignment to module.exports or exports at 164
build	Build iOS Locally on Free Cloud Mac	2026-08-23T00:25:00.1693000Z [EAGER_BUNDLE] | 2026-08-23T00:25:00.113Z expo:babel:exports Found assignment to module.exports or exports at 14
build	Build iOS Locally on Free Cloud Mac	2026-08-23T00:25:00.1795410Z [EAGER_BUNDLE] | 2026-08-23T00:25:00.117Z expo:babel:exports Found assignment to module.exports or exports at 1
build	Build iOS Locally on Free Cloud Mac	2026-08-23T00:25:00.1897480Z [EAGER_BUNDLE] | 2026-08-23T00:25:00.132Z expo:babel:exports Found assignment to module.exports or exports at 41
build	Build iOS Locally on Free Cloud Mac	2026-08-23T00:25:00.1969310Z [EAGER_BUNDLE] | 2026-08-23T00:25:00.135Z expo:babel:exports Found assignment to module.exports or exports at 3
build	Build iOS Locally on Free Cloud Mac	2026-08-23T00:25:00.2030320Z [EAGER_BUNDLE] | 2026-08-23T00:25:00.135Z expo:babel:exports Found assignment to module.exports or exports at 1
build	Build iOS Locally on Free Cloud Mac	2026-08-23T00:25:00.2031500Z [EAGER_BUNDLE] | 2026-08-23T00:25:00.138Z expo:babel:exports Found assignment to module.exports or exports at 75
build	Build iOS Locally on Free Cloud Mac	2026-08-23T00:25:00.2033090Z [EAGER_BUNDLE] | 2026-08-23T00:25:00.138Z expo:babel:exports Found assignment to module.exports or exports at 1
build	Build iOS Locally on Free Cloud Mac	2026-08-23T00:25:00.2034150Z [EAGER_BUNDLE] | 2026-08-23T00:25:00.178Z expo:babel:exports Found assignment to module.exports or exports at 17
build	Build iOS Locally on Free Cloud Mac	2026-08-23T00:25:00.2080500Z [EAGER_BUNDLE] | 2026-08-23T00:25:00.205Z expo:babel:exports Found assignment to module.exports or exports at 1
build	Build iOS Locally on Free Cloud Mac	2026-08-23T00:25:00.2187390Z [EAGER_BUNDLE] | 2026-08-23T00:25:00.209Z expo:babel:exports Found assignment to module.exports or exports at 99
build	Build iOS Locally on Free Cloud Mac	2026-08-23T00:25:00.2190100Z [EAGER_BUNDLE] | 2026-08-23T00:25:00.209Z expo:babel:exports Found assignment to module.exports or exports at 1
build	Build iOS Locally on Free Cloud Mac	2026-08-23T00:25:00.2207070Z [EAGER_BUNDLE] | 2026-08-23T00:25:00.219Z expo:babel:exports Found assignment to module.exports or exports at 82
build	Build iOS Locally on Free Cloud Mac	2026-08-23T00:25:00.2266700Z [EAGER_BUNDLE] | 2026-08-23T00:25:00.225Z expo:babel:exports Found assignment to module.exports or exports at 1
build	Build iOS Locally on Free Cloud Mac	2026-08-23T00:25:00.2286520Z [EAGER_BUNDLE] | 2026-08-23T00:25:00.227Z expo:babel:exports Found assignment to module.exports or exports at 1
build	Build iOS Locally on Free Cloud Mac	2026-08-23T00:25:00.2360970Z [EAGER_BUNDLE] | 2026-08-23T00:25:00.235Z expo:babel:exports Found assignment to module.exports or exports at 576
build	Build iOS Locally on Free Cloud Mac	2026-08-23T00:25:00.2406980Z [EAGER_BUNDLE] | 2026-08-23T00:25:00.240Z expo:babel:exports Found assignment to module.exports or exports at 466
build	Build iOS Locally on Free Cloud Mac	2026-08-23T00:25:00.2548460Z [EAGER_BUNDLE] | 2026-08-23T00:25:00.250Z expo:babel:exports Found assignment to module.exports or exports at 22
build	Build iOS Locally on Free Cloud Mac	2026-08-23T00:25:00.2581840Z [EAGER_BUNDLE] | 2026-08-23T00:25:00.253Z expo:babel:exports Found assignment to module.exports or exports at 1
build	Build iOS Locally on Free Cloud Mac	2026-08-23T00:25:00.2631800Z [EAGER_BUNDLE] | 2026-08-23T00:25:00.262Z expo:babel:exports Found assignment to module.exports or exports at 219
build	Build iOS Locally on Free Cloud Mac	2026-08-23T00:25:00.2729220Z [EAGER_BUNDLE] | 2026-08-23T00:25:00.272Z expo:babel:exports Found assignment to module.exports or exports at 87
build	Build iOS Locally on Free Cloud Mac	2026-08-23T00:25:00.2749780Z [EAGER_BUNDLE] | 2026-08-23T00:25:00.274Z expo:babel:exports Found assignment to module.exports or exports at 591
build	Build iOS Locally on Free Cloud Mac	2026-08-23T00:25:00.2833530Z [EAGER_BUNDLE] | 2026-08-23T00:25:00.282Z expo:babel:exports Found assignment to module.exports or exports at 3
build	Build iOS Locally on Free Cloud Mac	2026-08-23T00:25:00.2871700Z [EAGER_BUNDLE] | 2026-08-23T00:25:00.286Z expo:babel:exports Found assignment to module.exports or exports at 99
build	Build iOS Locally on Free Cloud Mac	2026-08-23T00:25:00.2921270Z [EAGER_BUNDLE] | 2026-08-23T00:25:00.291Z expo:babel:exports Found assignment to module.exports or exports at 3
build	Build iOS Locally on Free Cloud Mac	2026-08-23T00:25:00.2975320Z [EAGER_BUNDLE] | 2026-08-23T00:25:00.297Z expo:babel:exports Found assignment to module.exports or exports at 140
build	Build iOS Locally on Free Cloud Mac	2026-08-23T00:25:00.3057220Z [EAGER_BUNDLE] | 2026-08-23T00:25:00.298Z expo:babel:exports Found assignment to module.exports or exports at 146
build	Build iOS Locally on Free Cloud Mac	2026-08-23T00:25:00.3221250Z [EAGER_BUNDLE] | 2026-08-23T00:25:00.321Z expo:babel:exports Found assignment to module.exports or exports at 12
build	Build iOS Locally on Free Cloud Mac	2026-08-23T00:25:00.3372280Z [EAGER_BUNDLE] | 2026-08-23T00:25:00.336Z expo:babel:exports Found assignment to module.exports or exports at 3
build	Build iOS Locally on Free Cloud Mac	2026-08-23T00:25:00.3449810Z [EAGER_BUNDLE] | 2026-08-23T00:25:00.338Z expo:babel:exports Found assignment to module.exports or exports at 3
build	Build iOS Locally on Free Cloud Mac	2026-08-23T00:25:00.3611380Z [EAGER_BUNDLE] | 2026-08-23T00:25:00.355Z expo:babel:exports Found assignment to module.exports or exports at 6
build	Build iOS Locally on Free Cloud Mac	2026-08-23T00:25:00.3637350Z [EAGER_BUNDLE] | 2026-08-23T00:25:00.363Z expo:babel:exports Found assignment to module.exports or exports at 28
build	Build iOS Locally on Free Cloud Mac	2026-08-23T00:25:00.3689770Z [EAGER_BUNDLE] | 2026-08-23T00:25:00.368Z expo:babel:exports Found assignment to module.exports or exports at 3
build	Build iOS Locally on Free Cloud Mac	2026-08-23T00:25:00.3722480Z [EAGER_BUNDLE] | 2026-08-23T00:25:00.371Z expo:babel:exports Found assignment to module.exports or exports at 34
build	Build iOS Locally on Free Cloud Mac	2026-08-23T00:25:00.3744350Z [EAGER_BUNDLE] | 2026-08-23T00:25:00.373Z expo:babel:exports Found assignment to module.exports or exports at 100
build	Build iOS Locally on Free Cloud Mac	2026-08-23T00:25:00.3775650Z [EAGER_BUNDLE] | 2026-08-23T00:25:00.377Z expo:babel:exports Found assignment to module.exports or exports at 84
build	Build iOS Locally on Free Cloud Mac	2026-08-23T00:25:00.3825330Z [EAGER_BUNDLE] | 2026-08-23T00:25:00.382Z expo:babel:exports Found assignment to module.exports or exports at 6
build	Build iOS Locally on Free Cloud Mac	2026-08-23T00:25:00.3845990Z [EAGER_BUNDLE] | 2026-08-23T00:25:00.384Z expo:babel:exports Found assignment to module.exports or exports at 3
build	Build iOS Locally on Free Cloud Mac	2026-08-23T00:25:00.3926120Z [EAGER_BUNDLE] | 2026-08-23T00:25:00.386Z expo:babel:exports Found assignment to module.exports or exports at 7
build	Build iOS Locally on Free Cloud Mac	2026-08-23T00:25:00.3927330Z [EAGER_BUNDLE] | 2026-08-23T00:25:00.389Z expo:babel:exports Found assignment to module.exports or exports at 10
build	Build iOS Locally on Free Cloud Mac	2026-08-23T00:25:00.3952480Z [EAGER_BUNDLE] | 2026-08-23T00:25:00.394Z expo:babel:exports Found assignment to module.exports or exports at 42
build	Build iOS Locally on Free Cloud Mac	2026-08-23T00:25:00.4017620Z [EAGER_BUNDLE] | 2026-08-23T00:25:00.401Z expo:babel:exports Found assignment to module.exports or exports at 6
build	Build iOS Locally on Free Cloud Mac	2026-08-23T00:25:00.4088690Z [EAGER_BUNDLE] | 2026-08-23T00:25:00.404Z expo:babel:exports Found assignment to module.exports or exports at 6
build	Build iOS Locally on Free Cloud Mac	2026-08-23T00:25:00.4089930Z [EAGER_BUNDLE] | 2026-08-23T00:25:00.406Z expo:babel:exports Found assignment to module.exports or exports at 6
build	Build iOS Locally on Free Cloud Mac	2026-08-23T00:25:00.4106120Z [EAGER_BUNDLE] | 2026-08-23T00:25:00.410Z expo:babel:exports Found assignment to module.exports or exports at 5
build	Build iOS Locally on Free Cloud Mac	2026-08-23T00:25:00.4134140Z [EAGER_BUNDLE] | 2026-08-23T00:25:00.412Z expo:babel:exports Found assignment to module.exports or exports at 8
build	Build iOS Locally on Free Cloud Mac	2026-08-23T00:25:00.4172240Z [EAGER_BUNDLE] | 2026-08-23T00:25:00.416Z expo:babel:exports Found assignment to module.exports or exports at 1
build	Build iOS Locally on Free Cloud Mac	2026-08-23T00:25:00.4274290Z [EAGER_BUNDLE] | 2026-08-23T00:25:00.393Z expo:babel:exports Found assignment to module.exports or exports at 8
build	Build iOS Locally on Free Cloud Mac	2026-08-23T00:25:00.4357040Z [EAGER_BUNDLE] | 2026-08-23T00:25:00.399Z expo:babel:exports Found assignment to module.exports or exports at 12
build	Build iOS Locally on Free Cloud Mac	2026-08-23T00:25:00.4358220Z [EAGER_BUNDLE] | 2026-08-23T00:25:00.403Z expo:babel:exports Found assignment to module.exports or exports at 6
build	Build iOS Locally on Free Cloud Mac	2026-08-23T00:25:00.4359250Z [EAGER_BUNDLE] | 2026-08-23T00:25:00.410Z expo:babel:exports Found assignment to module.exports or exports at 11
build	Build iOS Locally on Free Cloud Mac	2026-08-23T00:25:00.4393910Z [EAGER_BUNDLE] | 2026-08-23T00:25:00.420Z expo:babel:exports Found assignment to module.exports or exports at 2
build	Build iOS Locally on Free Cloud Mac	2026-08-23T00:25:00.4395210Z [EAGER_BUNDLE] | 2026-08-23T00:25:00.420Z expo:babel:exports Found assignment to module.exports or exports at 3
build	Build iOS Locally on Free Cloud Mac	2026-08-23T00:25:00.4396200Z [EAGER_BUNDLE] | 2026-08-23T00:25:00.423Z expo:babel:exports Found assignment to module.exports or exports at 6
build	Build iOS Locally on Free Cloud Mac	2026-08-23T00:25:00.4397290Z [EAGER_BUNDLE] | 2026-08-23T00:25:00.426Z expo:babel:exports Found assignment to module.exports or exports at 3
build	Build iOS Locally on Free Cloud Mac	2026-08-23T00:25:00.4398470Z [EAGER_BUNDLE] | 2026-08-23T00:25:00.429Z expo:babel:exports Found assignment to module.exports or exports at 6
build	Build iOS Locally on Free Cloud Mac	2026-08-23T00:25:00.4399470Z [EAGER_BUNDLE] | 2026-08-23T00:25:00.433Z expo:babel:exports Found assignment to module.exports or exports at 9
build	Build iOS Locally on Free Cloud Mac	2026-08-23T00:25:00.4400440Z [EAGER_BUNDLE] | 2026-08-23T00:25:00.428Z expo:babel:exports Found assignment to module.exports or exports at 9
build	Build iOS Locally on Free Cloud Mac	2026-08-23T00:25:00.4406940Z [EAGER_BUNDLE] | 2026-08-23T00:25:00.440Z expo:babel:exports Found assignment to module.exports or exports at 51
build	Build iOS Locally on Free Cloud Mac	2026-08-23T00:25:00.4457430Z [EAGER_BUNDLE] | 2026-08-23T00:25:00.445Z expo:babel:exports Found assignment to module.exports or exports at 22
build	Build iOS Locally on Free Cloud Mac	2026-08-23T00:25:00.4459610Z [EAGER_BUNDLE] | 2026-08-23T00:25:00.441Z expo:babel:exports Found assignment to module.exports or exports at 35
build	Build iOS Locally on Free Cloud Mac	2026-08-23T00:25:00.4494920Z [EAGER_BUNDLE] | 2026-08-23T00:25:00.448Z expo:babel:exports Found assignment to module.exports or exports at 5
build	Build iOS Locally on Free Cloud Mac	2026-08-23T00:25:00.4606530Z [EAGER_BUNDLE] | 2026-08-23T00:25:00.452Z expo:babel:exports Found assignment to module.exports or exports at 3
build	Build iOS Locally on Free Cloud Mac	2026-08-23T00:25:00.4708790Z [EAGER_BUNDLE] | 2026-08-23T00:25:00.454Z expo:babel:exports Found assignment to module.exports or exports at 1
build	Build iOS Locally on Free Cloud Mac	2026-08-23T00:25:00.4810450Z [EAGER_BUNDLE] | 2026-08-23T00:25:00.457Z expo:babel:exports Found assignment to module.exports or exports at 24
build	Build iOS Locally on Free Cloud Mac	2026-08-23T00:25:00.4913630Z [EAGER_BUNDLE] | 2026-08-23T00:25:00.461Z expo:babel:exports Found assignment to module.exports or exports at 10
build	Build iOS Locally on Free Cloud Mac	2026-08-23T00:25:00.5015260Z [EAGER_BUNDLE] | 2026-08-23T00:25:00.466Z expo:babel:exports Found assignment to module.exports or exports at 8
build	Build iOS Locally on Free Cloud Mac	2026-08-23T00:25:00.5118470Z [EAGER_BUNDLE] | 2026-08-23T00:25:00.468Z expo:babel:exports Found assignment to module.exports or exports at 1
build	Build iOS Locally on Free Cloud Mac	2026-08-23T00:25:00.5219000Z [EAGER_BUNDLE] | 2026-08-23T00:25:00.471Z expo:babel:exports Found assignment to module.exports or exports at 78
build	Build iOS Locally on Free Cloud Mac	2026-08-23T00:25:00.5326200Z [EAGER_BUNDLE] | 2026-08-23T00:25:00.475Z expo:babel:exports Found assignment to module.exports or exports at 1
build	Build iOS Locally on Free Cloud Mac	2026-08-23T00:25:00.5427860Z [EAGER_BUNDLE] | 2026-08-23T00:25:00.479Z expo:babel:exports Found assignment to module.exports or exports at 1
build	Build iOS Locally on Free Cloud Mac	2026-08-23T00:25:00.5529320Z [EAGER_BUNDLE] | 2026-08-23T00:25:00.481Z expo:babel:exports Found assignment to module.exports or exports at 9
build	Build iOS Locally on Free Cloud Mac	2026-08-23T00:25:00.5620670Z [EAGER_BUNDLE] | 2026-08-23T00:25:00.483Z expo:babel:exports Found assignment to module.exports or exports at 1
build	Build iOS Locally on Free Cloud Mac	2026-08-23T00:25:00.5621780Z [EAGER_BUNDLE] | 2026-08-23T00:25:00.485Z expo:babel:exports Found assignment to module.exports or exports at 74
build	Build iOS Locally on Free Cloud Mac	2026-08-23T00:25:00.5622700Z [EAGER_BUNDLE] | 2026-08-23T00:25:00.490Z expo:babel:exports Found assignment to module.exports or exports at 1
build	Build iOS Locally on Free Cloud Mac	2026-08-23T00:25:00.5623530Z [EAGER_BUNDLE] | 2026-08-23T00:25:00.491Z expo:babel:exports Found assignment to module.exports or exports at 1
build	Build iOS Locally on Free Cloud Mac	2026-08-23T00:25:00.5624420Z [EAGER_BUNDLE] | 2026-08-23T00:25:00.492Z expo:babel:exports Found assignment to module.exports or exports at 1
build	Build iOS Locally on Free Cloud Mac	2026-08-23T00:25:00.5625320Z [EAGER_BUNDLE] | 2026-08-23T00:25:00.494Z expo:babel:exports Found assignment to module.exports or exports at 1
build	Build iOS Locally on Free Cloud Mac	2026-08-23T00:25:00.5626130Z [EAGER_BUNDLE] | 2026-08-23T00:25:00.495Z expo:babel:exports Found assignment to module.exports or exports at 1
build	Build iOS Locally on Free Cloud Mac	2026-08-23T00:25:00.5631120Z [EAGER_BUNDLE] | 2026-08-23T00:25:00.497Z expo:babel:exports Found assignment to module.exports or exports at 1
build	Build iOS Locally on Free Cloud Mac	2026-08-23T00:25:00.5632280Z [EAGER_BUNDLE] | 2026-08-23T00:25:00.498Z expo:babel:exports Found assignment to module.exports or exports at 1
build	Build iOS Locally on Free Cloud Mac	2026-08-23T00:25:00.5633080Z [EAGER_BUNDLE] | 2026-08-23T00:25:00.448Z expo:babel:exports Found assignment to module.exports or exports at 1
build	Build iOS Locally on Free Cloud Mac	2026-08-23T00:25:00.5633880Z [EAGER_BUNDLE] | 2026-08-23T00:25:00.456Z expo:babel:exports Found assignment to module.exports or exports at 14
build	Build iOS Locally on Free Cloud Mac	2026-08-23T00:25:00.5634770Z [EAGER_BUNDLE] | 2026-08-23T00:25:00.477Z expo:babel:exports Found assignment to module.exports or exports at 144
build	Build iOS Locally on Free Cloud Mac	2026-08-23T00:25:00.5704140Z [EAGER_BUNDLE] | 2026-08-23T00:25:00.493Z expo:babel:exports Found assignment to module.exports or exports at 1
build	Build iOS Locally on Free Cloud Mac	2026-08-23T00:25:00.5705320Z [EAGER_BUNDLE] | 2026-08-23T00:25:00.497Z expo:babel:exports Found assignment to module.exports or exports at 1
build	Build iOS Locally on Free Cloud Mac	2026-08-23T00:25:00.5706130Z [EAGER_BUNDLE] | 2026-08-23T00:25:00.499Z expo:babel:exports Found assignment to module.exports or exports at 1
build	Build iOS Locally on Free Cloud Mac	2026-08-23T00:25:00.5707110Z [EAGER_BUNDLE] | 2026-08-23T00:25:00.500Z expo:babel:exports Found assignment to module.exports or exports at 1
build	Build iOS Locally on Free Cloud Mac	2026-08-23T00:25:00.5708010Z [EAGER_BUNDLE] | 2026-08-23T00:25:00.504Z expo:babel:exports Found assignment to module.exports or exports at 124
build	Build iOS Locally on Free Cloud Mac	2026-08-23T00:25:00.5708820Z [EAGER_BUNDLE] | 2026-08-23T00:25:00.509Z expo:babel:exports Found assignment to module.exports or exports at 7
build	Build iOS Locally on Free Cloud Mac	2026-08-23T00:25:00.5709620Z [EAGER_BUNDLE] | 2026-08-23T00:25:00.520Z expo:babel:exports Found assignment to module.exports or exports at 568
build	Build iOS Locally on Free Cloud Mac	2026-08-23T00:25:00.5710430Z [EAGER_BUNDLE] | 2026-08-23T00:25:00.501Z expo:babel:exports Found assignment to module.exports or exports at 1
build	Build iOS Locally on Free Cloud Mac	2026-08-23T00:25:00.5711230Z [EAGER_BUNDLE] | 2026-08-23T00:25:00.516Z expo:babel:exports Found assignment to module.exports or exports at 523
build	Build iOS Locally on Free Cloud Mac	2026-08-23T00:25:00.5712030Z [EAGER_BUNDLE] | 2026-08-23T00:25:00.533Z expo:babel:exports Found assignment to module.exports or exports at 113
build	Build iOS Locally on Free Cloud Mac	2026-08-23T00:25:00.5713070Z [EAGER_BUNDLE] | 2026-08-23T00:25:00.535Z expo:babel:exports Found assignment to module.exports or exports at 67
build	Build iOS Locally on Free Cloud Mac	2026-08-23T00:25:00.5713870Z [EAGER_BUNDLE] | 2026-08-23T00:25:00.539Z expo:babel:exports Found assignment to module.exports or exports at 74
build	Build iOS Locally on Free Cloud Mac	2026-08-23T00:25:00.5714670Z [EAGER_BUNDLE] | 2026-08-23T00:25:00.549Z expo:babel:exports Found assignment to module.exports or exports at 439
build	Build iOS Locally on Free Cloud Mac	2026-08-23T00:25:00.5715480Z [EAGER_BUNDLE] | 2026-08-23T00:25:00.553Z expo:babel:exports Found assignment to module.exports or exports at 633
build	Build iOS Locally on Free Cloud Mac	2026-08-23T00:25:00.5716330Z [EAGER_BUNDLE] | 2026-08-23T00:25:00.562Z expo:babel:exports Found assignment to module.exports or exports at 63
build	Build iOS Locally on Free Cloud Mac	2026-08-23T00:25:00.5717130Z [EAGER_BUNDLE] | 2026-08-23T00:25:00.568Z expo:babel:exports Found assignment to module.exports or exports at 143
build	Build iOS Locally on Free Cloud Mac	2026-08-23T00:25:00.5717920Z [EAGER_BUNDLE] | 2026-08-23T00:25:00.568Z expo:babel:exports Found assignment to module.exports or exports at 8
build	Build iOS Locally on Free Cloud Mac	2026-08-23T00:25:00.5768440Z [EAGER_BUNDLE] | 2026-08-23T00:25:00.573Z expo:babel:exports Found assignment to module.exports or exports at 3
build	Build iOS Locally on Free Cloud Mac	2026-08-23T00:25:00.5769610Z [EAGER_BUNDLE] | 2026-08-23T00:25:00.576Z expo:babel:exports Found assignment to module.exports or exports at 37
build	Build iOS Locally on Free Cloud Mac	2026-08-23T00:25:00.5821370Z [EAGER_BUNDLE] | 2026-08-23T00:25:00.578Z expo:babel:exports Found assignment to module.exports or exports at 5
build	Build iOS Locally on Free Cloud Mac	2026-08-23T00:25:00.5822420Z [EAGER_BUNDLE] | 2026-08-23T00:25:00.581Z expo:babel:exports Found assignment to module.exports or exports at 231
build	Build iOS Locally on Free Cloud Mac	2026-08-23T00:25:00.5826530Z [EAGER_BUNDLE] | 2026-08-23T00:25:00.582Z expo:babel:exports Found assignment to module.exports or exports at 91
build	Build iOS Locally on Free Cloud Mac	2026-08-23T00:25:00.5861380Z [EAGER_BUNDLE] | 2026-08-23T00:25:00.585Z expo:babel:exports Found assignment to module.exports or exports at 4
build	Build iOS Locally on Free Cloud Mac	2026-08-23T00:25:00.5901700Z [EAGER_BUNDLE] | 2026-08-23T00:25:00.589Z expo:babel:exports Found assignment to module.exports or exports at 231
build	Build iOS Locally on Free Cloud Mac	2026-08-23T00:25:00.6035040Z [EAGER_BUNDLE] | 2026-08-23T00:25:00.602Z expo:babel:exports Found assignment to module.exports or exports at 8
build	Build iOS Locally on Free Cloud Mac	2026-08-23T00:25:00.6061660Z [EAGER_BUNDLE] | 2026-08-23T00:25:00.605Z expo:babel:exports Found assignment to module.exports or exports at 3
build	Build iOS Locally on Free Cloud Mac	2026-08-23T00:25:00.6173610Z [EAGER_BUNDLE] | 2026-08-23T00:25:00.607Z expo:babel:exports Found assignment to module.exports or exports at 1
build	Build iOS Locally on Free Cloud Mac	2026-08-23T00:25:00.6184340Z [EAGER_BUNDLE] | 2026-08-23T00:25:00.608Z expo:babel:exports Found assignment to module.exports or exports at 3
build	Build iOS Locally on Free Cloud Mac	2026-08-23T00:25:00.6185260Z [EAGER_BUNDLE] | 2026-08-23T00:25:00.608Z expo:babel:exports Found assignment to module.exports or exports at 24
build	Build iOS Locally on Free Cloud Mac	2026-08-23T00:25:00.6186070Z [EAGER_BUNDLE] | 2026-08-23T00:25:00.610Z expo:babel:exports Found assignment to module.exports or exports at 3
build	Build iOS Locally on Free Cloud Mac	2026-08-23T00:25:00.6186940Z [EAGER_BUNDLE] | 2026-08-23T00:25:00.613Z expo:babel:exports Found assignment to module.exports or exports at 55
build	Build iOS Locally on Free Cloud Mac	2026-08-23T00:25:00.6191270Z [EAGER_BUNDLE] | 2026-08-23T00:25:00.618Z expo:babel:exports Found assignment to module.exports or exports at 81
build	Build iOS Locally on Free Cloud Mac	2026-08-23T00:25:00.6197540Z [EAGER_BUNDLE] | 2026-08-23T00:25:00.619Z expo:babel:exports Found assignment to module.exports or exports at 92
build	Build iOS Locally on Free Cloud Mac	2026-08-23T00:25:00.6307410Z [EAGER_BUNDLE] | 2026-08-23T00:25:00.630Z expo:babel:exports Found assignment to module.exports or exports at 425
build	Build iOS Locally on Free Cloud Mac	2026-08-23T00:25:00.6712330Z [EAGER_BUNDLE] | 2026-08-23T00:25:00.670Z expo:babel:exports Found assignment to module.exports or exports at 92
build	Build iOS Locally on Free Cloud Mac	2026-08-23T00:25:00.6926710Z [EAGER_BUNDLE] | 2026-08-23T00:25:00.680Z expo:babel:exports Found assignment to module.exports or exports at 27
build	Build iOS Locally on Free Cloud Mac	2026-08-23T00:25:00.7028640Z [EAGER_BUNDLE] | 2026-08-23T00:25:00.692Z expo:babel:exports Found assignment to module.exports or exports at 121
build	Build iOS Locally on Free Cloud Mac	2026-08-23T00:25:00.7168920Z [EAGER_BUNDLE] | 2026-08-23T00:25:00.698Z expo:babel:exports Found assignment to module.exports or exports at 79
build	Build iOS Locally on Free Cloud Mac	2026-08-23T00:25:00.7278770Z [EAGER_BUNDLE] | 2026-08-23T00:25:00.712Z expo:babel:exports Found assignment to module.exports or exports at 13
build	Build iOS Locally on Free Cloud Mac	2026-08-23T00:25:00.9444540Z [EAGER_BUNDLE] 2026-08-23T00:25:00.940Z expo:metro:config "@expo/metro-runtime" not found, this may cause issues
build	Build iOS Locally on Free Cloud Mac	2026-08-23T00:25:00.9548650Z [EAGER_BUNDLE] 2026-08-23T00:25:00.940Z expo:metro-config:serializer:env-var Skipping environment variable inlining in production environment in favor of babel-preset-expo inlining with source maps.
build	Build iOS Locally on Free Cloud Mac	2026-08-23T00:25:00.9650730Z [EAGER_BUNDLE] 2026-08-23T00:25:00.949Z expo:metro:config "@expo/metro-runtime" not found, this may cause issues
build	Build iOS Locally on Free Cloud Mac	2026-08-23T00:25:00.9774300Z [EAGER_BUNDLE] 2026-08-23T00:25:00.977Z expo:metro:config "@expo/metro-runtime" not found, this may cause issues
build	Build iOS Locally on Free Cloud Mac	2026-08-23T00:25:01.0105480Z [EAGER_BUNDLE] iOS Bundled 9075ms index.ts (1213 modules)
build	Build iOS Locally on Free Cloud Mac	2026-08-23T00:25:01.0106400Z [EAGER_BUNDLE] 2026-08-23T00:25:01.010Z expo:start:platforms:android:adbServer Stopping ADB server
build	Build iOS Locally on Free Cloud Mac	2026-08-23T00:25:01.0107120Z [EAGER_BUNDLE] 2026-08-23T00:25:01.010Z expo:start:platforms:android:adbServer ADB server is not running
build	Build iOS Locally on Free Cloud Mac	2026-08-23T00:25:01.0117420Z [EAGER_BUNDLE] Writing bundle output to: /var/folders/g3/pffjr_y96bq06blnkf72x_hw0000gn/T/uptmkxxgnyf/main.jsbundle
build	Build iOS Locally on Free Cloud Mac	2026-08-23T00:25:01.0200560Z [EAGER_BUNDLE] Copying 21 asset files
build	Build iOS Locally on Free Cloud Mac	2026-08-23T00:25:01.0204970Z [EAGER_BUNDLE] 2026-08-23T00:25:01.019Z expo:start:server:devServer Stopping dev server (bundler: metro)
build	Build iOS Locally on Free Cloud Mac	2026-08-23T00:25:01.0214490Z [EAGER_BUNDLE] 2026-08-23T00:25:01.020Z expo:start:server:devServer Stopped dev server (bundler: metro)
build	Build iOS Locally on Free Cloud Mac	2026-08-23T00:25:01.0272130Z [EAGER_BUNDLE] Done writing bundle output
build	Build iOS Locally on Free Cloud Mac	2026-08-23T00:25:01.0470900Z [EAGER_BUNDLE] 2026-08-23T00:25:01.046Z expo:utils:exit process is trying to exit, but is stuck on unexpected active resources: [ 'FSReqCallback', 'FSReqCallback', 'FSReqCallback' ]
build	Build iOS Locally on Free Cloud Mac	2026-08-23T00:25:01.0472090Z [EAGER_BUNDLE] 2026-08-23T00:25:01.046Z expo:telemetry Switching strategy from instant to detached
build	Build iOS Locally on Free Cloud Mac	2026-08-23T00:25:01.0472940Z [EAGER_BUNDLE] 2026-08-23T00:25:01.047Z expo:telemetry:client:detached No records to flush, skipping...
build	Build iOS Locally on Free Cloud Mac	2026-08-23T00:25:01.1859860Z [RUN_FASTLANE] Creating Gymfile
build	Build iOS Locally on Free Cloud Mac	2026-08-23T00:25:01.1878090Z [RUN_FASTLANE] Gymfile created
build	Build iOS Locally on Free Cloud Mac	2026-08-23T00:25:02.8003660Z [RUN_FASTLANE] Successfully loaded '/private/var/folders/g3/pffjr_y96bq06blnkf72x_hw0000gn/T/eas-build-local-nodejs/8b92a6e8-638b-44a7-86ed-dccce4fa23af/build/ios/Gymfile' 📄
build	Build iOS Locally on Free Cloud Mac	2026-08-23T00:25:02.8015890Z [RUN_FASTLANE] 
build	Build iOS Locally on Free Cloud Mac	2026-08-23T00:25:02.8016850Z [RUN_FASTLANE] +---------------------------------------------------------------------------------------------------------------------------------------------------------------------+
build	Build iOS Locally on Free Cloud Mac	2026-08-23T00:25:02.8017950Z [RUN_FASTLANE] |                                                                  Detected Values from './Gymfile'                                                                   |
build	Build iOS Locally on Free Cloud Mac	2026-08-23T00:25:02.8018880Z [RUN_FASTLANE] +-----------------------+---------------------------------------------------------------------------------------------------------------------------------------------+
build	Build iOS Locally on Free Cloud Mac	2026-08-23T00:25:02.8019820Z [RUN_FASTLANE] | suppress_xcode_output | true                                                                                                                                        |
build	Build iOS Locally on Free Cloud Mac	2026-08-23T00:25:02.8024210Z [RUN_FASTLANE] | clean                 | false                                                                                                                                       |
build	Build iOS Locally on Free Cloud Mac	2026-08-23T00:25:02.8027300Z [RUN_FASTLANE] | scheme                | Hence                                                                                                                                       |
build	Build iOS Locally on Free Cloud Mac	2026-08-23T00:25:02.8028210Z [RUN_FASTLANE] | configuration         | Release                                                                                                                                     |
build	Build iOS Locally on Free Cloud Mac	2026-08-23T00:25:02.8029040Z [RUN_FASTLANE] | export_options        |                                                                                                                                             |
build	Build iOS Locally on Free Cloud Mac	2026-08-23T00:25:02.8039350Z [RUN_FASTLANE] | export_xcargs         | OTHER_CODE_SIGN_FLAGS="--keychain /var/folders/g3/pffjr_y96bq06blnkf72x_hw0000gn/T/eas-build-1867fc3b-6675-4072-b465-65b600fe610c.keychain" |
build	Build iOS Locally on Free Cloud Mac	2026-08-23T00:25:02.8040560Z [RUN_FASTLANE] | disable_xcpretty      | true                                                                                                                                        |
build	Build iOS Locally on Free Cloud Mac	2026-08-23T00:25:02.8045130Z [RUN_FASTLANE] | buildlog_path         | /var/folders/g3/pffjr_y96bq06blnkf72x_hw0000gn/T/eas-build-local-nodejs/8b92a6e8-638b-44a7-86ed-dccce4fa23af/logs                           |
build	Build iOS Locally on Free Cloud Mac	2026-08-23T00:25:02.8048350Z [RUN_FASTLANE] | derived_data_path     | ./build                                                                                                                                     |
build	Build iOS Locally on Free Cloud Mac	2026-08-23T00:25:02.8049200Z [RUN_FASTLANE] | result_bundle         | true                                                                                                                                        |
build	Build iOS Locally on Free Cloud Mac	2026-08-23T00:25:02.8053650Z [RUN_FASTLANE] | result_bundle_path    | /var/folders/g3/pffjr_y96bq06blnkf72x_hw0000gn/T/result-bundle-1787444701185.xcresult                                                       |
build	Build iOS Locally on Free Cloud Mac	2026-08-23T00:25:02.8054650Z [RUN_FASTLANE] | output_directory      | ./build                                                                                                                                     |
build	Build iOS Locally on Free Cloud Mac	2026-08-23T00:25:02.8055540Z [RUN_FASTLANE] +-----------------------+---------------------------------------------------------------------------------------------------------------------------------------------+
build	Build iOS Locally on Free Cloud Mac	2026-08-23T00:25:02.8318110Z [RUN_FASTLANE] Resolving Swift Package Manager dependencies...
build	Build iOS Locally on Free Cloud Mac	2026-08-23T00:25:02.8319210Z [RUN_FASTLANE] $ xcodebuild -resolvePackageDependencies -workspace ./Hence.xcworkspace -scheme Hence -configuration Release -derivedDataPath ./build
build	Build iOS Locally on Free Cloud Mac	2026-08-23T00:25:04.8486870Z [RUN_FASTLANE] ▸ Command line invocation:
build	Build iOS Locally on Free Cloud Mac	2026-08-23T00:25:04.8488610Z [RUN_FASTLANE] ▸     /Applications/Xcode_16.1.app/Contents/Developer/usr/bin/xcodebuild -resolvePackageDependencies -workspace ./Hence.xcworkspace -scheme Hence -configuration Release -derivedDataPath ./build
build	Build iOS Locally on Free Cloud Mac	2026-08-23T00:25:04.8489540Z [RUN_FASTLANE] ▸ User defaults from command line:
build	Build iOS Locally on Free Cloud Mac	2026-08-23T00:25:04.8490810Z [RUN_FASTLANE] ▸     IDEDerivedDataPathOverride = /var/folders/g3/pffjr_y96bq06blnkf72x_hw0000gn/T/eas-build-local-nodejs/8b92a6e8-638b-44a7-86ed-dccce4fa23af/build/ios/build
build	Build iOS Locally on Free Cloud Mac	2026-08-23T00:25:04.8491610Z [RUN_FASTLANE] ▸     IDEPackageSupportUseBuiltinSCM = YES
build	Build iOS Locally on Free Cloud Mac	2026-08-23T00:25:08.5818460Z [RUN_FASTLANE] ▸ resolved source packages:
build	Build iOS Locally on Free Cloud Mac	2026-08-23T00:25:08.6119200Z [RUN_FASTLANE] $ xcodebuild -showBuildSettings -workspace ./Hence.xcworkspace -scheme Hence -configuration Release -derivedDataPath ./build 2>&1
build	Build iOS Locally on Free Cloud Mac	2026-08-23T00:25:11.7578310Z [RUN_FASTLANE] Command timed out after 3 seconds on try 1 of 4, trying again with a 6 second timeout...
build	Build iOS Locally on Free Cloud Mac	2026-08-23T00:25:15.3289010Z [RUN_FASTLANE] Detected provisioning profile mapping: {:"com.hence.oyedotun"=>"a5be180e-27c1-4df2-8c3f-f7ef68ba9785"}
build	Build iOS Locally on Free Cloud Mac	2026-08-23T00:25:15.3450240Z [RUN_FASTLANE] 
build	Build iOS Locally on Free Cloud Mac	2026-08-23T00:25:15.3468460Z [RUN_FASTLANE] +------------------------------------------------------------------------------------------------------------------------------------------------------------------------------------------------------+
build	Build iOS Locally on Free Cloud Mac	2026-08-23T00:25:15.3493140Z [RUN_FASTLANE] |                                                                                       Summary for gym 2.236.1                                                                                        |
build	Build iOS Locally on Free Cloud Mac	2026-08-23T00:25:15.3499620Z [RUN_FASTLANE] +--------------------------------------------------------+---------------------------------------------------------------------------------------------------------------------------------------------+
build	Build iOS Locally on Free Cloud Mac	2026-08-23T00:25:15.3500960Z [RUN_FASTLANE] | workspace                                              | ./Hence.xcworkspace                                                                                                                         |
build	Build iOS Locally on Free Cloud Mac	2026-08-23T00:25:15.3509650Z [RUN_FASTLANE] | scheme                                                 | Hence                                                                                                                                       |
build	Build iOS Locally on Free Cloud Mac	2026-08-23T00:25:15.3511320Z [RUN_FASTLANE] | clean                                                  | false                                                                                                                                       |
build	Build iOS Locally on Free Cloud Mac	2026-08-23T00:25:15.3512500Z [RUN_FASTLANE] | output_directory                                       | ./build                                                                                                                                     |
build	Build iOS Locally on Free Cloud Mac	2026-08-23T00:25:15.3521230Z [RUN_FASTLANE] | output_name                                            | Hence                                                                                                                                       |
build	Build iOS Locally on Free Cloud Mac	2026-08-23T00:25:15.3532450Z [RUN_FASTLANE] | configuration                                          | Release                                                                                                                                     |
build	Build iOS Locally on Free Cloud Mac	2026-08-23T00:25:15.3535850Z [RUN_FASTLANE] | silent                                                 | false                                                                                                                                       |
build	Build iOS Locally on Free Cloud Mac	2026-08-23T00:25:15.3539260Z [RUN_FASTLANE] | skip_package_ipa                                       | false                                                                                                                                       |
build	Build iOS Locally on Free Cloud Mac	2026-08-23T00:25:15.3541070Z [RUN_FASTLANE] | skip_package_pkg                                       | false                                                                                                                                       |
build	Build iOS Locally on Free Cloud Mac	2026-08-23T00:25:15.3549520Z [RUN_FASTLANE] | export_options.method                                  | app-store                                                                                                                                   |
build	Build iOS Locally on Free Cloud Mac	2026-08-23T00:25:15.3550800Z [RUN_FASTLANE] | export_options.provisioningProfiles.com.hence.oyedotun | a5be180e-27c1-4df2-8c3f-f7ef68ba9785                                                                                                        |
build	Build iOS Locally on Free Cloud Mac	2026-08-23T00:25:15.3552110Z [RUN_FASTLANE] | export_xcargs                                          | OTHER_CODE_SIGN_FLAGS="--keychain /var/folders/g3/pffjr_y96bq06blnkf72x_hw0000gn/T/eas-build-1867fc3b-6675-4072-b465-65b600fe610c.keychain" |
build	Build iOS Locally on Free Cloud Mac	2026-08-23T00:25:15.3553500Z [RUN_FASTLANE] | build_path                                             | /Users/runner/Library/Developer/Xcode/Archives/2026-08-23                                                                                   |
build	Build iOS Locally on Free Cloud Mac	2026-08-23T00:25:15.3554690Z [RUN_FASTLANE] | derived_data_path                                      | ./build                                                                                                                                     |
build	Build iOS Locally on Free Cloud Mac	2026-08-23T00:25:15.3555750Z [RUN_FASTLANE] | result_bundle                                          | true                                                                                                                                        |
build	Build iOS Locally on Free Cloud Mac	2026-08-23T00:25:15.3556980Z [RUN_FASTLANE] | result_bundle_path                                     | /var/folders/g3/pffjr_y96bq06blnkf72x_hw0000gn/T/result-bundle-1787444701185.xcresult                                                       |
build	Build iOS Locally on Free Cloud Mac	2026-08-23T00:25:15.3558390Z [RUN_FASTLANE] | buildlog_path                                          | /var/folders/g3/pffjr_y96bq06blnkf72x_hw0000gn/T/eas-build-local-nodejs/8b92a6e8-638b-44a7-86ed-dccce4fa23af/logs                           |
build	Build iOS Locally on Free Cloud Mac	2026-08-23T00:25:15.3560060Z [RUN_FASTLANE] | destination                                            | generic/platform=iOS                                                                                                                        |
build	Build iOS Locally on Free Cloud Mac	2026-08-23T00:25:15.3568150Z [RUN_FASTLANE] | suppress_xcode_output                                  | true                                                                                                                                        |
build	Build iOS Locally on Free Cloud Mac	2026-08-23T00:25:15.3569340Z [RUN_FASTLANE] | xcodebuild_formatter                                   | xcbeautify                                                                                                                                  |
build	Build iOS Locally on Free Cloud Mac	2026-08-23T00:25:15.3570440Z [RUN_FASTLANE] | build_timing_summary                                   | false                                                                                                                                       |
build	Build iOS Locally on Free Cloud Mac	2026-08-23T00:25:15.3571610Z [RUN_FASTLANE] | disable_xcpretty                                       | true                                                                                                                                        |
build	Build iOS Locally on Free Cloud Mac	2026-08-23T00:25:15.3572770Z [RUN_FASTLANE] | skip_profile_detection                                 | false                                                                                                                                       |
build	Build iOS Locally on Free Cloud Mac	2026-08-23T00:25:15.3573870Z [RUN_FASTLANE] | xcodebuild_command                                     | xcodebuild                                                                                                                                  |
build	Build iOS Locally on Free Cloud Mac	2026-08-23T00:25:15.3575040Z [RUN_FASTLANE] | skip_package_dependencies_resolution                   | false                                                                                                                                       |
build	Build iOS Locally on Free Cloud Mac	2026-08-23T00:25:15.3577310Z [RUN_FASTLANE] | disable_package_automatic_updates                      | false                                                                                                                                       |
build	Build iOS Locally on Free Cloud Mac	2026-08-23T00:25:15.3578930Z [RUN_FASTLANE] | skip_package_repository_fetches                        | false                                                                                                                                       |
build	Build iOS Locally on Free Cloud Mac	2026-08-23T00:25:15.3580030Z [RUN_FASTLANE] | use_system_scm                                         | false                                                                                                                                       |
build	Build iOS Locally on Free Cloud Mac	2026-08-23T00:25:15.3581030Z [RUN_FASTLANE] | generate_appstore_info                                 | false                                                                                                                                       |
build	Build iOS Locally on Free Cloud Mac	2026-08-23T00:25:15.3582320Z [RUN_FASTLANE] | xcode_path                                             | /Applications/Xcode_16.1.app                                                                                                                |
build	Build iOS Locally on Free Cloud Mac	2026-08-23T00:25:15.3583580Z [RUN_FASTLANE] +--------------------------------------------------------+---------------------------------------------------------------------------------------------------------------------------------------------+
build	Build iOS Locally on Free Cloud Mac	2026-08-23T00:25:15.3586850Z [RUN_FASTLANE] $ set -o pipefail && xcodebuild -workspace ./Hence.xcworkspace -scheme Hence -configuration Release -derivedDataPath ./build -destination 'generic/platform=iOS' -archivePath /Users/runner/Library/Developer/Xcode/Archives/2026-08-23/Hence\ 2026-08-23\ 00.25.15.xcarchive -resultBundlePath '/var/folders/g3/pffjr_y96bq06blnkf72x_hw0000gn/T/result-bundle-1787444701185.xcresult' archive | tee /var/folders/g3/pffjr_y96bq06blnkf72x_hw0000gn/T/eas-build-local-nodejs/8b92a6e8-638b-44a7-86ed-dccce4fa23af/logs/Hence-Hence.log > /dev/null
build	Build iOS Locally on Free Cloud Mac	2026-08-23T00:25:27.8217020Z [RUN_FASTLANE] › Executing react-native Pods/hermes-engine » [CP-User] [Hermes] Replace Hermes for the right configuration, if needed
build	Build iOS Locally on Free Cloud Mac	2026-08-23T00:25:27.8432050Z [RUN_FASTLANE] › Executing react-native Pods/ReactNativeDependencies » [CP-User] [RNDeps] Replace React Native Dependencies for the right configuration, if needed
build	Build iOS Locally on Free Cloud Mac	2026-08-23T00:25:27.9821040Z [RUN_FASTLANE] › Executing react-native Pods/hermes-engine » [CP] Copy XCFrameworks
build	Build iOS Locally on Free Cloud Mac	2026-08-23T00:25:33.2654690Z [RUN_FASTLANE] › Preparing Pods/expo-dev-menu-EXDevMenu » ResourceBundle-EXDevMenu-expo-dev-menu-Info.plist
build	Build iOS Locally on Free Cloud Mac	2026-08-23T00:25:33.2754060Z [RUN_FASTLANE] › Creating  Pods/expo-dev-menu-EXDevMenu » EXDevMenu.bundle
build	Build iOS Locally on Free Cloud Mac	2026-08-23T00:25:33.2855920Z [RUN_FASTLANE] › Preparing Pods/expo-dev-launcher-EXDevLauncher » ResourceBundle-EXDevLauncher-expo-dev-launcher-Info.plist
build	Build iOS Locally on Free Cloud Mac	2026-08-23T00:25:33.2957990Z [RUN_FASTLANE] › Executing react-native Pods/ReactNativeDependencies » [CP] Copy XCFrameworks
build	Build iOS Locally on Free Cloud Mac	2026-08-23T00:25:40.6398770Z [RUN_FASTLANE] › Compiling unimodules-app-loader Pods/UMAppLoader » UMAppLoaderProvider.m
build	Build iOS Locally on Free Cloud Mac	2026-08-23T00:25:40.6500710Z [RUN_FASTLANE] › Compiling unimodules-app-loader Pods/UMAppLoader » UMAppLoader-dummy.m
build	Build iOS Locally on Free Cloud Mac	2026-08-23T00:25:40.7610030Z [RUN_FASTLANE] › Compiling expo-dev-menu-interface Pods/expo-dev-menu-interface » expo-dev-menu-interface-dummy.m
build	Build iOS Locally on Free Cloud Mac	2026-08-23T00:25:40.7714690Z [RUN_FASTLANE] › Packaging unimodules-app-loader Pods/UMAppLoader » libUMAppLoader.a
build	Build iOS Locally on Free Cloud Mac	2026-08-23T00:25:40.7817000Z [RUN_FASTLANE] › Packaging expo-dev-menu-interface Pods/expo-dev-menu-interface » libexpo-dev-menu-interface.a
build	Build iOS Locally on Free Cloud Mac	2026-08-23T00:25:40.7919310Z [RUN_FASTLANE] › Executing expo-dev-menu-interface Pods/expo-dev-menu-interface » Copy generated compatibility header
build	Build iOS Locally on Free Cloud Mac	2026-08-23T00:25:40.8019700Z [RUN_FASTLANE] › Creating  Pods/expo-dev-launcher-EXDevLauncher » EXDevLauncher.bundle
build	Build iOS Locally on Free Cloud Mac	2026-08-23T00:25:40.8123560Z [RUN_FASTLANE] › Copying   ios/build/Build/Intermediates.noindex/ArchiveIntermediates/Hence/IntermediateBuildFilesPath/UninstalledProducts/iphoneos/StripeUICoreBundle.bundle/zh-Hant.lproj ➜ ../../../../../var/folders/g3/pffjr_y96bq06blnkf72x_hw0000gn/T/eas-build-local-nodejs/8b92a6e8-638b-44a7-86ed-dccce4fa23af/build/ios/Pods/StripeUICore/StripeUICore/StripeUICore/Resources/Localizations/zh-Hant.lproj
build	Build iOS Locally on Free Cloud Mac	2026-08-23T00:25:40.8225710Z [RUN_FASTLANE] › Copying   ios/build/Build/Intermediates.noindex/ArchiveIntermediates/Hence/IntermediateBuildFilesPath/UninstalledProducts/iphoneos/StripeUICoreBundle.bundle/zh-Hans.lproj ➜ ../../../../../var/folders/g3/pffjr_y96bq06blnkf72x_hw0000gn/T/eas-build-local-nodejs/8b92a6e8-638b-44a7-86ed-dccce4fa23af/build/ios/Pods/StripeUICore/StripeUICore/StripeUICore/Resources/Localizations/zh-Hans.lproj
build	Build iOS Locally on Free Cloud Mac	2026-08-23T00:25:40.8330180Z [RUN_FASTLANE] › Copying   ios/build/Build/Intermediates.noindex/ArchiveIntermediates/Hence/IntermediateBuildFilesPath/UninstalledProducts/iphoneos/StripeUICoreBundle.bundle/zh-HK.lproj ➜ ../../../../../var/folders/g3/pffjr_y96bq06blnkf72x_hw0000gn/T/eas-build-local-nodejs/8b92a6e8-638b-44a7-86ed-dccce4fa23af/build/ios/Pods/StripeUICore/StripeUICore/StripeUICore/Resources/Localizations/zh-HK.lproj
build	Build iOS Locally on Free Cloud Mac	2026-08-23T00:25:40.8434570Z [RUN_FASTLANE] › Copying   ios/build/Build/Intermediates.noindex/ArchiveIntermediates/Hence/IntermediateBuildFilesPath/UninstalledProducts/iphoneos/StripeUICoreBundle.bundle/vi.lproj ➜ ../../../../../var/folders/g3/pffjr_y96bq06blnkf72x_hw0000gn/T/eas-build-local-nodejs/8b92a6e8-638b-44a7-86ed-dccce4fa23af/build/ios/Pods/StripeUICore/StripeUICore/StripeUICore/Resources/Localizations/vi.lproj
build	Build iOS Locally on Free Cloud Mac	2026-08-23T00:25:40.8538620Z [RUN_FASTLANE] › Copying   ios/build/Build/Intermediates.noindex/ArchiveIntermediates/Hence/IntermediateBuildFilesPath/UninstalledProducts/iphoneos/StripeUICoreBundle.bundle/tr.lproj ➜ ../../../../../var/folders/g3/pffjr_y96bq06blnkf72x_hw0000gn/T/eas-build-local-nodejs/8b92a6e8-638b-44a7-86ed-dccce4fa23af/build/ios/Pods/StripeUICore/StripeUICore/StripeUICore/Resources/Localizations/tr.lproj
build	Build iOS Locally on Free Cloud Mac	2026-08-23T00:25:40.8644890Z [RUN_FASTLANE] › Copying   ios/build/Build/Intermediates.noindex/ArchiveIntermediates/Hence/IntermediateBuildFilesPath/UninstalledProducts/iphoneos/StripeUICoreBundle.bundle/th.lproj ➜ ../../../../../var/folders/g3/pffjr_y96bq06blnkf72x_hw0000gn/T/eas-build-local-nodejs/8b92a6e8-638b-44a7-86ed-dccce4fa23af/build/ios/Pods/StripeUICore/StripeUICore/StripeUICore/Resources/Localizations/th.lproj
build	Build iOS Locally on Free Cloud Mac	2026-08-23T00:25:40.8744420Z [RUN_FASTLANE] › Copying   ios/build/Build/Intermediates.noindex/ArchiveIntermediates/Hence/IntermediateBuildFilesPath/UninstalledProducts/iphoneos/StripeUICoreBundle.bundle/sv.lproj ➜ ../../../../../var/folders/g3/pffjr_y96bq06blnkf72x_hw0000gn/T/eas-build-local-nodejs/8b92a6e8-638b-44a7-86ed-dccce4fa23af/build/ios/Pods/StripeUICore/StripeUICore/StripeUICore/Resources/Localizations/sv.lproj
build	Build iOS Locally on Free Cloud Mac	2026-08-23T00:25:40.8851160Z [RUN_FASTLANE] › Copying   ios/build/Build/Intermediates.noindex/ArchiveIntermediates/Hence/IntermediateBuildFilesPath/UninstalledProducts/iphoneos/StripeUICoreBundle.bundle/sl-SI.lproj ➜ ../../../../../var/folders/g3/pffjr_y96bq06blnkf72x_hw0000gn/T/eas-build-local-nodejs/8b92a6e8-638b-44a7-86ed-dccce4fa23af/build/ios/Pods/StripeUICore/StripeUICore/StripeUICore/Resources/Localizations/sl-SI.lproj
build	Build iOS Locally on Free Cloud Mac	2026-08-23T00:25:40.8955380Z [RUN_FASTLANE] › Copying   ios/build/Build/Intermediates.noindex/ArchiveIntermediates/Hence/IntermediateBuildFilesPath/UninstalledProducts/iphoneos/StripeUICoreBundle.bundle/sk-SK.lproj ➜ ../../../../../var/folders/g3/pffjr_y96bq06blnkf72x_hw0000gn/T/eas-build-local-nodejs/8b92a6e8-638b-44a7-86ed-dccce4fa23af/build/ios/Pods/StripeUICore/StripeUICore/StripeUICore/Resources/Localizations/sk-SK.lproj
build	Build iOS Locally on Free Cloud Mac	2026-08-23T00:25:40.9060710Z [RUN_FASTLANE] › Copying   ios/build/Build/Intermediates.noindex/ArchiveIntermediates/Hence/IntermediateBuildFilesPath/UninstalledProducts/iphoneos/StripeUICoreBundle.bundle/ru.lproj ➜ ../../../../../var/folders/g3/pffjr_y96bq06blnkf72x_hw0000gn/T/eas-build-local-nodejs/8b92a6e8-638b-44a7-86ed-dccce4fa23af/build/ios/Pods/StripeUICore/StripeUICore/StripeUICore/Resources/Localizations/ru.lproj
build	Build iOS Locally on Free Cloud Mac	2026-08-23T00:25:40.9162010Z [RUN_FASTLANE] › Copying   ios/build/Build/Intermediates.noindex/ArchiveIntermediates/Hence/IntermediateBuildFilesPath/UninstalledProducts/iphoneos/StripeUICoreBundle.bundle/ro-RO.lproj ➜ ../../../../../var/folders/g3/pffjr_y96bq06blnkf72x_hw0000gn/T/eas-build-local-nodejs/8b92a6e8-638b-44a7-86ed-dccce4fa23af/build/ios/Pods/StripeUICore/StripeUICore/StripeUICore/Resources/Localizations/ro-RO.lproj
build	Build iOS Locally on Free Cloud Mac	2026-08-23T00:25:40.9262520Z [RUN_FASTLANE] › Copying   ios/build/Build/Intermediates.noindex/ArchiveIntermediates/Hence/IntermediateBuildFilesPath/UninstalledProducts/iphoneos/StripeUICoreBundle.bundle/pt-PT.lproj ➜ ../../../../../var/folders/g3/pffjr_y96bq06blnkf72x_hw0000gn/T/eas-build-local-nodejs/8b92a6e8-638b-44a7-86ed-dccce4fa23af/build/ios/Pods/StripeUICore/StripeUICore/StripeUICore/Resources/Localizations/pt-PT.lproj
build	Build iOS Locally on Free Cloud Mac	2026-08-23T00:25:40.9363430Z [RUN_FASTLANE] › Copying   ios/build/Build/Intermediates.noindex/ArchiveIntermediates/Hence/IntermediateBuildFilesPath/UninstalledProducts/iphoneos/StripeUICoreBundle.bundle/pt-BR.lproj ➜ ../../../../../var/folders/g3/pffjr_y96bq06blnkf72x_hw0000gn/T/eas-build-local-nodejs/8b92a6e8-638b-44a7-86ed-dccce4fa23af/build/ios/Pods/StripeUICore/StripeUICore/StripeUICore/Resources/Localizations/pt-BR.lproj
build	Build iOS Locally on Free Cloud Mac	2026-08-23T00:25:40.9467800Z [RUN_FASTLANE] › Copying   ios/build/Build/Intermediates.noindex/ArchiveIntermediates/Hence/IntermediateBuildFilesPath/UninstalledProducts/iphoneos/StripeUICoreBundle.bundle/pl-PL.lproj ➜ ../../../../../var/folders/g3/pffjr_y96bq06blnkf72x_hw0000gn/T/eas-build-local-nodejs/8b92a6e8-638b-44a7-86ed-dccce4fa23af/build/ios/Pods/StripeUICore/StripeUICore/StripeUICore/Resources/Localizations/pl-PL.lproj
build	Build iOS Locally on Free Cloud Mac	2026-08-23T00:25:40.9579050Z [RUN_FASTLANE] › Copying   ios/build/Build/Intermediates.noindex/ArchiveIntermediates/Hence/IntermediateBuildFilesPath/UninstalledProducts/iphoneos/StripeUICoreBundle.bundle/nl.lproj ➜ ../../../../../var/folders/g3/pffjr_y96bq06blnkf72x_hw0000gn/T/eas-build-local-nodejs/8b92a6e8-638b-44a7-86ed-dccce4fa23af/build/ios/Pods/StripeUICore/StripeUICore/StripeUICore/Resources/Localizations/nl.lproj
build	Build iOS Locally on Free Cloud Mac	2026-08-23T00:25:40.9692150Z [RUN_FASTLANE] › Copying   ios/build/Build/Intermediates.noindex/ArchiveIntermediates/Hence/IntermediateBuildFilesPath/UninstalledProducts/iphoneos/StripeUICoreBundle.bundle/nb.lproj ➜ ../../../../../var/folders/g3/pffjr_y96bq06blnkf72x_hw0000gn/T/eas-build-local-nodejs/8b92a6e8-638b-44a7-86ed-dccce4fa23af/build/ios/Pods/StripeUICore/StripeUICore/StripeUICore/Resources/Localizations/nb.lproj
build	Build iOS Locally on Free Cloud Mac	2026-08-23T00:25:40.9795920Z [RUN_FASTLANE] › Copying   ios/build/Build/Intermediates.noindex/ArchiveIntermediates/Hence/IntermediateBuildFilesPath/UninstalledProducts/iphoneos/StripeUICoreBundle.bundle/mt.lproj ➜ ../../../../../var/folders/g3/pffjr_y96bq06blnkf72x_hw0000gn/T/eas-build-local-nodejs/8b92a6e8-638b-44a7-86ed-dccce4fa23af/build/ios/Pods/StripeUICore/StripeUICore/StripeUICore/Resources/Localizations/mt.lproj
build	Build iOS Locally on Free Cloud Mac	2026-08-23T00:25:40.9903210Z [RUN_FASTLANE] › Copying   ios/build/Build/Intermediates.noindex/ArchiveIntermediates/Hence/IntermediateBuildFilesPath/UninstalledProducts/iphoneos/StripeUICoreBundle.bundle/ms-MY.lproj ➜ ../../../../../var/folders/g3/pffjr_y96bq06blnkf72x_hw0000gn/T/eas-build-local-nodejs/8b92a6e8-638b-44a7-86ed-dccce4fa23af/build/ios/Pods/StripeUICore/StripeUICore/StripeUICore/Resources/Localizations/ms-MY.lproj
build	Build iOS Locally on Free Cloud Mac	2026-08-23T00:25:40.9999690Z [RUN_FASTLANE] › Copying   ios/build/Build/Intermediates.noindex/ArchiveIntermediates/Hence/IntermediateBuildFilesPath/UninstalledProducts/iphoneos/StripeUICoreBundle.bundle/lv-LV.lproj ➜ ../../../../../var/folders/g3/pffjr_y96bq06blnkf72x_hw0000gn/T/eas-build-local-nodejs/8b92a6e8-638b-44a7-86ed-dccce4fa23af/build/ios/Pods/StripeUICore/StripeUICore/StripeUICore/Resources/Localizations/lv-LV.lproj
build	Build iOS Locally on Free Cloud Mac	2026-08-23T00:25:41.0103820Z [RUN_FASTLANE] › Copying   ios/build/Build/Intermediates.noindex/ArchiveIntermediates/Hence/IntermediateBuildFilesPath/UninstalledProducts/iphoneos/StripeUICoreBundle.bundle/lt-LT.lproj ➜ ../../../../../var/folders/g3/pffjr_y96bq06blnkf72x_hw0000gn/T/eas-build-local-nodejs/8b92a6e8-638b-44a7-86ed-dccce4fa23af/build/ios/Pods/StripeUICore/StripeUICore/StripeUICore/Resources/Localizations/lt-LT.lproj
build	Build iOS Locally on Free Cloud Mac	2026-08-23T00:25:41.0215330Z [RUN_FASTLANE] › Copying   ios/build/Build/Intermediates.noindex/ArchiveIntermediates/Hence/IntermediateBuildFilesPath/UninstalledProducts/iphoneos/StripeUICoreBundle.bundle/localized_address_data.json ➜ ../../../../../var/folders/g3/pffjr_y96bq06blnkf72x_hw0000gn/T/eas-build-local-nodejs/8b92a6e8-638b-44a7-86ed-dccce4fa23af/build/ios/Pods/StripeUICore/StripeUICore/StripeUICore/Resources/JSON/localized_address_data.json
build	Build iOS Locally on Free Cloud Mac	2026-08-23T00:25:41.0319990Z [RUN_FASTLANE] › Copying   ios/build/Build/Intermediates.noindex/ArchiveIntermediates/Hence/IntermediateBuildFilesPath/UninstalledProducts/iphoneos/StripeUICoreBundle.bundle/ko.lproj ➜ ../../../../../var/folders/g3/pffjr_y96bq06blnkf72x_hw0000gn/T/eas-build-local-nodejs/8b92a6e8-638b-44a7-86ed-dccce4fa23af/build/ios/Pods/StripeUICore/StripeUICore/StripeUICore/Resources/Localizations/ko.lproj
build	Build iOS Locally on Free Cloud Mac	2026-08-23T00:25:41.0422020Z [RUN_FASTLANE] › Copying   ios/build/Build/Intermediates.noindex/ArchiveIntermediates/Hence/IntermediateBuildFilesPath/UninstalledProducts/iphoneos/StripeUICoreBundle.bundle/ja.lproj ➜ ../../../../../var/folders/g3/pffjr_y96bq06blnkf72x_hw0000gn/T/eas-build-local-nodejs/8b92a6e8-638b-44a7-86ed-dccce4fa23af/build/ios/Pods/StripeUICore/StripeUICore/StripeUICore/Resources/Localizations/ja.lproj
build	Build iOS Locally on Free Cloud Mac	2026-08-23T00:25:41.0549030Z [RUN_FASTLANE] › Copying   ios/build/Build/Intermediates.noindex/ArchiveIntermediates/Hence/IntermediateBuildFilesPath/UninstalledProducts/iphoneos/StripeUICoreBundle.bundle/it.lproj ➜ ../../../../../var/folders/g3/pffjr_y96bq06blnkf72x_hw0000gn/T/eas-build-local-nodejs/8b92a6e8-638b-44a7-86ed-dccce4fa23af/build/ios/Pods/StripeUICore/StripeUICore/StripeUICore/Resources/Localizations/it.lproj
build	Build iOS Locally on Free Cloud Mac	2026-08-23T00:25:41.0657060Z [RUN_FASTLANE] › Copying   ios/build/Build/Intermediates.noindex/ArchiveIntermediates/Hence/IntermediateBuildFilesPath/UninstalledProducts/iphoneos/StripeUICoreBundle.bundle/id.lproj ➜ ../../../../../var/folders/g3/pffjr_y96bq06blnkf72x_hw0000gn/T/eas-build-local-nodejs/8b92a6e8-638b-44a7-86ed-dccce4fa23af/build/ios/Pods/StripeUICore/StripeUICore/StripeUICore/Resources/Localizations/id.lproj
build	Build iOS Locally on Free Cloud Mac	2026-08-23T00:25:41.0770920Z [RUN_FASTLANE] › Copying   ios/build/Build/Intermediates.noindex/ArchiveIntermediates/Hence/IntermediateBuildFilesPath/UninstalledProducts/iphoneos/StripeUICoreBundle.bundle/hu.lproj ➜ ../../../../../var/folders/g3/pffjr_y96bq06blnkf72x_hw0000gn/T/eas-build-local-nodejs/8b92a6e8-638b-44a7-86ed-dccce4fa23af/build/ios/Pods/StripeUICore/StripeUICore/StripeUICore/Resources/Localizations/hu.lproj
build	Build iOS Locally on Free Cloud Mac	2026-08-23T00:25:41.0886600Z [RUN_FASTLANE] › Copying   ios/build/Build/Intermediates.noindex/ArchiveIntermediates/Hence/IntermediateBuildFilesPath/UninstalledProducts/iphoneos/StripeUICoreBundle.bundle/hr.lproj ➜ ../../../../../var/folders/g3/pffjr_y96bq06blnkf72x_hw0000gn/T/eas-build-local-nodejs/8b92a6e8-638b-44a7-86ed-dccce4fa23af/build/ios/Pods/StripeUICore/StripeUICore/StripeUICore/Resources/Localizations/hr.lproj
build	Build iOS Locally on Free Cloud Mac	2026-08-23T00:25:41.0989720Z [RUN_FASTLANE] › Copying   ios/build/Build/Intermediates.noindex/ArchiveIntermediates/Hence/IntermediateBuildFilesPath/UninstalledProducts/iphoneos/StripeUICoreBundle.bundle/fr.lproj ➜ ../../../../../var/folders/g3/pffjr_y96bq06blnkf72x_hw0000gn/T/eas-build-local-nodejs/8b92a6e8-638b-44a7-86ed-dccce4fa23af/build/ios/Pods/StripeUICore/StripeUICore/StripeUICore/Resources/Localizations/fr.lproj
build	Build iOS Locally on Free Cloud Mac	2026-08-23T00:25:41.1098210Z [RUN_FASTLANE] › Copying   ios/build/Build/Intermediates.noindex/ArchiveIntermediates/Hence/IntermediateBuildFilesPath/UninstalledProducts/iphoneos/StripeUICoreBundle.bundle/fr-CA.lproj ➜ ../../../../../var/folders/g3/pffjr_y96bq06blnkf72x_hw0000gn/T/eas-build-local-nodejs/8b92a6e8-638b-44a7-86ed-dccce4fa23af/build/ios/Pods/StripeUICore/StripeUICore/StripeUICore/Resources/Localizations/fr-CA.lproj
build	Build iOS Locally on Free Cloud Mac	2026-08-23T00:25:41.1220410Z [RUN_FASTLANE] › Copying   ios/build/Build/Intermediates.noindex/ArchiveIntermediates/Hence/IntermediateBuildFilesPath/UninstalledProducts/iphoneos/StripeUICoreBundle.bundle/fil.lproj ➜ ../../../../../var/folders/g3/pffjr_y96bq06blnkf72x_hw0000gn/T/eas-build-local-nodejs/8b92a6e8-638b-44a7-86ed-dccce4fa23af/build/ios/Pods/StripeUICore/StripeUICore/StripeUICore/Resources/Localizations/fil.lproj
build	Build iOS Locally on Free Cloud Mac	2026-08-23T00:25:41.1323640Z [RUN_FASTLANE] › Copying   ios/build/Build/Intermediates.noindex/ArchiveIntermediates/Hence/IntermediateBuildFilesPath/UninstalledProducts/iphoneos/StripeUICoreBundle.bundle/fi.lproj ➜ ../../../../../var/folders/g3/pffjr_y96bq06blnkf72x_hw0000gn/T/eas-build-local-nodejs/8b92a6e8-638b-44a7-86ed-dccce4fa23af/build/ios/Pods/StripeUICore/StripeUICore/StripeUICore/Resources/Localizations/fi.lproj
build	Build iOS Locally on Free Cloud Mac	2026-08-23T00:25:41.1428660Z [RUN_FASTLANE] › Copying   ios/build/Build/Intermediates.noindex/ArchiveIntermediates/Hence/IntermediateBuildFilesPath/UninstalledProducts/iphoneos/StripeUICoreBundle.bundle/et-EE.lproj ➜ ../../../../../var/folders/g3/pffjr_y96bq06blnkf72x_hw0000gn/T/eas-build-local-nodejs/8b92a6e8-638b-44a7-86ed-dccce4fa23af/build/ios/Pods/StripeUICore/StripeUICore/StripeUICore/Resources/Localizations/et-EE.lproj
build	Build iOS Locally on Free Cloud Mac	2026-08-23T00:25:41.1528540Z [RUN_FASTLANE] › Copying   ios/build/Build/Intermediates.noindex/ArchiveIntermediates/Hence/IntermediateBuildFilesPath/UninstalledProducts/iphoneos/StripeUICoreBundle.bundle/es.lproj ➜ ../../../../../var/folders/g3/pffjr_y96bq06blnkf72x_hw0000gn/T/eas-build-local-nodejs/8b92a6e8-638b-44a7-86ed-dccce4fa23af/build/ios/Pods/StripeUICore/StripeUICore/StripeUICore/Resources/Localizations/es.lproj
build	Build iOS Locally on Free Cloud Mac	2026-08-23T00:25:41.1631850Z [RUN_FASTLANE] › Copying   ios/build/Build/Intermediates.noindex/ArchiveIntermediates/Hence/IntermediateBuildFilesPath/UninstalledProducts/iphoneos/StripeUICoreBundle.bundle/es-419.lproj ➜ ../../../../../var/folders/g3/pffjr_y96bq06blnkf72x_hw0000gn/T/eas-build-local-nodejs/8b92a6e8-638b-44a7-86ed-dccce4fa23af/build/ios/Pods/StripeUICore/StripeUICore/StripeUICore/Resources/Localizations/es-419.lproj
build	Build iOS Locally on Free Cloud Mac	2026-08-23T00:25:41.1735590Z [RUN_FASTLANE] › Copying   ios/build/Build/Intermediates.noindex/ArchiveIntermediates/Hence/IntermediateBuildFilesPath/UninstalledProducts/iphoneos/StripeUICoreBundle.bundle/en.lproj ➜ ../../../../../var/folders/g3/pffjr_y96bq06blnkf72x_hw0000gn/T/eas-build-local-nodejs/8b92a6e8-638b-44a7-86ed-dccce4fa23af/build/ios/Pods/StripeUICore/StripeUICore/StripeUICore/Resources/Localizations/en.lproj
build	Build iOS Locally on Free Cloud Mac	2026-08-23T00:25:41.1843560Z [RUN_FASTLANE] › Copying   ios/build/Build/Intermediates.noindex/ArchiveIntermediates/Hence/IntermediateBuildFilesPath/UninstalledProducts/iphoneos/StripeUICoreBundle.bundle/en-GB.lproj ➜ ../../../../../var/folders/g3/pffjr_y96bq06blnkf72x_hw0000gn/T/eas-build-local-nodejs/8b92a6e8-638b-44a7-86ed-dccce4fa23af/build/ios/Pods/StripeUICore/StripeUICore/StripeUICore/Resources/Localizations/en-GB.lproj
build	Build iOS Locally on Free Cloud Mac	2026-08-23T00:25:41.1848340Z [RUN_FASTLANE] › Copying   ios/build/Build/Intermediates.noindex/ArchiveIntermediates/Hence/IntermediateBuildFilesPath/UninstalledProducts/iphoneos/StripeUICoreBundle.bundle/el-GR.lproj ➜ ../../../../../var/folders/g3/pffjr_y96bq06blnkf72x_hw0000gn/T/eas-build-local-nodejs/8b92a6e8-638b-44a7-86ed-dccce4fa23af/build/ios/Pods/StripeUICore/StripeUICore/StripeUICore/Resources/Localizations/el-GR.lproj
build	Build iOS Locally on Free Cloud Mac	2026-08-23T00:25:41.1953880Z [RUN_FASTLANE] › Copying   ios/build/Build/Intermediates.noindex/ArchiveIntermediates/Hence/IntermediateBuildFilesPath/UninstalledProducts/iphoneos/StripeUICoreBundle.bundle/de.lproj ➜ ../../../../../var/folders/g3/pffjr_y96bq06blnkf72x_hw0000gn/T/eas-build-local-nodejs/8b92a6e8-638b-44a7-86ed-dccce4fa23af/build/ios/Pods/StripeUICore/StripeUICore/StripeUICore/Resources/Localizations/de.lproj
build	Build iOS Locally on Free Cloud Mac	2026-08-23T00:25:41.2060860Z [RUN_FASTLANE] › Copying   ios/build/Build/Intermediates.noindex/ArchiveIntermediates/Hence/IntermediateBuildFilesPath/UninstalledProducts/iphoneos/StripeUICoreBundle.bundle/da.lproj ➜ ../../../../../var/folders/g3/pffjr_y96bq06blnkf72x_hw0000gn/T/eas-build-local-nodejs/8b92a6e8-638b-44a7-86ed-dccce4fa23af/build/ios/Pods/StripeUICore/StripeUICore/StripeUICore/Resources/Localizations/da.lproj
build	Build iOS Locally on Free Cloud Mac	2026-08-23T00:25:41.2188960Z [RUN_FASTLANE] › Copying   ios/build/Build/Intermediates.noindex/ArchiveIntermediates/Hence/IntermediateBuildFilesPath/UninstalledProducts/iphoneos/StripeUICoreBundle.bundle/cs-CZ.lproj ➜ ../../../../../var/folders/g3/pffjr_y96bq06blnkf72x_hw0000gn/T/eas-build-local-nodejs/8b92a6e8-638b-44a7-86ed-dccce4fa23af/build/ios/Pods/StripeUICore/StripeUICore/StripeUICore/Resources/Localizations/cs-CZ.lproj
build	Build iOS Locally on Free Cloud Mac	2026-08-23T00:25:41.2294320Z [RUN_FASTLANE] › Copying   ios/build/Build/Intermediates.noindex/ArchiveIntermediates/Hence/IntermediateBuildFilesPath/UninstalledProducts/iphoneos/StripeUICoreBundle.bundle/ca-ES.lproj ➜ ../../../../../var/folders/g3/pffjr_y96bq06blnkf72x_hw0000gn/T/eas-build-local-nodejs/8b92a6e8-638b-44a7-86ed-dccce4fa23af/build/ios/Pods/StripeUICore/StripeUICore/StripeUICore/Resources/Localizations/ca-ES.lproj
build	Build iOS Locally on Free Cloud Mac	2026-08-23T00:25:41.2398600Z [RUN_FASTLANE] › Copying   ios/build/Build/Intermediates.noindex/ArchiveIntermediates/Hence/IntermediateBuildFilesPath/UninstalledProducts/iphoneos/StripeUICoreBundle.bundle/bg-BG.lproj ➜ ../../../../../var/folders/g3/pffjr_y96bq06blnkf72x_hw0000gn/T/eas-build-local-nodejs/8b92a6e8-638b-44a7-86ed-dccce4fa23af/build/ios/Pods/StripeUICore/StripeUICore/StripeUICore/Resources/Localizations/bg-BG.lproj
build	Build iOS Locally on Free Cloud Mac	2026-08-23T00:25:41.2502900Z [RUN_FASTLANE] › Copying   ios/build/Build/Intermediates.noindex/ArchiveIntermediates/Hence/IntermediateBuildFilesPath/UninstalledProducts/iphoneos/StripeUICoreBundle.bundle/au_becs_bsb.json ➜ ../../../../../var/folders/g3/pffjr_y96bq06blnkf72x_hw0000gn/T/eas-build-local-nodejs/8b92a6e8-638b-44a7-86ed-dccce4fa23af/build/ios/Pods/StripeUICore/StripeUICore/StripeUICore/Resources/JSON/au_becs_bsb.json
build	Build iOS Locally on Free Cloud Mac	2026-08-23T00:25:41.2595020Z [RUN_FASTLANE] › Copying   ios/build/Build/Intermediates.noindex/ArchiveIntermediates/Hence/IntermediateBuildFilesPath/UninstalledProducts/iphoneos/StripePaymentsUIBundle.bundle/zh-Hant.lproj ➜ ../../../../../var/folders/g3/pffjr_y96bq06blnkf72x_hw0000gn/T/eas-build-local-nodejs/8b92a6e8-638b-44a7-86ed-dccce4fa23af/build/ios/Pods/StripePaymentsUI/StripePaymentsUI/StripePaymentsUI/Resources/Localizations/zh-Hant.lproj
build	Build iOS Locally on Free Cloud Mac	2026-08-23T00:25:41.2699890Z [RUN_FASTLANE] › Copying   ios/build/Build/Intermediates.noindex/ArchiveIntermediates/Hence/IntermediateBuildFilesPath/UninstalledProducts/iphoneos/StripePaymentsUIBundle.bundle/zh-Hans.lproj ➜ ../../../../../var/folders/g3/pffjr_y96bq06blnkf72x_hw0000gn/T/eas-build-local-nodejs/8b92a6e8-638b-44a7-86ed-dccce4fa23af/build/ios/Pods/StripePaymentsUI/StripePaymentsUI/StripePaymentsUI/Resources/Localizations/zh-Hans.lproj
build	Build iOS Locally on Free Cloud Mac	2026-08-23T00:25:41.2804350Z [RUN_FASTLANE] › Copying   ios/build/Build/Intermediates.noindex/ArchiveIntermediates/Hence/IntermediateBuildFilesPath/UninstalledProducts/iphoneos/StripePaymentsUIBundle.bundle/zh-HK.lproj ➜ ../../../../../var/folders/g3/pffjr_y96bq06blnkf72x_hw0000gn/T/eas-build-local-nodejs/8b92a6e8-638b-44a7-86ed-dccce4fa23af/build/ios/Pods/StripePaymentsUI/StripePaymentsUI/StripePaymentsUI/Resources/Localizations/zh-HK.lproj
build	Build iOS Locally on Free Cloud Mac	2026-08-23T00:25:41.2907710Z [RUN_FASTLANE] › Copying   ios/build/Build/Intermediates.noindex/ArchiveIntermediates/Hence/IntermediateBuildFilesPath/UninstalledProducts/iphoneos/StripePaymentsUIBundle.bundle/vi.lproj ➜ ../../../../../var/folders/g3/pffjr_y96bq06blnkf72x_hw0000gn/T/eas-build-local-nodejs/8b92a6e8-638b-44a7-86ed-dccce4fa23af/build/ios/Pods/StripePaymentsUI/StripePaymentsUI/StripePaymentsUI/Resources/Localizations/vi.lproj
build	Build iOS Locally on Free Cloud Mac	2026-08-23T00:25:41.3009380Z [RUN_FASTLANE] › Copying   ios/build/Build/Intermediates.noindex/ArchiveIntermediates/Hence/IntermediateBuildFilesPath/UninstalledProducts/iphoneos/StripePaymentsUIBundle.bundle/tr.lproj ➜ ../../../../../var/folders/g3/pffjr_y96bq06blnkf72x_hw0000gn/T/eas-build-local-nodejs/8b92a6e8-638b-44a7-86ed-dccce4fa23af/build/ios/Pods/StripePaymentsUI/StripePaymentsUI/StripePaymentsUI/Resources/Localizations/tr.lproj
build	Build iOS Locally on Free Cloud Mac	2026-08-23T00:25:41.3121000Z [RUN_FASTLANE] › Copying   ios/build/Build/Intermediates.noindex/ArchiveIntermediates/Hence/IntermediateBuildFilesPath/UninstalledProducts/iphoneos/StripePaymentsUIBundle.bundle/tk.lproj ➜ ../../../../../var/folders/g3/pffjr_y96bq06blnkf72x_hw0000gn/T/eas-build-local-nodejs/8b92a6e8-638b-44a7-86ed-dccce4fa23af/build/ios/Pods/StripePaymentsUI/StripePaymentsUI/StripePaymentsUI/Resources/Localizations/tk.lproj
build	Build iOS Locally on Free Cloud Mac	2026-08-23T00:25:41.3253310Z [RUN_FASTLANE] › Copying   ios/build/Build/Intermediates.noindex/ArchiveIntermediates/Hence/IntermediateBuildFilesPath/UninstalledProducts/iphoneos/StripePaymentsUIBundle.bundle/th.lproj ➜ ../../../../../var/folders/g3/pffjr_y96bq06blnkf72x_hw0000gn/T/eas-build-local-nodejs/8b92a6e8-638b-44a7-86ed-dccce4fa23af/build/ios/Pods/StripePaymentsUI/StripePaymentsUI/StripePaymentsUI/Resources/Localizations/th.lproj
build	Build iOS Locally on Free Cloud Mac	2026-08-23T00:25:41.3360100Z [RUN_FASTLANE] › Copying   ios/build/Build/Intermediates.noindex/ArchiveIntermediates/Hence/IntermediateBuildFilesPath/UninstalledProducts/iphoneos/StripePaymentsUIBundle.bundle/sv.lproj ➜ ../../../../../var/folders/g3/pffjr_y96bq06blnkf72x_hw0000gn/T/eas-build-local-nodejs/8b92a6e8-638b-44a7-86ed-dccce4fa23af/build/ios/Pods/StripePaymentsUI/StripePaymentsUI/StripePaymentsUI/Resources/Localizations/sv.lproj
build	Build iOS Locally on Free Cloud Mac	2026-08-23T00:25:41.3467330Z [RUN_FASTLANE] › Copying   ios/build/Build/Intermediates.noindex/ArchiveIntermediates/Hence/IntermediateBuildFilesPath/UninstalledProducts/iphoneos/StripePaymentsUIBundle.bundle/sl-SI.lproj ➜ ../../../../../var/folders/g3/pffjr_y96bq06blnkf72x_hw0000gn/T/eas-build-local-nodejs/8b92a6e8-638b-44a7-86ed-dccce4fa23af/build/ios/Pods/StripePaymentsUI/StripePaymentsUI/StripePaymentsUI/Resources/Localizations/sl-SI.lproj
build	Build iOS Locally on Free Cloud Mac	2026-08-23T00:25:41.3572380Z [RUN_FASTLANE] › Copying   ios/build/Build/Intermediates.noindex/ArchiveIntermediates/Hence/IntermediateBuildFilesPath/UninstalledProducts/iphoneos/StripePaymentsUIBundle.bundle/sk-SK.lproj ➜ ../../../../../var/folders/g3/pffjr_y96bq06blnkf72x_hw0000gn/T/eas-build-local-nodejs/8b92a6e8-638b-44a7-86ed-dccce4fa23af/build/ios/Pods/StripePaymentsUI/StripePaymentsUI/StripePaymentsUI/Resources/Localizations/sk-SK.lproj
build	Build iOS Locally on Free Cloud Mac	2026-08-23T00:25:41.3673790Z [RUN_FASTLANE] › Copying   ios/build/Build/Intermediates.noindex/ArchiveIntermediates/Hence/IntermediateBuildFilesPath/UninstalledProducts/iphoneos/StripePaymentsUIBundle.bundle/ru.lproj ➜ ../../../../../var/folders/g3/pffjr_y96bq06blnkf72x_hw0000gn/T/eas-build-local-nodejs/8b92a6e8-638b-44a7-86ed-dccce4fa23af/build/ios/Pods/StripePaymentsUI/StripePaymentsUI/StripePaymentsUI/Resources/Localizations/ru.lproj
build	Build iOS Locally on Free Cloud Mac	2026-08-23T00:25:41.3778430Z [RUN_FASTLANE] › Copying   ios/build/Build/Intermediates.noindex/ArchiveIntermediates/Hence/IntermediateBuildFilesPath/UninstalledProducts/iphoneos/StripePaymentsUIBundle.bundle/ro-RO.lproj ➜ ../../../../../var/folders/g3/pffjr_y96bq06blnkf72x_hw0000gn/T/eas-build-local-nodejs/8b92a6e8-638b-44a7-86ed-dccce4fa23af/build/ios/Pods/StripePaymentsUI/StripePaymentsUI/StripePaymentsUI/Resources/Localizations/ro-RO.lproj
build	Build iOS Locally on Free Cloud Mac	2026-08-23T00:25:41.3881690Z [RUN_FASTLANE] › Copying   ios/build/Build/Intermediates.noindex/ArchiveIntermediates/Hence/IntermediateBuildFilesPath/UninstalledProducts/iphoneos/StripePaymentsUIBundle.bundle/pt-PT.lproj ➜ ../../../../../var/folders/g3/pffjr_y96bq06blnkf72x_hw0000gn/T/eas-build-local-nodejs/8b92a6e8-638b-44a7-86ed-dccce4fa23af/build/ios/Pods/StripePaymentsUI/StripePaymentsUI/StripePaymentsUI/Resources/Localizations/pt-PT.lproj
build	Build iOS Locally on Free Cloud Mac	2026-08-23T00:25:41.3999890Z [RUN_FASTLANE] › Copying   ios/build/Build/Intermediates.noindex/ArchiveIntermediates/Hence/IntermediateBuildFilesPath/UninstalledProducts/iphoneos/StripePaymentsUIBundle.bundle/pt-BR.lproj ➜ ../../../../../var/folders/g3/pffjr_y96bq06blnkf72x_hw0000gn/T/eas-build-local-nodejs/8b92a6e8-638b-44a7-86ed-dccce4fa23af/build/ios/Pods/StripePaymentsUI/StripePaymentsUI/StripePaymentsUI/Resources/Localizations/pt-BR.lproj
build	Build iOS Locally on Free Cloud Mac	2026-08-23T00:25:41.4104130Z [RUN_FASTLANE] › Copying   ios/build/Build/Intermediates.noindex/ArchiveIntermediates/Hence/IntermediateBuildFilesPath/UninstalledProducts/iphoneos/StripePaymentsUIBundle.bundle/pl-PL.lproj ➜ ../../../../../var/folders/g3/pffjr_y96bq06blnkf72x_hw0000gn/T/eas-build-local-nodejs/8b92a6e8-638b-44a7-86ed-dccce4fa23af/build/ios/Pods/StripePaymentsUI/StripePaymentsUI/StripePaymentsUI/Resources/Localizations/pl-PL.lproj
build	Build iOS Locally on Free Cloud Mac	2026-08-23T00:25:41.4205420Z [RUN_FASTLANE] › Copying   ios/build/Build/Intermediates.noindex/ArchiveIntermediates/Hence/IntermediateBuildFilesPath/UninstalledProducts/iphoneos/StripePaymentsUIBundle.bundle/nl.lproj ➜ ../../../../../var/folders/g3/pffjr_y96bq06blnkf72x_hw0000gn/T/eas-build-local-nodejs/8b92a6e8-638b-44a7-86ed-dccce4fa23af/build/ios/Pods/StripePaymentsUI/StripePaymentsUI/StripePaymentsUI/Resources/Localizations/nl.lproj
build	Build iOS Locally on Free Cloud Mac	2026-08-23T00:25:41.4208990Z [RUN_FASTLANE] › Copying   ios/build/Build/Intermediates.noindex/ArchiveIntermediates/Hence/IntermediateBuildFilesPath/UninstalledProducts/iphoneos/StripePaymentsUIBundle.bundle/nb.lproj ➜ ../../../../../var/folders/g3/pffjr_y96bq06blnkf72x_hw0000gn/T/eas-build-local-nodejs/8b92a6e8-638b-44a7-86ed-dccce4fa23af/build/ios/Pods/StripePaymentsUI/StripePaymentsUI/StripePaymentsUI/Resources/Localizations/nb.lproj
build	Build iOS Locally on Free Cloud Mac	2026-08-23T00:25:41.4319630Z [RUN_FASTLANE] › Copying   ios/build/Build/Intermediates.noindex/ArchiveIntermediates/Hence/IntermediateBuildFilesPath/UninstalledProducts/iphoneos/StripePaymentsUIBundle.bundle/mt.lproj ➜ ../../../../../var/folders/g3/pffjr_y96bq06blnkf72x_hw0000gn/T/eas-build-local-nodejs/8b92a6e8-638b-44a7-86ed-dccce4fa23af/build/ios/Pods/StripePaymentsUI/StripePaymentsUI/StripePaymentsUI/Resources/Localizations/mt.lproj
build	Build iOS Locally on Free Cloud Mac	2026-08-23T00:25:41.4454030Z [RUN_FASTLANE] › Copying   ios/build/Build/Intermediates.noindex/ArchiveIntermediates/Hence/IntermediateBuildFilesPath/UninstalledProducts/iphoneos/StripePaymentsUIBundle.bundle/ms-MY.lproj ➜ ../../../../../var/folders/g3/pffjr_y96bq06blnkf72x_hw0000gn/T/eas-build-local-nodejs/8b92a6e8-638b-44a7-86ed-dccce4fa23af/build/ios/Pods/StripePaymentsUI/StripePaymentsUI/StripePaymentsUI/Resources/Localizations/ms-MY.lproj
build	Build iOS Locally on Free Cloud Mac	2026-08-23T00:25:41.4589100Z [RUN_FASTLANE] › Copying   ios/build/Build/Intermediates.noindex/ArchiveIntermediates/Hence/IntermediateBuildFilesPath/UninstalledProducts/iphoneos/StripePaymentsUIBundle.bundle/lv-LV.lproj ➜ ../../../../../var/folders/g3/pffjr_y96bq06blnkf72x_hw0000gn/T/eas-build-local-nodejs/8b92a6e8-638b-44a7-86ed-dccce4fa23af/build/ios/Pods/StripePaymentsUI/StripePaymentsUI/StripePaymentsUI/Resources/Localizations/lv-LV.lproj
build	Build iOS Locally on Free Cloud Mac	2026-08-23T00:25:41.4695510Z [RUN_FASTLANE] › Copying   ios/build/Build/Intermediates.noindex/ArchiveIntermediates/Hence/IntermediateBuildFilesPath/UninstalledProducts/iphoneos/StripePaymentsUIBundle.bundle/lt-LT.lproj ➜ ../../../../../var/folders/g3/pffjr_y96bq06blnkf72x_hw0000gn/T/eas-build-local-nodejs/8b92a6e8-638b-44a7-86ed-dccce4fa23af/build/ios/Pods/StripePaymentsUI/StripePaymentsUI/StripePaymentsUI/Resources/Localizations/lt-LT.lproj
build	Build iOS Locally on Free Cloud Mac	2026-08-23T00:25:41.4800680Z [RUN_FASTLANE] › Copying   ios/build/Build/Intermediates.noindex/ArchiveIntermediates/Hence/IntermediateBuildFilesPath/UninstalledProducts/iphoneos/StripePaymentsUIBundle.bundle/ko.lproj ➜ ../../../../../var/folders/g3/pffjr_y96bq06blnkf72x_hw0000gn/T/eas-build-local-nodejs/8b92a6e8-638b-44a7-86ed-dccce4fa23af/build/ios/Pods/StripePaymentsUI/StripePaymentsUI/StripePaymentsUI/Resources/Localizations/ko.lproj
build	Build iOS Locally on Free Cloud Mac	2026-08-23T00:25:41.4906230Z [RUN_FASTLANE] › Copying   ios/build/Build/Intermediates.noindex/ArchiveIntermediates/Hence/IntermediateBuildFilesPath/UninstalledProducts/iphoneos/StripePaymentsUIBundle.bundle/ja.lproj ➜ ../../../../../var/folders/g3/pffjr_y96bq06blnkf72x_hw0000gn/T/eas-build-local-nodejs/8b92a6e8-638b-44a7-86ed-dccce4fa23af/build/ios/Pods/StripePaymentsUI/StripePaymentsUI/StripePaymentsUI/Resources/Localizations/ja.lproj
build	Build iOS Locally on Free Cloud Mac	2026-08-23T00:25:41.5014830Z [RUN_FASTLANE] › Copying   ios/build/Build/Intermediates.noindex/ArchiveIntermediates/Hence/IntermediateBuildFilesPath/UninstalledProducts/iphoneos/StripePaymentsUIBundle.bundle/it.lproj ➜ ../../../../../var/folders/g3/pffjr_y96bq06blnkf72x_hw0000gn/T/eas-build-local-nodejs/8b92a6e8-638b-44a7-86ed-dccce4fa23af/build/ios/Pods/StripePaymentsUI/StripePaymentsUI/StripePaymentsUI/Resources/Localizations/it.lproj
build	Build iOS Locally on Free Cloud Mac	2026-08-23T00:25:41.5025870Z [RUN_FASTLANE] › Copying   ios/build/Build/Intermediates.noindex/ArchiveIntermediates/Hence/IntermediateBuildFilesPath/UninstalledProducts/iphoneos/StripePaymentsUIBundle.bundle/id.lproj ➜ ../../../../../var/folders/g3/pffjr_y96bq06blnkf72x_hw0000gn/T/eas-build-local-nodejs/8b92a6e8-638b-44a7-86ed-dccce4fa23af/build/ios/Pods/StripePaymentsUI/StripePaymentsUI/StripePaymentsUI/Resources/Localizations/id.lproj
build	Build iOS Locally on Free Cloud Mac	2026-08-23T00:25:41.5123960Z [RUN_FASTLANE] › Copying   ios/build/Build/Intermediates.noindex/ArchiveIntermediates/Hence/IntermediateBuildFilesPath/UninstalledProducts/iphoneos/StripePaymentsUIBundle.bundle/hu.lproj ➜ ../../../../../var/folders/g3/pffjr_y96bq06blnkf72x_hw0000gn/T/eas-build-local-nodejs/8b92a6e8-638b-44a7-86ed-dccce4fa23af/build/ios/Pods/StripePaymentsUI/StripePaymentsUI/StripePaymentsUI/Resources/Localizations/hu.lproj
build	Build iOS Locally on Free Cloud Mac	2026-08-23T00:25:41.5232860Z [RUN_FASTLANE] › Copying   ios/build/Build/Intermediates.noindex/ArchiveIntermediates/Hence/IntermediateBuildFilesPath/UninstalledProducts/iphoneos/StripePaymentsUIBundle.bundle/hr.lproj ➜ ../../../../../var/folders/g3/pffjr_y96bq06blnkf72x_hw0000gn/T/eas-build-local-nodejs/8b92a6e8-638b-44a7-86ed-dccce4fa23af/build/ios/Pods/StripePaymentsUI/StripePaymentsUI/StripePaymentsUI/Resources/Localizations/hr.lproj
build	Build iOS Locally on Free Cloud Mac	2026-08-23T00:25:41.5337370Z [RUN_FASTLANE] › Copying   ios/build/Build/Intermediates.noindex/ArchiveIntermediates/Hence/IntermediateBuildFilesPath/UninstalledProducts/iphoneos/StripePaymentsUIBundle.bundle/fr.lproj ➜ ../../../../../var/folders/g3/pffjr_y96bq06blnkf72x_hw0000gn/T/eas-build-local-nodejs/8b92a6e8-638b-44a7-86ed-dccce4fa23af/build/ios/Pods/StripePaymentsUI/StripePaymentsUI/StripePaymentsUI/Resources/Localizations/fr.lproj
build	Build iOS Locally on Free Cloud Mac	2026-08-23T00:25:41.5535310Z [RUN_FASTLANE] › Copying   ios/build/Build/Intermediates.noindex/ArchiveIntermediates/Hence/IntermediateBuildFilesPath/UninstalledProducts/iphoneos/StripePaymentsUIBundle.bundle/fr-CA.lproj ➜ ../../../../../var/folders/g3/pffjr_y96bq06blnkf72x_hw0000gn/T/eas-build-local-nodejs/8b92a6e8-638b-44a7-86ed-dccce4fa23af/build/ios/Pods/StripePaymentsUI/StripePaymentsUI/StripePaymentsUI/Resources/Localizations/fr-CA.lproj
build	Build iOS Locally on Free Cloud Mac	2026-08-23T00:25:41.5539690Z [RUN_FASTLANE] › Copying   ios/build/Build/Intermediates.noindex/ArchiveIntermediates/Hence/IntermediateBuildFilesPath/UninstalledProducts/iphoneos/StripePaymentsUIBundle.bundle/fil.lproj ➜ ../../../../../var/folders/g3/pffjr_y96bq06blnkf72x_hw0000gn/T/eas-build-local-nodejs/8b92a6e8-638b-44a7-86ed-dccce4fa23af/build/ios/Pods/StripePaymentsUI/StripePaymentsUI/StripePaymentsUI/Resources/Localizations/fil.lproj
build	Build iOS Locally on Free Cloud Mac	2026-08-23T00:25:41.5643690Z [RUN_FASTLANE] › Copying   ios/build/Build/Intermediates.noindex/ArchiveIntermediates/Hence/IntermediateBuildFilesPath/UninstalledProducts/iphoneos/StripePaymentsUIBundle.bundle/fi.lproj ➜ ../../../../../var/folders/g3/pffjr_y96bq06blnkf72x_hw0000gn/T/eas-build-local-nodejs/8b92a6e8-638b-44a7-86ed-dccce4fa23af/build/ios/Pods/StripePaymentsUI/StripePaymentsUI/StripePaymentsUI/Resources/Localizations/fi.lproj
build	Build iOS Locally on Free Cloud Mac	2026-08-23T00:25:41.5748390Z [RUN_FASTLANE] › Copying   ios/build/Build/Intermediates.noindex/ArchiveIntermediates/Hence/IntermediateBuildFilesPath/UninstalledProducts/iphoneos/StripePaymentsUIBundle.bundle/et-EE.lproj ➜ ../../../../../var/folders/g3/pffjr_y96bq06blnkf72x_hw0000gn/T/eas-build-local-nodejs/8b92a6e8-638b-44a7-86ed-dccce4fa23af/build/ios/Pods/StripePaymentsUI/StripePaymentsUI/StripePaymentsUI/Resources/Localizations/et-EE.lproj
build	Build iOS Locally on Free Cloud Mac	2026-08-23T00:25:41.5852910Z [RUN_FASTLANE] › Copying   ios/build/Build/Intermediates.noindex/ArchiveIntermediates/Hence/IntermediateBuildFilesPath/UninstalledProducts/iphoneos/StripePaymentsUIBundle.bundle/es.lproj ➜ ../../../../../var/folders/g3/pffjr_y96bq06blnkf72x_hw0000gn/T/eas-build-local-nodejs/8b92a6e8-638b-44a7-86ed-dccce4fa23af/build/ios/Pods/StripePaymentsUI/StripePaymentsUI/StripePaymentsUI/Resources/Localizations/es.lproj
build	Build iOS Locally on Free Cloud Mac	2026-08-23T00:25:41.6071490Z [RUN_FASTLANE] › Copying   ios/build/Build/Intermediates.noindex/ArchiveIntermediates/Hence/IntermediateBuildFilesPath/UninstalledProducts/iphoneos/StripePaymentsUIBundle.bundle/es-419.lproj ➜ ../../../../../var/folders/g3/pffjr_y96bq06blnkf72x_hw0000gn/T/eas-build-local-nodejs/8b92a6e8-638b-44a7-86ed-dccce4fa23af/build/ios/Pods/StripePaymentsUI/StripePaymentsUI/StripePaymentsUI/Resources/Localizations/es-419.lproj
build	Build iOS Locally on Free Cloud Mac	2026-08-23T00:25:41.6077110Z [RUN_FASTLANE] › Copying   ios/build/Build/Intermediates.noindex/ArchiveIntermediates/Hence/IntermediateBuildFilesPath/UninstalledProducts/iphoneos/StripePaymentsUIBundle.bundle/en.lproj ➜ ../../../../../var/folders/g3/pffjr_y96bq06blnkf72x_hw0000gn/T/eas-build-local-nodejs/8b92a6e8-638b-44a7-86ed-dccce4fa23af/build/ios/Pods/StripePaymentsUI/StripePaymentsUI/StripePaymentsUI/Resources/Localizations/en.lproj
build	Build iOS Locally on Free Cloud Mac	2026-08-23T00:25:41.6182250Z [RUN_FASTLANE] › Copying   ios/build/Build/Intermediates.noindex/ArchiveIntermediates/Hence/IntermediateBuildFilesPath/UninstalledProducts/iphoneos/StripePaymentsUIBundle.bundle/en-GB.lproj ➜ ../../../../../var/folders/g3/pffjr_y96bq06blnkf72x_hw0000gn/T/eas-build-local-nodejs/8b92a6e8-638b-44a7-86ed-dccce4fa23af/build/ios/Pods/StripePaymentsUI/StripePaymentsUI/StripePaymentsUI/Resources/Localizations/en-GB.lproj
build	Build iOS Locally on Free Cloud Mac	2026-08-23T00:25:41.6287350Z [RUN_FASTLANE] › Copying   ios/build/Build/Intermediates.noindex/ArchiveIntermediates/Hence/IntermediateBuildFilesPath/UninstalledProducts/iphoneos/StripePaymentsUIBundle.bundle/el-GR.lproj ➜ ../../../../../var/folders/g3/pffjr_y96bq06blnkf72x_hw0000gn/T/eas-build-local-nodejs/8b92a6e8-638b-44a7-86ed-dccce4fa23af/build/ios/Pods/StripePaymentsUI/StripePaymentsUI/StripePaymentsUI/Resources/Localizations/el-GR.lproj
build	Build iOS Locally on Free Cloud Mac	2026-08-23T00:25:41.6391780Z [RUN_FASTLANE] › Copying   ios/build/Build/Intermediates.noindex/ArchiveIntermediates/Hence/IntermediateBuildFilesPath/UninstalledProducts/iphoneos/StripePaymentsUIBundle.bundle/de.lproj ➜ ../../../../../var/folders/g3/pffjr_y96bq06blnkf72x_hw0000gn/T/eas-build-local-nodejs/8b92a6e8-638b-44a7-86ed-dccce4fa23af/build/ios/Pods/StripePaymentsUI/StripePaymentsUI/StripePaymentsUI/Resources/Localizations/de.lproj
build	Build iOS Locally on Free Cloud Mac	2026-08-23T00:25:41.6500370Z [RUN_FASTLANE] › Copying   ios/build/Build/Intermediates.noindex/ArchiveIntermediates/Hence/IntermediateBuildFilesPath/UninstalledProducts/iphoneos/StripePaymentsUIBundle.bundle/da.lproj ➜ ../../../../../var/folders/g3/pffjr_y96bq06blnkf72x_hw0000gn/T/eas-build-local-nodejs/8b92a6e8-638b-44a7-86ed-dccce4fa23af/build/ios/Pods/StripePaymentsUI/StripePaymentsUI/StripePaymentsUI/Resources/Localizations/da.lproj
build	Build iOS Locally on Free Cloud Mac	2026-08-23T00:25:41.6606720Z [RUN_FASTLANE] › Copying   ios/build/Build/Intermediates.noindex/ArchiveIntermediates/Hence/IntermediateBuildFilesPath/UninstalledProducts/iphoneos/StripePaymentsUIBundle.bundle/cs-CZ.lproj ➜ ../../../../../var/folders/g3/pffjr_y96bq06blnkf72x_hw0000gn/T/eas-build-local-nodejs/8b92a6e8-638b-44a7-86ed-dccce4fa23af/build/ios/Pods/StripePaymentsUI/StripePaymentsUI/StripePaymentsUI/Resources/Localizations/cs-CZ.lproj
build	Build iOS Locally on Free Cloud Mac	2026-08-23T00:25:41.6713090Z [RUN_FASTLANE] › Copying   ios/build/Build/Intermediates.noindex/ArchiveIntermediates/Hence/IntermediateBuildFilesPath/UninstalledProducts/iphoneos/StripePaymentsUIBundle.bundle/ca-ES.lproj ➜ ../../../../../var/folders/g3/pffjr_y96bq06blnkf72x_hw0000gn/T/eas-build-local-nodejs/8b92a6e8-638b-44a7-86ed-dccce4fa23af/build/ios/Pods/StripePaymentsUI/StripePaymentsUI/StripePaymentsUI/Resources/Localizations/ca-ES.lproj
build	Build iOS Locally on Free Cloud Mac	2026-08-23T00:25:41.6818790Z [RUN_FASTLANE] › Copying   ios/build/Build/Intermediates.noindex/ArchiveIntermediates/Hence/IntermediateBuildFilesPath/UninstalledProducts/iphoneos/StripePaymentsUIBundle.bundle/bg-BG.lproj ➜ ../../../../../var/folders/g3/pffjr_y96bq06blnkf72x_hw0000gn/T/eas-build-local-nodejs/8b92a6e8-638b-44a7-86ed-dccce4fa23af/build/ios/Pods/StripePaymentsUI/StripePaymentsUI/StripePaymentsUI/Resources/Localizations/bg-BG.lproj
build	Build iOS Locally on Free Cloud Mac	2026-08-23T00:25:41.6923760Z [RUN_FASTLANE] › Copying   ios/build/Build/Intermediates.noindex/ArchiveIntermediates/Hence/IntermediateBuildFilesPath/UninstalledProducts/iphoneos/StripePaymentsUIBundle.bundle/au_becs_bsb.json ➜ ../../../../../var/folders/g3/pffjr_y96bq06blnkf72x_hw0000gn/T/eas-build-local-nodejs/8b92a6e8-638b-44a7-86ed-dccce4fa23af/build/ios/Pods/StripePaymentsUI/StripePaymentsUI/StripePaymentsUI/Resources/JSON/au_becs_bsb.json
build	Build iOS Locally on Free Cloud Mac	2026-08-23T00:25:41.7028510Z [RUN_FASTLANE] › Preparing Pods/StripeUICore-StripeUICoreBundle » ResourceBundle-StripeUICoreBundle-StripeUICore-Info.plist
build	Build iOS Locally on Free Cloud Mac	2026-08-23T00:25:41.7133310Z [RUN_FASTLANE] › Preparing Pods/StripePayments-StripePaymentsBundle » ResourceBundle-StripePaymentsBundle-StripePayments-Info.plist
build	Build iOS Locally on Free Cloud Mac	2026-08-23T00:25:41.7237770Z [RUN_FASTLANE] › Copying   ios/build/Build/Intermediates.noindex/ArchiveIntermediates/Hence/IntermediateBuildFilesPath/UninstalledProducts/iphoneos/StripePaymentsBundle.bundle/zh-Hant.lproj ➜ ../../../../../var/folders/g3/pffjr_y96bq06blnkf72x_hw0000gn/T/eas-build-local-nodejs/8b92a6e8-638b-44a7-86ed-dccce4fa23af/build/ios/Pods/StripePayments/StripePayments/StripePayments/Resources/Localizations/zh-Hant.lproj
build	Build iOS Locally on Free Cloud Mac	2026-08-23T00:25:41.7342110Z [RUN_FASTLANE] › Copying   ios/build/Build/Intermediates.noindex/ArchiveIntermediates/Hence/IntermediateBuildFilesPath/UninstalledProducts/iphoneos/StripePaymentsBundle.bundle/zh-Hans.lproj ➜ ../../../../../var/folders/g3/pffjr_y96bq06blnkf72x_hw0000gn/T/eas-build-local-nodejs/8b92a6e8-638b-44a7-86ed-dccce4fa23af/build/ios/Pods/StripePayments/StripePayments/StripePayments/Resources/Localizations/zh-Hans.lproj
build	Build iOS Locally on Free Cloud Mac	2026-08-23T00:25:41.7447640Z [RUN_FASTLANE] › Copying   ios/build/Build/Intermediates.noindex/ArchiveIntermediates/Hence/IntermediateBuildFilesPath/UninstalledProducts/iphoneos/StripePaymentsBundle.bundle/zh-HK.lproj ➜ ../../../../../var/folders/g3/pffjr_y96bq06blnkf72x_hw0000gn/T/eas-build-local-nodejs/8b92a6e8-638b-44a7-86ed-dccce4fa23af/build/ios/Pods/StripePayments/StripePayments/StripePayments/Resources/Localizations/zh-HK.lproj
build	Build iOS Locally on Free Cloud Mac	2026-08-23T00:25:41.7552700Z [RUN_FASTLANE] › Copying   ios/build/Build/Intermediates.noindex/ArchiveIntermediates/Hence/IntermediateBuildFilesPath/UninstalledProducts/iphoneos/StripePaymentsBundle.bundle/vi.lproj ➜ ../../../../../var/folders/g3/pffjr_y96bq06blnkf72x_hw0000gn/T/eas-build-local-nodejs/8b92a6e8-638b-44a7-86ed-dccce4fa23af/build/ios/Pods/StripePayments/StripePayments/StripePayments/Resources/Localizations/vi.lproj
build	Build iOS Locally on Free Cloud Mac	2026-08-23T00:25:41.7557540Z [RUN_FASTLANE] › Copying   ios/build/Build/Intermediates.noindex/ArchiveIntermediates/Hence/IntermediateBuildFilesPath/UninstalledProducts/iphoneos/StripePaymentsBundle.bundle/tr.lproj ➜ ../../../../../var/folders/g3/pffjr_y96bq06blnkf72x_hw0000gn/T/eas-build-local-nodejs/8b92a6e8-638b-44a7-86ed-dccce4fa23af/build/ios/Pods/StripePayments/StripePayments/StripePayments/Resources/Localizations/tr.lproj
build	Build iOS Locally on Free Cloud Mac	2026-08-23T00:25:41.7661530Z [RUN_FASTLANE] › Copying   ios/build/Build/Intermediates.noindex/ArchiveIntermediates/Hence/IntermediateBuildFilesPath/UninstalledProducts/iphoneos/StripePaymentsBundle.bundle/tk.lproj ➜ ../../../../../var/folders/g3/pffjr_y96bq06blnkf72x_hw0000gn/T/eas-build-local-nodejs/8b92a6e8-638b-44a7-86ed-dccce4fa23af/build/ios/Pods/StripePayments/StripePayments/StripePayments/Resources/Localizations/tk.lproj
build	Build iOS Locally on Free Cloud Mac	2026-08-23T00:25:41.7765910Z [RUN_FASTLANE] › Copying   ios/build/Build/Intermediates.noindex/ArchiveIntermediates/Hence/IntermediateBuildFilesPath/UninstalledProducts/iphoneos/StripePaymentsBundle.bundle/th.lproj ➜ ../../../../../var/folders/g3/pffjr_y96bq06blnkf72x_hw0000gn/T/eas-build-local-nodejs/8b92a6e8-638b-44a7-86ed-dccce4fa23af/build/ios/Pods/StripePayments/StripePayments/StripePayments/Resources/Localizations/th.lproj
build	Build iOS Locally on Free Cloud Mac	2026-08-23T00:25:41.7870790Z [RUN_FASTLANE] › Copying   ios/build/Build/Intermediates.noindex/ArchiveIntermediates/Hence/IntermediateBuildFilesPath/UninstalledProducts/iphoneos/StripePaymentsBundle.bundle/sv.lproj ➜ ../../../../../var/folders/g3/pffjr_y96bq06blnkf72x_hw0000gn/T/eas-build-local-nodejs/8b92a6e8-638b-44a7-86ed-dccce4fa23af/build/ios/Pods/StripePayments/StripePayments/StripePayments/Resources/Localizations/sv.lproj
build	Build iOS Locally on Free Cloud Mac	2026-08-23T00:25:41.7976670Z [RUN_FASTLANE] › Copying   ios/build/Build/Intermediates.noindex/ArchiveIntermediates/Hence/IntermediateBuildFilesPath/UninstalledProducts/iphoneos/StripePaymentsBundle.bundle/sl-SI.lproj ➜ ../../../../../var/folders/g3/pffjr_y96bq06blnkf72x_hw0000gn/T/eas-build-local-nodejs/8b92a6e8-638b-44a7-86ed-dccce4fa23af/build/ios/Pods/StripePayments/StripePayments/StripePayments/Resources/Localizations/sl-SI.lproj
build	Build iOS Locally on Free Cloud Mac	2026-08-23T00:25:41.8082580Z [RUN_FASTLANE] › Copying   ios/build/Build/Intermediates.noindex/ArchiveIntermediates/Hence/IntermediateBuildFilesPath/UninstalledProducts/iphoneos/StripePaymentsBundle.bundle/sk-SK.lproj ➜ ../../../../../var/folders/g3/pffjr_y96bq06blnkf72x_hw0000gn/T/eas-build-local-nodejs/8b92a6e8-638b-44a7-86ed-dccce4fa23af/build/ios/Pods/StripePayments/StripePayments/StripePayments/Resources/Localizations/sk-SK.lproj
build	Build iOS Locally on Free Cloud Mac	2026-08-23T00:25:41.8188870Z [RUN_FASTLANE] › Copying   ios/build/Build/Intermediates.noindex/ArchiveIntermediates/Hence/IntermediateBuildFilesPath/UninstalledProducts/iphoneos/StripePaymentsBundle.bundle/ru.lproj ➜ ../../../../../var/folders/g3/pffjr_y96bq06blnkf72x_hw0000gn/T/eas-build-local-nodejs/8b92a6e8-638b-44a7-86ed-dccce4fa23af/build/ios/Pods/StripePayments/StripePayments/StripePayments/Resources/Localizations/ru.lproj
build	Build iOS Locally on Free Cloud Mac	2026-08-23T00:25:41.8317800Z [RUN_FASTLANE] › Copying   ios/build/Build/Intermediates.noindex/ArchiveIntermediates/Hence/IntermediateBuildFilesPath/UninstalledProducts/iphoneos/StripePaymentsBundle.bundle/ro-RO.lproj ➜ ../../../../../var/folders/g3/pffjr_y96bq06blnkf72x_hw0000gn/T/eas-build-local-nodejs/8b92a6e8-638b-44a7-86ed-dccce4fa23af/build/ios/Pods/StripePayments/StripePayments/StripePayments/Resources/Localizations/ro-RO.lproj
build	Build iOS Locally on Free Cloud Mac	2026-08-23T00:25:41.8424330Z [RUN_FASTLANE] › Copying   ios/build/Build/Intermediates.noindex/ArchiveIntermediates/Hence/IntermediateBuildFilesPath/UninstalledProducts/iphoneos/StripePaymentsBundle.bundle/pt-PT.lproj ➜ ../../../../../var/folders/g3/pffjr_y96bq06blnkf72x_hw0000gn/T/eas-build-local-nodejs/8b92a6e8-638b-44a7-86ed-dccce4fa23af/build/ios/Pods/StripePayments/StripePayments/StripePayments/Resources/Localizations/pt-PT.lproj
build	Build iOS Locally on Free Cloud Mac	2026-08-23T00:25:41.8531640Z [RUN_FASTLANE] › Copying   ios/build/Build/Intermediates.noindex/ArchiveIntermediates/Hence/IntermediateBuildFilesPath/UninstalledProducts/iphoneos/StripePaymentsBundle.bundle/pt-BR.lproj ➜ ../../../../../var/folders/g3/pffjr_y96bq06blnkf72x_hw0000gn/T/eas-build-local-nodejs/8b92a6e8-638b-44a7-86ed-dccce4fa23af/build/ios/Pods/StripePayments/StripePayments/StripePayments/Resources/Localizations/pt-BR.lproj
build	Build iOS Locally on Free Cloud Mac	2026-08-23T00:25:41.8638420Z [RUN_FASTLANE] › Copying   ios/build/Build/Intermediates.noindex/ArchiveIntermediates/Hence/IntermediateBuildFilesPath/UninstalledProducts/iphoneos/StripePaymentsBundle.bundle/pl-PL.lproj ➜ ../../../../../var/folders/g3/pffjr_y96bq06blnkf72x_hw0000gn/T/eas-build-local-nodejs/8b92a6e8-638b-44a7-86ed-dccce4fa23af/build/ios/Pods/StripePayments/StripePayments/StripePayments/Resources/Localizations/pl-PL.lproj
build	Build iOS Locally on Free Cloud Mac	2026-08-23T00:25:41.9403040Z [RUN_FASTLANE] › Copying   ios/build/Build/Intermediates.noindex/ArchiveIntermediates/Hence/IntermediateBuildFilesPath/UninstalledProducts/iphoneos/StripePaymentsBundle.bundle/nl.lproj ➜ ../../../../../var/folders/g3/pffjr_y96bq06blnkf72x_hw0000gn/T/eas-build-local-nodejs/8b92a6e8-638b-44a7-86ed-dccce4fa23af/build/ios/Pods/StripePayments/StripePayments/StripePayments/Resources/Localizations/nl.lproj
build	Build iOS Locally on Free Cloud Mac	2026-08-23T00:25:41.9549180Z [RUN_FASTLANE] › Copying   ios/build/Build/Intermediates.noindex/ArchiveIntermediates/Hence/IntermediateBuildFilesPath/UninstalledProducts/iphoneos/StripePaymentsBundle.bundle/nb.lproj ➜ ../../../../../var/folders/g3/pffjr_y96bq06blnkf72x_hw0000gn/T/eas-build-local-nodejs/8b92a6e8-638b-44a7-86ed-dccce4fa23af/build/ios/Pods/StripePayments/StripePayments/StripePayments/Resources/Localizations/nb.lproj
build	Build iOS Locally on Free Cloud Mac	2026-08-23T00:25:41.9696690Z [RUN_FASTLANE] › Copying   ios/build/Build/Intermediates.noindex/ArchiveIntermediates/Hence/IntermediateBuildFilesPath/UninstalledProducts/iphoneos/StripePaymentsBundle.bundle/mt.lproj ➜ ../../../../../var/folders/g3/pffjr_y96bq06blnkf72x_hw0000gn/T/eas-build-local-nodejs/8b92a6e8-638b-44a7-86ed-dccce4fa23af/build/ios/Pods/StripePayments/StripePayments/StripePayments/Resources/Localizations/mt.lproj
build	Build iOS Locally on Free Cloud Mac	2026-08-23T00:25:41.9898920Z [RUN_FASTLANE] › Copying   ios/build/Build/Intermediates.noindex/ArchiveIntermediates/Hence/IntermediateBuildFilesPath/UninstalledProducts/iphoneos/StripePaymentsBundle.bundle/ms-MY.lproj ➜ ../../../../../var/folders/g3/pffjr_y96bq06blnkf72x_hw0000gn/T/eas-build-local-nodejs/8b92a6e8-638b-44a7-86ed-dccce4fa23af/build/ios/Pods/StripePayments/StripePayments/StripePayments/Resources/Localizations/ms-MY.lproj
build	Build iOS Locally on Free Cloud Mac	2026-08-23T00:25:42.0012270Z [RUN_FASTLANE] › Copying   ios/build/Build/Intermediates.noindex/ArchiveIntermediates/Hence/IntermediateBuildFilesPath/UninstalledProducts/iphoneos/StripePaymentsBundle.bundle/lv-LV.lproj ➜ ../../../../../var/folders/g3/pffjr_y96bq06blnkf72x_hw0000gn/T/eas-build-local-nodejs/8b92a6e8-638b-44a7-86ed-dccce4fa23af/build/ios/Pods/StripePayments/StripePayments/StripePayments/Resources/Localizations/lv-LV.lproj
build	Build iOS Locally on Free Cloud Mac	2026-08-23T00:25:42.0137400Z [RUN_FASTLANE] › Copying   ios/build/Build/Intermediates.noindex/ArchiveIntermediates/Hence/IntermediateBuildFilesPath/UninstalledProducts/iphoneos/StripePaymentsBundle.bundle/lt-LT.lproj ➜ ../../../../../var/folders/g3/pffjr_y96bq06blnkf72x_hw0000gn/T/eas-build-local-nodejs/8b92a6e8-638b-44a7-86ed-dccce4fa23af/build/ios/Pods/StripePayments/StripePayments/StripePayments/Resources/Localizations/lt-LT.lproj
build	Build iOS Locally on Free Cloud Mac	2026-08-23T00:25:42.0266600Z [RUN_FASTLANE] › Copying   ios/build/Build/Intermediates.noindex/ArchiveIntermediates/Hence/IntermediateBuildFilesPath/UninstalledProducts/iphoneos/StripePaymentsBundle.bundle/ko.lproj ➜ ../../../../../var/folders/g3/pffjr_y96bq06blnkf72x_hw0000gn/T/eas-build-local-nodejs/8b92a6e8-638b-44a7-86ed-dccce4fa23af/build/ios/Pods/StripePayments/StripePayments/StripePayments/Resources/Localizations/ko.lproj
build	Build iOS Locally on Free Cloud Mac	2026-08-23T00:25:42.0282690Z [RUN_FASTLANE] › Copying   ios/build/Build/Intermediates.noindex/ArchiveIntermediates/Hence/IntermediateBuildFilesPath/UninstalledProducts/iphoneos/StripePaymentsBundle.bundle/ja.lproj ➜ ../../../../../var/folders/g3/pffjr_y96bq06blnkf72x_hw0000gn/T/eas-build-local-nodejs/8b92a6e8-638b-44a7-86ed-dccce4fa23af/build/ios/Pods/StripePayments/StripePayments/StripePayments/Resources/Localizations/ja.lproj
build	Build iOS Locally on Free Cloud Mac	2026-08-23T00:25:42.0407230Z [RUN_FASTLANE] › Copying   ios/build/Build/Intermediates.noindex/ArchiveIntermediates/Hence/IntermediateBuildFilesPath/UninstalledProducts/iphoneos/StripePaymentsBundle.bundle/it.lproj ➜ ../../../../../var/folders/g3/pffjr_y96bq06blnkf72x_hw0000gn/T/eas-build-local-nodejs/8b92a6e8-638b-44a7-86ed-dccce4fa23af/build/ios/Pods/StripePayments/StripePayments/StripePayments/Resources/Localizations/it.lproj
build	Build iOS Locally on Free Cloud Mac	2026-08-23T00:25:42.0513830Z [RUN_FASTLANE] › Copying   ios/build/Build/Intermediates.noindex/ArchiveIntermediates/Hence/IntermediateBuildFilesPath/UninstalledProducts/iphoneos/StripePaymentsBundle.bundle/id.lproj ➜ ../../../../../var/folders/g3/pffjr_y96bq06blnkf72x_hw0000gn/T/eas-build-local-nodejs/8b92a6e8-638b-44a7-86ed-dccce4fa23af/build/ios/Pods/StripePayments/StripePayments/StripePayments/Resources/Localizations/id.lproj
build	Build iOS Locally on Free Cloud Mac	2026-08-23T00:25:42.0651860Z [RUN_FASTLANE] › Copying   ios/build/Build/Intermediates.noindex/ArchiveIntermediates/Hence/IntermediateBuildFilesPath/UninstalledProducts/iphoneos/StripePaymentsBundle.bundle/hu.lproj ➜ ../../../../../var/folders/g3/pffjr_y96bq06blnkf72x_hw0000gn/T/eas-build-local-nodejs/8b92a6e8-638b-44a7-86ed-dccce4fa23af/build/ios/Pods/StripePayments/StripePayments/StripePayments/Resources/Localizations/hu.lproj
build	Build iOS Locally on Free Cloud Mac	2026-08-23T00:25:42.0772970Z [RUN_FASTLANE] › Copying   ios/build/Build/Intermediates.noindex/ArchiveIntermediates/Hence/IntermediateBuildFilesPath/UninstalledProducts/iphoneos/StripePaymentsBundle.bundle/hr.lproj ➜ ../../../../../var/folders/g3/pffjr_y96bq06blnkf72x_hw0000gn/T/eas-build-local-nodejs/8b92a6e8-638b-44a7-86ed-dccce4fa23af/build/ios/Pods/StripePayments/StripePayments/StripePayments/Resources/Localizations/hr.lproj
build	Build iOS Locally on Free Cloud Mac	2026-08-23T00:25:42.0908630Z [RUN_FASTLANE] › Copying   ios/build/Build/Intermediates.noindex/ArchiveIntermediates/Hence/IntermediateBuildFilesPath/UninstalledProducts/iphoneos/StripePaymentsBundle.bundle/fr.lproj ➜ ../../../../../var/folders/g3/pffjr_y96bq06blnkf72x_hw0000gn/T/eas-build-local-nodejs/8b92a6e8-638b-44a7-86ed-dccce4fa23af/build/ios/Pods/StripePayments/StripePayments/StripePayments/Resources/Localizations/fr.lproj
build	Build iOS Locally on Free Cloud Mac	2026-08-23T00:25:42.1056460Z [RUN_FASTLANE] › Copying   ios/build/Build/Intermediates.noindex/ArchiveIntermediates/Hence/IntermediateBuildFilesPath/UninstalledProducts/iphoneos/StripePaymentsBundle.bundle/fr-CA.lproj ➜ ../../../../../var/folders/g3/pffjr_y96bq06blnkf72x_hw0000gn/T/eas-build-local-nodejs/8b92a6e8-638b-44a7-86ed-dccce4fa23af/build/ios/Pods/StripePayments/StripePayments/StripePayments/Resources/Localizations/fr-CA.lproj
build	Build iOS Locally on Free Cloud Mac	2026-08-23T00:25:42.1093820Z [RUN_FASTLANE] › Copying   ios/build/Build/Intermediates.noindex/ArchiveIntermediates/Hence/IntermediateBuildFilesPath/UninstalledProducts/iphoneos/StripePaymentsBundle.bundle/fil.lproj ➜ ../../../../../var/folders/g3/pffjr_y96bq06blnkf72x_hw0000gn/T/eas-build-local-nodejs/8b92a6e8-638b-44a7-86ed-dccce4fa23af/build/ios/Pods/StripePayments/StripePayments/StripePayments/Resources/Localizations/fil.lproj
build	Build iOS Locally on Free Cloud Mac	2026-08-23T00:25:42.1233680Z [RUN_FASTLANE] › Copying   ios/build/Build/Intermediates.noindex/ArchiveIntermediates/Hence/IntermediateBuildFilesPath/UninstalledProducts/iphoneos/StripePaymentsBundle.bundle/fi.lproj ➜ ../../../../../var/folders/g3/pffjr_y96bq06blnkf72x_hw0000gn/T/eas-build-local-nodejs/8b92a6e8-638b-44a7-86ed-dccce4fa23af/build/ios/Pods/StripePayments/StripePayments/StripePayments/Resources/Localizations/fi.lproj
build	Build iOS Locally on Free Cloud Mac	2026-08-23T00:25:42.1345790Z [RUN_FASTLANE] › Copying   ios/build/Build/Intermediates.noindex/ArchiveIntermediates/Hence/IntermediateBuildFilesPath/UninstalledProducts/iphoneos/StripePaymentsBundle.bundle/et-EE.lproj ➜ ../../../../../var/folders/g3/pffjr_y96bq06blnkf72x_hw0000gn/T/eas-build-local-nodejs/8b92a6e8-638b-44a7-86ed-dccce4fa23af/build/ios/Pods/StripePayments/StripePayments/StripePayments/Resources/Localizations/et-EE.lproj
build	Build iOS Locally on Free Cloud Mac	2026-08-23T00:25:42.1452120Z [RUN_FASTLANE] › Copying   ios/build/Build/Intermediates.noindex/ArchiveIntermediates/Hence/IntermediateBuildFilesPath/UninstalledProducts/iphoneos/StripePaymentsBundle.bundle/es.lproj ➜ ../../../../../var/folders/g3/pffjr_y96bq06blnkf72x_hw0000gn/T/eas-build-local-nodejs/8b92a6e8-638b-44a7-86ed-dccce4fa23af/build/ios/Pods/StripePayments/StripePayments/StripePayments/Resources/Localizations/es.lproj
build	Build iOS Locally on Free Cloud Mac	2026-08-23T00:25:42.1557020Z [RUN_FASTLANE] › Copying   ios/build/Build/Intermediates.noindex/ArchiveIntermediates/Hence/IntermediateBuildFilesPath/UninstalledProducts/iphoneos/StripePaymentsBundle.bundle/es-419.lproj ➜ ../../../../../var/folders/g3/pffjr_y96bq06blnkf72x_hw0000gn/T/eas-build-local-nodejs/8b92a6e8-638b-44a7-86ed-dccce4fa23af/build/ios/Pods/StripePayments/StripePayments/StripePayments/Resources/Localizations/es-419.lproj
build	Build iOS Locally on Free Cloud Mac	2026-08-23T00:25:42.1664660Z [RUN_FASTLANE] › Copying   ios/build/Build/Intermediates.noindex/ArchiveIntermediates/Hence/IntermediateBuildFilesPath/UninstalledProducts/iphoneos/StripePaymentsBundle.bundle/en.lproj ➜ ../../../../../var/folders/g3/pffjr_y96bq06blnkf72x_hw0000gn/T/eas-build-local-nodejs/8b92a6e8-638b-44a7-86ed-dccce4fa23af/build/ios/Pods/StripePayments/StripePayments/StripePayments/Resources/Localizations/en.lproj
build	Build iOS Locally on Free Cloud Mac	2026-08-23T00:25:42.1769880Z [RUN_FASTLANE] › Copying   ios/build/Build/Intermediates.noindex/ArchiveIntermediates/Hence/IntermediateBuildFilesPath/UninstalledProducts/iphoneos/StripePaymentsBundle.bundle/en-GB.lproj ➜ ../../../../../var/folders/g3/pffjr_y96bq06blnkf72x_hw0000gn/T/eas-build-local-nodejs/8b92a6e8-638b-44a7-86ed-dccce4fa23af/build/ios/Pods/StripePayments/StripePayments/StripePayments/Resources/Localizations/en-GB.lproj
build	Build iOS Locally on Free Cloud Mac	2026-08-23T00:25:42.1874240Z [RUN_FASTLANE] › Copying   ios/build/Build/Intermediates.noindex/ArchiveIntermediates/Hence/IntermediateBuildFilesPath/UninstalledProducts/iphoneos/StripePaymentsBundle.bundle/el-GR.lproj ➜ ../../../../../var/folders/g3/pffjr_y96bq06blnkf72x_hw0000gn/T/eas-build-local-nodejs/8b92a6e8-638b-44a7-86ed-dccce4fa23af/build/ios/Pods/StripePayments/StripePayments/StripePayments/Resources/Localizations/el-GR.lproj
build	Build iOS Locally on Free Cloud Mac	2026-08-23T00:25:42.1984780Z [RUN_FASTLANE] › Copying   ios/build/Build/Intermediates.noindex/ArchiveIntermediates/Hence/IntermediateBuildFilesPath/UninstalledProducts/iphoneos/StripePaymentsBundle.bundle/de.lproj ➜ ../../../../../var/folders/g3/pffjr_y96bq06blnkf72x_hw0000gn/T/eas-build-local-nodejs/8b92a6e8-638b-44a7-86ed-dccce4fa23af/build/ios/Pods/StripePayments/StripePayments/StripePayments/Resources/Localizations/de.lproj
build	Build iOS Locally on Free Cloud Mac	2026-08-23T00:25:42.2089590Z [RUN_FASTLANE] › Copying   ios/build/Build/Intermediates.noindex/ArchiveIntermediates/Hence/IntermediateBuildFilesPath/UninstalledProducts/iphoneos/StripePaymentsBundle.bundle/da.lproj ➜ ../../../../../var/folders/g3/pffjr_y96bq06blnkf72x_hw0000gn/T/eas-build-local-nodejs/8b92a6e8-638b-44a7-86ed-dccce4fa23af/build/ios/Pods/StripePayments/StripePayments/StripePayments/Resources/Localizations/da.lproj
build	Build iOS Locally on Free Cloud Mac	2026-08-23T00:25:42.2194640Z [RUN_FASTLANE] › Copying   ios/build/Build/Intermediates.noindex/ArchiveIntermediates/Hence/IntermediateBuildFilesPath/UninstalledProducts/iphoneos/StripePaymentsBundle.bundle/ca-ES.lproj ➜ ../../../../../var/folders/g3/pffjr_y96bq06blnkf72x_hw0000gn/T/eas-build-local-nodejs/8b92a6e8-638b-44a7-86ed-dccce4fa23af/build/ios/Pods/StripePayments/StripePayments/StripePayments/Resources/Localizations/ca-ES.lproj
build	Build iOS Locally on Free Cloud Mac	2026-08-23T00:25:42.2198320Z [RUN_FASTLANE] › Copying   ios/build/Build/Intermediates.noindex/ArchiveIntermediates/Hence/IntermediateBuildFilesPath/UninstalledProducts/iphoneos/StripePaymentsBundle.bundle/bg-BG.lproj ➜ ../../../../../var/folders/g3/pffjr_y96bq06blnkf72x_hw0000gn/T/eas-build-local-nodejs/8b92a6e8-638b-44a7-86ed-dccce4fa23af/build/ios/Pods/StripePayments/StripePayments/StripePayments/Resources/Localizations/bg-BG.lproj
build	Build iOS Locally on Free Cloud Mac	2026-08-23T00:25:42.2422350Z [RUN_FASTLANE] › Creating  Pods/StripeUICore-StripeUICoreBundle » StripeUICoreBundle.bundle
build	Build iOS Locally on Free Cloud Mac	2026-08-23T00:25:42.2432900Z [RUN_FASTLANE] › Copying   ios/build/Build/Intermediates.noindex/ArchiveIntermediates/Hence/IntermediateBuildFilesPath/UninstalledProducts/iphoneos/Stripe3DS2.bundle/zh-Hant.lproj ➜ ../../../../../var/folders/g3/pffjr_y96bq06blnkf72x_hw0000gn/T/eas-build-local-nodejs/8b92a6e8-638b-44a7-86ed-dccce4fa23af/build/ios/Pods/StripePayments/Stripe3DS2/Stripe3DS2/Resources/zh-Hant.lproj
build	Build iOS Locally on Free Cloud Mac	2026-08-23T00:25:42.2544130Z [RUN_FASTLANE] › Copying   ios/build/Build/Intermediates.noindex/ArchiveIntermediates/Hence/IntermediateBuildFilesPath/UninstalledProducts/iphoneos/Stripe3DS2.bundle/zh-Hans.lproj ➜ ../../../../../var/folders/g3/pffjr_y96bq06blnkf72x_hw0000gn/T/eas-build-local-nodejs/8b92a6e8-638b-44a7-86ed-dccce4fa23af/build/ios/Pods/StripePayments/Stripe3DS2/Stripe3DS2/Resources/zh-Hans.lproj
build	Build iOS Locally on Free Cloud Mac	2026-08-23T00:25:42.2658630Z [RUN_FASTLANE] › Copying   ios/build/Build/Intermediates.noindex/ArchiveIntermediates/Hence/IntermediateBuildFilesPath/UninstalledProducts/iphoneos/Stripe3DS2.bundle/zh-HK.lproj ➜ ../../../../../var/folders/g3/pffjr_y96bq06blnkf72x_hw0000gn/T/eas-build-local-nodejs/8b92a6e8-638b-44a7-86ed-dccce4fa23af/build/ios/Pods/StripePayments/Stripe3DS2/Stripe3DS2/Resources/zh-HK.lproj
build	Build iOS Locally on Free Cloud Mac	2026-08-23T00:25:42.2779250Z [RUN_FASTLANE] › Copying   ios/build/Build/Intermediates.noindex/ArchiveIntermediates/Hence/IntermediateBuildFilesPath/UninstalledProducts/iphoneos/Stripe3DS2.bundle/vi.lproj ➜ ../../../../../var/folders/g3/pffjr_y96bq06blnkf72x_hw0000gn/T/eas-build-local-nodejs/8b92a6e8-638b-44a7-86ed-dccce4fa23af/build/ios/Pods/StripePayments/Stripe3DS2/Stripe3DS2/Resources/vi.lproj
build	Build iOS Locally on Free Cloud Mac	2026-08-23T00:25:42.2887410Z [RUN_FASTLANE] › Copying   ios/build/Build/Intermediates.noindex/ArchiveIntermediates/Hence/IntermediateBuildFilesPath/UninstalledProducts/iphoneos/Stripe3DS2.bundle/tr.lproj ➜ ../../../../../var/folders/g3/pffjr_y96bq06blnkf72x_hw0000gn/T/eas-build-local-nodejs/8b92a6e8-638b-44a7-86ed-dccce4fa23af/build/ios/Pods/StripePayments/Stripe3DS2/Stripe3DS2/Resources/tr.lproj
build	Build iOS Locally on Free Cloud Mac	2026-08-23T00:25:42.3000280Z [RUN_FASTLANE] › Copying   ios/build/Build/Intermediates.noindex/ArchiveIntermediates/Hence/IntermediateBuildFilesPath/UninstalledProducts/iphoneos/Stripe3DS2.bundle/sv.lproj ➜ ../../../../../var/folders/g3/pffjr_y96bq06blnkf72x_hw0000gn/T/eas-build-local-nodejs/8b92a6e8-638b-44a7-86ed-dccce4fa23af/build/ios/Pods/StripePayments/Stripe3DS2/Stripe3DS2/Resources/sv.lproj
build	Build iOS Locally on Free Cloud Mac	2026-08-23T00:25:42.3111440Z [RUN_FASTLANE] › Copying   ios/build/Build/Intermediates.noindex/ArchiveIntermediates/Hence/IntermediateBuildFilesPath/UninstalledProducts/iphoneos/Stripe3DS2.bundle/sl-SI.lproj ➜ ../../../../../var/folders/g3/pffjr_y96bq06blnkf72x_hw0000gn/T/eas-build-local-nodejs/8b92a6e8-638b-44a7-86ed-dccce4fa23af/build/ios/Pods/StripePayments/Stripe3DS2/Stripe3DS2/Resources/sl-SI.lproj
build	Build iOS Locally on Free Cloud Mac	2026-08-23T00:25:42.3264780Z [RUN_FASTLANE] › Copying   ios/build/Build/Intermediates.noindex/ArchiveIntermediates/Hence/IntermediateBuildFilesPath/UninstalledProducts/iphoneos/Stripe3DS2.bundle/sk-SK.lproj ➜ ../../../../../var/folders/g3/pffjr_y96bq06blnkf72x_hw0000gn/T/eas-build-local-nodejs/8b92a6e8-638b-44a7-86ed-dccce4fa23af/build/ios/Pods/StripePayments/Stripe3DS2/Stripe3DS2/Resources/sk-SK.lproj
build	Build iOS Locally on Free Cloud Mac	2026-08-23T00:25:42.3370110Z [RUN_FASTLANE] › Copying   ios/build/Build/Intermediates.noindex/ArchiveIntermediates/Hence/IntermediateBuildFilesPath/UninstalledProducts/iphoneos/Stripe3DS2.bundle/ru.lproj ➜ ../../../../../var/folders/g3/pffjr_y96bq06blnkf72x_hw0000gn/T/eas-build-local-nodejs/8b92a6e8-638b-44a7-86ed-dccce4fa23af/build/ios/Pods/StripePayments/Stripe3DS2/Stripe3DS2/Resources/ru.lproj
build	Build iOS Locally on Free Cloud Mac	2026-08-23T00:25:42.3480280Z [RUN_FASTLANE] › Copying   ios/build/Build/Intermediates.noindex/ArchiveIntermediates/Hence/IntermediateBuildFilesPath/UninstalledProducts/iphoneos/Stripe3DS2.bundle/ro-RO.lproj ➜ ../../../../../var/folders/g3/pffjr_y96bq06blnkf72x_hw0000gn/T/eas-build-local-nodejs/8b92a6e8-638b-44a7-86ed-dccce4fa23af/build/ios/Pods/StripePayments/Stripe3DS2/Stripe3DS2/Resources/ro-RO.lproj
build	Build iOS Locally on Free Cloud Mac	2026-08-23T00:25:42.3494500Z [RUN_FASTLANE] › Copying   ios/build/Build/Intermediates.noindex/ArchiveIntermediates/Hence/IntermediateBuildFilesPath/UninstalledProducts/iphoneos/Stripe3DS2.bundle/pt-PT.lproj ➜ ../../../../../var/folders/g3/pffjr_y96bq06blnkf72x_hw0000gn/T/eas-build-local-nodejs/8b92a6e8-638b-44a7-86ed-dccce4fa23af/build/ios/Pods/StripePayments/Stripe3DS2/Stripe3DS2/Resources/pt-PT.lproj
build	Build iOS Locally on Free Cloud Mac	2026-08-23T00:25:42.3600520Z [RUN_FASTLANE] › Copying   ios/build/Build/Intermediates.noindex/ArchiveIntermediates/Hence/IntermediateBuildFilesPath/UninstalledProducts/iphoneos/Stripe3DS2.bundle/pt-BR.lproj ➜ ../../../../../var/folders/g3/pffjr_y96bq06blnkf72x_hw0000gn/T/eas-build-local-nodejs/8b92a6e8-638b-44a7-86ed-dccce4fa23af/build/ios/Pods/StripePayments/Stripe3DS2/Stripe3DS2/Resources/pt-BR.lproj
build	Build iOS Locally on Free Cloud Mac	2026-08-23T00:25:42.3762550Z [RUN_FASTLANE] › Copying   ios/build/Build/Intermediates.noindex/ArchiveIntermediates/Hence/IntermediateBuildFilesPath/UninstalledProducts/iphoneos/Stripe3DS2.bundle/pl-PL.lproj ➜ ../../../../../var/folders/g3/pffjr_y96bq06blnkf72x_hw0000gn/T/eas-build-local-nodejs/8b92a6e8-638b-44a7-86ed-dccce4fa23af/build/ios/Pods/StripePayments/Stripe3DS2/Stripe3DS2/Resources/pl-PL.lproj
build	Build iOS Locally on Free Cloud Mac	2026-08-23T00:25:42.4048890Z [RUN_FASTLANE] › Copying   ios/build/Build/Intermediates.noindex/ArchiveIntermediates/Hence/IntermediateBuildFilesPath/UninstalledProducts/iphoneos/Stripe3DS2.bundle/nl.lproj ➜ ../../../../../var/folders/g3/pffjr_y96bq06blnkf72x_hw0000gn/T/eas-build-local-nodejs/8b92a6e8-638b-44a7-86ed-dccce4fa23af/build/ios/Pods/StripePayments/Stripe3DS2/Stripe3DS2/Resources/nl.lproj
build	Build iOS Locally on Free Cloud Mac	2026-08-23T00:25:42.4278070Z [RUN_FASTLANE] › Copying   ios/build/Build/Intermediates.noindex/ArchiveIntermediates/Hence/IntermediateBuildFilesPath/UninstalledProducts/iphoneos/Stripe3DS2.bundle/nb.lproj ➜ ../../../../../var/folders/g3/pffjr_y96bq06blnkf72x_hw0000gn/T/eas-build-local-nodejs/8b92a6e8-638b-44a7-86ed-dccce4fa23af/build/ios/Pods/StripePayments/Stripe3DS2/Stripe3DS2/Resources/nb.lproj
build	Build iOS Locally on Free Cloud Mac	2026-08-23T00:25:42.4281930Z [RUN_FASTLANE] › Copying   ios/build/Build/Intermediates.noindex/ArchiveIntermediates/Hence/IntermediateBuildFilesPath/UninstalledProducts/iphoneos/Stripe3DS2.bundle/mt.lproj ➜ ../../../../../var/folders/g3/pffjr_y96bq06blnkf72x_hw0000gn/T/eas-build-local-nodejs/8b92a6e8-638b-44a7-86ed-dccce4fa23af/build/ios/Pods/StripePayments/Stripe3DS2/Stripe3DS2/Resources/mt.lproj
build	Build iOS Locally on Free Cloud Mac	2026-08-23T00:25:42.4436600Z [RUN_FASTLANE] › Copying   ios/build/Build/Intermediates.noindex/ArchiveIntermediates/Hence/IntermediateBuildFilesPath/UninstalledProducts/iphoneos/Stripe3DS2.bundle/ms-MY.lproj ➜ ../../../../../var/folders/g3/pffjr_y96bq06blnkf72x_hw0000gn/T/eas-build-local-nodejs/8b92a6e8-638b-44a7-86ed-dccce4fa23af/build/ios/Pods/StripePayments/Stripe3DS2/Stripe3DS2/Resources/ms-MY.lproj
build	Build iOS Locally on Free Cloud Mac	2026-08-23T00:25:42.4547270Z [RUN_FASTLANE] › Copying   ios/build/Build/Intermediates.noindex/ArchiveIntermediates/Hence/IntermediateBuildFilesPath/UninstalledProducts/iphoneos/Stripe3DS2.bundle/lv-LV.lproj ➜ ../../../../../var/folders/g3/pffjr_y96bq06blnkf72x_hw0000gn/T/eas-build-local-nodejs/8b92a6e8-638b-44a7-86ed-dccce4fa23af/build/ios/Pods/StripePayments/Stripe3DS2/Stripe3DS2/Resources/lv-LV.lproj
build	Build iOS Locally on Free Cloud Mac	2026-08-23T00:25:42.4690630Z [RUN_FASTLANE] › Copying   ios/build/Build/Intermediates.noindex/ArchiveIntermediates/Hence/IntermediateBuildFilesPath/UninstalledProducts/iphoneos/Stripe3DS2.bundle/lt-LT.lproj ➜ ../../../../../var/folders/g3/pffjr_y96bq06blnkf72x_hw0000gn/T/eas-build-local-nodejs/8b92a6e8-638b-44a7-86ed-dccce4fa23af/build/ios/Pods/StripePayments/Stripe3DS2/Stripe3DS2/Resources/lt-LT.lproj
build	Build iOS Locally on Free Cloud Mac	2026-08-23T00:25:42.4693840Z [RUN_FASTLANE] › Copying   ios/build/Build/Intermediates.noindex/ArchiveIntermediates/Hence/IntermediateBuildFilesPath/UninstalledProducts/iphoneos/Stripe3DS2.bundle/ko.lproj ➜ ../../../../../var/folders/g3/pffjr_y96bq06blnkf72x_hw0000gn/T/eas-build-local-nodejs/8b92a6e8-638b-44a7-86ed-dccce4fa23af/build/ios/Pods/StripePayments/Stripe3DS2/Stripe3DS2/Resources/ko.lproj
build	Build iOS Locally on Free Cloud Mac	2026-08-23T00:25:42.4833720Z [RUN_FASTLANE] › Copying   ios/build/Build/Intermediates.noindex/ArchiveIntermediates/Hence/IntermediateBuildFilesPath/UninstalledProducts/iphoneos/Stripe3DS2.bundle/ja.lproj ➜ ../../../../../var/folders/g3/pffjr_y96bq06blnkf72x_hw0000gn/T/eas-build-local-nodejs/8b92a6e8-638b-44a7-86ed-dccce4fa23af/build/ios/Pods/StripePayments/Stripe3DS2/Stripe3DS2/Resources/ja.lproj
build	Build iOS Locally on Free Cloud Mac	2026-08-23T00:25:42.4940930Z [RUN_FASTLANE] › Copying   ios/build/Build/Intermediates.noindex/ArchiveIntermediates/Hence/IntermediateBuildFilesPath/UninstalledProducts/iphoneos/Stripe3DS2.bundle/it.lproj ➜ ../../../../../var/folders/g3/pffjr_y96bq06blnkf72x_hw0000gn/T/eas-build-local-nodejs/8b92a6e8-638b-44a7-86ed-dccce4fa23af/build/ios/Pods/StripePayments/Stripe3DS2/Stripe3DS2/Resources/it.lproj
build	Build iOS Locally on Free Cloud Mac	2026-08-23T00:25:42.5059310Z [RUN_FASTLANE] › Copying   ios/build/Build/Intermediates.noindex/ArchiveIntermediates/Hence/IntermediateBuildFilesPath/UninstalledProducts/iphoneos/Stripe3DS2.bundle/id.lproj ➜ ../../../../../var/folders/g3/pffjr_y96bq06blnkf72x_hw0000gn/T/eas-build-local-nodejs/8b92a6e8-638b-44a7-86ed-dccce4fa23af/build/ios/Pods/StripePayments/Stripe3DS2/Stripe3DS2/Resources/id.lproj
build	Build iOS Locally on Free Cloud Mac	2026-08-23T00:25:42.5166520Z [RUN_FASTLANE] › Copying   ios/build/Build/Intermediates.noindex/ArchiveIntermediates/Hence/IntermediateBuildFilesPath/UninstalledProducts/iphoneos/Stripe3DS2.bundle/hu.lproj ➜ ../../../../../var/folders/g3/pffjr_y96bq06blnkf72x_hw0000gn/T/eas-build-local-nodejs/8b92a6e8-638b-44a7-86ed-dccce4fa23af/build/ios/Pods/StripePayments/Stripe3DS2/Stripe3DS2/Resources/hu.lproj
build	Build iOS Locally on Free Cloud Mac	2026-08-23T00:25:42.5270990Z [RUN_FASTLANE] › Copying   ios/build/Build/Intermediates.noindex/ArchiveIntermediates/Hence/IntermediateBuildFilesPath/UninstalledProducts/iphoneos/Stripe3DS2.bundle/hr.lproj ➜ ../../../../../var/folders/g3/pffjr_y96bq06blnkf72x_hw0000gn/T/eas-build-local-nodejs/8b92a6e8-638b-44a7-86ed-dccce4fa23af/build/ios/Pods/StripePayments/Stripe3DS2/Stripe3DS2/Resources/hr.lproj
build	Build iOS Locally on Free Cloud Mac	2026-08-23T00:25:42.5405040Z [RUN_FASTLANE] › Copying   ios/build/Build/Intermediates.noindex/ArchiveIntermediates/Hence/IntermediateBuildFilesPath/UninstalledProducts/iphoneos/Stripe3DS2.bundle/fr.lproj ➜ ../../../../../var/folders/g3/pffjr_y96bq06blnkf72x_hw0000gn/T/eas-build-local-nodejs/8b92a6e8-638b-44a7-86ed-dccce4fa23af/build/ios/Pods/StripePayments/Stripe3DS2/Stripe3DS2/Resources/fr.lproj
build	Build iOS Locally on Free Cloud Mac	2026-08-23T00:25:42.5530830Z [RUN_FASTLANE] › Copying   ios/build/Build/Intermediates.noindex/ArchiveIntermediates/Hence/IntermediateBuildFilesPath/UninstalledProducts/iphoneos/Stripe3DS2.bundle/fr-CA.lproj ➜ ../../../../../var/folders/g3/pffjr_y96bq06blnkf72x_hw0000gn/T/eas-build-local-nodejs/8b92a6e8-638b-44a7-86ed-dccce4fa23af/build/ios/Pods/StripePayments/Stripe3DS2/Stripe3DS2/Resources/fr-CA.lproj
build	Build iOS Locally on Free Cloud Mac	2026-08-23T00:25:42.5658050Z [RUN_FASTLANE] › Copying   ios/build/Build/Intermediates.noindex/ArchiveIntermediates/Hence/IntermediateBuildFilesPath/UninstalledProducts/iphoneos/Stripe3DS2.bundle/fil.lproj ➜ ../../../../../var/folders/g3/pffjr_y96bq06blnkf72x_hw0000gn/T/eas-build-local-nodejs/8b92a6e8-638b-44a7-86ed-dccce4fa23af/build/ios/Pods/StripePayments/Stripe3DS2/Stripe3DS2/Resources/fil.lproj
build	Build iOS Locally on Free Cloud Mac	2026-08-23T00:25:42.5768540Z [RUN_FASTLANE] › Copying   ios/build/Build/Intermediates.noindex/ArchiveIntermediates/Hence/IntermediateBuildFilesPath/UninstalledProducts/iphoneos/Stripe3DS2.bundle/fi.lproj ➜ ../../../../../var/folders/g3/pffjr_y96bq06blnkf72x_hw0000gn/T/eas-build-local-nodejs/8b92a6e8-638b-44a7-86ed-dccce4fa23af/build/ios/Pods/StripePayments/Stripe3DS2/Stripe3DS2/Resources/fi.lproj
build	Build iOS Locally on Free Cloud Mac	2026-08-23T00:25:42.5877810Z [RUN_FASTLANE] › Copying   ios/build/Build/Intermediates.noindex/ArchiveIntermediates/Hence/IntermediateBuildFilesPath/UninstalledProducts/iphoneos/Stripe3DS2.bundle/et-EE.lproj ➜ ../../../../../var/folders/g3/pffjr_y96bq06blnkf72x_hw0000gn/T/eas-build-local-nodejs/8b92a6e8-638b-44a7-86ed-dccce4fa23af/build/ios/Pods/StripePayments/Stripe3DS2/Stripe3DS2/Resources/et-EE.lproj
build	Build iOS Locally on Free Cloud Mac	2026-08-23T00:25:42.5985550Z [RUN_FASTLANE] › Copying   ios/build/Build/Intermediates.noindex/ArchiveIntermediates/Hence/IntermediateBuildFilesPath/UninstalledProducts/iphoneos/Stripe3DS2.bundle/es.lproj ➜ ../../../../../var/folders/g3/pffjr_y96bq06blnkf72x_hw0000gn/T/eas-build-local-nodejs/8b92a6e8-638b-44a7-86ed-dccce4fa23af/build/ios/Pods/StripePayments/Stripe3DS2/Stripe3DS2/Resources/es.lproj
build	Build iOS Locally on Free Cloud Mac	2026-08-23T00:25:42.6094870Z [RUN_FASTLANE] › Copying   ios/build/Build/Intermediates.noindex/ArchiveIntermediates/Hence/IntermediateBuildFilesPath/UninstalledProducts/iphoneos/Stripe3DS2.bundle/es-419.lproj ➜ ../../../../../var/folders/g3/pffjr_y96bq06blnkf72x_hw0000gn/T/eas-build-local-nodejs/8b92a6e8-638b-44a7-86ed-dccce4fa23af/build/ios/Pods/StripePayments/Stripe3DS2/Stripe3DS2/Resources/es-419.lproj
build	Build iOS Locally on Free Cloud Mac	2026-08-23T00:25:42.6201010Z [RUN_FASTLANE] › Copying   ios/build/Build/Intermediates.noindex/ArchiveIntermediates/Hence/IntermediateBuildFilesPath/UninstalledProducts/iphoneos/Stripe3DS2.bundle/en.lproj ➜ ../../../../../var/folders/g3/pffjr_y96bq06blnkf72x_hw0000gn/T/eas-build-local-nodejs/8b92a6e8-638b-44a7-86ed-dccce4fa23af/build/ios/Pods/StripePayments/Stripe3DS2/Stripe3DS2/Resources/en.lproj
build	Build iOS Locally on Free Cloud Mac	2026-08-23T00:25:42.6321580Z [RUN_FASTLANE] › Copying   ios/build/Build/Intermediates.noindex/ArchiveIntermediates/Hence/IntermediateBuildFilesPath/UninstalledProducts/iphoneos/Stripe3DS2.bundle/en-GB.lproj ➜ ../../../../../var/folders/g3/pffjr_y96bq06blnkf72x_hw0000gn/T/eas-build-local-nodejs/8b92a6e8-638b-44a7-86ed-dccce4fa23af/build/ios/Pods/StripePayments/Stripe3DS2/Stripe3DS2/Resources/en-GB.lproj
build	Build iOS Locally on Free Cloud Mac	2026-08-23T00:25:42.6426340Z [RUN_FASTLANE] › Copying   ios/build/Build/Intermediates.noindex/ArchiveIntermediates/Hence/IntermediateBuildFilesPath/UninstalledProducts/iphoneos/Stripe3DS2.bundle/el-GR.lproj ➜ ../../../../../var/folders/g3/pffjr_y96bq06blnkf72x_hw0000gn/T/eas-build-local-nodejs/8b92a6e8-638b-44a7-86ed-dccce4fa23af/build/ios/Pods/StripePayments/Stripe3DS2/Stripe3DS2/Resources/el-GR.lproj
build	Build iOS Locally on Free Cloud Mac	2026-08-23T00:25:42.6530230Z [RUN_FASTLANE] › Copying   ios/build/Build/Intermediates.noindex/ArchiveIntermediates/Hence/IntermediateBuildFilesPath/UninstalledProducts/iphoneos/Stripe3DS2.bundle/de.lproj ➜ ../../../../../var/folders/g3/pffjr_y96bq06blnkf72x_hw0000gn/T/eas-build-local-nodejs/8b92a6e8-638b-44a7-86ed-dccce4fa23af/build/ios/Pods/StripePayments/Stripe3DS2/Stripe3DS2/Resources/de.lproj
build	Build iOS Locally on Free Cloud Mac	2026-08-23T00:25:42.6636190Z [RUN_FASTLANE] › Copying   ios/build/Build/Intermediates.noindex/ArchiveIntermediates/Hence/IntermediateBuildFilesPath/UninstalledProducts/iphoneos/Stripe3DS2.bundle/da.lproj ➜ ../../../../../var/folders/g3/pffjr_y96bq06blnkf72x_hw0000gn/T/eas-build-local-nodejs/8b92a6e8-638b-44a7-86ed-dccce4fa23af/build/ios/Pods/StripePayments/Stripe3DS2/Stripe3DS2/Resources/da.lproj
build	Build iOS Locally on Free Cloud Mac	2026-08-23T00:25:42.6750920Z [RUN_FASTLANE] › Copying   ios/build/Build/Intermediates.noindex/ArchiveIntermediates/Hence/IntermediateBuildFilesPath/UninstalledProducts/iphoneos/Stripe3DS2.bundle/cs-CZ.lproj ➜ ../../../../../var/folders/g3/pffjr_y96bq06blnkf72x_hw0000gn/T/eas-build-local-nodejs/8b92a6e8-638b-44a7-86ed-dccce4fa23af/build/ios/Pods/StripePayments/Stripe3DS2/Stripe3DS2/Resources/cs-CZ.lproj
build	Build iOS Locally on Free Cloud Mac	2026-08-23T00:25:42.6855260Z [RUN_FASTLANE] › Copying   ios/build/Build/Intermediates.noindex/ArchiveIntermediates/Hence/IntermediateBuildFilesPath/UninstalledProducts/iphoneos/Stripe3DS2.bundle/ca-ES.lproj ➜ ../../../../../var/folders/g3/pffjr_y96bq06blnkf72x_hw0000gn/T/eas-build-local-nodejs/8b92a6e8-638b-44a7-86ed-dccce4fa23af/build/ios/Pods/StripePayments/Stripe3DS2/Stripe3DS2/Resources/ca-ES.lproj
build	Build iOS Locally on Free Cloud Mac	2026-08-23T00:25:42.6967010Z [RUN_FASTLANE] › Copying   ios/build/Build/Intermediates.noindex/ArchiveIntermediates/Hence/IntermediateBuildFilesPath/UninstalledProducts/iphoneos/Stripe3DS2.bundle/bg-BG.lproj ➜ ../../../../../var/folders/g3/pffjr_y96bq06blnkf72x_hw0000gn/T/eas-build-local-nodejs/8b92a6e8-638b-44a7-86ed-dccce4fa23af/build/ios/Pods/StripePayments/Stripe3DS2/Stripe3DS2/Resources/bg-BG.lproj
build	Build iOS Locally on Free Cloud Mac	2026-08-23T00:25:42.7083290Z [RUN_FASTLANE] › Copying   ios/build/Build/Intermediates.noindex/ArchiveIntermediates/Hence/IntermediateBuildFilesPath/UninstalledProducts/iphoneos/Stripe3DS2.bundle/PrivacyInfo.xcprivacy ➜ ../../../../../var/folders/g3/pffjr_y96bq06blnkf72x_hw0000gn/T/eas-build-local-nodejs/8b92a6e8-638b-44a7-86ed-dccce4fa23af/build/ios/Pods/StripePayments/Stripe3DS2/Stripe3DS2/PrivacyInfo.xcprivacy
build	Build iOS Locally on Free Cloud Mac	2026-08-23T00:25:42.7087120Z [RUN_FASTLANE] › Preparing Pods/StripePaymentsUI-StripePaymentsUIBundle » ResourceBundle-StripePaymentsUIBundle-StripePaymentsUI-Info.plist
build	Build iOS Locally on Free Cloud Mac	2026-08-23T00:25:42.7190280Z [RUN_FASTLANE] › Creating  Pods/StripePayments-StripePaymentsBundle » StripePaymentsBundle.bundle
build	Build iOS Locally on Free Cloud Mac	2026-08-23T00:25:42.7295350Z [RUN_FASTLANE] › Creating  Pods/StripePaymentsUI-StripePaymentsUIBundle » StripePaymentsUIBundle.bundle
build	Build iOS Locally on Free Cloud Mac	2026-08-23T00:25:42.7400050Z [RUN_FASTLANE] › Copying   ios/build/Build/Intermediates.noindex/ArchiveIntermediates/Hence/IntermediateBuildFilesPath/UninstalledProducts/iphoneos/StripePaymentSheetBundle.bundle/zh-Hans.lproj ➜ ../../../../../var/folders/g3/pffjr_y96bq06blnkf72x_hw0000gn/T/eas-build-local-nodejs/8b92a6e8-638b-44a7-86ed-dccce4fa23af/build/ios/Pods/StripePaymentSheet/StripePaymentSheet/StripePaymentSheet/Resources/Localizations/zh-Hans.lproj
build	Build iOS Locally on Free Cloud Mac	2026-08-23T00:25:42.7505330Z [RUN_FASTLANE] › Copying   ios/build/Build/Intermediates.noindex/ArchiveIntermediates/Hence/IntermediateBuildFilesPath/UninstalledProducts/iphoneos/StripePaymentSheetBundle.bundle/zh-HK.lproj ➜ ../../../../../var/folders/g3/pffjr_y96bq06blnkf72x_hw0000gn/T/eas-build-local-nodejs/8b92a6e8-638b-44a7-86ed-dccce4fa23af/build/ios/Pods/StripePaymentSheet/StripePaymentSheet/StripePaymentSheet/Resources/Localizations/zh-HK.lproj
build	Build iOS Locally on Free Cloud Mac	2026-08-23T00:25:42.7620020Z [RUN_FASTLANE] › Copying   ios/build/Build/Intermediates.noindex/ArchiveIntermediates/Hence/IntermediateBuildFilesPath/UninstalledProducts/iphoneos/StripePaymentSheetBundle.bundle/vi.lproj ➜ ../../../../../var/folders/g3/pffjr_y96bq06blnkf72x_hw0000gn/T/eas-build-local-nodejs/8b92a6e8-638b-44a7-86ed-dccce4fa23af/build/ios/Pods/StripePaymentSheet/StripePaymentSheet/StripePaymentSheet/Resources/Localizations/vi.lproj
build	Build iOS Locally on Free Cloud Mac	2026-08-23T00:25:42.7727460Z [RUN_FASTLANE] › Copying   ios/build/Build/Intermediates.noindex/ArchiveIntermediates/Hence/IntermediateBuildFilesPath/UninstalledProducts/iphoneos/StripePaymentSheetBundle.bundle/tr.lproj ➜ ../../../../../var/folders/g3/pffjr_y96bq06blnkf72x_hw0000gn/T/eas-build-local-nodejs/8b92a6e8-638b-44a7-86ed-dccce4fa23af/build/ios/Pods/StripePaymentSheet/StripePaymentSheet/StripePaymentSheet/Resources/Localizations/tr.lproj
build	Build iOS Locally on Free Cloud Mac	2026-08-23T00:25:42.7833790Z [RUN_FASTLANE] › Copying   ios/build/Build/Intermediates.noindex/ArchiveIntermediates/Hence/IntermediateBuildFilesPath/UninstalledProducts/iphoneos/StripePaymentSheetBundle.bundle/tk.lproj ➜ ../../../../../var/folders/g3/pffjr_y96bq06blnkf72x_hw0000gn/T/eas-build-local-nodejs/8b92a6e8-638b-44a7-86ed-dccce4fa23af/build/ios/Pods/StripePaymentSheet/StripePaymentSheet/StripePaymentSheet/Resources/Localizations/tk.lproj
build	Build iOS Locally on Free Cloud Mac	2026-08-23T00:25:42.7942880Z [RUN_FASTLANE] › Copying   ios/build/Build/Intermediates.noindex/ArchiveIntermediates/Hence/IntermediateBuildFilesPath/UninstalledProducts/iphoneos/StripePaymentSheetBundle.bundle/th.lproj ➜ ../../../../../var/folders/g3/pffjr_y96bq06blnkf72x_hw0000gn/T/eas-build-local-nodejs/8b92a6e8-638b-44a7-86ed-dccce4fa23af/build/ios/Pods/StripePaymentSheet/StripePaymentSheet/StripePaymentSheet/Resources/Localizations/th.lproj
build	Build iOS Locally on Free Cloud Mac	2026-08-23T00:25:42.8051330Z [RUN_FASTLANE] › Copying   ios/build/Build/Intermediates.noindex/ArchiveIntermediates/Hence/IntermediateBuildFilesPath/UninstalledProducts/iphoneos/StripePaymentSheetBundle.bundle/sv.lproj ➜ ../../../../../var/folders/g3/pffjr_y96bq06blnkf72x_hw0000gn/T/eas-build-local-nodejs/8b92a6e8-638b-44a7-86ed-dccce4fa23af/build/ios/Pods/StripePaymentSheet/StripePaymentSheet/StripePaymentSheet/Resources/Localizations/sv.lproj
build	Build iOS Locally on Free Cloud Mac	2026-08-23T00:25:42.8158920Z [RUN_FASTLANE] › Copying   ios/build/Build/Intermediates.noindex/ArchiveIntermediates/Hence/IntermediateBuildFilesPath/UninstalledProducts/iphoneos/StripePaymentSheetBundle.bundle/sl-SI.lproj ➜ ../../../../../var/folders/g3/pffjr_y96bq06blnkf72x_hw0000gn/T/eas-build-local-nodejs/8b92a6e8-638b-44a7-86ed-dccce4fa23af/build/ios/Pods/StripePaymentSheet/StripePaymentSheet/StripePaymentSheet/Resources/Localizations/sl-SI.lproj
build	Build iOS Locally on Free Cloud Mac	2026-08-23T00:25:42.8283570Z [RUN_FASTLANE] › Copying   ios/build/Build/Intermediates.noindex/ArchiveIntermediates/Hence/IntermediateBuildFilesPath/UninstalledProducts/iphoneos/StripePaymentSheetBundle.bundle/sk-SK.lproj ➜ ../../../../../var/folders/g3/pffjr_y96bq06blnkf72x_hw0000gn/T/eas-build-local-nodejs/8b92a6e8-638b-44a7-86ed-dccce4fa23af/build/ios/Pods/StripePaymentSheet/StripePaymentSheet/StripePaymentSheet/Resources/Localizations/sk-SK.lproj
build	Build iOS Locally on Free Cloud Mac	2026-08-23T00:25:42.8393340Z [RUN_FASTLANE] › Copying   ios/build/Build/Intermediates.noindex/ArchiveIntermediates/Hence/IntermediateBuildFilesPath/UninstalledProducts/iphoneos/StripePaymentSheetBundle.bundle/ru.lproj ➜ ../../../../../var/folders/g3/pffjr_y96bq06blnkf72x_hw0000gn/T/eas-build-local-nodejs/8b92a6e8-638b-44a7-86ed-dccce4fa23af/build/ios/Pods/StripePaymentSheet/StripePaymentSheet/StripePaymentSheet/Resources/Localizations/ru.lproj
build	Build iOS Locally on Free Cloud Mac	2026-08-23T00:25:42.8511160Z [RUN_FASTLANE] › Copying   ios/build/Build/Intermediates.noindex/ArchiveIntermediates/Hence/IntermediateBuildFilesPath/UninstalledProducts/iphoneos/StripePaymentSheetBundle.bundle/ro-RO.lproj ➜ ../../../../../var/folders/g3/pffjr_y96bq06blnkf72x_hw0000gn/T/eas-build-local-nodejs/8b92a6e8-638b-44a7-86ed-dccce4fa23af/build/ios/Pods/StripePaymentSheet/StripePaymentSheet/StripePaymentSheet/Resources/Localizations/ro-RO.lproj
build	Build iOS Locally on Free Cloud Mac	2026-08-23T00:25:42.8653220Z [RUN_FASTLANE] › Copying   ios/build/Build/Intermediates.noindex/ArchiveIntermediates/Hence/IntermediateBuildFilesPath/UninstalledProducts/iphoneos/StripePaymentSheetBundle.bundle/pt-PT.lproj ➜ ../../../../../var/folders/g3/pffjr_y96bq06blnkf72x_hw0000gn/T/eas-build-local-nodejs/8b92a6e8-638b-44a7-86ed-dccce4fa23af/build/ios/Pods/StripePaymentSheet/StripePaymentSheet/StripePaymentSheet/Resources/Localizations/pt-PT.lproj
build	Build iOS Locally on Free Cloud Mac	2026-08-23T00:25:42.8759220Z [RUN_FASTLANE] › Copying   ios/build/Build/Intermediates.noindex/ArchiveIntermediates/Hence/IntermediateBuildFilesPath/UninstalledProducts/iphoneos/StripePaymentSheetBundle.bundle/pt-BR.lproj ➜ ../../../../../var/folders/g3/pffjr_y96bq06blnkf72x_hw0000gn/T/eas-build-local-nodejs/8b92a6e8-638b-44a7-86ed-dccce4fa23af/build/ios/Pods/StripePaymentSheet/StripePaymentSheet/StripePaymentSheet/Resources/Localizations/pt-BR.lproj
build	Build iOS Locally on Free Cloud Mac	2026-08-23T00:25:42.8889840Z [RUN_FASTLANE] › Copying   ios/build/Build/Intermediates.noindex/ArchiveIntermediates/Hence/IntermediateBuildFilesPath/UninstalledProducts/iphoneos/StripePaymentSheetBundle.bundle/pl-PL.lproj ➜ ../../../../../var/folders/g3/pffjr_y96bq06blnkf72x_hw0000gn/T/eas-build-local-nodejs/8b92a6e8-638b-44a7-86ed-dccce4fa23af/build/ios/Pods/StripePaymentSheet/StripePaymentSheet/StripePaymentSheet/Resources/Localizations/pl-PL.lproj
build	Build iOS Locally on Free Cloud Mac	2026-08-23T00:25:42.9003240Z [RUN_FASTLANE] › Copying   ios/build/Build/Intermediates.noindex/ArchiveIntermediates/Hence/IntermediateBuildFilesPath/UninstalledProducts/iphoneos/StripePaymentSheetBundle.bundle/nl.lproj ➜ ../../../../../var/folders/g3/pffjr_y96bq06blnkf72x_hw0000gn/T/eas-build-local-nodejs/8b92a6e8-638b-44a7-86ed-dccce4fa23af/build/ios/Pods/StripePaymentSheet/StripePaymentSheet/StripePaymentSheet/Resources/Localizations/nl.lproj
build	Build iOS Locally on Free Cloud Mac	2026-08-23T00:25:42.9098550Z [RUN_FASTLANE] › Copying   ios/build/Build/Intermediates.noindex/ArchiveIntermediates/Hence/IntermediateBuildFilesPath/UninstalledProducts/iphoneos/StripePaymentSheetBundle.bundle/nb.lproj ➜ ../../../../../var/folders/g3/pffjr_y96bq06blnkf72x_hw0000gn/T/eas-build-local-nodejs/8b92a6e8-638b-44a7-86ed-dccce4fa23af/build/ios/Pods/StripePaymentSheet/StripePaymentSheet/StripePaymentSheet/Resources/Localizations/nb.lproj
build	Build iOS Locally on Free Cloud Mac	2026-08-23T00:25:42.9224080Z [RUN_FASTLANE] › Copying   ios/build/Build/Intermediates.noindex/ArchiveIntermediates/Hence/IntermediateBuildFilesPath/UninstalledProducts/iphoneos/StripePaymentSheetBundle.bundle/mt.lproj ➜ ../../../../../var/folders/g3/pffjr_y96bq06blnkf72x_hw0000gn/T/eas-build-local-nodejs/8b92a6e8-638b-44a7-86ed-dccce4fa23af/build/ios/Pods/StripePaymentSheet/StripePaymentSheet/StripePaymentSheet/Resources/Localizations/mt.lproj
build	Build iOS Locally on Free Cloud Mac	2026-08-23T00:25:42.9328350Z [RUN_FASTLANE] › Copying   ios/build/Build/Intermediates.noindex/ArchiveIntermediates/Hence/IntermediateBuildFilesPath/UninstalledProducts/iphoneos/StripePaymentSheetBundle.bundle/ms-MY.lproj ➜ ../../../../../var/folders/g3/pffjr_y96bq06blnkf72x_hw0000gn/T/eas-build-local-nodejs/8b92a6e8-638b-44a7-86ed-dccce4fa23af/build/ios/Pods/StripePaymentSheet/StripePaymentSheet/StripePaymentSheet/Resources/Localizations/ms-MY.lproj
build	Build iOS Locally on Free Cloud Mac	2026-08-23T00:25:42.9462130Z [RUN_FASTLANE] › Copying   ios/build/Build/Intermediates.noindex/ArchiveIntermediates/Hence/IntermediateBuildFilesPath/UninstalledProducts/iphoneos/StripePaymentSheetBundle.bundle/lv-LV.lproj ➜ ../../../../../var/folders/g3/pffjr_y96bq06blnkf72x_hw0000gn/T/eas-build-local-nodejs/8b92a6e8-638b-44a7-86ed-dccce4fa23af/build/ios/Pods/StripePaymentSheet/StripePaymentSheet/StripePaymentSheet/Resources/Localizations/lv-LV.lproj
build	Build iOS Locally on Free Cloud Mac	2026-08-23T00:25:42.9465720Z [RUN_FASTLANE] › Copying   ios/build/Build/Intermediates.noindex/ArchiveIntermediates/Hence/IntermediateBuildFilesPath/UninstalledProducts/iphoneos/StripePaymentSheetBundle.bundle/lt-LT.lproj ➜ ../../../../../var/folders/g3/pffjr_y96bq06blnkf72x_hw0000gn/T/eas-build-local-nodejs/8b92a6e8-638b-44a7-86ed-dccce4fa23af/build/ios/Pods/StripePaymentSheet/StripePaymentSheet/StripePaymentSheet/Resources/Localizations/lt-LT.lproj
build	Build iOS Locally on Free Cloud Mac	2026-08-23T00:25:42.9595680Z [RUN_FASTLANE] › Copying   ios/build/Build/Intermediates.noindex/ArchiveIntermediates/Hence/IntermediateBuildFilesPath/UninstalledProducts/iphoneos/StripePaymentSheetBundle.bundle/ko.lproj ➜ ../../../../../var/folders/g3/pffjr_y96bq06blnkf72x_hw0000gn/T/eas-build-local-nodejs/8b92a6e8-638b-44a7-86ed-dccce4fa23af/build/ios/Pods/StripePaymentSheet/StripePaymentSheet/StripePaymentSheet/Resources/Localizations/ko.lproj
build	Build iOS Locally on Free Cloud Mac	2026-08-23T00:25:42.9717200Z [RUN_FASTLANE] › Copying   ios/build/Build/Intermediates.noindex/ArchiveIntermediates/Hence/IntermediateBuildFilesPath/UninstalledProducts/iphoneos/StripePaymentSheetBundle.bundle/ja.lproj ➜ ../../../../../var/folders/g3/pffjr_y96bq06blnkf72x_hw0000gn/T/eas-build-local-nodejs/8b92a6e8-638b-44a7-86ed-dccce4fa23af/build/ios/Pods/StripePaymentSheet/StripePaymentSheet/StripePaymentSheet/Resources/Localizations/ja.lproj
build	Build iOS Locally on Free Cloud Mac	2026-08-23T00:25:42.9837820Z [RUN_FASTLANE] › Copying   ios/build/Build/Intermediates.noindex/ArchiveIntermediates/Hence/IntermediateBuildFilesPath/UninstalledProducts/iphoneos/StripePaymentSheetBundle.bundle/it.lproj ➜ ../../../../../var/folders/g3/pffjr_y96bq06blnkf72x_hw0000gn/T/eas-build-local-nodejs/8b92a6e8-638b-44a7-86ed-dccce4fa23af/build/ios/Pods/StripePaymentSheet/StripePaymentSheet/StripePaymentSheet/Resources/Localizations/it.lproj
build	Build iOS Locally on Free Cloud Mac	2026-08-23T00:25:42.9955670Z [RUN_FASTLANE] › Copying   ios/build/Build/Intermediates.noindex/ArchiveIntermediates/Hence/IntermediateBuildFilesPath/UninstalledProducts/iphoneos/StripePaymentSheetBundle.bundle/id.lproj ➜ ../../../../../var/folders/g3/pffjr_y96bq06blnkf72x_hw0000gn/T/eas-build-local-nodejs/8b92a6e8-638b-44a7-86ed-dccce4fa23af/build/ios/Pods/StripePaymentSheet/StripePaymentSheet/StripePaymentSheet/Resources/Localizations/id.lproj
build	Build iOS Locally on Free Cloud Mac	2026-08-23T00:25:43.0081860Z [RUN_FASTLANE] › Copying   ios/build/Build/Intermediates.noindex/ArchiveIntermediates/Hence/IntermediateBuildFilesPath/UninstalledProducts/iphoneos/StripePaymentSheetBundle.bundle/hu.lproj ➜ ../../../../../var/folders/g3/pffjr_y96bq06blnkf72x_hw0000gn/T/eas-build-local-nodejs/8b92a6e8-638b-44a7-86ed-dccce4fa23af/build/ios/Pods/StripePaymentSheet/StripePaymentSheet/StripePaymentSheet/Resources/Localizations/hu.lproj
build	Build iOS Locally on Free Cloud Mac	2026-08-23T00:25:43.0186620Z [RUN_FASTLANE] › Copying   ios/build/Build/Intermediates.noindex/ArchiveIntermediates/Hence/IntermediateBuildFilesPath/UninstalledProducts/iphoneos/StripePaymentSheetBundle.bundle/hr.lproj ➜ ../../../../../var/folders/g3/pffjr_y96bq06blnkf72x_hw0000gn/T/eas-build-local-nodejs/8b92a6e8-638b-44a7-86ed-dccce4fa23af/build/ios/Pods/StripePaymentSheet/StripePaymentSheet/StripePaymentSheet/Resources/Localizations/hr.lproj
build	Build iOS Locally on Free Cloud Mac	2026-08-23T00:25:43.0290790Z [RUN_FASTLANE] › Copying   ios/build/Build/Intermediates.noindex/ArchiveIntermediates/Hence/IntermediateBuildFilesPath/UninstalledProducts/iphoneos/StripePaymentSheetBundle.bundle/fr.lproj ➜ ../../../../../var/folders/g3/pffjr_y96bq06blnkf72x_hw0000gn/T/eas-build-local-nodejs/8b92a6e8-638b-44a7-86ed-dccce4fa23af/build/ios/Pods/StripePaymentSheet/StripePaymentSheet/StripePaymentSheet/Resources/Localizations/fr.lproj
build	Build iOS Locally on Free Cloud Mac	2026-08-23T00:25:43.0394740Z [RUN_FASTLANE] › Copying   ios/build/Build/Intermediates.noindex/ArchiveIntermediates/Hence/IntermediateBuildFilesPath/UninstalledProducts/iphoneos/StripePaymentSheetBundle.bundle/fr-CA.lproj ➜ ../../../../../var/folders/g3/pffjr_y96bq06blnkf72x_hw0000gn/T/eas-build-local-nodejs/8b92a6e8-638b-44a7-86ed-dccce4fa23af/build/ios/Pods/StripePaymentSheet/StripePaymentSheet/StripePaymentSheet/Resources/Localizations/fr-CA.lproj
build	Build iOS Locally on Free Cloud Mac	2026-08-23T00:25:43.0500200Z [RUN_FASTLANE] › Copying   ios/build/Build/Intermediates.noindex/ArchiveIntermediates/Hence/IntermediateBuildFilesPath/UninstalledProducts/iphoneos/StripePaymentSheetBundle.bundle/form_specs.json ➜ ../../../../../var/folders/g3/pffjr_y96bq06blnkf72x_hw0000gn/T/eas-build-local-nodejs/8b92a6e8-638b-44a7-86ed-dccce4fa23af/build/ios/Pods/StripePaymentSheet/StripePaymentSheet/StripePaymentSheet/Resources/JSON/form_specs.json
build	Build iOS Locally on Free Cloud Mac	2026-08-23T00:25:43.0604670Z [RUN_FASTLANE] › Copying   ios/build/Build/Intermediates.noindex/ArchiveIntermediates/Hence/IntermediateBuildFilesPath/UninstalledProducts/iphoneos/StripePaymentSheetBundle.bundle/fil.lproj ➜ ../../../../../var/folders/g3/pffjr_y96bq06blnkf72x_hw0000gn/T/eas-build-local-nodejs/8b92a6e8-638b-44a7-86ed-dccce4fa23af/build/ios/Pods/StripePaymentSheet/StripePaymentSheet/StripePaymentSheet/Resources/Localizations/fil.lproj
build	Build iOS Locally on Free Cloud Mac	2026-08-23T00:25:43.0709550Z [RUN_FASTLANE] › Copying   ios/build/Build/Intermediates.noindex/ArchiveIntermediates/Hence/IntermediateBuildFilesPath/UninstalledProducts/iphoneos/StripePaymentSheetBundle.bundle/fi.lproj ➜ ../../../../../var/folders/g3/pffjr_y96bq06blnkf72x_hw0000gn/T/eas-build-local-nodejs/8b92a6e8-638b-44a7-86ed-dccce4fa23af/build/ios/Pods/StripePaymentSheet/StripePaymentSheet/StripePaymentSheet/Resources/Localizations/fi.lproj
build	Build iOS Locally on Free Cloud Mac	2026-08-23T00:25:43.0814210Z [RUN_FASTLANE] › Copying   ios/build/Build/Intermediates.noindex/ArchiveIntermediates/Hence/IntermediateBuildFilesPath/UninstalledProducts/iphoneos/StripePaymentSheetBundle.bundle/et-EE.lproj ➜ ../../../../../var/folders/g3/pffjr_y96bq06blnkf72x_hw0000gn/T/eas-build-local-nodejs/8b92a6e8-638b-44a7-86ed-dccce4fa23af/build/ios/Pods/StripePaymentSheet/StripePaymentSheet/StripePaymentSheet/Resources/Localizations/et-EE.lproj
build	Build iOS Locally on Free Cloud Mac	2026-08-23T00:25:43.0918950Z [RUN_FASTLANE] › Copying   ios/build/Build/Intermediates.noindex/ArchiveIntermediates/Hence/IntermediateBuildFilesPath/UninstalledProducts/iphoneos/StripePaymentSheetBundle.bundle/es.lproj ➜ ../../../../../var/folders/g3/pffjr_y96bq06blnkf72x_hw0000gn/T/eas-build-local-nodejs/8b92a6e8-638b-44a7-86ed-dccce4fa23af/build/ios/Pods/StripePaymentSheet/StripePaymentSheet/StripePaymentSheet/Resources/Localizations/es.lproj
build	Build iOS Locally on Free Cloud Mac	2026-08-23T00:25:43.1023690Z [RUN_FASTLANE] › Copying   ios/build/Build/Intermediates.noindex/ArchiveIntermediates/Hence/IntermediateBuildFilesPath/UninstalledProducts/iphoneos/StripePaymentSheetBundle.bundle/es-419.lproj ➜ ../../../../../var/folders/g3/pffjr_y96bq06blnkf72x_hw0000gn/T/eas-build-local-nodejs/8b92a6e8-638b-44a7-86ed-dccce4fa23af/build/ios/Pods/StripePaymentSheet/StripePaymentSheet/StripePaymentSheet/Resources/Localizations/es-419.lproj
build	Build iOS Locally on Free Cloud Mac	2026-08-23T00:25:43.1128060Z [RUN_FASTLANE] › Copying   ios/build/Build/Intermediates.noindex/ArchiveIntermediates/Hence/IntermediateBuildFilesPath/UninstalledProducts/iphoneos/StripePaymentSheetBundle.bundle/en.lproj ➜ ../../../../../var/folders/g3/pffjr_y96bq06blnkf72x_hw0000gn/T/eas-build-local-nodejs/8b92a6e8-638b-44a7-86ed-dccce4fa23af/build/ios/Pods/StripePaymentSheet/StripePaymentSheet/StripePaymentSheet/Resources/Localizations/en.lproj
build	Build iOS Locally on Free Cloud Mac	2026-08-23T00:25:43.1232700Z [RUN_FASTLANE] › Copying   ios/build/Build/Intermediates.noindex/ArchiveIntermediates/Hence/IntermediateBuildFilesPath/UninstalledProducts/iphoneos/StripePaymentSheetBundle.bundle/en-GB.lproj ➜ ../../../../../var/folders/g3/pffjr_y96bq06blnkf72x_hw0000gn/T/eas-build-local-nodejs/8b92a6e8-638b-44a7-86ed-dccce4fa23af/build/ios/Pods/StripePaymentSheet/StripePaymentSheet/StripePaymentSheet/Resources/Localizations/en-GB.lproj
build	Build iOS Locally on Free Cloud Mac	2026-08-23T00:25:43.1349640Z [RUN_FASTLANE] › Copying   ios/build/Build/Intermediates.noindex/ArchiveIntermediates/Hence/IntermediateBuildFilesPath/UninstalledProducts/iphoneos/StripePaymentSheetBundle.bundle/el-GR.lproj ➜ ../../../../../var/folders/g3/pffjr_y96bq06blnkf72x_hw0000gn/T/eas-build-local-nodejs/8b92a6e8-638b-44a7-86ed-dccce4fa23af/build/ios/Pods/StripePaymentSheet/StripePaymentSheet/StripePaymentSheet/Resources/Localizations/el-GR.lproj
build	Build iOS Locally on Free Cloud Mac	2026-08-23T00:25:43.1479380Z [RUN_FASTLANE] › Copying   ios/build/Build/Intermediates.noindex/ArchiveIntermediates/Hence/IntermediateBuildFilesPath/UninstalledProducts/iphoneos/StripePaymentSheetBundle.bundle/de.lproj ➜ ../../../../../var/folders/g3/pffjr_y96bq06blnkf72x_hw0000gn/T/eas-build-local-nodejs/8b92a6e8-638b-44a7-86ed-dccce4fa23af/build/ios/Pods/StripePaymentSheet/StripePaymentSheet/StripePaymentSheet/Resources/Localizations/de.lproj
build	Build iOS Locally on Free Cloud Mac	2026-08-23T00:25:43.1585450Z [RUN_FASTLANE] › Copying   ios/build/Build/Intermediates.noindex/ArchiveIntermediates/Hence/IntermediateBuildFilesPath/UninstalledProducts/iphoneos/StripePaymentSheetBundle.bundle/da.lproj ➜ ../../../../../var/folders/g3/pffjr_y96bq06blnkf72x_hw0000gn/T/eas-build-local-nodejs/8b92a6e8-638b-44a7-86ed-dccce4fa23af/build/ios/Pods/StripePaymentSheet/StripePaymentSheet/StripePaymentSheet/Resources/Localizations/da.lproj
build	Build iOS Locally on Free Cloud Mac	2026-08-23T00:25:43.1691200Z [RUN_FASTLANE] › Copying   ios/build/Build/Intermediates.noindex/ArchiveIntermediates/Hence/IntermediateBuildFilesPath/UninstalledProducts/iphoneos/StripePaymentSheetBundle.bundle/cs-CZ.lproj ➜ ../../../../../var/folders/g3/pffjr_y96bq06blnkf72x_hw0000gn/T/eas-build-local-nodejs/8b92a6e8-638b-44a7-86ed-dccce4fa23af/build/ios/Pods/StripePaymentSheet/StripePaymentSheet/StripePaymentSheet/Resources/Localizations/cs-CZ.lproj
build	Build iOS Locally on Free Cloud Mac	2026-08-23T00:25:43.1803090Z [RUN_FASTLANE] › Copying   ios/build/Build/Intermediates.noindex/ArchiveIntermediates/Hence/IntermediateBuildFilesPath/UninstalledProducts/iphoneos/StripePaymentSheetBundle.bundle/ca-ES.lproj ➜ ../../../../../var/folders/g3/pffjr_y96bq06blnkf72x_hw0000gn/T/eas-build-local-nodejs/8b92a6e8-638b-44a7-86ed-dccce4fa23af/build/ios/Pods/StripePaymentSheet/StripePaymentSheet/StripePaymentSheet/Resources/Localizations/ca-ES.lproj
build	Build iOS Locally on Free Cloud Mac	2026-08-23T00:25:43.1911950Z [RUN_FASTLANE] › Copying   ios/build/Build/Intermediates.noindex/ArchiveIntermediates/Hence/IntermediateBuildFilesPath/UninstalledProducts/iphoneos/StripePaymentSheetBundle.bundle/bg-BG.lproj ➜ ../../../../../var/folders/g3/pffjr_y96bq06blnkf72x_hw0000gn/T/eas-build-local-nodejs/8b92a6e8-638b-44a7-86ed-dccce4fa23af/build/ios/Pods/StripePaymentSheet/StripePaymentSheet/StripePaymentSheet/Resources/Localizations/bg-BG.lproj
build	Build iOS Locally on Free Cloud Mac	2026-08-23T00:25:43.2016440Z [RUN_FASTLANE] › Copying   ios/build/Build/Intermediates.noindex/ArchiveIntermediates/Hence/IntermediateBuildFilesPath/UninstalledProducts/iphoneos/StripePaymentSheetBundle.bundle/PrivacyInfo.xcprivacy ➜ ../../../../../var/folders/g3/pffjr_y96bq06blnkf72x_hw0000gn/T/eas-build-local-nodejs/8b92a6e8-638b-44a7-86ed-dccce4fa23af/build/ios/Pods/StripePaymentSheet/StripePaymentSheet/StripePaymentSheet/PrivacyInfo.xcprivacy
build	Build iOS Locally on Free Cloud Mac	2026-08-23T00:25:43.2141430Z [RUN_FASTLANE] › Preparing Pods/StripePayments-Stripe3DS2 » ResourceBundle-Stripe3DS2-StripePayments-Info.plist
build	Build iOS Locally on Free Cloud Mac	2026-08-23T00:25:43.2262770Z [RUN_FASTLANE] › Preparing Pods/StripeFinancialConnections-StripeFinancialConnectionsBundle » ResourceBundle-StripeFinancialConnectionsBundle-StripeFinancialConnections-Info.plist
build	Build iOS Locally on Free Cloud Mac	2026-08-23T00:25:43.2265680Z [RUN_FASTLANE] › Copying   ios/build/Build/Intermediates.noindex/ArchiveIntermediates/Hence/IntermediateBuildFilesPath/UninstalledProducts/iphoneos/StripeFinancialConnectionsBundle.bundle/zh-Hant.lproj ➜ ../../../../../var/folders/g3/pffjr_y96bq06blnkf72x_hw0000gn/T/eas-build-local-nodejs/8b92a6e8-638b-44a7-86ed-dccce4fa23af/build/ios/Pods/StripeFinancialConnections/StripeFinancialConnections/StripeFinancialConnections/Resources/Localizations/zh-Hant.lproj
build	Build iOS Locally on Free Cloud Mac	2026-08-23T00:25:43.2389860Z [RUN_FASTLANE] › Copying   ios/build/Build/Intermediates.noindex/ArchiveIntermediates/Hence/IntermediateBuildFilesPath/UninstalledProducts/iphoneos/StripeFinancialConnectionsBundle.bundle/zh-Hans.lproj ➜ ../../../../../var/folders/g3/pffjr_y96bq06blnkf72x_hw0000gn/T/eas-build-local-nodejs/8b92a6e8-638b-44a7-86ed-dccce4fa23af/build/ios/Pods/StripeFinancialConnections/StripeFinancialConnections/StripeFinancialConnections/Resources/Localizations/zh-Hans.lproj
build	Build iOS Locally on Free Cloud Mac	2026-08-23T00:25:43.2494410Z [RUN_FASTLANE] › Copying   ios/build/Build/Intermediates.noindex/ArchiveIntermediates/Hence/IntermediateBuildFilesPath/UninstalledProducts/iphoneos/StripeFinancialConnectionsBundle.bundle/zh-HK.lproj ➜ ../../../../../var/folders/g3/pffjr_y96bq06blnkf72x_hw0000gn/T/eas-build-local-nodejs/8b92a6e8-638b-44a7-86ed-dccce4fa23af/build/ios/Pods/StripeFinancialConnections/StripeFinancialConnections/StripeFinancialConnections/Resources/Localizations/zh-HK.lproj
build	Build iOS Locally on Free Cloud Mac	2026-08-23T00:25:43.2599010Z [RUN_FASTLANE] › Copying   ios/build/Build/Intermediates.noindex/ArchiveIntermediates/Hence/IntermediateBuildFilesPath/UninstalledProducts/iphoneos/StripeFinancialConnectionsBundle.bundle/vi.lproj ➜ ../../../../../var/folders/g3/pffjr_y96bq06blnkf72x_hw0000gn/T/eas-build-local-nodejs/8b92a6e8-638b-44a7-86ed-dccce4fa23af/build/ios/Pods/StripeFinancialConnections/StripeFinancialConnections/StripeFinancialConnections/Resources/Localizations/vi.lproj
build	Build iOS Locally on Free Cloud Mac	2026-08-23T00:25:43.2706340Z [RUN_FASTLANE] › Copying   ios/build/Build/Intermediates.noindex/ArchiveIntermediates/Hence/IntermediateBuildFilesPath/UninstalledProducts/iphoneos/StripeFinancialConnectionsBundle.bundle/tr.lproj ➜ ../../../../../var/folders/g3/pffjr_y96bq06blnkf72x_hw0000gn/T/eas-build-local-nodejs/8b92a6e8-638b-44a7-86ed-dccce4fa23af/build/ios/Pods/StripeFinancialConnections/StripeFinancialConnections/StripeFinancialConnections/Resources/Localizations/tr.lproj
build	Build iOS Locally on Free Cloud Mac	2026-08-23T00:25:43.2813230Z [RUN_FASTLANE] › Copying   ios/build/Build/Intermediates.noindex/ArchiveIntermediates/Hence/IntermediateBuildFilesPath/UninstalledProducts/iphoneos/StripeFinancialConnectionsBundle.bundle/th.lproj ➜ ../../../../../var/folders/g3/pffjr_y96bq06blnkf72x_hw0000gn/T/eas-build-local-nodejs/8b92a6e8-638b-44a7-86ed-dccce4fa23af/build/ios/Pods/StripeFinancialConnections/StripeFinancialConnections/StripeFinancialConnections/Resources/Localizations/th.lproj
build	Build iOS Locally on Free Cloud Mac	2026-08-23T00:25:43.2917470Z [RUN_FASTLANE] › Copying   ios/build/Build/Intermediates.noindex/ArchiveIntermediates/Hence/IntermediateBuildFilesPath/UninstalledProducts/iphoneos/StripeFinancialConnectionsBundle.bundle/sv.lproj ➜ ../../../../../var/folders/g3/pffjr_y96bq06blnkf72x_hw0000gn/T/eas-build-local-nodejs/8b92a6e8-638b-44a7-86ed-dccce4fa23af/build/ios/Pods/StripeFinancialConnections/StripeFinancialConnections/StripeFinancialConnections/Resources/Localizations/sv.lproj
build	Build iOS Locally on Free Cloud Mac	2026-08-23T00:25:43.3022500Z [RUN_FASTLANE] › Copying   ios/build/Build/Intermediates.noindex/ArchiveIntermediates/Hence/IntermediateBuildFilesPath/UninstalledProducts/iphoneos/StripeFinancialConnectionsBundle.bundle/sl-SI.lproj ➜ ../../../../../var/folders/g3/pffjr_y96bq06blnkf72x_hw0000gn/T/eas-build-local-nodejs/8b92a6e8-638b-44a7-86ed-dccce4fa23af/build/ios/Pods/StripeFinancialConnections/StripeFinancialConnections/StripeFinancialConnections/Resources/Localizations/sl-SI.lproj
build	Build iOS Locally on Free Cloud Mac	2026-08-23T00:25:43.3127050Z [RUN_FASTLANE] › Copying   ios/build/Build/Intermediates.noindex/ArchiveIntermediates/Hence/IntermediateBuildFilesPath/UninstalledProducts/iphoneos/StripeFinancialConnectionsBundle.bundle/sk-SK.lproj ➜ ../../../../../var/folders/g3/pffjr_y96bq06blnkf72x_hw0000gn/T/eas-build-local-nodejs/8b92a6e8-638b-44a7-86ed-dccce4fa23af/build/ios/Pods/StripeFinancialConnections/StripeFinancialConnections/StripeFinancialConnections/Resources/Localizations/sk-SK.lproj
build	Build iOS Locally on Free Cloud Mac	2026-08-23T00:25:43.3231340Z [RUN_FASTLANE] › Copying   ios/build/Build/Intermediates.noindex/ArchiveIntermediates/Hence/IntermediateBuildFilesPath/UninstalledProducts/iphoneos/StripeFinancialConnectionsBundle.bundle/ru.lproj ➜ ../../../../../var/folders/g3/pffjr_y96bq06blnkf72x_hw0000gn/T/eas-build-local-nodejs/8b92a6e8-638b-44a7-86ed-dccce4fa23af/build/ios/Pods/StripeFinancialConnections/StripeFinancialConnections/StripeFinancialConnections/Resources/Localizations/ru.lproj
build	Build iOS Locally on Free Cloud Mac	2026-08-23T00:25:43.3337610Z [RUN_FASTLANE] › Copying   ios/build/Build/Intermediates.noindex/ArchiveIntermediates/Hence/IntermediateBuildFilesPath/UninstalledProducts/iphoneos/StripeFinancialConnectionsBundle.bundle/ro-RO.lproj ➜ ../../../../../var/folders/g3/pffjr_y96bq06blnkf72x_hw0000gn/T/eas-build-local-nodejs/8b92a6e8-638b-44a7-86ed-dccce4fa23af/build/ios/Pods/StripeFinancialConnections/StripeFinancialConnections/StripeFinancialConnections/Resources/Localizations/ro-RO.lproj
build	Build iOS Locally on Free Cloud Mac	2026-08-23T00:25:43.3443780Z [RUN_FASTLANE] › Copying   ios/build/Build/Intermediates.noindex/ArchiveIntermediates/Hence/IntermediateBuildFilesPath/UninstalledProducts/iphoneos/StripeFinancialConnectionsBundle.bundle/pt-PT.lproj ➜ ../../../../../var/folders/g3/pffjr_y96bq06blnkf72x_hw0000gn/T/eas-build-local-nodejs/8b92a6e8-638b-44a7-86ed-dccce4fa23af/build/ios/Pods/StripeFinancialConnections/StripeFinancialConnections/StripeFinancialConnections/Resources/Localizations/pt-PT.lproj
build	Build iOS Locally on Free Cloud Mac	2026-08-23T00:25:43.3548750Z [RUN_FASTLANE] › Copying   ios/build/Build/Intermediates.noindex/ArchiveIntermediates/Hence/IntermediateBuildFilesPath/UninstalledProducts/iphoneos/StripeFinancialConnectionsBundle.bundle/pt-BR.lproj ➜ ../../../../../var/folders/g3/pffjr_y96bq06blnkf72x_hw0000gn/T/eas-build-local-nodejs/8b92a6e8-638b-44a7-86ed-dccce4fa23af/build/ios/Pods/StripeFinancialConnections/StripeFinancialConnections/StripeFinancialConnections/Resources/Localizations/pt-BR.lproj
build	Build iOS Locally on Free Cloud Mac	2026-08-23T00:25:43.3654210Z [RUN_FASTLANE] › Copying   ios/build/Build/Intermediates.noindex/ArchiveIntermediates/Hence/IntermediateBuildFilesPath/UninstalledProducts/iphoneos/StripeFinancialConnectionsBundle.bundle/pl-PL.lproj ➜ ../../../../../var/folders/g3/pffjr_y96bq06blnkf72x_hw0000gn/T/eas-build-local-nodejs/8b92a6e8-638b-44a7-86ed-dccce4fa23af/build/ios/Pods/StripeFinancialConnections/StripeFinancialConnections/StripeFinancialConnections/Resources/Localizations/pl-PL.lproj
build	Build iOS Locally on Free Cloud Mac	2026-08-23T00:25:43.3942380Z [RUN_FASTLANE] › Copying   ios/build/Build/Intermediates.noindex/ArchiveIntermediates/Hence/IntermediateBuildFilesPath/UninstalledProducts/iphoneos/StripeFinancialConnectionsBundle.bundle/nn-NO.lproj ➜ ../../../../../var/folders/g3/pffjr_y96bq06blnkf72x_hw0000gn/T/eas-build-local-nodejs/8b92a6e8-638b-44a7-86ed-dccce4fa23af/build/ios/Pods/StripeFinancialConnections/StripeFinancialConnections/StripeFinancialConnections/Resources/Localizations/nn-NO.lproj
build	Build iOS Locally on Free Cloud Mac	2026-08-23T00:25:43.4246520Z [RUN_FASTLANE] › Copying   ios/build/Build/Intermediates.noindex/ArchiveIntermediates/Hence/IntermediateBuildFilesPath/UninstalledProducts/iphoneos/StripeFinancialConnectionsBundle.bundle/nl.lproj ➜ ../../../../../var/folders/g3/pffjr_y96bq06blnkf72x_hw0000gn/T/eas-build-local-nodejs/8b92a6e8-638b-44a7-86ed-dccce4fa23af/build/ios/Pods/StripeFinancialConnections/StripeFinancialConnections/StripeFinancialConnections/Resources/Localizations/nl.lproj
build	Build iOS Locally on Free Cloud Mac	2026-08-23T00:25:43.4630740Z [RUN_FASTLANE] › Copying   ios/build/Build/Intermediates.noindex/ArchiveIntermediates/Hence/IntermediateBuildFilesPath/UninstalledProducts/iphoneos/StripeFinancialConnectionsBundle.bundle/nb.lproj ➜ ../../../../../var/folders/g3/pffjr_y96bq06blnkf72x_hw0000gn/T/eas-build-local-nodejs/8b92a6e8-638b-44a7-86ed-dccce4fa23af/build/ios/Pods/StripeFinancialConnections/StripeFinancialConnections/StripeFinancialConnections/Resources/Localizations/nb.lproj
build	Build iOS Locally on Free Cloud Mac	2026-08-23T00:25:43.4928650Z [RUN_FASTLANE] › Copying   ios/build/Build/Intermediates.noindex/ArchiveIntermediates/Hence/IntermediateBuildFilesPath/UninstalledProducts/iphoneos/StripeFinancialConnectionsBundle.bundle/mt.lproj ➜ ../../../../../var/folders/g3/pffjr_y96bq06blnkf72x_hw0000gn/T/eas-build-local-nodejs/8b92a6e8-638b-44a7-86ed-dccce4fa23af/build/ios/Pods/StripeFinancialConnections/StripeFinancialConnections/StripeFinancialConnections/Resources/Localizations/mt.lproj
build	Build iOS Locally on Free Cloud Mac	2026-08-23T00:25:43.4938970Z [RUN_FASTLANE] › Copying   ios/build/Build/Intermediates.noindex/ArchiveIntermediates/Hence/IntermediateBuildFilesPath/UninstalledProducts/iphoneos/StripeFinancialConnectionsBundle.bundle/ms-MY.lproj ➜ ../../../../../var/folders/g3/pffjr_y96bq06blnkf72x_hw0000gn/T/eas-build-local-nodejs/8b92a6e8-638b-44a7-86ed-dccce4fa23af/build/ios/Pods/StripeFinancialConnections/StripeFinancialConnections/StripeFinancialConnections/Resources/Localizations/ms-MY.lproj
build	Build iOS Locally on Free Cloud Mac	2026-08-23T00:25:43.4942600Z [RUN_FASTLANE] › Copying   ios/build/Build/Intermediates.noindex/ArchiveIntermediates/Hence/IntermediateBuildFilesPath/UninstalledProducts/iphoneos/StripeFinancialConnectionsBundle.bundle/lv-LV.lproj ➜ ../../../../../var/folders/g3/pffjr_y96bq06blnkf72x_hw0000gn/T/eas-build-local-nodejs/8b92a6e8-638b-44a7-86ed-dccce4fa23af/build/ios/Pods/StripeFinancialConnections/StripeFinancialConnections/StripeFinancialConnections/Resources/Localizations/lv-LV.lproj
build	Build iOS Locally on Free Cloud Mac	2026-08-23T00:25:43.4948830Z [RUN_FASTLANE] › Copying   ios/build/Build/Intermediates.noindex/ArchiveIntermediates/Hence/IntermediateBuildFilesPath/UninstalledProducts/iphoneos/StripeFinancialConnectionsBundle.bundle/lt-LT.lproj ➜ ../../../../../var/folders/g3/pffjr_y96bq06blnkf72x_hw0000gn/T/eas-build-local-nodejs/8b92a6e8-638b-44a7-86ed-dccce4fa23af/build/ios/Pods/StripeFinancialConnections/StripeFinancialConnections/StripeFinancialConnections/Resources/Localizations/lt-LT.lproj
build	Build iOS Locally on Free Cloud Mac	2026-08-23T00:25:43.4952280Z [RUN_FASTLANE] › Copying   ios/build/Build/Intermediates.noindex/ArchiveIntermediates/Hence/IntermediateBuildFilesPath/UninstalledProducts/iphoneos/StripeFinancialConnectionsBundle.bundle/ko.lproj ➜ ../../../../../var/folders/g3/pffjr_y96bq06blnkf72x_hw0000gn/T/eas-build-local-nodejs/8b92a6e8-638b-44a7-86ed-dccce4fa23af/build/ios/Pods/StripeFinancialConnections/StripeFinancialConnections/StripeFinancialConnections/Resources/Localizations/ko.lproj
build	Build iOS Locally on Free Cloud Mac	2026-08-23T00:25:43.4955960Z [RUN_FASTLANE] › Copying   ios/build/Build/Intermediates.noindex/ArchiveIntermediates/Hence/IntermediateBuildFilesPath/UninstalledProducts/iphoneos/StripeFinancialConnectionsBundle.bundle/ja.lproj ➜ ../../../../../var/folders/g3/pffjr_y96bq06blnkf72x_hw0000gn/T/eas-build-local-nodejs/8b92a6e8-638b-44a7-86ed-dccce4fa23af/build/ios/Pods/StripeFinancialConnections/StripeFinancialConnections/StripeFinancialConnections/Resources/Localizations/ja.lproj
build	Build iOS Locally on Free Cloud Mac	2026-08-23T00:25:43.4959240Z [RUN_FASTLANE] › Copying   ios/build/Build/Intermediates.noindex/ArchiveIntermediates/Hence/IntermediateBuildFilesPath/UninstalledProducts/iphoneos/StripeFinancialConnectionsBundle.bundle/it.lproj ➜ ../../../../../var/folders/g3/pffjr_y96bq06blnkf72x_hw0000gn/T/eas-build-local-nodejs/8b92a6e8-638b-44a7-86ed-dccce4fa23af/build/ios/Pods/StripeFinancialConnections/StripeFinancialConnections/StripeFinancialConnections/Resources/Localizations/it.lproj
build	Build iOS Locally on Free Cloud Mac	2026-08-23T00:25:43.4962720Z [RUN_FASTLANE] › Copying   ios/build/Build/Intermediates.noindex/ArchiveIntermediates/Hence/IntermediateBuildFilesPath/UninstalledProducts/iphoneos/StripeFinancialConnectionsBundle.bundle/id.lproj ➜ ../../../../../var/folders/g3/pffjr_y96bq06blnkf72x_hw0000gn/T/eas-build-local-nodejs/8b92a6e8-638b-44a7-86ed-dccce4fa23af/build/ios/Pods/StripeFinancialConnections/StripeFinancialConnections/StripeFinancialConnections/Resources/Localizations/id.lproj
build	Build iOS Locally on Free Cloud Mac	2026-08-23T00:25:43.4966300Z [RUN_FASTLANE] › Copying   ios/build/Build/Intermediates.noindex/ArchiveIntermediates/Hence/IntermediateBuildFilesPath/UninstalledProducts/iphoneos/StripeFinancialConnectionsBundle.bundle/hu.lproj ➜ ../../../../../var/folders/g3/pffjr_y96bq06blnkf72x_hw0000gn/T/eas-build-local-nodejs/8b92a6e8-638b-44a7-86ed-dccce4fa23af/build/ios/Pods/StripeFinancialConnections/StripeFinancialConnections/StripeFinancialConnections/Resources/Localizations/hu.lproj
build	Build iOS Locally on Free Cloud Mac	2026-08-23T00:25:43.4969720Z [RUN_FASTLANE] › Copying   ios/build/Build/Intermediates.noindex/ArchiveIntermediates/Hence/IntermediateBuildFilesPath/UninstalledProducts/iphoneos/StripeFinancialConnectionsBundle.bundle/hr.lproj ➜ ../../../../../var/folders/g3/pffjr_y96bq06blnkf72x_hw0000gn/T/eas-build-local-nodejs/8b92a6e8-638b-44a7-86ed-dccce4fa23af/build/ios/Pods/StripeFinancialConnections/StripeFinancialConnections/StripeFinancialConnections/Resources/Localizations/hr.lproj
build	Build iOS Locally on Free Cloud Mac	2026-08-23T00:25:43.5005960Z [RUN_FASTLANE] › Copying   ios/build/Build/Intermediates.noindex/ArchiveIntermediates/Hence/IntermediateBuildFilesPath/UninstalledProducts/iphoneos/StripeFinancialConnectionsBundle.bundle/fr.lproj ➜ ../../../../../var/folders/g3/pffjr_y96bq06blnkf72x_hw0000gn/T/eas-build-local-nodejs/8b92a6e8-638b-44a7-86ed-dccce4fa23af/build/ios/Pods/StripeFinancialConnections/StripeFinancialConnections/StripeFinancialConnections/Resources/Localizations/fr.lproj
build	Build iOS Locally on Free Cloud Mac	2026-08-23T00:25:43.5010240Z [RUN_FASTLANE] › Copying   ios/build/Build/Intermediates.noindex/ArchiveIntermediates/Hence/IntermediateBuildFilesPath/UninstalledProducts/iphoneos/StripeFinancialConnectionsBundle.bundle/fr-CA.lproj ➜ ../../../../../var/folders/g3/pffjr_y96bq06blnkf72x_hw0000gn/T/eas-build-local-nodejs/8b92a6e8-638b-44a7-86ed-dccce4fa23af/build/ios/Pods/StripeFinancialConnections/StripeFinancialConnections/StripeFinancialConnections/Resources/Localizations/fr-CA.lproj
build	Build iOS Locally on Free Cloud Mac	2026-08-23T00:25:43.5013590Z [RUN_FASTLANE] › Copying   ios/build/Build/Intermediates.noindex/ArchiveIntermediates/Hence/IntermediateBuildFilesPath/UninstalledProducts/iphoneos/StripeFinancialConnectionsBundle.bundle/fil.lproj ➜ ../../../../../var/folders/g3/pffjr_y96bq06blnkf72x_hw0000gn/T/eas-build-local-nodejs/8b92a6e8-638b-44a7-86ed-dccce4fa23af/build/ios/Pods/StripeFinancialConnections/StripeFinancialConnections/StripeFinancialConnections/Resources/Localizations/fil.lproj
build	Build iOS Locally on Free Cloud Mac	2026-08-23T00:25:43.5016930Z [RUN_FASTLANE] › Copying   ios/build/Build/Intermediates.noindex/ArchiveIntermediates/Hence/IntermediateBuildFilesPath/UninstalledProducts/iphoneos/StripeFinancialConnectionsBundle.bundle/fi.lproj ➜ ../../../../../var/folders/g3/pffjr_y96bq06blnkf72x_hw0000gn/T/eas-build-local-nodejs/8b92a6e8-638b-44a7-86ed-dccce4fa23af/build/ios/Pods/StripeFinancialConnections/StripeFinancialConnections/StripeFinancialConnections/Resources/Localizations/fi.lproj
build	Build iOS Locally on Free Cloud Mac	2026-08-23T00:25:43.5020570Z [RUN_FASTLANE] › Copying   ios/build/Build/Intermediates.noindex/ArchiveIntermediates/Hence/IntermediateBuildFilesPath/UninstalledProducts/iphoneos/StripeFinancialConnectionsBundle.bundle/et-EE.lproj ➜ ../../../../../var/folders/g3/pffjr_y96bq06blnkf72x_hw0000gn/T/eas-build-local-nodejs/8b92a6e8-638b-44a7-86ed-dccce4fa23af/build/ios/Pods/StripeFinancialConnections/StripeFinancialConnections/StripeFinancialConnections/Resources/Localizations/et-EE.lproj
build	Build iOS Locally on Free Cloud Mac	2026-08-23T00:25:43.5030670Z [RUN_FASTLANE] › Copying   ios/build/Build/Intermediates.noindex/ArchiveIntermediates/Hence/IntermediateBuildFilesPath/UninstalledProducts/iphoneos/StripeFinancialConnectionsBundle.bundle/es.lproj ➜ ../../../../../var/folders/g3/pffjr_y96bq06blnkf72x_hw0000gn/T/eas-build-local-nodejs/8b92a6e8-638b-44a7-86ed-dccce4fa23af/build/ios/Pods/StripeFinancialConnections/StripeFinancialConnections/StripeFinancialConnections/Resources/Localizations/es.lproj
build	Build iOS Locally on Free Cloud Mac	2026-08-23T00:25:43.5034160Z [RUN_FASTLANE] › Copying   ios/build/Build/Intermediates.noindex/ArchiveIntermediates/Hence/IntermediateBuildFilesPath/UninstalledProducts/iphoneos/StripeFinancialConnectionsBundle.bundle/es-419.lproj ➜ ../../../../../var/folders/g3/pffjr_y96bq06blnkf72x_hw0000gn/T/eas-build-local-nodejs/8b92a6e8-638b-44a7-86ed-dccce4fa23af/build/ios/Pods/StripeFinancialConnections/StripeFinancialConnections/StripeFinancialConnections/Resources/Localizations/es-419.lproj
build	Build iOS Locally on Free Cloud Mac	2026-08-23T00:25:43.5037540Z [RUN_FASTLANE] › Copying   ios/build/Build/Intermediates.noindex/ArchiveIntermediates/Hence/IntermediateBuildFilesPath/UninstalledProducts/iphoneos/StripeFinancialConnectionsBundle.bundle/en.lproj ➜ ../../../../../var/folders/g3/pffjr_y96bq06blnkf72x_hw0000gn/T/eas-build-local-nodejs/8b92a6e8-638b-44a7-86ed-dccce4fa23af/build/ios/Pods/StripeFinancialConnections/StripeFinancialConnections/StripeFinancialConnections/Resources/Localizations/en.lproj
build	Build iOS Locally on Free Cloud Mac	2026-08-23T00:25:43.5040890Z [RUN_FASTLANE] › Copying   ios/build/Build/Intermediates.noindex/ArchiveIntermediates/Hence/IntermediateBuildFilesPath/UninstalledProducts/iphoneos/StripeFinancialConnectionsBundle.bundle/en-GB.lproj ➜ ../../../../../var/folders/g3/pffjr_y96bq06blnkf72x_hw0000gn/T/eas-build-local-nodejs/8b92a6e8-638b-44a7-86ed-dccce4fa23af/build/ios/Pods/StripeFinancialConnections/StripeFinancialConnections/StripeFinancialConnections/Resources/Localizations/en-GB.lproj
build	Build iOS Locally on Free Cloud Mac	2026-08-23T00:25:43.5044350Z [RUN_FASTLANE] › Copying   ios/build/Build/Intermediates.noindex/ArchiveIntermediates/Hence/IntermediateBuildFilesPath/UninstalledProducts/iphoneos/StripeFinancialConnectionsBundle.bundle/el-GR.lproj ➜ ../../../../../var/folders/g3/pffjr_y96bq06blnkf72x_hw0000gn/T/eas-build-local-nodejs/8b92a6e8-638b-44a7-86ed-dccce4fa23af/build/ios/Pods/StripeFinancialConnections/StripeFinancialConnections/StripeFinancialConnections/Resources/Localizations/el-GR.lproj
build	Build iOS Locally on Free Cloud Mac	2026-08-23T00:25:43.5115710Z [RUN_FASTLANE] › Copying   ios/build/Build/Intermediates.noindex/ArchiveIntermediates/Hence/IntermediateBuildFilesPath/UninstalledProducts/iphoneos/StripeFinancialConnectionsBundle.bundle/de.lproj ➜ ../../../../../var/folders/g3/pffjr_y96bq06blnkf72x_hw0000gn/T/eas-build-local-nodejs/8b92a6e8-638b-44a7-86ed-dccce4fa23af/build/ios/Pods/StripeFinancialConnections/StripeFinancialConnections/StripeFinancialConnections/Resources/Localizations/de.lproj
build	Build iOS Locally on Free Cloud Mac	2026-08-23T00:25:43.5119320Z [RUN_FASTLANE] › Copying   ios/build/Build/Intermediates.noindex/ArchiveIntermediates/Hence/IntermediateBuildFilesPath/UninstalledProducts/iphoneos/StripeFinancialConnectionsBundle.bundle/da.lproj ➜ ../../../../../var/folders/g3/pffjr_y96bq06blnkf72x_hw0000gn/T/eas-build-local-nodejs/8b92a6e8-638b-44a7-86ed-dccce4fa23af/build/ios/Pods/StripeFinancialConnections/StripeFinancialConnections/StripeFinancialConnections/Resources/Localizations/da.lproj
build	Build iOS Locally on Free Cloud Mac	2026-08-23T00:25:43.5125770Z [RUN_FASTLANE] › Copying   ios/build/Build/Intermediates.noindex/ArchiveIntermediates/Hence/IntermediateBuildFilesPath/UninstalledProducts/iphoneos/StripeFinancialConnectionsBundle.bundle/cs-CZ.lproj ➜ ../../../../../var/folders/g3/pffjr_y96bq06blnkf72x_hw0000gn/T/eas-build-local-nodejs/8b92a6e8-638b-44a7-86ed-dccce4fa23af/build/ios/Pods/StripeFinancialConnections/StripeFinancialConnections/StripeFinancialConnections/Resources/Localizations/cs-CZ.lproj
build	Build iOS Locally on Free Cloud Mac	2026-08-23T00:25:43.5137530Z [RUN_FASTLANE] › Copying   ios/build/Build/Intermediates.noindex/ArchiveIntermediates/Hence/IntermediateBuildFilesPath/UninstalledProducts/iphoneos/StripeFinancialConnectionsBundle.bundle/ca-ES.lproj ➜ ../../../../../var/folders/g3/pffjr_y96bq06blnkf72x_hw0000gn/T/eas-build-local-nodejs/8b92a6e8-638b-44a7-86ed-dccce4fa23af/build/ios/Pods/StripeFinancialConnections/StripeFinancialConnections/StripeFinancialConnections/Resources/Localizations/ca-ES.lproj
build	Build iOS Locally on Free Cloud Mac	2026-08-23T00:25:43.5142890Z [RUN_FASTLANE] › Copying   ios/build/Build/Intermediates.noindex/ArchiveIntermediates/Hence/IntermediateBuildFilesPath/UninstalledProducts/iphoneos/StripeFinancialConnectionsBundle.bundle/bg-BG.lproj ➜ ../../../../../var/folders/g3/pffjr_y96bq06blnkf72x_hw0000gn/T/eas-build-local-nodejs/8b92a6e8-638b-44a7-86ed-dccce4fa23af/build/ios/Pods/StripeFinancialConnections/StripeFinancialConnections/StripeFinancialConnections/Resources/Localizations/bg-BG.lproj
build	Build iOS Locally on Free Cloud Mac	2026-08-23T00:25:43.5146260Z [RUN_FASTLANE] › Copying   ios/build/Build/Intermediates.noindex/ArchiveIntermediates/Hence/IntermediateBuildFilesPath/UninstalledProducts/iphoneos/StripeFinancialConnectionsBundle.bundle/PrivacyInfo.xcprivacy ➜ ../../../../../var/folders/g3/pffjr_y96bq06blnkf72x_hw0000gn/T/eas-build-local-nodejs/8b92a6e8-638b-44a7-86ed-dccce4fa23af/build/ios/Pods/StripeFinancialConnections/StripeFinancialConnections/StripeFinancialConnections/PrivacyInfo.xcprivacy
build	Build iOS Locally on Free Cloud Mac	2026-08-23T00:25:43.5147900Z [RUN_FASTLANE] › Creating  Pods/StripePayments-Stripe3DS2 » Stripe3DS2.bundle
build	Build iOS Locally on Free Cloud Mac	2026-08-23T00:25:43.5148670Z [RUN_FASTLANE] › Preparing Pods/StripeCore-StripeCoreBundle » ResourceBundle-StripeCoreBundle-StripeCore-Info.plist
build	Build iOS Locally on Free Cloud Mac	2026-08-23T00:25:43.5150780Z [RUN_FASTLANE] › Copying   ios/build/Build/Intermediates.noindex/ArchiveIntermediates/Hence/IntermediateBuildFilesPath/UninstalledProducts/iphoneos/StripeCoreBundle.bundle/zh-Hant.lproj ➜ ../../../../../var/folders/g3/pffjr_y96bq06blnkf72x_hw0000gn/T/eas-build-local-nodejs/8b92a6e8-638b-44a7-86ed-dccce4fa23af/build/ios/Pods/StripeCore/StripeCore/StripeCore/Resources/Localizations/zh-Hant.lproj
build	Build iOS Locally on Free Cloud Mac	2026-08-23T00:25:43.5153600Z [RUN_FASTLANE] › Copying   ios/build/Build/Intermediates.noindex/ArchiveIntermediates/Hence/IntermediateBuildFilesPath/UninstalledProducts/iphoneos/StripeCoreBundle.bundle/zh-Hans.lproj ➜ ../../../../../var/folders/g3/pffjr_y96bq06blnkf72x_hw0000gn/T/eas-build-local-nodejs/8b92a6e8-638b-44a7-86ed-dccce4fa23af/build/ios/Pods/StripeCore/StripeCore/StripeCore/Resources/Localizations/zh-Hans.lproj
build	Build iOS Locally on Free Cloud Mac	2026-08-23T00:25:43.5156560Z [RUN_FASTLANE] › Copying   ios/build/Build/Intermediates.noindex/ArchiveIntermediates/Hence/IntermediateBuildFilesPath/UninstalledProducts/iphoneos/StripeCoreBundle.bundle/zh-HK.lproj ➜ ../../../../../var/folders/g3/pffjr_y96bq06blnkf72x_hw0000gn/T/eas-build-local-nodejs/8b92a6e8-638b-44a7-86ed-dccce4fa23af/build/ios/Pods/StripeCore/StripeCore/StripeCore/Resources/Localizations/zh-HK.lproj
build	Build iOS Locally on Free Cloud Mac	2026-08-23T00:25:43.5159310Z [RUN_FASTLANE] › Copying   ios/build/Build/Intermediates.noindex/ArchiveIntermediates/Hence/IntermediateBuildFilesPath/UninstalledProducts/iphoneos/StripeCoreBundle.bundle/vi.lproj ➜ ../../../../../var/folders/g3/pffjr_y96bq06blnkf72x_hw0000gn/T/eas-build-local-nodejs/8b92a6e8-638b-44a7-86ed-dccce4fa23af/build/ios/Pods/StripeCore/StripeCore/StripeCore/Resources/Localizations/vi.lproj
build	Build iOS Locally on Free Cloud Mac	2026-08-23T00:25:43.5162080Z [RUN_FASTLANE] › Copying   ios/build/Build/Intermediates.noindex/ArchiveIntermediates/Hence/IntermediateBuildFilesPath/UninstalledProducts/iphoneos/StripeCoreBundle.bundle/tr.lproj ➜ ../../../../../var/folders/g3/pffjr_y96bq06blnkf72x_hw0000gn/T/eas-build-local-nodejs/8b92a6e8-638b-44a7-86ed-dccce4fa23af/build/ios/Pods/StripeCore/StripeCore/StripeCore/Resources/Localizations/tr.lproj
build	Build iOS Locally on Free Cloud Mac	2026-08-23T00:25:43.5164960Z [RUN_FASTLANE] › Copying   ios/build/Build/Intermediates.noindex/ArchiveIntermediates/Hence/IntermediateBuildFilesPath/UninstalledProducts/iphoneos/StripeCoreBundle.bundle/th.lproj ➜ ../../../../../var/folders/g3/pffjr_y96bq06blnkf72x_hw0000gn/T/eas-build-local-nodejs/8b92a6e8-638b-44a7-86ed-dccce4fa23af/build/ios/Pods/StripeCore/StripeCore/StripeCore/Resources/Localizations/th.lproj
build	Build iOS Locally on Free Cloud Mac	2026-08-23T00:25:43.5167950Z [RUN_FASTLANE] › Copying   ios/build/Build/Intermediates.noindex/ArchiveIntermediates/Hence/IntermediateBuildFilesPath/UninstalledProducts/iphoneos/StripeCoreBundle.bundle/sv.lproj ➜ ../../../../../var/folders/g3/pffjr_y96bq06blnkf72x_hw0000gn/T/eas-build-local-nodejs/8b92a6e8-638b-44a7-86ed-dccce4fa23af/build/ios/Pods/StripeCore/StripeCore/StripeCore/Resources/Localizations/sv.lproj
build	Build iOS Locally on Free Cloud Mac	2026-08-23T00:25:43.5170760Z [RUN_FASTLANE] › Copying   ios/build/Build/Intermediates.noindex/ArchiveIntermediates/Hence/IntermediateBuildFilesPath/UninstalledProducts/iphoneos/StripeCoreBundle.bundle/sl-SI.lproj ➜ ../../../../../var/folders/g3/pffjr_y96bq06blnkf72x_hw0000gn/T/eas-build-local-nodejs/8b92a6e8-638b-44a7-86ed-dccce4fa23af/build/ios/Pods/StripeCore/StripeCore/StripeCore/Resources/Localizations/sl-SI.lproj
build	Build iOS Locally on Free Cloud Mac	2026-08-23T00:25:43.5173530Z [RUN_FASTLANE] › Copying   ios/build/Build/Intermediates.noindex/ArchiveIntermediates/Hence/IntermediateBuildFilesPath/UninstalledProducts/iphoneos/StripeCoreBundle.bundle/sk-SK.lproj ➜ ../../../../../var/folders/g3/pffjr_y96bq06blnkf72x_hw0000gn/T/eas-build-local-nodejs/8b92a6e8-638b-44a7-86ed-dccce4fa23af/build/ios/Pods/StripeCore/StripeCore/StripeCore/Resources/Localizations/sk-SK.lproj
build	Build iOS Locally on Free Cloud Mac	2026-08-23T00:25:43.5178730Z [RUN_FASTLANE] › Copying   ios/build/Build/Intermediates.noindex/ArchiveIntermediates/Hence/IntermediateBuildFilesPath/UninstalledProducts/iphoneos/StripeCoreBundle.bundle/ru.lproj ➜ ../../../../../var/folders/g3/pffjr_y96bq06blnkf72x_hw0000gn/T/eas-build-local-nodejs/8b92a6e8-638b-44a7-86ed-dccce4fa23af/build/ios/Pods/StripeCore/StripeCore/StripeCore/Resources/Localizations/ru.lproj
build	Build iOS Locally on Free Cloud Mac	2026-08-23T00:25:43.5182020Z [RUN_FASTLANE] › Copying   ios/build/Build/Intermediates.noindex/ArchiveIntermediates/Hence/IntermediateBuildFilesPath/UninstalledProducts/iphoneos/StripeCoreBundle.bundle/ro-RO.lproj ➜ ../../../../../var/folders/g3/pffjr_y96bq06blnkf72x_hw0000gn/T/eas-build-local-nodejs/8b92a6e8-638b-44a7-86ed-dccce4fa23af/build/ios/Pods/StripeCore/StripeCore/StripeCore/Resources/Localizations/ro-RO.lproj
build	Build iOS Locally on Free Cloud Mac	2026-08-23T00:25:43.5185590Z [RUN_FASTLANE] › Copying   ios/build/Build/Intermediates.noindex/ArchiveIntermediates/Hence/IntermediateBuildFilesPath/UninstalledProducts/iphoneos/StripeCoreBundle.bundle/pt-PT.lproj ➜ ../../../../../var/folders/g3/pffjr_y96bq06blnkf72x_hw0000gn/T/eas-build-local-nodejs/8b92a6e8-638b-44a7-86ed-dccce4fa23af/build/ios/Pods/StripeCore/StripeCore/StripeCore/Resources/Localizations/pt-PT.lproj
build	Build iOS Locally on Free Cloud Mac	2026-08-23T00:25:43.5188740Z [RUN_FASTLANE] › Copying   ios/build/Build/Intermediates.noindex/ArchiveIntermediates/Hence/IntermediateBuildFilesPath/UninstalledProducts/iphoneos/StripeCoreBundle.bundle/pt-BR.lproj ➜ ../../../../../var/folders/g3/pffjr_y96bq06blnkf72x_hw0000gn/T/eas-build-local-nodejs/8b92a6e8-638b-44a7-86ed-dccce4fa23af/build/ios/Pods/StripeCore/StripeCore/StripeCore/Resources/Localizations/pt-BR.lproj
build	Build iOS Locally on Free Cloud Mac	2026-08-23T00:25:43.5197460Z [RUN_FASTLANE] › Copying   ios/build/Build/Intermediates.noindex/ArchiveIntermediates/Hence/IntermediateBuildFilesPath/UninstalledProducts/iphoneos/StripeCoreBundle.bundle/pl-PL.lproj ➜ ../../../../../var/folders/g3/pffjr_y96bq06blnkf72x_hw0000gn/T/eas-build-local-nodejs/8b92a6e8-638b-44a7-86ed-dccce4fa23af/build/ios/Pods/StripeCore/StripeCore/StripeCore/Resources/Localizations/pl-PL.lproj
build	Build iOS Locally on Free Cloud Mac	2026-08-23T00:25:43.5208100Z [RUN_FASTLANE] › Copying   ios/build/Build/Intermediates.noindex/ArchiveIntermediates/Hence/IntermediateBuildFilesPath/UninstalledProducts/iphoneos/StripeCoreBundle.bundle/nl.lproj ➜ ../../../../../var/folders/g3/pffjr_y96bq06blnkf72x_hw0000gn/T/eas-build-local-nodejs/8b92a6e8-638b-44a7-86ed-dccce4fa23af/build/ios/Pods/StripeCore/StripeCore/StripeCore/Resources/Localizations/nl.lproj
build	Build iOS Locally on Free Cloud Mac	2026-08-23T00:25:43.5210940Z [RUN_FASTLANE] › Copying   ios/build/Build/Intermediates.noindex/ArchiveIntermediates/Hence/IntermediateBuildFilesPath/UninstalledProducts/iphoneos/StripeCoreBundle.bundle/nb.lproj ➜ ../../../../../var/folders/g3/pffjr_y96bq06blnkf72x_hw0000gn/T/eas-build-local-nodejs/8b92a6e8-638b-44a7-86ed-dccce4fa23af/build/ios/Pods/StripeCore/StripeCore/StripeCore/Resources/Localizations/nb.lproj
build	Build iOS Locally on Free Cloud Mac	2026-08-23T00:25:43.5213870Z [RUN_FASTLANE] › Copying   ios/build/Build/Intermediates.noindex/ArchiveIntermediates/Hence/IntermediateBuildFilesPath/UninstalledProducts/iphoneos/StripeCoreBundle.bundle/mt.lproj ➜ ../../../../../var/folders/g3/pffjr_y96bq06blnkf72x_hw0000gn/T/eas-build-local-nodejs/8b92a6e8-638b-44a7-86ed-dccce4fa23af/build/ios/Pods/StripeCore/StripeCore/StripeCore/Resources/Localizations/mt.lproj
build	Build iOS Locally on Free Cloud Mac	2026-08-23T00:25:43.5216700Z [RUN_FASTLANE] › Copying   ios/build/Build/Intermediates.noindex/ArchiveIntermediates/Hence/IntermediateBuildFilesPath/UninstalledProducts/iphoneos/StripeCoreBundle.bundle/ms-MY.lproj ➜ ../../../../../var/folders/g3/pffjr_y96bq06blnkf72x_hw0000gn/T/eas-build-local-nodejs/8b92a6e8-638b-44a7-86ed-dccce4fa23af/build/ios/Pods/StripeCore/StripeCore/StripeCore/Resources/Localizations/ms-MY.lproj
build	Build iOS Locally on Free Cloud Mac	2026-08-23T00:25:43.5219540Z [RUN_FASTLANE] › Copying   ios/build/Build/Intermediates.noindex/ArchiveIntermediates/Hence/IntermediateBuildFilesPath/UninstalledProducts/iphoneos/StripeCoreBundle.bundle/lv-LV.lproj ➜ ../../../../../var/folders/g3/pffjr_y96bq06blnkf72x_hw0000gn/T/eas-build-local-nodejs/8b92a6e8-638b-44a7-86ed-dccce4fa23af/build/ios/Pods/StripeCore/StripeCore/StripeCore/Resources/Localizations/lv-LV.lproj
build	Build iOS Locally on Free Cloud Mac	2026-08-23T00:25:43.5222360Z [RUN_FASTLANE] › Copying   ios/build/Build/Intermediates.noindex/ArchiveIntermediates/Hence/IntermediateBuildFilesPath/UninstalledProducts/iphoneos/StripeCoreBundle.bundle/lt-LT.lproj ➜ ../../../../../var/folders/g3/pffjr_y96bq06blnkf72x_hw0000gn/T/eas-build-local-nodejs/8b92a6e8-638b-44a7-86ed-dccce4fa23af/build/ios/Pods/StripeCore/StripeCore/StripeCore/Resources/Localizations/lt-LT.lproj
build	Build iOS Locally on Free Cloud Mac	2026-08-23T00:25:43.5225110Z [RUN_FASTLANE] › Copying   ios/build/Build/Intermediates.noindex/ArchiveIntermediates/Hence/IntermediateBuildFilesPath/UninstalledProducts/iphoneos/StripeCoreBundle.bundle/ko.lproj ➜ ../../../../../var/folders/g3/pffjr_y96bq06blnkf72x_hw0000gn/T/eas-build-local-nodejs/8b92a6e8-638b-44a7-86ed-dccce4fa23af/build/ios/Pods/StripeCore/StripeCore/StripeCore/Resources/Localizations/ko.lproj
build	Build iOS Locally on Free Cloud Mac	2026-08-23T00:25:43.5227980Z [RUN_FASTLANE] › Copying   ios/build/Build/Intermediates.noindex/ArchiveIntermediates/Hence/IntermediateBuildFilesPath/UninstalledProducts/iphoneos/StripeCoreBundle.bundle/ja.lproj ➜ ../../../../../var/folders/g3/pffjr_y96bq06blnkf72x_hw0000gn/T/eas-build-local-nodejs/8b92a6e8-638b-44a7-86ed-dccce4fa23af/build/ios/Pods/StripeCore/StripeCore/StripeCore/Resources/Localizations/ja.lproj
build	Build iOS Locally on Free Cloud Mac	2026-08-23T00:25:43.5231210Z [RUN_FASTLANE] › Copying   ios/build/Build/Intermediates.noindex/ArchiveIntermediates/Hence/IntermediateBuildFilesPath/UninstalledProducts/iphoneos/StripeCoreBundle.bundle/it.lproj ➜ ../../../../../var/folders/g3/pffjr_y96bq06blnkf72x_hw0000gn/T/eas-build-local-nodejs/8b92a6e8-638b-44a7-86ed-dccce4fa23af/build/ios/Pods/StripeCore/StripeCore/StripeCore/Resources/Localizations/it.lproj
build	Build iOS Locally on Free Cloud Mac	2026-08-23T00:25:43.5234330Z [RUN_FASTLANE] › Copying   ios/build/Build/Intermediates.noindex/ArchiveIntermediates/Hence/IntermediateBuildFilesPath/UninstalledProducts/iphoneos/StripeCoreBundle.bundle/id.lproj ➜ ../../../../../var/folders/g3/pffjr_y96bq06blnkf72x_hw0000gn/T/eas-build-local-nodejs/8b92a6e8-638b-44a7-86ed-dccce4fa23af/build/ios/Pods/StripeCore/StripeCore/StripeCore/Resources/Localizations/id.lproj
build	Build iOS Locally on Free Cloud Mac	2026-08-23T00:25:43.5237150Z [RUN_FASTLANE] › Copying   ios/build/Build/Intermediates.noindex/ArchiveIntermediates/Hence/IntermediateBuildFilesPath/UninstalledProducts/iphoneos/StripeCoreBundle.bundle/hu.lproj ➜ ../../../../../var/folders/g3/pffjr_y96bq06blnkf72x_hw0000gn/T/eas-build-local-nodejs/8b92a6e8-638b-44a7-86ed-dccce4fa23af/build/ios/Pods/StripeCore/StripeCore/StripeCore/Resources/Localizations/hu.lproj
build	Build iOS Locally on Free Cloud Mac	2026-08-23T00:25:43.5239930Z [RUN_FASTLANE] › Copying   ios/build/Build/Intermediates.noindex/ArchiveIntermediates/Hence/IntermediateBuildFilesPath/UninstalledProducts/iphoneos/StripeCoreBundle.bundle/hr.lproj ➜ ../../../../../var/folders/g3/pffjr_y96bq06blnkf72x_hw0000gn/T/eas-build-local-nodejs/8b92a6e8-638b-44a7-86ed-dccce4fa23af/build/ios/Pods/StripeCore/StripeCore/StripeCore/Resources/Localizations/hr.lproj
build	Build iOS Locally on Free Cloud Mac	2026-08-23T00:25:43.5242990Z [RUN_FASTLANE] › Copying   ios/build/Build/Intermediates.noindex/ArchiveIntermediates/Hence/IntermediateBuildFilesPath/UninstalledProducts/iphoneos/StripeCoreBundle.bundle/fr.lproj ➜ ../../../../../var/folders/g3/pffjr_y96bq06blnkf72x_hw0000gn/T/eas-build-local-nodejs/8b92a6e8-638b-44a7-86ed-dccce4fa23af/build/ios/Pods/StripeCore/StripeCore/StripeCore/Resources/Localizations/fr.lproj
build	Build iOS Locally on Free Cloud Mac	2026-08-23T00:25:43.5245930Z [RUN_FASTLANE] › Copying   ios/build/Build/Intermediates.noindex/ArchiveIntermediates/Hence/IntermediateBuildFilesPath/UninstalledProducts/iphoneos/StripeCoreBundle.bundle/fr-CA.lproj ➜ ../../../../../var/folders/g3/pffjr_y96bq06blnkf72x_hw0000gn/T/eas-build-local-nodejs/8b92a6e8-638b-44a7-86ed-dccce4fa23af/build/ios/Pods/StripeCore/StripeCore/StripeCore/Resources/Localizations/fr-CA.lproj
build	Build iOS Locally on Free Cloud Mac	2026-08-23T00:25:43.5248740Z [RUN_FASTLANE] › Copying   ios/build/Build/Intermediates.noindex/ArchiveIntermediates/Hence/IntermediateBuildFilesPath/UninstalledProducts/iphoneos/StripeCoreBundle.bundle/fil.lproj ➜ ../../../../../var/folders/g3/pffjr_y96bq06blnkf72x_hw0000gn/T/eas-build-local-nodejs/8b92a6e8-638b-44a7-86ed-dccce4fa23af/build/ios/Pods/StripeCore/StripeCore/StripeCore/Resources/Localizations/fil.lproj
build	Build iOS Locally on Free Cloud Mac	2026-08-23T00:25:43.5251550Z [RUN_FASTLANE] › Copying   ios/build/Build/Intermediates.noindex/ArchiveIntermediates/Hence/IntermediateBuildFilesPath/UninstalledProducts/iphoneos/StripeCoreBundle.bundle/fi.lproj ➜ ../../../../../var/folders/g3/pffjr_y96bq06blnkf72x_hw0000gn/T/eas-build-local-nodejs/8b92a6e8-638b-44a7-86ed-dccce4fa23af/build/ios/Pods/StripeCore/StripeCore/StripeCore/Resources/Localizations/fi.lproj
build	Build iOS Locally on Free Cloud Mac	2026-08-23T00:25:43.5254320Z [RUN_FASTLANE] › Copying   ios/build/Build/Intermediates.noindex/ArchiveIntermediates/Hence/IntermediateBuildFilesPath/UninstalledProducts/iphoneos/StripeCoreBundle.bundle/et-EE.lproj ➜ ../../../../../var/folders/g3/pffjr_y96bq06blnkf72x_hw0000gn/T/eas-build-local-nodejs/8b92a6e8-638b-44a7-86ed-dccce4fa23af/build/ios/Pods/StripeCore/StripeCore/StripeCore/Resources/Localizations/et-EE.lproj
build	Build iOS Locally on Free Cloud Mac	2026-08-23T00:25:43.5257170Z [RUN_FASTLANE] › Copying   ios/build/Build/Intermediates.noindex/ArchiveIntermediates/Hence/IntermediateBuildFilesPath/UninstalledProducts/iphoneos/StripeCoreBundle.bundle/es.lproj ➜ ../../../../../var/folders/g3/pffjr_y96bq06blnkf72x_hw0000gn/T/eas-build-local-nodejs/8b92a6e8-638b-44a7-86ed-dccce4fa23af/build/ios/Pods/StripeCore/StripeCore/StripeCore/Resources/Localizations/es.lproj
build	Build iOS Locally on Free Cloud Mac	2026-08-23T00:25:43.5259980Z [RUN_FASTLANE] › Copying   ios/build/Build/Intermediates.noindex/ArchiveIntermediates/Hence/IntermediateBuildFilesPath/UninstalledProducts/iphoneos/StripeCoreBundle.bundle/es-419.lproj ➜ ../../../../../var/folders/g3/pffjr_y96bq06blnkf72x_hw0000gn/T/eas-build-local-nodejs/8b92a6e8-638b-44a7-86ed-dccce4fa23af/build/ios/Pods/StripeCore/StripeCore/StripeCore/Resources/Localizations/es-419.lproj
build	Build iOS Locally on Free Cloud Mac	2026-08-23T00:25:43.5262950Z [RUN_FASTLANE] › Copying   ios/build/Build/Intermediates.noindex/ArchiveIntermediates/Hence/IntermediateBuildFilesPath/UninstalledProducts/iphoneos/StripeCoreBundle.bundle/en.lproj ➜ ../../../../../var/folders/g3/pffjr_y96bq06blnkf72x_hw0000gn/T/eas-build-local-nodejs/8b92a6e8-638b-44a7-86ed-dccce4fa23af/build/ios/Pods/StripeCore/StripeCore/StripeCore/Resources/Localizations/en.lproj
build	Build iOS Locally on Free Cloud Mac	2026-08-23T00:25:43.5265740Z [RUN_FASTLANE] › Copying   ios/build/Build/Intermediates.noindex/ArchiveIntermediates/Hence/IntermediateBuildFilesPath/UninstalledProducts/iphoneos/StripeCoreBundle.bundle/en-GB.lproj ➜ ../../../../../var/folders/g3/pffjr_y96bq06blnkf72x_hw0000gn/T/eas-build-local-nodejs/8b92a6e8-638b-44a7-86ed-dccce4fa23af/build/ios/Pods/StripeCore/StripeCore/StripeCore/Resources/Localizations/en-GB.lproj
build	Build iOS Locally on Free Cloud Mac	2026-08-23T00:25:43.5268580Z [RUN_FASTLANE] › Copying   ios/build/Build/Intermediates.noindex/ArchiveIntermediates/Hence/IntermediateBuildFilesPath/UninstalledProducts/iphoneos/StripeCoreBundle.bundle/el-GR.lproj ➜ ../../../../../var/folders/g3/pffjr_y96bq06blnkf72x_hw0000gn/T/eas-build-local-nodejs/8b92a6e8-638b-44a7-86ed-dccce4fa23af/build/ios/Pods/StripeCore/StripeCore/StripeCore/Resources/Localizations/el-GR.lproj
build	Build iOS Locally on Free Cloud Mac	2026-08-23T00:25:43.5276290Z [RUN_FASTLANE] › Copying   ios/build/Build/Intermediates.noindex/ArchiveIntermediates/Hence/IntermediateBuildFilesPath/UninstalledProducts/iphoneos/StripeCoreBundle.bundle/de.lproj ➜ ../../../../../var/folders/g3/pffjr_y96bq06blnkf72x_hw0000gn/T/eas-build-local-nodejs/8b92a6e8-638b-44a7-86ed-dccce4fa23af/build/ios/Pods/StripeCore/StripeCore/StripeCore/Resources/Localizations/de.lproj
build	Build iOS Locally on Free Cloud Mac	2026-08-23T00:25:43.5279610Z [RUN_FASTLANE] › Copying   ios/build/Build/Intermediates.noindex/ArchiveIntermediates/Hence/IntermediateBuildFilesPath/UninstalledProducts/iphoneos/StripeCoreBundle.bundle/da.lproj ➜ ../../../../../var/folders/g3/pffjr_y96bq06blnkf72x_hw0000gn/T/eas-build-local-nodejs/8b92a6e8-638b-44a7-86ed-dccce4fa23af/build/ios/Pods/StripeCore/StripeCore/StripeCore/Resources/Localizations/da.lproj
build	Build iOS Locally on Free Cloud Mac	2026-08-23T00:25:43.5282530Z [RUN_FASTLANE] › Copying   ios/build/Build/Intermediates.noindex/ArchiveIntermediates/Hence/IntermediateBuildFilesPath/UninstalledProducts/iphoneos/StripeCoreBundle.bundle/cs-CZ.lproj ➜ ../../../../../var/folders/g3/pffjr_y96bq06blnkf72x_hw0000gn/T/eas-build-local-nodejs/8b92a6e8-638b-44a7-86ed-dccce4fa23af/build/ios/Pods/StripeCore/StripeCore/StripeCore/Resources/Localizations/cs-CZ.lproj
build	Build iOS Locally on Free Cloud Mac	2026-08-23T00:25:43.5285420Z [RUN_FASTLANE] › Copying   ios/build/Build/Intermediates.noindex/ArchiveIntermediates/Hence/IntermediateBuildFilesPath/UninstalledProducts/iphoneos/StripeCoreBundle.bundle/ca-ES.lproj ➜ ../../../../../var/folders/g3/pffjr_y96bq06blnkf72x_hw0000gn/T/eas-build-local-nodejs/8b92a6e8-638b-44a7-86ed-dccce4fa23af/build/ios/Pods/StripeCore/StripeCore/StripeCore/Resources/Localizations/ca-ES.lproj
build	Build iOS Locally on Free Cloud Mac	2026-08-23T00:25:43.5288300Z [RUN_FASTLANE] › Copying   ios/build/Build/Intermediates.noindex/ArchiveIntermediates/Hence/IntermediateBuildFilesPath/UninstalledProducts/iphoneos/StripeCoreBundle.bundle/bg-BG.lproj ➜ ../../../../../var/folders/g3/pffjr_y96bq06blnkf72x_hw0000gn/T/eas-build-local-nodejs/8b92a6e8-638b-44a7-86ed-dccce4fa23af/build/ios/Pods/StripeCore/StripeCore/StripeCore/Resources/Localizations/bg-BG.lproj
build	Build iOS Locally on Free Cloud Mac	2026-08-23T00:25:43.5292270Z [RUN_FASTLANE] › Copying   ios/build/Build/Intermediates.noindex/ArchiveIntermediates/Hence/IntermediateBuildFilesPath/UninstalledProducts/iphoneos/StripeCoreBundle.bundle/PrivacyInfo.xcprivacy ➜ ../../../../../var/folders/g3/pffjr_y96bq06blnkf72x_hw0000gn/T/eas-build-local-nodejs/8b92a6e8-638b-44a7-86ed-dccce4fa23af/build/ios/Pods/StripeCore/StripeCore/StripeCore/PrivacyInfo.xcprivacy
build	Build iOS Locally on Free Cloud Mac	2026-08-23T00:25:43.5294120Z [RUN_FASTLANE] › Creating  Pods/StripeFinancialConnections-StripeFinancialConnectionsBundle » StripeFinancialConnectionsBundle.bundle
build	Build iOS Locally on Free Cloud Mac	2026-08-23T00:25:43.5296260Z [RUN_FASTLANE] › Copying   ios/build/Build/Intermediates.noindex/ArchiveIntermediates/Hence/IntermediateBuildFilesPath/UninstalledProducts/iphoneos/StripeBundle.bundle/PrivacyInfo.xcprivacy ➜ ../../../../../var/folders/g3/pffjr_y96bq06blnkf72x_hw0000gn/T/eas-build-local-nodejs/8b92a6e8-638b-44a7-86ed-dccce4fa23af/build/ios/Pods/Stripe/Stripe/StripeiOS/PrivacyInfo.xcprivacy
build	Build iOS Locally on Free Cloud Mac	2026-08-23T00:25:43.5298040Z [RUN_FASTLANE] › Preparing Pods/Stripe-StripeBundle » ResourceBundle-StripeBundle-Stripe-Info.plist
build	Build iOS Locally on Free Cloud Mac	2026-08-23T00:25:47.4936340Z [RUN_FASTLANE] › Preparing Pods/StripePaymentSheet-StripePaymentSheetBundle » ResourceBundle-StripePaymentSheetBundle-StripePaymentSheet-Info.plist
build	Build iOS Locally on Free Cloud Mac	2026-08-23T00:25:47.5048160Z [RUN_FASTLANE] › Creating  Pods/StripeCore-StripeCoreBundle » StripeCoreBundle.bundle
build	Build iOS Locally on Free Cloud Mac	2026-08-23T00:25:47.5189480Z [RUN_FASTLANE] › Creating  Pods/StripePaymentSheet-StripePaymentSheetBundle » StripePaymentSheetBundle.bundle
build	Build iOS Locally on Free Cloud Mac	2026-08-23T00:25:47.5291200Z [RUN_FASTLANE] › Preparing Pods/React-timing-React-timing_privacy » ResourceBundle-React-timing_privacy-React-timing-Info.plist
build	Build iOS Locally on Free Cloud Mac	2026-08-23T00:25:47.5395880Z [RUN_FASTLANE] › Copying   ios/build/Build/Intermediates.noindex/ArchiveIntermediates/Hence/IntermediateBuildFilesPath/UninstalledProducts/iphoneos/React-timing_privacy.bundle/PrivacyInfo.xcprivacy ➜ ../../../../../var/folders/g3/pffjr_y96bq06blnkf72x_hw0000gn/T/eas-build-local-nodejs/8b92a6e8-638b-44a7-86ed-dccce4fa23af/build/node_modules/react-native/ReactCommon/react/timing/PrivacyInfo.xcprivacy
build	Build iOS Locally on Free Cloud Mac	2026-08-23T00:25:47.5491830Z [RUN_FASTLANE] › Creating  Pods/Stripe-StripeBundle » StripeBundle.bundle
build	Build iOS Locally on Free Cloud Mac	2026-08-23T00:25:47.5593440Z [RUN_FASTLANE] › Preparing Pods/React-cxxreact-React-cxxreact_privacy » ResourceBundle-React-cxxreact_privacy-React-cxxreact-Info.plist
build	Build iOS Locally on Free Cloud Mac	2026-08-23T00:25:47.5699740Z [RUN_FASTLANE] › Copying   ios/build/Build/Intermediates.noindex/ArchiveIntermediates/Hence/IntermediateBuildFilesPath/UninstalledProducts/iphoneos/React-cxxreact_privacy.bundle/PrivacyInfo.xcprivacy ➜ ../../../../../var/folders/g3/pffjr_y96bq06blnkf72x_hw0000gn/T/eas-build-local-nodejs/8b92a6e8-638b-44a7-86ed-dccce4fa23af/build/node_modules/react-native/ReactCommon/cxxreact/PrivacyInfo.xcprivacy
build	Build iOS Locally on Free Cloud Mac	2026-08-23T00:25:47.5805390Z [RUN_FASTLANE] › Creating  Pods/React-timing-React-timing_privacy » React-timing_privacy.bundle
build	Build iOS Locally on Free Cloud Mac	2026-08-23T00:25:47.5907310Z [RUN_FASTLANE] › Preparing Pods/React-Core-React-Core_privacy » ResourceBundle-React-Core_privacy-React-Core-Info.plist
build	Build iOS Locally on Free Cloud Mac	2026-08-23T00:25:47.6009950Z [RUN_FASTLANE] › Copying   ios/build/Build/Intermediates.noindex/ArchiveIntermediates/Hence/IntermediateBuildFilesPath/UninstalledProducts/iphoneos/React-Core_privacy.bundle/PrivacyInfo.xcprivacy ➜ ../../../../../var/folders/g3/pffjr_y96bq06blnkf72x_hw0000gn/T/eas-build-local-nodejs/8b92a6e8-638b-44a7-86ed-dccce4fa23af/build/node_modules/react-native/React/Resources/PrivacyInfo.xcprivacy
build	Build iOS Locally on Free Cloud Mac	2026-08-23T00:25:47.6112530Z [RUN_FASTLANE] › Creating  Pods/React-cxxreact-React-cxxreact_privacy » React-cxxreact_privacy.bundle
build	Build iOS Locally on Free Cloud Mac	2026-08-23T00:25:47.6215170Z [RUN_FASTLANE] › Preparing Pods/RNSVG-RNSVGFilters » ResourceBundle-RNSVGFilters-RNSVG-Info.plist
build	Build iOS Locally on Free Cloud Mac	2026-08-23T00:25:47.6320220Z [RUN_FASTLANE] › Copying   ios/build/Build/Intermediates.noindex/ArchiveIntermediates/Hence/IntermediateBuildFilesPath/UninstalledProducts/iphoneos/RNSVGFilters.bundle/RNSVGCompositeXor.iphoneos.metallib ➜ ../../../../../var/folders/g3/pffjr_y96bq06blnkf72x_hw0000gn/T/eas-build-local-nodejs/8b92a6e8-638b-44a7-86ed-dccce4fa23af/build/node_modules/react-native-svg/apple/Filters/MetalCI/RNSVGCompositeXor.iphoneos.metallib
build	Build iOS Locally on Free Cloud Mac	2026-08-23T00:25:47.6420670Z [RUN_FASTLANE] › Copying   ios/build/Build/Intermediates.noindex/ArchiveIntermediates/Hence/IntermediateBuildFilesPath/UninstalledProducts/iphoneos/RNSVGFilters.bundle/RNSVGArithmeticFilter.iphoneos.metallib ➜ ../../../../../var/folders/g3/pffjr_y96bq06blnkf72x_hw0000gn/T/eas-build-local-nodejs/8b92a6e8-638b-44a7-86ed-dccce4fa23af/build/node_modules/react-native-svg/apple/Filters/MetalCI/RNSVGArithmeticFilter.iphoneos.metallib
build	Build iOS Locally on Free Cloud Mac	2026-08-23T00:25:47.6523560Z [RUN_FASTLANE] › Creating  Pods/React-Core-React-Core_privacy » React-Core_privacy.bundle
build	Build iOS Locally on Free Cloud Mac	2026-08-23T00:25:47.6635380Z [RUN_FASTLANE] › Preparing Pods/RNCAsyncStorage-RNCAsyncStorage_resources » ResourceBundle-RNCAsyncStorage_resources-RNCAsyncStorage-Info.plist
build	Build iOS Locally on Free Cloud Mac	2026-08-23T00:25:47.6744240Z [RUN_FASTLANE] › Copying   ios/build/Build/Intermediates.noindex/ArchiveIntermediates/Hence/IntermediateBuildFilesPath/UninstalledProducts/iphoneos/RNCAsyncStorage_resources.bundle/PrivacyInfo.xcprivacy ➜ ../../../../../var/folders/g3/pffjr_y96bq06blnkf72x_hw0000gn/T/eas-build-local-nodejs/8b92a6e8-638b-44a7-86ed-dccce4fa23af/build/node_modules/@react-native-async-storage/async-storage/ios/PrivacyInfo.xcprivacy
build	Build iOS Locally on Free Cloud Mac	2026-08-23T00:25:47.6871240Z [RUN_FASTLANE] › Creating  Pods/RNSVG-RNSVGFilters » RNSVGFilters.bundle
build	Build iOS Locally on Free Cloud Mac	2026-08-23T00:25:47.6993740Z [RUN_FASTLANE] › Preparing Pods/ExpoTaskManager-ExpoTaskManager_privacy » ResourceBundle-ExpoTaskManager_privacy-ExpoTaskManager-Info.plist
build	Build iOS Locally on Free Cloud Mac	2026-08-23T00:25:47.7117310Z [RUN_FASTLANE] › Copying   ios/build/Build/Intermediates.noindex/ArchiveIntermediates/Hence/IntermediateBuildFilesPath/UninstalledProducts/iphoneos/ExpoTaskManager_privacy.bundle/PrivacyInfo.xcprivacy ➜ ../../../../../var/folders/g3/pffjr_y96bq06blnkf72x_hw0000gn/T/eas-build-local-nodejs/8b92a6e8-638b-44a7-86ed-dccce4fa23af/build/node_modules/expo-task-manager/ios/PrivacyInfo.xcprivacy
build	Build iOS Locally on Free Cloud Mac	2026-08-23T00:25:47.7242850Z [RUN_FASTLANE] › Creating  Pods/RNCAsyncStorage-RNCAsyncStorage_resources » RNCAsyncStorage_resources.bundle
build	Build iOS Locally on Free Cloud Mac	2026-08-23T00:25:47.7344890Z [RUN_FASTLANE] › Preparing Pods/ExpoNotifications-ExpoNotifications_privacy » ResourceBundle-ExpoNotifications_privacy-ExpoNotifications-Info.plist
build	Build iOS Locally on Free Cloud Mac	2026-08-23T00:25:47.7448030Z [RUN_FASTLANE] › Copying   ios/build/Build/Intermediates.noindex/ArchiveIntermediates/Hence/IntermediateBuildFilesPath/UninstalledProducts/iphoneos/ExpoNotifications_privacy.bundle/PrivacyInfo.xcprivacy ➜ ../../../../../var/folders/g3/pffjr_y96bq06blnkf72x_hw0000gn/T/eas-build-local-nodejs/8b92a6e8-638b-44a7-86ed-dccce4fa23af/build/node_modules/expo-notifications/ios/PrivacyInfo.xcprivacy
build	Build iOS Locally on Free Cloud Mac	2026-08-23T00:25:47.7550720Z [RUN_FASTLANE] › Creating  Pods/ExpoTaskManager-ExpoTaskManager_privacy » ExpoTaskManager_privacy.bundle
build	Build iOS Locally on Free Cloud Mac	2026-08-23T00:25:47.7651030Z [RUN_FASTLANE] › Preparing Pods/ExpoFileSystem-ExpoFileSystem_privacy » ResourceBundle-ExpoFileSystem_privacy-ExpoFileSystem-Info.plist
build	Build iOS Locally on Free Cloud Mac	2026-08-23T00:25:47.7751420Z [RUN_FASTLANE] › Creating  Pods/ExpoNotifications-ExpoNotifications_privacy » ExpoNotifications_privacy.bundle
build	Build iOS Locally on Free Cloud Mac	2026-08-23T00:25:47.7854750Z [RUN_FASTLANE] › Preparing Pods/ExpoDevice-ExpoDevice_privacy » ResourceBundle-ExpoDevice_privacy-ExpoDevice-Info.plist
build	Build iOS Locally on Free Cloud Mac	2026-08-23T00:25:47.7955720Z [RUN_FASTLANE] › Copying   ios/build/Build/Intermediates.noindex/ArchiveIntermediates/Hence/IntermediateBuildFilesPath/UninstalledProducts/iphoneos/ExpoDevice_privacy.bundle/PrivacyInfo.xcprivacy ➜ ../../../../../var/folders/g3/pffjr_y96bq06blnkf72x_hw0000gn/T/eas-build-local-nodejs/8b92a6e8-638b-44a7-86ed-dccce4fa23af/build/node_modules/expo-device/ios/PrivacyInfo.xcprivacy
build	Build iOS Locally on Free Cloud Mac	2026-08-23T00:25:47.8059760Z [RUN_FASTLANE] › Creating  Pods/ExpoFileSystem-ExpoFileSystem_privacy » ExpoFileSystem_privacy.bundle
build	Build iOS Locally on Free Cloud Mac	2026-08-23T00:25:47.8161230Z [RUN_FASTLANE] › Compiling expo-json-utils Pods/EXJSONUtils » NSDictionary+EXJSONUtils.m
build	Build iOS Locally on Free Cloud Mac	2026-08-23T00:25:47.8264880Z [RUN_FASTLANE] › Compiling expo-json-utils Pods/EXJSONUtils » EXJSONUtils-dummy.m
build	Build iOS Locally on Free Cloud Mac	2026-08-23T00:25:47.8366740Z [RUN_FASTLANE] › Executing react-native Pods/React-Core-prebuilt » [CP-User] [RNCore] Replace React Native Core for the right configuration, if needed
build	Build iOS Locally on Free Cloud Mac	2026-08-23T00:25:47.8468650Z [RUN_FASTLANE] › Packaging expo-json-utils Pods/EXJSONUtils » libEXJSONUtils.a
build	Build iOS Locally on Free Cloud Mac	2026-08-23T00:25:47.8568790Z [RUN_FASTLANE] › Creating  Pods/ExpoDevice-ExpoDevice_privacy » ExpoDevice_privacy.bundle
build	Build iOS Locally on Free Cloud Mac	2026-08-23T00:25:47.8676290Z [RUN_FASTLANE] › Preparing Pods/EXConstants-ExpoConstants_privacy » ResourceBundle-ExpoConstants_privacy-EXConstants-Info.plist
build	Build iOS Locally on Free Cloud Mac	2026-08-23T00:25:47.8781890Z [RUN_FASTLANE] › Copying   ios/build/Build/Intermediates.noindex/ArchiveIntermediates/Hence/IntermediateBuildFilesPath/UninstalledProducts/iphoneos/ExpoConstants_privacy.bundle/PrivacyInfo.xcprivacy ➜ ../../../../../var/folders/g3/pffjr_y96bq06blnkf72x_hw0000gn/T/eas-build-local-nodejs/8b92a6e8-638b-44a7-86ed-dccce4fa23af/build/node_modules/expo-constants/ios/PrivacyInfo.xcprivacy
build	Build iOS Locally on Free Cloud Mac	2026-08-23T00:25:47.8884650Z [RUN_FASTLANE] › Preparing expo-constants Pods/EXConstants-EXConstants » ResourceBundle-EXConstants-EXConstants-Info.plist
build	Build iOS Locally on Free Cloud Mac	2026-08-23T00:25:47.8986480Z [RUN_FASTLANE] › Creating  Pods/EXConstants-ExpoConstants_privacy » ExpoConstants_privacy.bundle
build	Build iOS Locally on Free Cloud Mac	2026-08-23T00:25:47.9086910Z [RUN_FASTLANE] › Preparing Pods/EXApplication-ExpoApplication_privacy » ResourceBundle-ExpoApplication_privacy-EXApplication-Info.plist
build	Build iOS Locally on Free Cloud Mac	2026-08-23T00:25:47.9190090Z [RUN_FASTLANE] › Copying   ios/build/Build/Intermediates.noindex/ArchiveIntermediates/Hence/IntermediateBuildFilesPath/UninstalledProducts/iphoneos/ExpoApplication_privacy.bundle/PrivacyInfo.xcprivacy ➜ ../../../../../var/folders/g3/pffjr_y96bq06blnkf72x_hw0000gn/T/eas-build-local-nodejs/8b92a6e8-638b-44a7-86ed-dccce4fa23af/build/node_modules/expo-application/ios/PrivacyInfo.xcprivacy
build	Build iOS Locally on Free Cloud Mac	2026-08-23T00:25:47.9289440Z [RUN_FASTLANE] › Creating  expo-constants Pods/EXConstants-EXConstants » EXConstants.bundle
build	Build iOS Locally on Free Cloud Mac	2026-08-23T00:25:47.9392900Z [RUN_FASTLANE] › Creating  Pods/EXApplication-ExpoApplication_privacy » ExpoApplication_privacy.bundle
build	Build iOS Locally on Free Cloud Mac	2026-08-23T00:25:47.9496950Z [RUN_FASTLANE] › Executing react-native Pods/React-Core-prebuilt » [CP] Copy XCFrameworks
build	Build iOS Locally on Free Cloud Mac	2026-08-23T00:25:47.9599560Z [RUN_FASTLANE] › Executing expo-modules-jsi Pods/ExpoModulesJSI » [CP-User] Build ExpoModulesJSI xcframework
build	Build iOS Locally on Free Cloud Mac	2026-08-23T00:25:47.9707060Z [RUN_FASTLANE] › Executing react-native Pods/React-RCTFBReactNativeSpec » [CP-User] [RN]Check FBReactNativeSpec
build	Build iOS Locally on Free Cloud Mac	2026-08-23T00:25:47.9811840Z [RUN_FASTLANE] › Executing hencelogistics Pods/ReactCodegen » [CP-User] Generate Specs
build	Build iOS Locally on Free Cloud Mac	2026-08-23T00:25:47.9914220Z [RUN_FASTLANE] › Executing hencelogistics Pods/ReactCodegen » [Expo] Remove duplicate codegen output
build	Build iOS Locally on Free Cloud Mac	2026-08-23T00:25:48.0041830Z [RUN_FASTLANE] › Compiling hencelogistics Pods/ReactCodegen » safeareacontext-generated.mm
build	Build iOS Locally on Free Cloud Mac	2026-08-23T00:25:48.0145340Z [RUN_FASTLANE] › Compiling hencelogistics Pods/ReactCodegen » rnsvg-generated.mm
build	Build iOS Locally on Free Cloud Mac	2026-08-23T00:25:48.0146190Z [RUN_FASTLANE] › Compiling hencelogistics Pods/ReactCodegen » rnstripe-generated.mm
build	Build iOS Locally on Free Cloud Mac	2026-08-23T00:25:48.0248090Z [RUN_FASTLANE] › Compiling hencelogistics Pods/ReactCodegen » rnscreens-generated.mm
build	Build iOS Locally on Free Cloud Mac	2026-08-23T00:25:48.0350690Z [RUN_FASTLANE] ⚠️  Script has ambiguous dependencies causing it to run on every build.
build	Build iOS Locally on Free Cloud Mac	2026-08-23T00:25:48.0456000Z    To fix, go to: Xcode » Hence/Hence » Build Phases » '[Expo Dev Launcher] Strip Local Network Keys for Release'
build	Build iOS Locally on Free Cloud Mac	2026-08-23T00:25:48.0558840Z [RUN_FASTLANE] [!] Error building the application - see the log above
build	Build iOS Locally on Free Cloud Mac	2026-08-23T00:25:48.0559440Z    Either: Uncheck "Based on dependency analysis", or select output files to trigger the script
build	Build iOS Locally on Free Cloud Mac	2026-08-23T00:25:48.0692250Z 
build	Build iOS Locally on Free Cloud Mac	2026-08-23T00:25:48.0796100Z [RUN_FASTLANE] ▸ ** ARCHIVE FAILED **
build	Build iOS Locally on Free Cloud Mac	2026-08-23T00:25:48.0898470Z [RUN_FASTLANE] ▸ The following build commands failed:
build	Build iOS Locally on Free Cloud Mac	2026-08-23T00:25:48.1008160Z [RUN_FASTLANE] ▸ 	PhaseScriptExecution [CP-User]\ Build\ ExpoModulesJSI\ xcframework /var/folders/g3/pffjr_y96bq06blnkf72x_hw0000gn/T/eas-build-local-nodejs/8b92a6e8-638b-44a7-86ed-dccce4fa23af/build/ios/build/Build/Intermediates.noindex/ArchiveIntermediates/Hence/IntermediateBuildFilesPath/Pods.build/Release-iphoneos/ExpoModulesJSI.build/Script-46EB2E0002C920.sh (in target 'ExpoModulesJSI' from project 'Pods')
build	Build iOS Locally on Free Cloud Mac	2026-08-23T00:25:48.1124200Z [RUN_FASTLANE] ▸ 	Archiving workspace Hence with scheme Hence
build	Build iOS Locally on Free Cloud Mac	2026-08-23T00:25:48.1227480Z [RUN_FASTLANE] ▸ (2 failures)
build	Build iOS Locally on Free Cloud Mac	2026-08-23T00:25:48.1330050Z [RUN_FASTLANE] Exit status: 65
build	Build iOS Locally on Free Cloud Mac	2026-08-23T00:25:48.1440090Z [RUN_FASTLANE] Error: The "Run fastlane" step failed because of an error in the Xcode build process. We automatically detected following errors in your Xcode build logs:
build	Build iOS Locally on Free Cloud Mac	2026-08-23T00:25:48.1450030Z [RUN_FASTLANE] Maybe the error shown is caused by using the wrong version of Xcode
build	Build iOS Locally on Free Cloud Mac	2026-08-23T00:25:48.1633130Z - Could not resolve package dependencies:
build	Build iOS Locally on Free Cloud Mac	2026-08-23T00:25:48.1636530Z [RUN_FASTLANE] Found multiple versions of Xcode in '/Applications/'
build	Build iOS Locally on Free Cloud Mac	2026-08-23T00:25:48.1672170Z Refer to "Xcode Logs" below for additional, more detailed logs.
build	Build iOS Locally on Free Cloud Mac	2026-08-23T00:25:48.1761690Z [RUN_FASTLANE] Make sure you selected the right version for your project
build	Build iOS Locally on Free Cloud Mac	2026-08-23T00:25:48.1873430Z [RUN_FASTLANE] This build process was executed using '/Applications/Xcode_16.1.app'
build	Build iOS Locally on Free Cloud Mac	2026-08-23T00:25:48.1975520Z [RUN_FASTLANE] If you want to update your Xcode path, either
build	Build iOS Locally on Free Cloud Mac	2026-08-23T00:25:48.2082820Z [RUN_FASTLANE] - Specify the Xcode version in your Fastfile
build	Build iOS Locally on Free Cloud Mac	2026-08-23T00:25:48.2184300Z [RUN_FASTLANE] ▸ xcversion(version: "8.1") # Selects Xcode 8.1.0
build	Build iOS Locally on Free Cloud Mac	2026-08-23T00:25:48.2285220Z [RUN_FASTLANE] 
build	Build iOS Locally on Free Cloud Mac	2026-08-23T00:25:48.2386580Z [RUN_FASTLANE] - Specify an absolute path to your Xcode installation in your Fastfile
build	Build iOS Locally on Free Cloud Mac	2026-08-23T00:25:48.2490330Z [RUN_FASTLANE] ▸ xcode_select "/Applications/Xcode8.app"
build	Build iOS Locally on Free Cloud Mac	2026-08-23T00:25:48.2593240Z [RUN_FASTLANE] 
build	Build iOS Locally on Free Cloud Mac	2026-08-23T00:25:48.2694360Z [RUN_FASTLANE] - Manually update the path using
build	Build iOS Locally on Free Cloud Mac	2026-08-23T00:25:48.2795780Z [RUN_FASTLANE] ▸ sudo xcode-select -s /Applications/Xcode.app
build	Build iOS Locally on Free Cloud Mac	2026-08-23T00:25:48.2874620Z [RUN_FASTLANE] 
build	Build iOS Locally on Free Cloud Mac	2026-08-23T00:25:48.2957850Z [RUN_FASTLANE] +--------------------------------------------+
build	Build iOS Locally on Free Cloud Mac	2026-08-23T00:25:48.2976990Z [RUN_FASTLANE] |             Build environment              |
build	Build iOS Locally on Free Cloud Mac	2026-08-23T00:25:48.3008510Z [RUN_FASTLANE] +-------------+------------------------------+
build	Build iOS Locally on Free Cloud Mac	2026-08-23T00:25:48.3012310Z [RUN_FASTLANE] | xcode_path  | /Applications/Xcode_16.1.app |
build	Build iOS Locally on Free Cloud Mac	2026-08-23T00:25:48.3114090Z [RUN_FASTLANE] | gym_version | 2.236.1                      |
build	Build iOS Locally on Free Cloud Mac	2026-08-23T00:25:48.3216670Z [RUN_FASTLANE] | sdk         | iPhoneOS18.1.sdk             |
build	Build iOS Locally on Free Cloud Mac	2026-08-23T00:25:48.3317900Z [RUN_FASTLANE] +-------------+------------------------------+
build	Build iOS Locally on Free Cloud Mac	2026-08-23T00:25:48.3421050Z [RUN_FASTLANE] 
build	Build iOS Locally on Free Cloud Mac	2026-08-23T00:25:48.3458270Z [RUN_FASTLANE] 
build	Build iOS Locally on Free Cloud Mac	2026-08-23T00:25:48.3461460Z [RUN_FASTLANE] Looks like fastlane ran into a build/archive error with your project
build	Build iOS Locally on Free Cloud Mac	2026-08-23T00:25:48.3540610Z [RUN_FASTLANE] It's hard to tell what's causing the error, so we wrote some guides on how
build	Build iOS Locally on Free Cloud Mac	2026-08-23T00:25:48.3542100Z [RUN_FASTLANE] to troubleshoot build and signing issues: https://docs.fastlane.tools/codesigning/getting-started/
build	Build iOS Locally on Free Cloud Mac	2026-08-23T00:25:48.3543030Z [RUN_FASTLANE] Before submitting an issue on GitHub, please follow the guide above and make
build	Build iOS Locally on Free Cloud Mac	2026-08-23T00:25:48.3543680Z [RUN_FASTLANE] sure your project is set up correctly.
build	Build iOS Locally on Free Cloud Mac	2026-08-23T00:25:48.3544790Z [RUN_FASTLANE] fastlane uses `xcodebuild` commands to generate your binary, you can see the
build	Build iOS Locally on Free Cloud Mac	2026-08-23T00:25:48.3545840Z [RUN_FASTLANE] the full commands printed out in yellow in the above log.
build	Build iOS Locally on Free Cloud Mac	2026-08-23T00:25:48.3546710Z [RUN_FASTLANE] Make sure to inspect the output above, as usually you'll find more error information there
build	Build iOS Locally on Free Cloud Mac	2026-08-23T00:25:48.3547960Z [CLEAN_UP_CREDENTIALS] Destroying keychain - /var/folders/g3/pffjr_y96bq06blnkf72x_hw0000gn/T/eas-build-1867fc3b-6675-4072-b465-65b600fe610c.keychain
build	Build iOS Locally on Free Cloud Mac	2026-08-23T00:25:50.2743380Z [CLEAN_UP_CREDENTIALS] Removing provisioning profile
build	Build iOS Locally on Free Cloud Mac	2026-08-23T00:25:50.2798950Z 
build	Build iOS Locally on Free Cloud Mac	2026-08-23T00:25:50.2801770Z Build failed
build	Build iOS Locally on Free Cloud Mac	2026-08-23T00:25:56.8391150Z The "Run fastlane" step failed because of an error in the Xcode build process. We automatically detected following errors in your Xcode build logs:
build	Build iOS Locally on Free Cloud Mac	2026-08-23T00:25:56.8392480Z Error: The "Run fastlane" step failed because of an error in the Xcode build process. We automatically detected following errors in your Xcode build logs:
build	Build iOS Locally on Free Cloud Mac	2026-08-23T00:25:56.8421140Z - Could not resolve package dependencies:
build	Build iOS Locally on Free Cloud Mac	2026-08-23T00:25:56.8421790Z - Could not resolve package dependencies:
build	Build iOS Locally on Free Cloud Mac	2026-08-23T00:25:56.8429830Z Refer to "Xcode Logs" below for additional, more detailed logs.
build	Build iOS Locally on Free Cloud Mac	2026-08-23T00:25:56.8430430Z Refer to "Xcode Logs" below for additional, more detailed logs.
build	Build iOS Locally on Free Cloud Mac	2026-08-23T00:25:56.8531910Z     at resolveBuildPhaseErrorAsync (/Users/runner/.npm/_npx/cec30832843bb978/node_modules/@expo/build-tools/dist/buildErrors/detectError.js:61:12)
build	Build iOS Locally on Free Cloud Mac	2026-08-23T00:25:56.8633910Z     at async BuildContext.handleBuildPhaseErrorAsync (/Users/runner/.npm/_npx/cec30832843bb978/node_modules/@expo/build-tools/dist/context.js:193:28)
build	Build iOS Locally on Free Cloud Mac	2026-08-23T00:25:56.8735670Z     at async BuildContext.runBuildPhase (/Users/runner/.npm/_npx/cec30832843bb978/node_modules/@expo/build-tools/dist/context.js:138:35)
build	Build iOS Locally on Free Cloud Mac	2026-08-23T00:25:56.8837460Z     at async buildInnerAsync (/Users/runner/.npm/_npx/cec30832843bb978/node_modules/@expo/build-tools/dist/builders/ios.js:152:26)
build	Build iOS Locally on Free Cloud Mac	2026-08-23T00:25:56.8939320Z     at async buildAsync (/Users/runner/.npm/_npx/cec30832843bb978/node_modules/@expo/build-tools/dist/builders/ios.js:56:9)
build	Build iOS Locally on Free Cloud Mac	2026-08-23T00:25:56.9059310Z     at async runBuilderWithHooksAsync (/Users/runner/.npm/_npx/cec30832843bb978/node_modules/@expo/build-tools/dist/builders/common.js:13:13)
build	Build iOS Locally on Free Cloud Mac	2026-08-23T00:25:56.9064300Z     at async Object.iosBuilder (/Users/runner/.npm/_npx/cec30832843bb978/node_modules/@expo/build-tools/dist/builders/ios.js:41:16)
build	Build iOS Locally on Free Cloud Mac	2026-08-23T00:25:56.9066590Z     at async buildIosAsync (/Users/runner/.npm/_npx/cec30832843bb978/node_modules/eas-cli-local-build-plugin/dist/ios.js:43:12)
build	Build iOS Locally on Free Cloud Mac	2026-08-23T00:25:56.9067470Z     at async buildAsync (/Users/runner/.npm/_npx/cec30832843bb978/node_modules/eas-cli-local-build-plugin/dist/build.js:58:29)
build	Build iOS Locally on Free Cloud Mac	2026-08-23T00:25:56.9072020Z     at async main (/Users/runner/.npm/_npx/cec30832843bb978/node_modules/eas-cli-local-build-plugin/dist/main.js:16:9)
build	Build iOS Locally on Free Cloud Mac	2026-08-23T00:25:56.9273440Z 
build	Build iOS Locally on Free Cloud Mac	2026-08-23T00:25:56.9374400Z Build context (for debugging this failed local build):
build	Build iOS Locally on Free Cloud Mac	2026-08-23T00:25:56.9474530Z   Platform: ios
build	Build iOS Locally on Free Cloud Mac	2026-08-23T00:25:56.9574820Z     Error: build command failed.
build	Build iOS Locally on Free Cloud Mac	2026-08-23T00:25:56.9575330Z   Build profile: production
build	Build iOS Locally on Free Cloud Mac	2026-08-23T00:25:56.9675390Z   Workflow: managed
build	Build iOS Locally on Free Cloud Mac	2026-08-23T00:25:56.9776520Z   Distribution: store
build	Build iOS Locally on Free Cloud Mac	2026-08-23T00:25:56.9877430Z   Credentials source: remote
build	Build iOS Locally on Free Cloud Mac	2026-08-23T00:25:56.9978630Z   Project root directory: .
build	Build iOS Locally on Free Cloud Mac	2026-08-23T00:25:57.0079960Z   Required package manager: npm
build	Build iOS Locally on Free Cloud Mac	2026-08-23T00:25:57.0180310Z   eas-cli version: 22.2.0
build	Build iOS Locally on Free Cloud Mac	2026-08-23T00:25:57.0281430Z   SDK version: 57.0.0
build	Build iOS Locally on Free Cloud Mac	2026-08-23T00:25:57.0364600Z   React Native version: 0.86.2
build	Build iOS Locally on Free Cloud Mac	2026-08-23T00:25:57.0453070Z   Expo package version: 57.0.13
build	Build iOS Locally on Free Cloud Mac	2026-08-23T00:25:57.0525080Z   App version: 1.0.0
build	Build iOS Locally on Free Cloud Mac	2026-08-23T00:25:57.0610910Z   Fingerprint hash: 806d5b90352c97dcb178753f72b8097a60240bc4
build	Build iOS Locally on Free Cloud Mac	2026-08-23T00:25:57.0680110Z   Build tracking ID: 0f1ca26a-6ac8-4e82-afba-0fb261bbad70
build	Build iOS Locally on Free Cloud Mac	2026-08-23T00:25:57.0682730Z   Project ID: b0ad43f4-c5c8-4274-9639-2f6965170365
build	Build iOS Locally on Free Cloud Mac	2026-08-23T00:25:57.0705770Z npx -y eas-cli-local-build-plugin@22.0.0 exited with non-zero code: 1
build	Build iOS Locally on Free Cloud Mac	2026-08-23T00:25:57.0762350Z ##[error]Process completed with exit code 1.
build	Post Checkout Code	﻿2026-08-23T00:25:57.1059740Z Node 20 is being deprecated. This workflow is running with Node 24 by default. If you need to temporarily use Node 20, you can set the ACTIONS_ALLOW_USE_UNSECURE_NODE_VERSION=true environment variable. For more information see: https://github.blog/changelog/2025-09-19-deprecation-of-node-20-on-github-actions-runners/
build	Post Checkout Code	2026-08-23T00:25:57.1060870Z Post job cleanup.
build	Post Checkout Code	2026-08-23T00:25:57.4858030Z [command]/opt/homebrew/bin/git version
build	Post Checkout Code	2026-08-23T00:25:57.4981310Z git version 2.54.0
build	Post Checkout Code	2026-08-23T00:25:57.5196540Z Copying '/Users/runner/.gitconfig' to '/Users/runner/work/_temp/0271334d-0ac3-4244-8af7-2cef02940fac/.gitconfig'
build	Post Checkout Code	2026-08-23T00:25:57.5214460Z Temporarily overriding HOME='/Users/runner/work/_temp/0271334d-0ac3-4244-8af7-2cef02940fac' before making global git config changes
build	Post Checkout Code	2026-08-23T00:25:57.5239000Z Adding repository directory to the temporary git global config as a safe directory
build	Post Checkout Code	2026-08-23T00:25:57.5243420Z [command]/opt/homebrew/bin/git config --global --add safe.directory /Users/runner/work/HenceLogistics/HenceLogistics
build	Post Checkout Code	2026-08-23T00:25:57.5257160Z [command]/opt/homebrew/bin/git config --local --name-only --get-regexp core\.sshCommand
build	Post Checkout Code	2026-08-23T00:25:57.5269010Z [command]/opt/homebrew/bin/git submodule foreach --recursive sh -c "git config --local --name-only --get-regexp 'core\.sshCommand' && git config --local --unset-all 'core.sshCommand' || :"
build	Post Checkout Code	2026-08-23T00:25:57.6743530Z [command]/opt/homebrew/bin/git config --local --name-only --get-regexp http\.https\:\/\/github\.com\/\.extraheader
build	Post Checkout Code	2026-08-23T00:25:57.6788370Z http.https://github.com/.extraheader
build	Post Checkout Code	2026-08-23T00:25:57.6795030Z [command]/opt/homebrew/bin/git config --local --unset-all http.https://github.com/.extraheader
build	Post Checkout Code	2026-08-23T00:25:57.6855060Z [command]/opt/homebrew/bin/git submodule foreach --recursive sh -c "git config --local --name-only --get-regexp 'http\.https\:\/\/github\.com\/\.extraheader' && git config --local --unset-all 'http.https://github.com/.extraheader' || :"
build	Post Checkout Code	2026-08-23T00:25:57.7522920Z [command]/opt/homebrew/bin/git config --local --name-only --get-regexp ^includeIf\.gitdir:
build	Post Checkout Code	2026-08-23T00:25:57.7562330Z [command]/opt/homebrew/bin/git submodule foreach --recursive git config --local --show-origin --name-only --get-regexp remote.origin.url
build	Complete job	﻿2026-08-23T00:25:57.9047770Z Cleaning up orphan processes
build	Complete job	2026-08-23T00:25:58.1237230Z Terminate orphan process: pid (17368) (ibtoold)
build	Complete job	2026-08-23T00:25:58.1827770Z Terminate orphan process: pid (16914) (ibtoold)
build	Complete job	2026-08-23T00:25:58.5252910Z ##[warning]Node.js 20 is deprecated. The following actions target Node.js 20 but are being forced to run on Node.js 24: actions/checkout@v4, actions/setup-node@v4. For more information see: https://github.blog/changelog/2025-09-19-deprecation-of-node-20-on-github-actions-runners/
