build	Set up job	﻿2026-08-23T00:12:46.6938400Z Current runner version: '2.336.0'
build	Set up job	2026-08-23T00:12:46.6951270Z ##[group]Runner Image Provisioner
build	Set up job	2026-08-23T00:12:46.6951750Z Hosted Compute Agent
build	Set up job	2026-08-23T00:12:46.6952090Z Version: 20260624.560
build	Set up job	2026-08-23T00:12:46.6952480Z Commit: 925d229a51159bc391ae97e54a2dd1fe20af789d
build	Set up job	2026-08-23T00:12:46.6952920Z Build Date: 2026-06-24T18:26:47Z
build	Set up job	2026-08-23T00:12:46.6953350Z Worker ID: {14536c6f-ddb1-4a0d-93d4-d7ad7107cc84}
build	Set up job	2026-08-23T00:12:46.6954050Z Azure Region: westus
build	Set up job	2026-08-23T00:12:46.6954540Z ##[endgroup]
build	Set up job	2026-08-23T00:12:46.6955520Z ##[group]Operating System
build	Set up job	2026-08-23T00:12:46.6955890Z macOS
build	Set up job	2026-08-23T00:12:46.6956200Z 14.8.7
build	Set up job	2026-08-23T00:12:46.6956500Z 23J520
build	Set up job	2026-08-23T00:12:46.6956810Z ##[endgroup]
build	Set up job	2026-08-23T00:12:46.6957140Z ##[group]Runner Image
build	Set up job	2026-08-23T00:12:46.6957500Z Image: macos-14-arm64
build	Set up job	2026-08-23T00:12:46.6957850Z Version: 20260629.0180.1
build	Set up job	2026-08-23T00:12:46.6958550Z Included Software: https://github.com/actions/runner-images/blob/macos-14-arm64/20260629.0180/images/macos/macos-14-arm64-Readme.md
build	Set up job	2026-08-23T00:12:46.6959570Z Image Release: https://github.com/actions/runner-images/releases/tag/macos-14-arm64%2F20260629.0180
build	Set up job	2026-08-23T00:12:46.6960180Z ##[endgroup]
build	Set up job	2026-08-23T00:12:46.6960910Z ##[group]GITHUB_TOKEN Permissions
build	Set up job	2026-08-23T00:12:46.6961900Z Contents: read
build	Set up job	2026-08-23T00:12:46.6962250Z Metadata: read
build	Set up job	2026-08-23T00:12:46.6962600Z Packages: read
build	Set up job	2026-08-23T00:12:46.6962940Z ##[endgroup]
build	Set up job	2026-08-23T00:12:46.6964120Z Secret source: Actions
build	Set up job	2026-08-23T00:12:46.6964730Z Prepare workflow directory
build	Set up job	2026-08-23T00:12:46.7157250Z Prepare all required actions
build	Set up job	2026-08-23T00:12:46.7190940Z Getting action download info
build	Set up job	2026-08-23T00:12:46.9577040Z Download action repository 'actions/checkout@v4' (SHA:11d5960a326750d5838078e36cf38b85af677262)
build	Set up job	2026-08-23T00:12:47.7873430Z Download action repository 'actions/setup-node@v4' (SHA:49933ea5288caeca8642d1e84afbd3f7d6820020)
build	Set up job	2026-08-23T00:12:47.8602600Z Download action repository 'maxim-lobanov/setup-xcode@v1' (SHA:ed7a3b1fda3918c0306d1b724322adc0b8cc0a90)
build	Set up job	2026-08-23T00:12:48.4588390Z Download action repository 'actions/upload-artifact@v4' (SHA:ea165f8d65b6e75b540449e92b4886f43607fa02)
build	Set up job	2026-08-23T00:12:48.6425650Z Complete job name: build
build	Checkout Code	﻿2026-08-23T00:12:48.6946830Z Node 20 is being deprecated. This workflow is running with Node 24 by default. If you need to temporarily use Node 20, you can set the ACTIONS_ALLOW_USE_UNSECURE_NODE_VERSION=true environment variable. For more information see: https://github.blog/changelog/2025-09-19-deprecation-of-node-20-on-github-actions-runners/
build	Checkout Code	2026-08-23T00:12:48.6955280Z ##[group]Run actions/checkout@v4
build	Checkout Code	2026-08-23T00:12:48.6956120Z with:
build	Checkout Code	2026-08-23T00:12:48.6956760Z   repository: olamicreas/HenceLogistics
build	Checkout Code	2026-08-23T00:12:48.6963220Z   token: ***
build	Checkout Code	2026-08-23T00:12:48.6963820Z   ssh-strict: true
build	Checkout Code	2026-08-23T00:12:48.6964440Z   ssh-user: git
build	Checkout Code	2026-08-23T00:12:48.6965190Z   persist-credentials: true
build	Checkout Code	2026-08-23T00:12:48.6965920Z   clean: true
build	Checkout Code	2026-08-23T00:12:48.6966560Z   sparse-checkout-cone-mode: true
build	Checkout Code	2026-08-23T00:12:48.6967350Z   fetch-depth: 1
build	Checkout Code	2026-08-23T00:12:48.6967980Z   fetch-tags: false
build	Checkout Code	2026-08-23T00:12:48.6968600Z   show-progress: true
build	Checkout Code	2026-08-23T00:12:48.6969230Z   lfs: false
build	Checkout Code	2026-08-23T00:12:48.6969820Z   submodules: false
build	Checkout Code	2026-08-23T00:12:48.6970580Z   set-safe-directory: true
build	Checkout Code	2026-08-23T00:12:48.6971290Z   allow-unsafe-pr-checkout: false
build	Checkout Code	2026-08-23T00:12:48.6972250Z ##[endgroup]
build	Checkout Code	2026-08-23T00:12:49.0645800Z Syncing repository: olamicreas/HenceLogistics
build	Checkout Code	2026-08-23T00:12:49.0647910Z ##[group]Getting Git version info
build	Checkout Code	2026-08-23T00:12:49.0648980Z Working directory is '/Users/runner/work/HenceLogistics/HenceLogistics'
build	Checkout Code	2026-08-23T00:12:49.0650500Z [command]/opt/homebrew/bin/git version
build	Checkout Code	2026-08-23T00:12:49.0863940Z git version 2.54.0
build	Checkout Code	2026-08-23T00:12:49.0880730Z ##[endgroup]
build	Checkout Code	2026-08-23T00:12:49.0886790Z Copying '/Users/runner/.gitconfig' to '/Users/runner/work/_temp/04229e0a-a5f4-4bfc-b896-435cc1a7d689/.gitconfig'
build	Checkout Code	2026-08-23T00:12:49.0892780Z Temporarily overriding HOME='/Users/runner/work/_temp/04229e0a-a5f4-4bfc-b896-435cc1a7d689' before making global git config changes
build	Checkout Code	2026-08-23T00:12:49.0895830Z Adding repository directory to the temporary git global config as a safe directory
build	Checkout Code	2026-08-23T00:12:49.0897660Z [command]/opt/homebrew/bin/git config --global --add safe.directory /Users/runner/work/HenceLogistics/HenceLogistics
build	Checkout Code	2026-08-23T00:12:49.0972380Z Deleting the contents of '/Users/runner/work/HenceLogistics/HenceLogistics'
build	Checkout Code	2026-08-23T00:12:49.0974580Z ##[group]Initializing the repository
build	Checkout Code	2026-08-23T00:12:49.0977860Z [command]/opt/homebrew/bin/git init /Users/runner/work/HenceLogistics/HenceLogistics
build	Checkout Code	2026-08-23T00:12:49.1664520Z hint: Using 'master' as the name for the initial branch. This default branch name
build	Checkout Code	2026-08-23T00:12:49.1719880Z hint: will change to "main" in Git 3.0. To configure the initial branch name
build	Checkout Code	2026-08-23T00:12:49.1721780Z hint: to use in all of your new repositories, which will suppress this warning,
build	Checkout Code	2026-08-23T00:12:49.1722970Z hint: call:
build	Checkout Code	2026-08-23T00:12:49.1723690Z hint:
build	Checkout Code	2026-08-23T00:12:49.1724480Z hint: 	git config --global init.defaultBranch <name>
build	Checkout Code	2026-08-23T00:12:49.1725490Z hint:
build	Checkout Code	2026-08-23T00:12:49.1726390Z hint: Names commonly chosen instead of 'master' are 'main', 'trunk' and
build	Checkout Code	2026-08-23T00:12:49.1728000Z hint: 'development'. The just-created branch can be renamed via this command:
build	Checkout Code	2026-08-23T00:12:49.1729530Z hint:
build	Checkout Code	2026-08-23T00:12:49.1730100Z hint: 	git branch -m <name>
build	Checkout Code	2026-08-23T00:12:49.1730750Z hint:
build	Checkout Code	2026-08-23T00:12:49.1731600Z hint: Disable this message with "git config set advice.defaultBranchName false"
build	Checkout Code	2026-08-23T00:12:49.1733000Z Initialized empty Git repository in /Users/runner/work/HenceLogistics/HenceLogistics/.git/
build	Checkout Code	2026-08-23T00:12:49.1735640Z [command]/opt/homebrew/bin/git remote add origin https://github.com/olamicreas/HenceLogistics
build	Checkout Code	2026-08-23T00:12:49.1779700Z ##[endgroup]
build	Checkout Code	2026-08-23T00:12:49.1781090Z ##[group]Disabling automatic garbage collection
build	Checkout Code	2026-08-23T00:12:49.1782440Z [command]/opt/homebrew/bin/git config --local gc.auto 0
build	Checkout Code	2026-08-23T00:12:49.1813280Z ##[endgroup]
build	Checkout Code	2026-08-23T00:12:49.1814330Z ##[group]Setting up auth
build	Checkout Code	2026-08-23T00:12:49.1817380Z [command]/opt/homebrew/bin/git config --local --name-only --get-regexp core\.sshCommand
build	Checkout Code	2026-08-23T00:12:49.1854950Z [command]/opt/homebrew/bin/git submodule foreach --recursive sh -c "git config --local --name-only --get-regexp 'core\.sshCommand' && git config --local --unset-all 'core.sshCommand' || :"
build	Checkout Code	2026-08-23T00:12:49.2378440Z [command]/opt/homebrew/bin/git config --local --name-only --get-regexp http\.https\:\/\/github\.com\/\.extraheader
build	Checkout Code	2026-08-23T00:12:49.2415730Z [command]/opt/homebrew/bin/git submodule foreach --recursive sh -c "git config --local --name-only --get-regexp 'http\.https\:\/\/github\.com\/\.extraheader' && git config --local --unset-all 'http.https://github.com/.extraheader' || :"
build	Checkout Code	2026-08-23T00:12:49.2851050Z [command]/opt/homebrew/bin/git config --local --name-only --get-regexp ^includeIf\.gitdir:
build	Checkout Code	2026-08-23T00:12:49.2900380Z [command]/opt/homebrew/bin/git submodule foreach --recursive git config --local --show-origin --name-only --get-regexp remote.origin.url
build	Checkout Code	2026-08-23T00:12:49.3356730Z [command]/opt/homebrew/bin/git config --local http.https://github.com/.extraheader AUTHORIZATION: basic ***
build	Checkout Code	2026-08-23T00:12:49.3396330Z ##[endgroup]
build	Checkout Code	2026-08-23T00:12:49.3397430Z ##[group]Fetching the repository
build	Checkout Code	2026-08-23T00:12:49.3402100Z [command]/opt/homebrew/bin/git -c protocol.version=2 fetch --no-tags --prune --no-recurse-submodules --depth=1 origin +ab912a016ad75ce883ccf5ff6c5a9d3071946437:refs/remotes/origin/main
build	Checkout Code	2026-08-23T00:12:50.3603130Z From https://github.com/olamicreas/HenceLogistics
build	Checkout Code	2026-08-23T00:12:50.3604330Z  * [new ref]         ab912a016ad75ce883ccf5ff6c5a9d3071946437 -> origin/main
build	Checkout Code	2026-08-23T00:12:50.3800940Z ##[endgroup]
build	Checkout Code	2026-08-23T00:12:50.3801630Z ##[group]Determining the checkout info
build	Checkout Code	2026-08-23T00:12:50.3802180Z ##[endgroup]
build	Checkout Code	2026-08-23T00:12:50.3803700Z [command]/opt/homebrew/bin/git sparse-checkout disable
build	Checkout Code	2026-08-23T00:12:50.3845230Z [command]/opt/homebrew/bin/git config --local --unset-all extensions.worktreeConfig
build	Checkout Code	2026-08-23T00:12:50.3885830Z ##[group]Checking out the ref
build	Checkout Code	2026-08-23T00:12:50.3888140Z [command]/opt/homebrew/bin/git checkout --progress --force -B main refs/remotes/origin/main
build	Checkout Code	2026-08-23T00:12:50.4143330Z Switched to a new branch 'main'
build	Checkout Code	2026-08-23T00:12:50.4250090Z branch 'main' set up to track 'origin/main'.
build	Checkout Code	2026-08-23T00:12:50.4553330Z ##[endgroup]
build	Checkout Code	2026-08-23T00:12:50.4599500Z [command]/opt/homebrew/bin/git log -1 --format=%H
build	Checkout Code	2026-08-23T00:12:50.4600750Z ab912a016ad75ce883ccf5ff6c5a9d3071946437
build	Setup Node	﻿2026-08-23T00:12:50.4733800Z Node 20 is being deprecated. This workflow is running with Node 24 by default. If you need to temporarily use Node 20, you can set the ACTIONS_ALLOW_USE_UNSECURE_NODE_VERSION=true environment variable. For more information see: https://github.blog/changelog/2025-09-19-deprecation-of-node-20-on-github-actions-runners/
build	Setup Node	2026-08-23T00:12:50.4735120Z ##[group]Run actions/setup-node@v4
build	Setup Node	2026-08-23T00:12:50.4735350Z with:
build	Setup Node	2026-08-23T00:12:50.4735520Z   node-version: 22.x
build	Setup Node	2026-08-23T00:12:50.4735720Z   cache: npm
build	Setup Node	2026-08-23T00:12:50.4735900Z   always-auth: false
build	Setup Node	2026-08-23T00:12:50.4736090Z   check-latest: false
build	Setup Node	2026-08-23T00:12:50.4738160Z   token: ***
build	Setup Node	2026-08-23T00:12:50.4738330Z ##[endgroup]
build	Setup Node	2026-08-23T00:12:50.5763340Z Found in cache @ /Users/runner/hostedtoolcache/node/22.23.1/arm64
build	Setup Node	2026-08-23T00:12:50.5765580Z (node:1717) [DEP0040] DeprecationWarning: The `punycode` module is deprecated. Please use a userland alternative instead.
build	Setup Node	2026-08-23T00:12:50.5766220Z (Use `node --trace-deprecation ...` to show where the warning was created)
build	Setup Node	2026-08-23T00:12:50.5767020Z ##[group]Environment details
build	Setup Node	2026-08-23T00:12:50.9259660Z node: v22.23.1
build	Setup Node	2026-08-23T00:12:50.9260050Z npm: 10.9.8
build	Setup Node	2026-08-23T00:12:50.9260430Z yarn: 1.22.22
build	Setup Node	2026-08-23T00:12:50.9261160Z ##[endgroup]
build	Setup Node	2026-08-23T00:12:50.9275270Z [command]/Users/runner/hostedtoolcache/node/22.23.1/arm64/bin/npm config get cache
build	Setup Node	2026-08-23T00:12:51.1257420Z /Users/runner/.npm
build	Setup Node	2026-08-23T00:12:51.2947840Z npm cache is not found
build	Force Xcode 16.1 System-Wide	﻿2026-08-23T00:12:51.3041720Z ##[group]Run maxim-lobanov/setup-xcode@v1
build	Force Xcode 16.1 System-Wide	2026-08-23T00:12:51.3042050Z with:
build	Force Xcode 16.1 System-Wide	2026-08-23T00:12:51.3042250Z   xcode-version: 16.1
build	Force Xcode 16.1 System-Wide	2026-08-23T00:12:51.3042440Z ##[endgroup]
build	Force Xcode 16.1 System-Wide	2026-08-23T00:12:51.3515840Z Switching Xcode to version '16.1'...
build	Force Xcode 16.1 System-Wide	2026-08-23T00:12:51.4366850Z Xcode is set to 16.1.0 (16B40)
build	Install Project Dependencies	﻿2026-08-23T00:12:51.4511710Z ##[group]Run npm install
build	Install Project Dependencies	2026-08-23T00:12:51.4512020Z ^[[36;1mnpm install^[[0m
build	Install Project Dependencies	2026-08-23T00:12:51.4512270Z ^[[36;1mnpx expo install react-native-webview^[[0m
build	Install Project Dependencies	2026-08-23T00:12:51.4512570Z ^[[36;1mnpm install -g eas-cli^[[0m
build	Install Project Dependencies	2026-08-23T00:12:51.4573950Z shell: /bin/bash -e {0}
build	Install Project Dependencies	2026-08-23T00:12:51.4574190Z env:
build	Install Project Dependencies	2026-08-23T00:12:51.4574380Z   MD_APPLE_SDK_ROOT: /Applications/Xcode_16.1.app
build	Install Project Dependencies	2026-08-23T00:12:51.4574610Z ##[endgroup]
build	Install Project Dependencies	2026-08-23T00:12:52.7931910Z npm warn deprecated text-encoding@0.7.0: no longer maintained
build	Install Project Dependencies	2026-08-23T00:13:01.3482200Z 
build	Install Project Dependencies	2026-08-23T00:13:01.3483230Z > hencelogistics@1.0.0 postinstall
build	Install Project Dependencies	2026-08-23T00:13:01.3484270Z > node patch-expo.js
build	Install Project Dependencies	2026-08-23T00:13:01.3484750Z 
build	Install Project Dependencies	2026-08-23T00:13:01.3781100Z Patched ExpoModulesJSI build script successfully.
build	Install Project Dependencies	2026-08-23T00:13:01.3861980Z 
build	Install Project Dependencies	2026-08-23T00:13:01.3862720Z added 742 packages, and audited 743 packages in 10s
build	Install Project Dependencies	2026-08-23T00:13:01.3863260Z 
build	Install Project Dependencies	2026-08-23T00:13:01.3863660Z 102 packages are looking for funding
build	Install Project Dependencies	2026-08-23T00:13:01.3864200Z   run `npm fund` for details
build	Install Project Dependencies	2026-08-23T00:13:01.4243380Z 
build	Install Project Dependencies	2026-08-23T00:13:01.4243990Z 24 vulnerabilities (1 low, 14 moderate, 9 high)
build	Install Project Dependencies	2026-08-23T00:13:01.4244630Z 
build	Install Project Dependencies	2026-08-23T00:13:01.4245250Z To address issues that do not require attention, run:
build	Install Project Dependencies	2026-08-23T00:13:01.4255480Z   npm audit fix
build	Install Project Dependencies	2026-08-23T00:13:01.4255810Z 
build	Install Project Dependencies	2026-08-23T00:13:01.4256130Z To address all issues (including breaking changes), run:
build	Install Project Dependencies	2026-08-23T00:13:01.4256680Z   npm audit fix --force
build	Install Project Dependencies	2026-08-23T00:13:01.4257070Z 
build	Install Project Dependencies	2026-08-23T00:13:01.4257450Z Run `npm audit` for details.
build	Install Project Dependencies	2026-08-23T00:13:02.2301410Z › Installing 1 SDK 57.0.0 compatible native module using npm
build	Install Project Dependencies	2026-08-23T00:13:02.2451440Z > npm install
build	Install Project Dependencies	2026-08-23T00:13:04.1531990Z 
build	Install Project Dependencies	2026-08-23T00:13:04.1532530Z > hencelogistics@1.0.0 postinstall
build	Install Project Dependencies	2026-08-23T00:13:04.1532940Z > node patch-expo.js
build	Install Project Dependencies	2026-08-23T00:13:04.1533120Z 
build	Install Project Dependencies	2026-08-23T00:13:04.1783730Z Patched ExpoModulesJSI build script successfully.
build	Install Project Dependencies	2026-08-23T00:13:04.1823080Z 
build	Install Project Dependencies	2026-08-23T00:13:04.1823770Z added 1 package, and audited 744 packages in 2s
build	Install Project Dependencies	2026-08-23T00:13:04.1849250Z 
build	Install Project Dependencies	2026-08-23T00:13:04.1849610Z 102 packages are looking for funding
build	Install Project Dependencies	2026-08-23T00:13:04.1849930Z   run `npm fund` for details
build	Install Project Dependencies	2026-08-23T00:13:04.2216260Z 
build	Install Project Dependencies	2026-08-23T00:13:04.2216790Z 24 vulnerabilities (1 low, 14 moderate, 9 high)
build	Install Project Dependencies	2026-08-23T00:13:04.2217100Z 
build	Install Project Dependencies	2026-08-23T00:13:04.2217330Z To address issues that do not require attention, run:
build	Install Project Dependencies	2026-08-23T00:13:04.2217650Z   npm audit fix
build	Install Project Dependencies	2026-08-23T00:13:04.2217740Z 
build	Install Project Dependencies	2026-08-23T00:13:04.2218140Z To address all issues (including breaking changes), run:
build	Install Project Dependencies	2026-08-23T00:13:04.2218450Z   npm audit fix --force
build	Install Project Dependencies	2026-08-23T00:13:04.2218640Z 
build	Install Project Dependencies	2026-08-23T00:13:04.2218770Z Run `npm audit` for details.
build	Install Project Dependencies	2026-08-23T00:13:18.1391360Z npm warn deprecated inflight@1.0.6: This module is not supported, and leaks memory. Do not use it. Check out lru-cache if you want a good and tested way to coalesce async requests by a key value, which is much more comprehensive and powerful.
build	Install Project Dependencies	2026-08-23T00:13:18.3971700Z npm warn deprecated rimraf@2.4.5: Rimraf versions prior to v4 are no longer supported
build	Install Project Dependencies	2026-08-23T00:13:18.4067300Z npm warn deprecated glob@6.0.4: Old versions of glob are not supported, and contain widely publicized security vulnerabilities, which have been fixed in the current version. Please update. Support for old versions may be purchased (at exorbitant rates) by contacting i@izs.me
build	Install Project Dependencies	2026-08-23T00:13:18.4785120Z npm warn deprecated lodash.get@4.4.2: This package is deprecated. Use the optional chaining (?.) operator instead.
build	Install Project Dependencies	2026-08-23T00:13:19.1178100Z npm warn deprecated uuid@7.0.3: uuid@10 and below is no longer supported.  For ESM codebases, update to uuid@latest.  For CommonJS codebases, use uuid@11 (but be aware this version will likely be deprecated in 2028).
build	Install Project Dependencies	2026-08-23T00:13:19.4597560Z npm warn deprecated uuid@8.3.2: uuid@10 and below is no longer supported.  For ESM codebases, update to uuid@latest.  For CommonJS codebases, use uuid@11 (but be aware this version will likely be deprecated in 2028).
build	Install Project Dependencies	2026-08-23T00:13:19.4837650Z npm warn deprecated uuid@8.3.2: uuid@10 and below is no longer supported.  For ESM codebases, update to uuid@latest.  For CommonJS codebases, use uuid@11 (but be aware this version will likely be deprecated in 2028).
build	Install Project Dependencies	2026-08-23T00:13:19.5033840Z npm warn deprecated uuid@9.0.1: uuid@10 and below is no longer supported.  For ESM codebases, update to uuid@latest.  For CommonJS codebases, use uuid@11 (but be aware this version will likely be deprecated in 2028).
build	Install Project Dependencies	2026-08-23T00:13:19.5086460Z npm warn deprecated glob@10.5.0: Old versions of glob are not supported, and contain widely publicized security vulnerabilities, which have been fixed in the current version. Please update. Support for old versions may be purchased (at exorbitant rates) by contacting i@izs.me
build	Install Project Dependencies	2026-08-23T00:13:19.5231090Z npm warn deprecated glob@10.5.0: Old versions of glob are not supported, and contain widely publicized security vulnerabilities, which have been fixed in the current version. Please update. Support for old versions may be purchased (at exorbitant rates) by contacting i@izs.me
build	Install Project Dependencies	2026-08-23T00:13:19.5814550Z npm warn deprecated glob@10.5.0: Old versions of glob are not supported, and contain widely publicized security vulnerabilities, which have been fixed in the current version. Please update. Support for old versions may be purchased (at exorbitant rates) by contacting i@izs.me
build	Install Project Dependencies	2026-08-23T00:13:32.3947970Z 
build	Install Project Dependencies	2026-08-23T00:13:32.3948450Z added 518 packages in 28s
build	Install Project Dependencies	2026-08-23T00:13:32.3948740Z 
build	Install Project Dependencies	2026-08-23T00:13:32.3950920Z 70 packages are looking for funding
build	Install Project Dependencies	2026-08-23T00:13:32.3951320Z   run `npm fund` for details
build	Configure Sandbox Environment & Bypasses	﻿2026-08-23T00:13:32.4080510Z ##[group]Run # 1. Prevent SPM Rate Limiting by Apple/GitHub
build	Configure Sandbox Environment & Bypasses	2026-08-23T00:13:32.4085500Z ^[[36;1m# 1. Prevent SPM Rate Limiting by Apple/GitHub^[[0m
build	Configure Sandbox Environment & Bypasses	2026-08-23T00:13:32.4085800Z ^[[36;1mrm -rf .git^[[0m
build	Configure Sandbox Environment & Bypasses	2026-08-23T00:13:32.4145960Z ^[[36;1m^[[0m
build	Configure Sandbox Environment & Bypasses	2026-08-23T00:13:32.4146270Z ^[[36;1m# 2. Inject Sandbox Variables into eas.json^[[0m
build	Configure Sandbox Environment & Bypasses	2026-08-23T00:13:32.4146530Z ^[[36;1mnode -e "^[[0m
build	Configure Sandbox Environment & Bypasses	2026-08-23T00:13:32.4146730Z ^[[36;1mconst fs = require('fs');^[[0m
build	Configure Sandbox Environment & Bypasses	2026-08-23T00:13:32.4147040Z ^[[36;1mconst eas = JSON.parse(fs.readFileSync('eas.json', 'utf8'));^[[0m
build	Configure Sandbox Environment & Bypasses	2026-08-23T00:13:32.4147480Z ^[[36;1meas.build = eas.build || {};^[[0m
build	Configure Sandbox Environment & Bypasses	2026-08-23T00:13:32.4147770Z ^[[36;1meas.build.production = eas.build.production || {};^[[0m
build	Configure Sandbox Environment & Bypasses	2026-08-23T00:13:32.4148150Z ^[[36;1meas.build.production.env = eas.build.production.env || {};^[[0m
build	Configure Sandbox Environment & Bypasses	2026-08-23T00:13:32.4148470Z ^[[36;1m^[[0m
build	Configure Sandbox Environment & Bypasses	2026-08-23T00:13:32.4148630Z ^[[36;1m// User traps bypasses^[[0m
build	Configure Sandbox Environment & Bypasses	2026-08-23T00:13:32.4148880Z ^[[36;1meas.build.production.env.EXPO_USE_SPM = '0';^[[0m
build	Configure Sandbox Environment & Bypasses	2026-08-23T00:13:32.4149280Z ^[[36;1meas.build.production.env.ENABLE_USER_SCRIPT_SANDBOXING = 'NO';^[[0m
build	Configure Sandbox Environment & Bypasses	2026-08-23T00:13:32.4149640Z ^[[36;1m^[[0m
build	Configure Sandbox Environment & Bypasses	2026-08-23T00:13:32.4149810Z ^[[36;1m// Give Xcode the exact absolute path to Node.js^[[0m
build	Configure Sandbox Environment & Bypasses	2026-08-23T00:13:32.4150130Z ^[[36;1meas.build.production.env.NODE_BINARY = process.execPath;^[[0m
build	Configure Sandbox Environment & Bypasses	2026-08-23T00:13:32.4150440Z ^[[36;1meas.build.production.env.EXPO_DEBUG = '1';^[[0m
build	Configure Sandbox Environment & Bypasses	2026-08-23T00:13:32.4150660Z ^[[36;1m^[[0m
build	Configure Sandbox Environment & Bypasses	2026-08-23T00:13:32.4150870Z ^[[36;1mfs.writeFileSync('eas.json', JSON.stringify(eas, null, 2));^[[0m
build	Configure Sandbox Environment & Bypasses	2026-08-23T00:13:32.4151300Z ^[[36;1mconsole.log('Successfully injected build-from-source flags into eas.json');^[[0m
build	Configure Sandbox Environment & Bypasses	2026-08-23T00:13:32.4151620Z ^[[36;1m"^[[0m
build	Configure Sandbox Environment & Bypasses	2026-08-23T00:13:32.4276470Z shell: /bin/bash -e {0}
build	Configure Sandbox Environment & Bypasses	2026-08-23T00:13:32.4276710Z env:
build	Configure Sandbox Environment & Bypasses	2026-08-23T00:13:32.4276940Z   MD_APPLE_SDK_ROOT: /Applications/Xcode_16.1.app
build	Configure Sandbox Environment & Bypasses	2026-08-23T00:13:32.4277230Z ##[endgroup]
build	Configure Sandbox Environment & Bypasses	2026-08-23T00:13:32.4906070Z Successfully injected build-from-source flags into eas.json
build	Build iOS Locally on Free Cloud Mac	﻿2026-08-23T00:13:32.4961580Z ##[group]Run EAS_NO_VCS=1 eas build --platform ios --local --non-interactive
build	Build iOS Locally on Free Cloud Mac	2026-08-23T00:13:32.4962160Z ^[[36;1mEAS_NO_VCS=1 eas build --platform ios --local --non-interactive^[[0m
build	Build iOS Locally on Free Cloud Mac	2026-08-23T00:13:32.5012070Z shell: /bin/bash -e {0}
build	Build iOS Locally on Free Cloud Mac	2026-08-23T00:13:32.5012320Z env:
build	Build iOS Locally on Free Cloud Mac	2026-08-23T00:13:32.5012550Z   MD_APPLE_SDK_ROOT: /Applications/Xcode_16.1.app
build	Build iOS Locally on Free Cloud Mac	2026-08-23T00:13:32.5013040Z   EXPO_TOKEN: ***
build	Build iOS Locally on Free Cloud Mac	2026-08-23T00:13:32.5013220Z   EXPO_APPLE_ID: info@hencedelivery.com
build	Build iOS Locally on Free Cloud Mac	2026-08-23T00:13:32.5013480Z ##[endgroup]
build	Build iOS Locally on Free Cloud Mac	2026-08-23T00:13:34.0951320Z Using EAS CLI without version control system is not recommended, use this mode only if you know what you are doing.
build	Build iOS Locally on Free Cloud Mac	2026-08-23T00:13:34.1243500Z Failed to get Git root path with `git rev-parse --show-toplevel`. Error: git rev-parse --show-toplevel exited with non-zero code: 128
build	Build iOS Locally on Free Cloud Mac	2026-08-23T00:13:34.1245090Z Falling back to using current working directory as project root.
build	Build iOS Locally on Free Cloud Mac	2026-08-23T00:13:34.1246720Z You can set `EAS_PROJECT_ROOT` environment variable to let eas-cli know where your project is located.
build	Build iOS Locally on Free Cloud Mac	2026-08-23T00:13:34.8427570Z Resolved "production" environment for the build. Learn more: https://docs.expo.dev/eas/environment-variables/#setting-the-environment-for-your-builds
build	Build iOS Locally on Free Cloud Mac	2026-08-23T00:13:34.9208550Z No environment variables with visibility "Plain text" and "Sensitive" found for the "production" environment on EAS.
build	Build iOS Locally on Free Cloud Mac	2026-08-23T00:13:34.9215540Z Environment variables loaded from the "production" build profile "env" configuration: EXPO_USE_SPM, ENABLE_USER_SCRIPT_SANDBOXING, NODE_BINARY, EXPO_DEBUG.
build	Build iOS Locally on Free Cloud Mac	2026-08-23T00:13:34.9225050Z 
build	Build iOS Locally on Free Cloud Mac	2026-08-23T00:13:36.6581220Z - Incrementing buildNumber from 104 to 105.
build	Build iOS Locally on Free Cloud Mac	2026-08-23T00:13:36.7374270Z ✔ Incremented buildNumber from 104 to 105.
build	Build iOS Locally on Free Cloud Mac	2026-08-23T00:13:37.0267630Z ✔ Using remote iOS credentials (Expo server)
build	Build iOS Locally on Free Cloud Mac	2026-08-23T00:13:37.0267890Z 
build	Build iOS Locally on Free Cloud Mac	2026-08-23T00:13:37.2271700Z Distribution Certificate is not validated for non-interactive builds.
build	Build iOS Locally on Free Cloud Mac	2026-08-23T00:13:37.7839430Z Using App Store Connect API Key from EAS credentials service.
build	Build iOS Locally on Free Cloud Mac	2026-08-23T00:13:37.9149530Z - Fetching Apple provisioning profiles
build	Build iOS Locally on Free Cloud Mac	2026-08-23T00:13:38.8662870Z ✔ Fetched Apple provisioning profiles
build	Build iOS Locally on Free Cloud Mac	2026-08-23T00:13:38.8696830Z 
build	Build iOS Locally on Free Cloud Mac	2026-08-23T00:13:38.8729730Z Project Credentials Configuration
build	Build iOS Locally on Free Cloud Mac	2026-08-23T00:13:38.8770360Z 
build	Build iOS Locally on Free Cloud Mac	2026-08-23T00:13:38.8789350Z Project                   @olamicreas/HenceLogistics
build	Build iOS Locally on Free Cloud Mac	2026-08-23T00:13:38.8813020Z Bundle Identifier         com.hence.oyedotun
build	Build iOS Locally on Free Cloud Mac	2026-08-23T00:13:38.8834120Z                           
build	Build iOS Locally on Free Cloud Mac	2026-08-23T00:13:38.8835070Z App Store Configuration   
build	Build iOS Locally on Free Cloud Mac	2026-08-23T00:13:38.8847310Z                           
build	Build iOS Locally on Free Cloud Mac	2026-08-23T00:13:38.8855310Z Distribution Certificate  
build	Build iOS Locally on Free Cloud Mac	2026-08-23T00:13:38.8855820Z Serial Number             EB7B31DE3CF5EF4CA943E062DC1C448
build	Build iOS Locally on Free Cloud Mac	2026-08-23T00:13:38.8856350Z Expiration Date           Sun, 01 Aug 2027 22:14:07 UTC
build	Build iOS Locally on Free Cloud Mac	2026-08-23T00:13:38.8856920Z Apple Team                Q42QY7STMH (HENCE LIMITED (Company/Organization))
build	Build iOS Locally on Free Cloud Mac	2026-08-23T00:13:38.8857420Z Updated                   21 days ago
build	Build iOS Locally on Free Cloud Mac	2026-08-23T00:13:38.8858040Z                           
build	Build iOS Locally on Free Cloud Mac	2026-08-23T00:13:38.8858560Z Provisioning Profile      
build	Build iOS Locally on Free Cloud Mac	2026-08-23T00:13:38.8859050Z Developer Portal ID       XKBD54QKQR
build	Build iOS Locally on Free Cloud Mac	2026-08-23T00:13:38.8860330Z Status                    active
build	Build iOS Locally on Free Cloud Mac	2026-08-23T00:13:38.8860920Z Expiration                Sun, 01 Aug 2027 22:14:07 UTC
build	Build iOS Locally on Free Cloud Mac	2026-08-23T00:13:38.8861560Z Apple Team                Q42QY7STMH (HENCE LIMITED (Company/Organization))
build	Build iOS Locally on Free Cloud Mac	2026-08-23T00:13:38.8862010Z Updated                   20 days ago
build	Build iOS Locally on Free Cloud Mac	2026-08-23T00:13:38.8862420Z                           
build	Build iOS Locally on Free Cloud Mac	2026-08-23T00:13:38.8863560Z All credentials are ready to build @olamicreas/HenceLogistics (com.hence.oyedotun)
build	Build iOS Locally on Free Cloud Mac	2026-08-23T00:13:38.8863940Z 
build	Build iOS Locally on Free Cloud Mac	2026-08-23T00:13:39.0795780Z - Computing project fingerprint
build	Build iOS Locally on Free Cloud Mac	2026-08-23T00:13:41.0563030Z ✔ Computed project fingerprint
build	Build iOS Locally on Free Cloud Mac	2026-08-23T00:13:45.5588420Z npm warn deprecated inflight@1.0.6: This module is not supported, and leaks memory. Do not use it. Check out lru-cache if you want a good and tested way to coalesce async requests by a key value, which is much more comprehensive and powerful.
build	Build iOS Locally on Free Cloud Mac	2026-08-23T00:13:45.6035000Z npm warn deprecated rimraf@2.4.5: Rimraf versions prior to v4 are no longer supported
build	Build iOS Locally on Free Cloud Mac	2026-08-23T00:13:45.6044290Z npm warn deprecated lodash.get@4.4.2: This package is deprecated. Use the optional chaining (?.) operator instead.
build	Build iOS Locally on Free Cloud Mac	2026-08-23T00:13:45.7206340Z npm warn deprecated glob@6.0.4: Old versions of glob are not supported, and contain widely publicized security vulnerabilities, which have been fixed in the current version. Please update. Support for old versions may be purchased (at exorbitant rates) by contacting i@izs.me
build	Build iOS Locally on Free Cloud Mac	2026-08-23T00:13:46.3714860Z npm warn deprecated uuid@7.0.3: uuid@10 and below is no longer supported.  For ESM codebases, update to uuid@latest.  For CommonJS codebases, use uuid@11 (but be aware this version will likely be deprecated in 2028).
build	Build iOS Locally on Free Cloud Mac	2026-08-23T00:13:46.5740950Z npm warn deprecated uuid@9.0.1: uuid@10 and below is no longer supported.  For ESM codebases, update to uuid@latest.  For CommonJS codebases, use uuid@11 (but be aware this version will likely be deprecated in 2028).
build	Build iOS Locally on Free Cloud Mac	2026-08-23T00:13:52.6868250Z [SETUP_WORKINGDIR] Preparing workingdir /var/folders/g3/pffjr_y96bq06blnkf72x_hw0000gn/T/eas-build-local-nodejs/3113b503-fe57-40ab-8a83-a993d2515c76
build	Build iOS Locally on Free Cloud Mac	2026-08-23T00:13:52.6898330Z [START_BUILD] Starting build
build	Build iOS Locally on Free Cloud Mac	2026-08-23T00:13:52.6899910Z   "job": {
build	Build iOS Locally on Free Cloud Mac	2026-08-23T00:13:52.6900140Z     "type": "managed",
build	Build iOS Locally on Free Cloud Mac	2026-08-23T00:13:52.6900350Z     "platform": "ios",
build	Build iOS Locally on Free Cloud Mac	2026-08-23T00:13:52.6900540Z     "projectArchive": {
build	Build iOS Locally on Free Cloud Mac	2026-08-23T00:13:52.6900720Z       "type": "PATH",
build	Build iOS Locally on Free Cloud Mac	2026-08-23T00:13:52.6901330Z       "path": "/var/folders/g3/pffjr_y96bq06blnkf72x_hw0000gn/T/eas-cli-nodejs/ae3edb12-f6ae-4c17-bde0-36ab5fdc4737.tar.gz"
build	Build iOS Locally on Free Cloud Mac	2026-08-23T00:13:52.6901770Z     },
build	Build iOS Locally on Free Cloud Mac	2026-08-23T00:13:52.6902020Z     "projectRootDirectory": ".",
build	Build iOS Locally on Free Cloud Mac	2026-08-23T00:13:52.6902250Z     "builderEnvironment": {
build	Build iOS Locally on Free Cloud Mac	2026-08-23T00:13:52.6902490Z       "image": "latest",
build	Build iOS Locally on Free Cloud Mac	2026-08-23T00:13:52.6902750Z       "env": {
build	Build iOS Locally on Free Cloud Mac	2026-08-23T00:13:52.6902950Z         "EXPO_USE_SPM": "0",
build	Build iOS Locally on Free Cloud Mac	2026-08-23T00:13:52.6903200Z         "ENABLE_USER_SCRIPT_SANDBOXING": "NO",
build	Build iOS Locally on Free Cloud Mac	2026-08-23T00:13:52.6903690Z         "NODE_BINARY": "/Users/runner/hostedtoolcache/node/22.23.1/arm64/bin/node",
build	Build iOS Locally on Free Cloud Mac	2026-08-23T00:13:52.6908530Z         "EXPO_DEBUG": "1"
build	Build iOS Locally on Free Cloud Mac	2026-08-23T00:13:52.6908900Z       }
build	Build iOS Locally on Free Cloud Mac	2026-08-23T00:13:52.6909200Z     },
build	Build iOS Locally on Free Cloud Mac	2026-08-23T00:13:52.6909380Z     "cache": {
build	Build iOS Locally on Free Cloud Mac	2026-08-23T00:13:52.6909570Z       "disabled": false,
build	Build iOS Locally on Free Cloud Mac	2026-08-23T00:13:52.6909800Z       "paths": [],
build	Build iOS Locally on Free Cloud Mac	2026-08-23T00:13:52.6910090Z       "clear": false
build	Build iOS Locally on Free Cloud Mac	2026-08-23T00:13:52.6910350Z     },
build	Build iOS Locally on Free Cloud Mac	2026-08-23T00:13:52.6910570Z     "updates": {},
build	Build iOS Locally on Free Cloud Mac	2026-08-23T00:13:52.6910760Z     "scheme": "Hence",
build	Build iOS Locally on Free Cloud Mac	2026-08-23T00:13:52.6911030Z     "username": "olamicreas",
build	Build iOS Locally on Free Cloud Mac	2026-08-23T00:13:52.6911230Z     "version": {
build	Build iOS Locally on Free Cloud Mac	2026-08-23T00:13:52.6911430Z       "buildNumber": "105"
build	Build iOS Locally on Free Cloud Mac	2026-08-23T00:13:52.6911630Z     },
build	Build iOS Locally on Free Cloud Mac	2026-08-23T00:13:52.6911850Z     "experimental": {},
build	Build iOS Locally on Free Cloud Mac	2026-08-23T00:13:52.6925330Z     "mode": "build",
build	Build iOS Locally on Free Cloud Mac	2026-08-23T00:13:52.6925620Z     "triggeredBy": "EAS_CLI",
build	Build iOS Locally on Free Cloud Mac	2026-08-23T00:13:52.6925940Z     "appId": "b0ad43f4-c5c8-4274-9639-2f6965170365",
build	Build iOS Locally on Free Cloud Mac	2026-08-23T00:13:52.6926940Z     "initiatingUserId": "111d6b7c-7a91-4431-8f03-0f2d8ff66bfb"
build	Build iOS Locally on Free Cloud Mac	2026-08-23T00:13:52.6927250Z   }
build	Build iOS Locally on Free Cloud Mac	2026-08-23T00:13:52.6929860Z Local build, skipping project archive refresh
build	Build iOS Locally on Free Cloud Mac	2026-08-23T00:13:52.7191810Z [READ_EAS_JSON] Using eas.json:
build	Build iOS Locally on Free Cloud Mac	2026-08-23T00:13:52.7192160Z [READ_EAS_JSON] {
build	Build iOS Locally on Free Cloud Mac	2026-08-23T00:13:52.7192370Z   "cli": {
build	Build iOS Locally on Free Cloud Mac	2026-08-23T00:13:52.7192570Z     "version": ">= 3.8.2",
build	Build iOS Locally on Free Cloud Mac	2026-08-23T00:13:52.7192800Z     "appVersionSource": "remote"
build	Build iOS Locally on Free Cloud Mac	2026-08-23T00:13:52.7193000Z   },
build	Build iOS Locally on Free Cloud Mac	2026-08-23T00:13:52.7193140Z   "build": {
build	Build iOS Locally on Free Cloud Mac	2026-08-23T00:13:52.7193400Z     "development": {
build	Build iOS Locally on Free Cloud Mac	2026-08-23T00:13:52.7193680Z       "developmentClient": true,
build	Build iOS Locally on Free Cloud Mac	2026-08-23T00:13:52.7193910Z       "distribution": "internal",
build	Build iOS Locally on Free Cloud Mac	2026-08-23T00:13:52.7194110Z       "android": {
build	Build iOS Locally on Free Cloud Mac	2026-08-23T00:13:52.7194270Z         "buildType": "apk"
build	Build iOS Locally on Free Cloud Mac	2026-08-23T00:13:52.7194450Z       }
build	Build iOS Locally on Free Cloud Mac	2026-08-23T00:13:52.7194580Z     },
build	Build iOS Locally on Free Cloud Mac	2026-08-23T00:13:52.7194700Z     "simulator": {
build	Build iOS Locally on Free Cloud Mac	2026-08-23T00:13:52.7194890Z       "developmentClient": true,
build	Build iOS Locally on Free Cloud Mac	2026-08-23T00:13:52.7198300Z       "ios": {
build	Build iOS Locally on Free Cloud Mac	2026-08-23T00:13:52.7198460Z         "simulator": true
build	Build iOS Locally on Free Cloud Mac	2026-08-23T00:13:52.7198710Z       }
build	Build iOS Locally on Free Cloud Mac	2026-08-23T00:13:52.7198850Z     },
build	Build iOS Locally on Free Cloud Mac	2026-08-23T00:13:52.7198990Z     "preview": {
build	Build iOS Locally on Free Cloud Mac	2026-08-23T00:13:52.7199170Z       "android": {
build	Build iOS Locally on Free Cloud Mac	2026-08-23T00:13:52.7199370Z         "buildType": "apk"
build	Build iOS Locally on Free Cloud Mac	2026-08-23T00:13:52.7199530Z       }
build	Build iOS Locally on Free Cloud Mac	2026-08-23T00:13:52.7199660Z     },
build	Build iOS Locally on Free Cloud Mac	2026-08-23T00:13:52.7199810Z     "production": {
build	Build iOS Locally on Free Cloud Mac	2026-08-23T00:13:52.7199970Z       "autoIncrement": true,
build	Build iOS Locally on Free Cloud Mac	2026-08-23T00:13:52.7200140Z       "ios": {
build	Build iOS Locally on Free Cloud Mac	2026-08-23T00:13:52.7200340Z         "image": "latest"
build	Build iOS Locally on Free Cloud Mac	2026-08-23T00:13:52.7200530Z       },
build	Build iOS Locally on Free Cloud Mac	2026-08-23T00:13:52.7200660Z       "env": {
build	Build iOS Locally on Free Cloud Mac	2026-08-23T00:13:52.7200810Z         "EXPO_USE_SPM": "0",
build	Build iOS Locally on Free Cloud Mac	2026-08-23T00:13:52.7201040Z         "ENABLE_USER_SCRIPT_SANDBOXING": "NO",
build	Build iOS Locally on Free Cloud Mac	2026-08-23T00:13:52.7201450Z         "NODE_BINARY": "/Users/runner/hostedtoolcache/node/22.23.1/arm64/bin/node",
build	Build iOS Locally on Free Cloud Mac	2026-08-23T00:13:52.7201770Z         "EXPO_DEBUG": "1"
build	Build iOS Locally on Free Cloud Mac	2026-08-23T00:13:52.7201990Z       }
build	Build iOS Locally on Free Cloud Mac	2026-08-23T00:13:52.7202110Z     }
build	Build iOS Locally on Free Cloud Mac	2026-08-23T00:13:52.7202250Z   },
build	Build iOS Locally on Free Cloud Mac	2026-08-23T00:13:52.7202390Z   "submit": {
build	Build iOS Locally on Free Cloud Mac	2026-08-23T00:13:52.7202530Z     "production": {}
build	Build iOS Locally on Free Cloud Mac	2026-08-23T00:13:52.7202750Z   }
build	Build iOS Locally on Free Cloud Mac	2026-08-23T00:13:52.7202930Z }
build	Build iOS Locally on Free Cloud Mac	2026-08-23T00:13:52.7203190Z [READ_PACKAGE_JSON] Using package.json:
build	Build iOS Locally on Free Cloud Mac	2026-08-23T00:13:52.7203570Z [READ_PACKAGE_JSON] {
build	Build iOS Locally on Free Cloud Mac	2026-08-23T00:13:52.7203790Z   "name": "hencelogistics",
build	Build iOS Locally on Free Cloud Mac	2026-08-23T00:13:52.7204110Z   "version": "1.0.0",
build	Build iOS Locally on Free Cloud Mac	2026-08-23T00:13:52.7204310Z   "main": "index.ts",
build	Build iOS Locally on Free Cloud Mac	2026-08-23T00:13:52.7204520Z   "scripts": {
build	Build iOS Locally on Free Cloud Mac	2026-08-23T00:13:52.7204740Z     "start": "expo start",
build	Build iOS Locally on Free Cloud Mac	2026-08-23T00:13:52.7205020Z     "android": "expo run:android",
build	Build iOS Locally on Free Cloud Mac	2026-08-23T00:13:52.7205340Z     "ios": "expo run:ios",
build	Build iOS Locally on Free Cloud Mac	2026-08-23T00:13:52.7205590Z     "web": "expo start --web",
build	Build iOS Locally on Free Cloud Mac	2026-08-23T00:13:52.7205990Z     "postinstall": "node patch-expo.js"
build	Build iOS Locally on Free Cloud Mac	2026-08-23T00:13:52.7206190Z   },
build	Build iOS Locally on Free Cloud Mac	2026-08-23T00:13:52.7206350Z   "dependencies": {
build	Build iOS Locally on Free Cloud Mac	2026-08-23T00:13:52.7206560Z     "@expo/vector-icons": "^15.0.2",
build	Build iOS Locally on Free Cloud Mac	2026-08-23T00:13:52.7206870Z     "@react-native-async-storage/async-storage": "2.2.0",
build	Build iOS Locally on Free Cloud Mac	2026-08-23T00:13:52.7207210Z     "@react-native-community/datetimepicker": "9.1.0",
build	Build iOS Locally on Free Cloud Mac	2026-08-23T00:13:52.7207800Z     "@react-native-picker/picker": "2.11.4",
build	Build iOS Locally on Free Cloud Mac	2026-08-23T00:13:52.7208090Z     "@react-navigation/bottom-tabs": "^6.5.20",
build	Build iOS Locally on Free Cloud Mac	2026-08-23T00:13:52.7208360Z     "@react-navigation/native": "^6.1.17",
build	Build iOS Locally on Free Cloud Mac	2026-08-23T00:13:52.7208620Z     "@react-navigation/native-stack": "^6.9.26",
build	Build iOS Locally on Free Cloud Mac	2026-08-23T00:13:52.7208920Z     "@stripe/stripe-react-native": "0.64.0",
build	Build iOS Locally on Free Cloud Mac	2026-08-23T00:13:52.7209160Z     "axios": "^1.7.2",
build	Build iOS Locally on Free Cloud Mac	2026-08-23T00:13:52.7209340Z     "expo": "~57.0.13",
build	Build iOS Locally on Free Cloud Mac	2026-08-23T00:13:52.7209520Z     "expo-blur": "~57.0.2",
build	Build iOS Locally on Free Cloud Mac	2026-08-23T00:13:52.7209740Z     "expo-build-properties": "~57.0.13",
build	Build iOS Locally on Free Cloud Mac	2026-08-23T00:13:52.7209980Z     "expo-camera": "~57.0.3",
build	Build iOS Locally on Free Cloud Mac	2026-08-23T00:13:52.7210210Z     "expo-clipboard": "~57.0.1",
build	Build iOS Locally on Free Cloud Mac	2026-08-23T00:13:52.7210440Z     "expo-constants": "~57.0.11",
build	Build iOS Locally on Free Cloud Mac	2026-08-23T00:13:52.7210660Z     "expo-dev-client": "~57.0.12",
build	Build iOS Locally on Free Cloud Mac	2026-08-23T00:13:52.7210930Z     "expo-device": "~57.0.1",
build	Build iOS Locally on Free Cloud Mac	2026-08-23T00:13:52.7211110Z     "expo-font": "~57.0.1",
build	Build iOS Locally on Free Cloud Mac	2026-08-23T00:13:52.7211330Z     "expo-haptics": "~57.0.1",
build	Build iOS Locally on Free Cloud Mac	2026-08-23T00:13:52.7211560Z     "expo-image-picker": "~57.0.10",
build	Build iOS Locally on Free Cloud Mac	2026-08-23T00:13:52.7211900Z     "expo-linear-gradient": "~57.0.1",
build	Build iOS Locally on Free Cloud Mac	2026-08-23T00:13:52.7212150Z     "expo-linking": "~57.0.6",
build	Build iOS Locally on Free Cloud Mac	2026-08-23T00:13:52.7212370Z     "expo-location": "~57.0.10",
build	Build iOS Locally on Free Cloud Mac	2026-08-23T00:13:52.7212610Z     "expo-notifications": "~57.0.11",
build	Build iOS Locally on Free Cloud Mac	2026-08-23T00:13:52.7213220Z     "expo-sharing": "~57.0.12",
build	Build iOS Locally on Free Cloud Mac	2026-08-23T00:13:52.7213640Z     "expo-speech": "~57.0.1",
build	Build iOS Locally on Free Cloud Mac	2026-08-23T00:13:52.7214080Z     "expo-status-bar": "~57.0.1",
build	Build iOS Locally on Free Cloud Mac	2026-08-23T00:13:52.7214380Z     "expo-task-manager": "~57.0.10",
build	Build iOS Locally on Free Cloud Mac	2026-08-23T00:13:52.7214610Z     "react": "19.2.3",
build	Build iOS Locally on Free Cloud Mac	2026-08-23T00:13:52.7214810Z     "react-native": "0.86.2",
build	Build iOS Locally on Free Cloud Mac	2026-08-23T00:13:52.7215090Z     "react-native-chart-kit": "^6.12.0",
build	Build iOS Locally on Free Cloud Mac	2026-08-23T00:13:52.7215500Z     "react-native-maps": "1.27.2",
build	Build iOS Locally on Free Cloud Mac	2026-08-23T00:13:52.7215880Z     "react-native-qrcode-svg": "^6.3.21",
build	Build iOS Locally on Free Cloud Mac	2026-08-23T00:13:52.7216470Z     "react-native-safe-area-context": "~5.7.0",
build	Build iOS Locally on Free Cloud Mac	2026-08-23T00:13:52.7216800Z     "react-native-screens": "~4.26.0",
build	Build iOS Locally on Free Cloud Mac	2026-08-23T00:13:52.7217110Z     "react-native-svg": "15.15.4",
build	Build iOS Locally on Free Cloud Mac	2026-08-23T00:13:52.7217380Z     "react-native-webview": "13.16.1"
build	Build iOS Locally on Free Cloud Mac	2026-08-23T00:13:52.7217580Z   },
build	Build iOS Locally on Free Cloud Mac	2026-08-23T00:13:52.7217810Z   "devDependencies": {
build	Build iOS Locally on Free Cloud Mac	2026-08-23T00:13:52.7218140Z     "@react-native-community/cli": "^20.2.0",
build	Build iOS Locally on Free Cloud Mac	2026-08-23T00:13:52.7218390Z     "@types/react": "~19.2.4",
build	Build iOS Locally on Free Cloud Mac	2026-08-23T00:13:52.7218600Z     "@types/react-native": "~0.72.8",
build	Build iOS Locally on Free Cloud Mac	2026-08-23T00:13:52.7218810Z     "typescript": "~6.0.3"
build	Build iOS Locally on Free Cloud Mac	2026-08-23T00:13:52.7218970Z   },
build	Build iOS Locally on Free Cloud Mac	2026-08-23T00:13:52.7219100Z   "private": true
build	Build iOS Locally on Free Cloud Mac	2026-08-23T00:13:52.7219250Z }
build	Build iOS Locally on Free Cloud Mac	2026-08-23T00:13:52.7220190Z [INSTALL_DEPENDENCIES] Running "npm ci --include=dev" in /var/folders/g3/pffjr_y96bq06blnkf72x_hw0000gn/T/eas-build-local-nodejs/3113b503-fe57-40ab-8a83-a993d2515c76/build directory
build	Build iOS Locally on Free Cloud Mac	2026-08-23T00:13:56.6394120Z [INSTALL_DEPENDENCIES] npm warn deprecated text-encoding@0.7.0: no longer maintained
build	Build iOS Locally on Free Cloud Mac	2026-08-23T00:14:03.9559540Z [INSTALL_DEPENDENCIES] > hencelogistics@1.0.0 postinstall
build	Build iOS Locally on Free Cloud Mac	2026-08-23T00:14:03.9560720Z [INSTALL_DEPENDENCIES] > node patch-expo.js
build	Build iOS Locally on Free Cloud Mac	2026-08-23T00:14:03.9872660Z [INSTALL_DEPENDENCIES] Patched ExpoModulesJSI build script successfully.
build	Build iOS Locally on Free Cloud Mac	2026-08-23T00:14:03.9985660Z [INSTALL_DEPENDENCIES] added 743 packages, and audited 744 packages in 11s
build	Build iOS Locally on Free Cloud Mac	2026-08-23T00:14:03.9996050Z [INSTALL_DEPENDENCIES] 
build	Build iOS Locally on Free Cloud Mac	2026-08-23T00:14:03.9996520Z [INSTALL_DEPENDENCIES] 102 packages are looking for funding
build	Build iOS Locally on Free Cloud Mac	2026-08-23T00:14:03.9997120Z [INSTALL_DEPENDENCIES]   run `npm fund` for details
build	Build iOS Locally on Free Cloud Mac	2026-08-23T00:14:04.0360960Z [INSTALL_DEPENDENCIES] 24 vulnerabilities (1 low, 14 moderate, 9 high)
build	Build iOS Locally on Free Cloud Mac	2026-08-23T00:14:04.0361530Z [INSTALL_DEPENDENCIES] 
build	Build iOS Locally on Free Cloud Mac	2026-08-23T00:14:04.0362080Z [INSTALL_DEPENDENCIES] To address issues that do not require attention, run:
build	Build iOS Locally on Free Cloud Mac	2026-08-23T00:14:04.0362650Z [INSTALL_DEPENDENCIES]   npm audit fix
build	Build iOS Locally on Free Cloud Mac	2026-08-23T00:14:04.0362930Z [INSTALL_DEPENDENCIES] 
build	Build iOS Locally on Free Cloud Mac	2026-08-23T00:14:04.0363440Z [INSTALL_DEPENDENCIES] To address all issues (including breaking changes), run:
build	Build iOS Locally on Free Cloud Mac	2026-08-23T00:14:04.0369050Z [INSTALL_DEPENDENCIES]   npm audit fix --force
build	Build iOS Locally on Free Cloud Mac	2026-08-23T00:14:04.0369330Z [INSTALL_DEPENDENCIES] 
build	Build iOS Locally on Free Cloud Mac	2026-08-23T00:14:04.0369630Z [INSTALL_DEPENDENCIES] Run `npm audit` for details.
build	Build iOS Locally on Free Cloud Mac	2026-08-23T00:14:04.0611190Z The NODE_ENV environment variable is required but was not specified. Ensure the project is bundled with Expo CLI or NODE_ENV is set.
build	Build iOS Locally on Free Cloud Mac	2026-08-23T00:14:04.0611850Z Proceeding without mode-specific .env
build	Build iOS Locally on Free Cloud Mac	2026-08-23T00:14:04.3797690Z [READ_APP_CONFIG] Using app configuration:
build	Build iOS Locally on Free Cloud Mac	2026-08-23T00:14:04.3798430Z [READ_APP_CONFIG] {
build	Build iOS Locally on Free Cloud Mac	2026-08-23T00:14:04.3798790Z   "name": "Hence",
build	Build iOS Locally on Free Cloud Mac	2026-08-23T00:14:04.3799270Z   "slug": "HenceLogistics",
build	Build iOS Locally on Free Cloud Mac	2026-08-23T00:14:04.3805730Z   "scheme": "hencelogistics",
build	Build iOS Locally on Free Cloud Mac	2026-08-23T00:14:04.3806210Z   "version": "1.0.0",
build	Build iOS Locally on Free Cloud Mac	2026-08-23T00:14:04.3806510Z   "orientation": "portrait",
build	Build iOS Locally on Free Cloud Mac	2026-08-23T00:14:04.3806860Z   "icon": "./assets/icon.png",
build	Build iOS Locally on Free Cloud Mac	2026-08-23T00:14:04.3807380Z   "userInterfaceStyle": "light",
build	Build iOS Locally on Free Cloud Mac	2026-08-23T00:14:04.3807720Z   "splash": {
build	Build iOS Locally on Free Cloud Mac	2026-08-23T00:14:04.3808050Z     "image": "./assets/splash-icon.png",
build	Build iOS Locally on Free Cloud Mac	2026-08-23T00:14:04.3808390Z     "resizeMode": "contain",
build	Build iOS Locally on Free Cloud Mac	2026-08-23T00:14:04.3808720Z     "backgroundColor": "#ffffff"
build	Build iOS Locally on Free Cloud Mac	2026-08-23T00:14:04.3809090Z   },
build	Build iOS Locally on Free Cloud Mac	2026-08-23T00:14:04.3809400Z   "ios": {
build	Build iOS Locally on Free Cloud Mac	2026-08-23T00:14:04.3809790Z     "bundleIdentifier": "com.hence.oyedotun",
build	Build iOS Locally on Free Cloud Mac	2026-08-23T00:14:04.3810180Z     "infoPlist": {
build	Build iOS Locally on Free Cloud Mac	2026-08-23T00:14:04.3810380Z       "UIBackgroundModes": [
build	Build iOS Locally on Free Cloud Mac	2026-08-23T00:14:04.3811070Z         "fetch",
build	Build iOS Locally on Free Cloud Mac	2026-08-23T00:14:04.3811430Z         "remote-notification"
build	Build iOS Locally on Free Cloud Mac	2026-08-23T00:14:04.3812000Z       ],
build	Build iOS Locally on Free Cloud Mac	2026-08-23T00:14:04.3813230Z       "NSCameraUsageDescription": "Hence Logistics needs camera access to take photos for proof of delivery.",
build	Build iOS Locally on Free Cloud Mac	2026-08-23T00:14:04.3814280Z       "NSPhotoLibraryUsageDescription": "Hence Logistics needs photo library access to upload profile pictures and delivery receipts.",
build	Build iOS Locally on Free Cloud Mac	2026-08-23T00:14:04.3815540Z       "NSLocationWhenInUseUsageDescription": "Hence Logistics needs your location to provide accurate tracking for deliveries.",
build	Build iOS Locally on Free Cloud Mac	2026-08-23T00:14:04.3822890Z       "NSLocationAlwaysAndWhenInUseUsageDescription": "Hence Logistics needs background location access to update delivery statuses while you are driving.",
build	Build iOS Locally on Free Cloud Mac	2026-08-23T00:14:04.3823970Z       "NSMicrophoneUsageDescription": "Hence Logistics needs microphone access for voice notes and video delivery proof.",
build	Build iOS Locally on Free Cloud Mac	2026-08-23T00:14:04.3824720Z       "NSUserTrackingUsageDescription": "Hence Logistics uses tracking to optimize the delivery experience.",
build	Build iOS Locally on Free Cloud Mac	2026-08-23T00:14:04.3825350Z       "NSFaceIDUsageDescription": "Hence Logistics uses Face ID for secure driver login.",
build	Build iOS Locally on Free Cloud Mac	2026-08-23T00:14:04.3825780Z       "ITSAppUsesNonExemptEncryption": false
build	Build iOS Locally on Free Cloud Mac	2026-08-23T00:14:04.3826030Z     }
build	Build iOS Locally on Free Cloud Mac	2026-08-23T00:14:04.3826220Z   },
build	Build iOS Locally on Free Cloud Mac	2026-08-23T00:14:04.3826450Z   "android": {
build	Build iOS Locally on Free Cloud Mac	2026-08-23T00:14:04.3826670Z     "package": "com.hencelogistics.app",
build	Build iOS Locally on Free Cloud Mac	2026-08-23T00:14:04.3826940Z     "usesCleartextTraffic": true,
build	Build iOS Locally on Free Cloud Mac	2026-08-23T00:14:04.3827140Z     "permissions": [
build	Build iOS Locally on Free Cloud Mac	2026-08-23T00:14:04.3827330Z       "ACCESS_FINE_LOCATION",
build	Build iOS Locally on Free Cloud Mac	2026-08-23T00:14:04.3827560Z       "ACCESS_COARSE_LOCATION",
build	Build iOS Locally on Free Cloud Mac	2026-08-23T00:14:04.3827800Z       "ACCESS_BACKGROUND_LOCATION",
build	Build iOS Locally on Free Cloud Mac	2026-08-23T00:14:04.3828000Z       "CAMERA",
build	Build iOS Locally on Free Cloud Mac	2026-08-23T00:14:04.3828160Z       "FOREGROUND_SERVICE",
build	Build iOS Locally on Free Cloud Mac	2026-08-23T00:14:04.3828510Z       "FOREGROUND_SERVICE_LOCATION",
build	Build iOS Locally on Free Cloud Mac	2026-08-23T00:14:04.3828740Z       "RECORD_AUDIO",
build	Build iOS Locally on Free Cloud Mac	2026-08-23T00:14:04.3828970Z       "android.permission.CAMERA",
build	Build iOS Locally on Free Cloud Mac	2026-08-23T00:14:04.3829240Z       "android.permission.RECORD_AUDIO",
build	Build iOS Locally on Free Cloud Mac	2026-08-23T00:14:04.3829540Z       "android.permission.ACCESS_COARSE_LOCATION",
build	Build iOS Locally on Free Cloud Mac	2026-08-23T00:14:04.3829850Z       "android.permission.ACCESS_FINE_LOCATION"
build	Build iOS Locally on Free Cloud Mac	2026-08-23T00:14:04.3830240Z     ],
build	Build iOS Locally on Free Cloud Mac	2026-08-23T00:14:04.3830390Z     "adaptiveIcon": {
build	Build iOS Locally on Free Cloud Mac	2026-08-23T00:14:04.3830710Z       "foregroundImage": "./assets/adaptive-icon.png",
build	Build iOS Locally on Free Cloud Mac	2026-08-23T00:14:04.3831080Z       "backgroundColor": "#ffffff"
build	Build iOS Locally on Free Cloud Mac	2026-08-23T00:14:04.3831280Z     }
build	Build iOS Locally on Free Cloud Mac	2026-08-23T00:14:04.3831400Z   },
build	Build iOS Locally on Free Cloud Mac	2026-08-23T00:14:04.3831540Z   "web": {
build	Build iOS Locally on Free Cloud Mac	2026-08-23T00:14:04.3832100Z     "favicon": "./assets/favicon.png"
build	Build iOS Locally on Free Cloud Mac	2026-08-23T00:14:04.3832310Z   },
build	Build iOS Locally on Free Cloud Mac	2026-08-23T00:14:04.3832520Z   "plugins": [
build	Build iOS Locally on Free Cloud Mac	2026-08-23T00:14:04.3832670Z     [
build	Build iOS Locally on Free Cloud Mac	2026-08-23T00:14:04.3832850Z       "@stripe/stripe-react-native",
build	Build iOS Locally on Free Cloud Mac	2026-08-23T00:14:04.3833130Z       {
build	Build iOS Locally on Free Cloud Mac	2026-08-23T00:14:04.3833460Z         "merchantIdentifier": "merchant.com.hencelogistics.test",
build	Build iOS Locally on Free Cloud Mac	2026-08-23T00:14:04.3833920Z         "enableGooglePay": false,
build	Build iOS Locally on Free Cloud Mac	2026-08-23T00:14:04.3834200Z         "enableApplePay": true
build	Build iOS Locally on Free Cloud Mac	2026-08-23T00:14:04.3834390Z       }
build	Build iOS Locally on Free Cloud Mac	2026-08-23T00:14:04.3834530Z     ],
build	Build iOS Locally on Free Cloud Mac	2026-08-23T00:14:04.3834660Z     "expo-font",
build	Build iOS Locally on Free Cloud Mac	2026-08-23T00:14:04.3834850Z     [
build	Build iOS Locally on Free Cloud Mac	2026-08-23T00:14:04.3835010Z       "expo-camera",
build	Build iOS Locally on Free Cloud Mac	2026-08-23T00:14:04.3835180Z       {
build	Build iOS Locally on Free Cloud Mac	2026-08-23T00:14:04.3835620Z         "cameraPermission": "Hence needs camera access to scan QR codes and upload delivery proof."
build	Build iOS Locally on Free Cloud Mac	2026-08-23T00:14:04.3836000Z       }
build	Build iOS Locally on Free Cloud Mac	2026-08-23T00:14:04.3836130Z     ],
build	Build iOS Locally on Free Cloud Mac	2026-08-23T00:14:04.3836350Z     [
build	Build iOS Locally on Free Cloud Mac	2026-08-23T00:14:04.3836480Z       "expo-location",
build	Build iOS Locally on Free Cloud Mac	2026-08-23T00:14:04.3836650Z       {
build	Build iOS Locally on Free Cloud Mac	2026-08-23T00:14:04.3837210Z         "locationAlwaysAndWhenInUsePermission": "Allow Hence to use your location to find nearby jobs and track deliveries."
build	Build iOS Locally on Free Cloud Mac	2026-08-23T00:14:04.3837730Z       }
build	Build iOS Locally on Free Cloud Mac	2026-08-23T00:14:04.3837850Z     ],
build	Build iOS Locally on Free Cloud Mac	2026-08-23T00:14:04.3837980Z     [
build	Build iOS Locally on Free Cloud Mac	2026-08-23T00:14:04.3838150Z       "expo-notifications",
build	Build iOS Locally on Free Cloud Mac	2026-08-23T00:14:04.3838340Z       {
build	Build iOS Locally on Free Cloud Mac	2026-08-23T00:14:04.3838560Z         "color": "#1A7A4A"
build	Build iOS Locally on Free Cloud Mac	2026-08-23T00:14:04.3838810Z       }
build	Build iOS Locally on Free Cloud Mac	2026-08-23T00:14:04.3838990Z     ],
build	Build iOS Locally on Free Cloud Mac	2026-08-23T00:14:04.3839400Z     "@react-native-community/datetimepicker",
build	Build iOS Locally on Free Cloud Mac	2026-08-23T00:14:04.3839730Z     "expo-sharing",
build	Build iOS Locally on Free Cloud Mac	2026-08-23T00:14:04.3839910Z     "expo-status-bar",
build	Build iOS Locally on Free Cloud Mac	2026-08-23T00:14:04.3840200Z     "./plugins/withDisableSandboxing.js",
build	Build iOS Locally on Free Cloud Mac	2026-08-23T00:14:04.3840510Z     [
build	Build iOS Locally on Free Cloud Mac	2026-08-23T00:14:04.3840800Z       "expo-build-properties",
build	Build iOS Locally on Free Cloud Mac	2026-08-23T00:14:04.3841230Z       {
build	Build iOS Locally on Free Cloud Mac	2026-08-23T00:14:04.3841380Z         "ios": {
build	Build iOS Locally on Free Cloud Mac	2026-08-23T00:14:04.3841890Z           "extraXCBuildSettings": {
build	Build iOS Locally on Free Cloud Mac	2026-08-23T00:14:04.3842190Z             "ENABLE_USER_SCRIPT_SANDBOXING": "NO"
build	Build iOS Locally on Free Cloud Mac	2026-08-23T00:14:04.3842460Z           }
build	Build iOS Locally on Free Cloud Mac	2026-08-23T00:14:04.3842780Z         }
build	Build iOS Locally on Free Cloud Mac	2026-08-23T00:14:04.3842930Z       }
build	Build iOS Locally on Free Cloud Mac	2026-08-23T00:14:04.3843170Z     ]
build	Build iOS Locally on Free Cloud Mac	2026-08-23T00:14:04.3843390Z   ],
build	Build iOS Locally on Free Cloud Mac	2026-08-23T00:14:04.3851300Z   "extra": {
build	Build iOS Locally on Free Cloud Mac	2026-08-23T00:14:04.3851600Z     "eas": {
build	Build iOS Locally on Free Cloud Mac	2026-08-23T00:14:04.3851850Z       "projectId": "b0ad43f4-c5c8-4274-9639-2f6965170365"
build	Build iOS Locally on Free Cloud Mac	2026-08-23T00:14:04.3852090Z     }
build	Build iOS Locally on Free Cloud Mac	2026-08-23T00:14:04.3852220Z   },
build	Build iOS Locally on Free Cloud Mac	2026-08-23T00:14:04.3852360Z   "sdkVersion": "57.0.0",
build	Build iOS Locally on Free Cloud Mac	2026-08-23T00:14:04.3852600Z   "platforms": [
build	Build iOS Locally on Free Cloud Mac	2026-08-23T00:14:04.3852760Z     "ios",
build	Build iOS Locally on Free Cloud Mac	2026-08-23T00:14:04.3852990Z     "android"
build	Build iOS Locally on Free Cloud Mac	2026-08-23T00:14:04.3853190Z   ]
build	Build iOS Locally on Free Cloud Mac	2026-08-23T00:14:04.3853360Z }
build	Build iOS Locally on Free Cloud Mac	2026-08-23T00:14:04.3853580Z [RUN_EXPO_DOCTOR] Running "expo doctor"
build	Build iOS Locally on Free Cloud Mac	2026-08-23T00:14:05.5045100Z [RUN_EXPO_DOCTOR] 2026-08-23T00:14:05.503Z expo:env /private/var/folders/g3/pffjr_y96bq06blnkf72x_hw0000gn/T/eas-build-local-nodejs/3113b503-fe57-40ab-8a83-a993d2515c76/build/.env does not exist, skipping this env file
build	Build iOS Locally on Free Cloud Mac	2026-08-23T00:14:05.5046770Z [RUN_EXPO_DOCTOR] 2026-08-23T00:14:05.504Z expo:env /private/var/folders/g3/pffjr_y96bq06blnkf72x_hw0000gn/T/eas-build-local-nodejs/3113b503-fe57-40ab-8a83-a993d2515c76/build/.env.development does not exist, skipping this env file
build	Build iOS Locally on Free Cloud Mac	2026-08-23T00:14:05.5048330Z [RUN_EXPO_DOCTOR] 2026-08-23T00:14:05.504Z expo:env /private/var/folders/g3/pffjr_y96bq06blnkf72x_hw0000gn/T/eas-build-local-nodejs/3113b503-fe57-40ab-8a83-a993d2515c76/build/.env.local does not exist, skipping this env file
build	Build iOS Locally on Free Cloud Mac	2026-08-23T00:14:05.5049870Z [RUN_EXPO_DOCTOR] 2026-08-23T00:14:05.504Z expo:env /private/var/folders/g3/pffjr_y96bq06blnkf72x_hw0000gn/T/eas-build-local-nodejs/3113b503-fe57-40ab-8a83-a993d2515c76/build/.env.development.local does not exist, skipping this env file
build	Build iOS Locally on Free Cloud Mac	2026-08-23T00:14:05.7651900Z [RUN_EXPO_DOCTOR] Running 21 checks on your project...
build	Build iOS Locally on Free Cloud Mac	2026-08-23T00:14:05.9106240Z [RUN_EXPO_DOCTOR] Expo Metro config:
build	Build iOS Locally on Free Cloud Mac	2026-08-23T00:14:05.9107050Z [RUN_EXPO_DOCTOR] - Version: 57.0.8
build	Build iOS Locally on Free Cloud Mac	2026-08-23T00:14:05.9107860Z [RUN_EXPO_DOCTOR] - Extensions: ts, tsx, mjs, js, jsx, json, cjs, scss, sass, css
build	Build iOS Locally on Free Cloud Mac	2026-08-23T00:14:05.9108940Z [RUN_EXPO_DOCTOR] - React Native: /private/var/folders/g3/pffjr_y96bq06blnkf72x_hw0000gn/T/eas-build-local-nodejs/3113b503-fe57-40ab-8a83-a993d2515c76/build/node_modules/react-native
build	Build iOS Locally on Free Cloud Mac	2026-08-23T00:14:05.9109600Z [RUN_EXPO_DOCTOR] - Watch Folders: 
build	Build iOS Locally on Free Cloud Mac	2026-08-23T00:14:05.9109960Z [RUN_EXPO_DOCTOR] - Node Module Paths: 
build	Build iOS Locally on Free Cloud Mac	2026-08-23T00:14:05.9110220Z [RUN_EXPO_DOCTOR] - Sass: null
build	Build iOS Locally on Free Cloud Mac	2026-08-23T00:14:05.9110460Z [RUN_EXPO_DOCTOR] - Reanimated: null
build	Build iOS Locally on Free Cloud Mac	2026-08-23T00:14:05.9110800Z [RUN_EXPO_DOCTOR] - Worklets: null
build	Build iOS Locally on Free Cloud Mac	2026-08-23T00:14:05.9111150Z [RUN_EXPO_DOCTOR] - Babel Runtime: null
build	Build iOS Locally on Free Cloud Mac	2026-08-23T00:14:06.0554520Z [RUN_EXPO_DOCTOR] Expo Metro config:
build	Build iOS Locally on Free Cloud Mac	2026-08-23T00:14:06.0555230Z [RUN_EXPO_DOCTOR] - Version: 57.0.8
build	Build iOS Locally on Free Cloud Mac	2026-08-23T00:14:06.0555890Z [RUN_EXPO_DOCTOR] - Extensions: ts, tsx, mjs, js, jsx, json, cjs, scss, sass, css
build	Build iOS Locally on Free Cloud Mac	2026-08-23T00:14:06.0557450Z [RUN_EXPO_DOCTOR] - React Native: /private/var/folders/g3/pffjr_y96bq06blnkf72x_hw0000gn/T/eas-build-local-nodejs/3113b503-fe57-40ab-8a83-a993d2515c76/build/node_modules/react-native
build	Build iOS Locally on Free Cloud Mac	2026-08-23T00:14:06.0558280Z [RUN_EXPO_DOCTOR] - Watch Folders: 
build	Build iOS Locally on Free Cloud Mac	2026-08-23T00:14:06.0558650Z [RUN_EXPO_DOCTOR] - Node Module Paths: 
build	Build iOS Locally on Free Cloud Mac	2026-08-23T00:14:06.0559020Z [RUN_EXPO_DOCTOR] - Sass: null
build	Build iOS Locally on Free Cloud Mac	2026-08-23T00:14:06.0559320Z [RUN_EXPO_DOCTOR] - Reanimated: null
build	Build iOS Locally on Free Cloud Mac	2026-08-23T00:14:06.0559690Z [RUN_EXPO_DOCTOR] - Worklets: null
build	Build iOS Locally on Free Cloud Mac	2026-08-23T00:14:06.0559950Z [RUN_EXPO_DOCTOR] - Babel Runtime: null
build	Build iOS Locally on Free Cloud Mac	2026-08-23T00:14:06.4209460Z [RUN_EXPO_DOCTOR] Expo Metro config:
build	Build iOS Locally on Free Cloud Mac	2026-08-23T00:14:06.4310730Z [RUN_EXPO_DOCTOR] - Version: 57.0.8
build	Build iOS Locally on Free Cloud Mac	2026-08-23T00:14:06.4411560Z [RUN_EXPO_DOCTOR] - Extensions: ts, tsx, mjs, js, jsx, json, cjs, scss, sass, css
build	Build iOS Locally on Free Cloud Mac	2026-08-23T00:14:06.4513810Z [RUN_EXPO_DOCTOR] - React Native: /private/var/folders/g3/pffjr_y96bq06blnkf72x_hw0000gn/T/eas-build-local-nodejs/3113b503-fe57-40ab-8a83-a993d2515c76/build/node_modules/react-native
build	Build iOS Locally on Free Cloud Mac	2026-08-23T00:14:06.4614040Z [RUN_EXPO_DOCTOR] - Watch Folders: 
build	Build iOS Locally on Free Cloud Mac	2026-08-23T00:14:06.4714400Z [RUN_EXPO_DOCTOR] - Node Module Paths: 
build	Build iOS Locally on Free Cloud Mac	2026-08-23T00:14:06.4831010Z [RUN_EXPO_DOCTOR] - Sass: null
build	Build iOS Locally on Free Cloud Mac	2026-08-23T00:14:06.4932100Z [RUN_EXPO_DOCTOR] - Reanimated: null
build	Build iOS Locally on Free Cloud Mac	2026-08-23T00:14:06.5032460Z [RUN_EXPO_DOCTOR] - Worklets: null
build	Build iOS Locally on Free Cloud Mac	2026-08-23T00:14:06.5133430Z [RUN_EXPO_DOCTOR] - Babel Runtime: null
build	Build iOS Locally on Free Cloud Mac	2026-08-23T00:14:07.6921180Z [RUN_EXPO_DOCTOR] 18/21 checks passed. 3 checks failed. Possible issues detected:
build	Build iOS Locally on Free Cloud Mac	2026-08-23T00:14:07.7022830Z [RUN_EXPO_DOCTOR] 3 checks failed, indicating possible issues with the project.
build	Build iOS Locally on Free Cloud Mac	2026-08-23T00:14:07.7023510Z [RUN_EXPO_DOCTOR] Use the --verbose flag to see more details about passed checks.
build	Build iOS Locally on Free Cloud Mac	2026-08-23T00:14:07.7083350Z [RUN_EXPO_DOCTOR] Command "expo doctor" failed.
build	Build iOS Locally on Free Cloud Mac	2026-08-23T00:14:07.7083680Z [RUN_EXPO_DOCTOR] 
build	Build iOS Locally on Free Cloud Mac	2026-08-23T00:14:07.7087420Z Error: npx -y expo-doctor exited with non-zero code: 1
build	Build iOS Locally on Free Cloud Mac	2026-08-23T00:14:07.7088500Z [RUN_EXPO_DOCTOR] ✖ Check Expo config (app.json/ app.config.js) schema
build	Build iOS Locally on Free Cloud Mac	2026-08-23T00:14:07.7094840Z     at ChildProcess.completionListener (/Users/runner/.npm/_npx/cec30832843bb978/node_modules/@expo/spawn-async/build/spawnAsync.js:113:23)
build	Build iOS Locally on Free Cloud Mac	2026-08-23T00:14:07.7095990Z [RUN_EXPO_DOCTOR] Errors validating fields in /private/var/folders/g3/pffjr_y96bq06blnkf72x_hw0000gn/T/eas-build-local-nodejs/3113b503-fe57-40ab-8a83-a993d2515c76/build/app.json:
build	Build iOS Locally on Free Cloud Mac	2026-08-23T00:14:07.7097750Z     at Object.onceWrapper (node:events:634:26)
build	Build iOS Locally on Free Cloud Mac	2026-08-23T00:14:07.7098060Z     at ChildProcess.emit (node:events:519:28)
build	Build iOS Locally on Free Cloud Mac	2026-08-23T00:14:07.7098330Z     at ChildProcess.emit (node:domain:489:12)
build	Build iOS Locally on Free Cloud Mac	2026-08-23T00:14:07.7098690Z     at maybeClose (node:internal/child_process:1101:16)
build	Build iOS Locally on Free Cloud Mac	2026-08-23T00:14:07.7099070Z     at ChildProcess._handle.onexit (node:internal/child_process:304:5)
build	Build iOS Locally on Free Cloud Mac	2026-08-23T00:14:07.7099410Z     ...
build	Build iOS Locally on Free Cloud Mac	2026-08-23T00:14:07.7099840Z     at spawnAsync (/Users/runner/.npm/_npx/cec30832843bb978/node_modules/@expo/spawn-async/build/spawnAsync.js:9:23)
build	Build iOS Locally on Free Cloud Mac	2026-08-23T00:14:07.7100580Z     at spawn (/Users/runner/.npm/_npx/cec30832843bb978/node_modules/@expo/turtle-spawn/dist/index.js:16:47)
build	Build iOS Locally on Free Cloud Mac	2026-08-23T00:14:07.7101740Z     at runExpoDoctor (/Users/runner/.npm/_npx/cec30832843bb978/node_modules/@expo/build-tools/dist/common/setup.js:158:52)
build	Build iOS Locally on Free Cloud Mac	2026-08-23T00:14:07.7102420Z     at async /Users/runner/.npm/_npx/cec30832843bb978/node_modules/@expo/build-tools/dist/common/setup.js:137:17
build	Build iOS Locally on Free Cloud Mac	2026-08-23T00:14:07.7103150Z     at async BuildContext.runBuildPhase (/Users/runner/.npm/_npx/cec30832843bb978/node_modules/@expo/build-tools/dist/context.js:126:28)
build	Build iOS Locally on Free Cloud Mac	2026-08-23T00:14:07.7103950Z     at async setupAsync (/Users/runner/.npm/_npx/cec30832843bb978/node_modules/@expo/build-tools/dist/common/setup.js:135:9)
build	Build iOS Locally on Free Cloud Mac	2026-08-23T00:14:07.7104680Z     at async buildInnerAsync (/Users/runner/.npm/_npx/cec30832843bb978/node_modules/@expo/build-tools/dist/builders/ios.js:66:5)
build	Build iOS Locally on Free Cloud Mac	2026-08-23T00:14:07.7105440Z     at async buildAsync (/Users/runner/.npm/_npx/cec30832843bb978/node_modules/@expo/build-tools/dist/builders/ios.js:56:9)
build	Build iOS Locally on Free Cloud Mac	2026-08-23T00:14:07.7106240Z     at async runBuilderWithHooksAsync (/Users/runner/.npm/_npx/cec30832843bb978/node_modules/@expo/build-tools/dist/builders/common.js:13:13)
build	Build iOS Locally on Free Cloud Mac	2026-08-23T00:14:07.7107090Z     at async Object.iosBuilder (/Users/runner/.npm/_npx/cec30832843bb978/node_modules/@expo/build-tools/dist/builders/ios.js:41:16)
build	Build iOS Locally on Free Cloud Mac	2026-08-23T00:14:07.7107690Z [RUN_EXPO_DOCTOR]  should NOT have additional property 'splash'.
build	Build iOS Locally on Free Cloud Mac	2026-08-23T00:14:07.7108240Z [RUN_EXPO_DOCTOR]  Field: android - should NOT have additional property 'usesCleartextTraffic'.
build	Build iOS Locally on Free Cloud Mac	2026-08-23T00:14:07.7108610Z [RUN_EXPO_DOCTOR] Advice:
build	Build iOS Locally on Free Cloud Mac	2026-08-23T00:14:07.7109320Z [RUN_EXPO_DOCTOR] Resolve schema errors in your app config. Learn more: https://docs.expo.dev/workflow/configuration/
build	Build iOS Locally on Free Cloud Mac	2026-08-23T00:14:07.7110160Z [RUN_EXPO_DOCTOR] ✖ Check dependencies for packages that should not be installed directly
build	Build iOS Locally on Free Cloud Mac	2026-08-23T00:14:07.7111020Z [RUN_EXPO_DOCTOR] The package  "@types/react-native" should not be installed directly in your project, as types are included with the "react-native" package.
build	Build iOS Locally on Free Cloud Mac	2026-08-23T00:14:07.7111840Z [RUN_EXPO_DOCTOR] Advice:
build	Build iOS Locally on Free Cloud Mac	2026-08-23T00:14:07.7112180Z [RUN_EXPO_DOCTOR] Remove these packages from your package.json.
build	Build iOS Locally on Free Cloud Mac	2026-08-23T00:14:07.7112450Z [RUN_EXPO_DOCTOR] 
build	Build iOS Locally on Free Cloud Mac	2026-08-23T00:14:07.7112980Z [RUN_EXPO_DOCTOR] ✖ Check that packages match versions required by installed Expo SDK
build	Build iOS Locally on Free Cloud Mac	2026-08-23T00:14:07.7113320Z [RUN_EXPO_DOCTOR] 
build	Build iOS Locally on Free Cloud Mac	2026-08-23T00:14:07.7113770Z [RUN_EXPO_DOCTOR] 🔧 Patch version mismatches
build	Build iOS Locally on Free Cloud Mac	2026-08-23T00:14:07.7114160Z [RUN_EXPO_DOCTOR] package             expected  found    
build	Build iOS Locally on Free Cloud Mac	2026-08-23T00:14:07.7114640Z [RUN_EXPO_DOCTOR] expo                ~57.0.15  57.0.13  
build	Build iOS Locally on Free Cloud Mac	2026-08-23T00:14:07.7114980Z [RUN_EXPO_DOCTOR] expo-camera         ~57.0.4   57.0.3   
build	Build iOS Locally on Free Cloud Mac	2026-08-23T00:14:07.7115330Z [RUN_EXPO_DOCTOR] expo-constants      ~57.0.13  57.0.11  
build	Build iOS Locally on Free Cloud Mac	2026-08-23T00:14:07.7115670Z [RUN_EXPO_DOCTOR] expo-dev-client     ~57.0.14  57.0.12  
build	Build iOS Locally on Free Cloud Mac	2026-08-23T00:14:07.7116010Z [RUN_EXPO_DOCTOR] expo-image-picker   ~57.0.12  57.0.10  
build	Build iOS Locally on Free Cloud Mac	2026-08-23T00:14:07.7116360Z [RUN_EXPO_DOCTOR] expo-linking        ~57.0.7   57.0.6   
build	Build iOS Locally on Free Cloud Mac	2026-08-23T00:14:07.7116700Z [RUN_EXPO_DOCTOR] expo-location       ~57.0.12  57.0.10  
build	Build iOS Locally on Free Cloud Mac	2026-08-23T00:14:07.7117060Z [RUN_EXPO_DOCTOR] expo-notifications  ~57.0.13  57.0.11  
build	Build iOS Locally on Free Cloud Mac	2026-08-23T00:14:07.7117440Z [RUN_EXPO_DOCTOR] expo-sharing        ~57.0.14  57.0.12  
build	Build iOS Locally on Free Cloud Mac	2026-08-23T00:14:07.7117820Z [RUN_EXPO_DOCTOR] expo-task-manager   ~57.0.12  57.0.10  
build	Build iOS Locally on Free Cloud Mac	2026-08-23T00:14:07.7118060Z [RUN_EXPO_DOCTOR] 
build	Build iOS Locally on Free Cloud Mac	2026-08-23T00:14:07.7118250Z [RUN_EXPO_DOCTOR] Changelogs:
build	Build iOS Locally on Free Cloud Mac	2026-08-23T00:14:07.7118840Z [RUN_EXPO_DOCTOR] - expo-camera → https://github.com/expo/expo/blob/sdk-57/packages/expo-camera/CHANGELOG.md
build	Build iOS Locally on Free Cloud Mac	2026-08-23T00:14:07.7119700Z [RUN_EXPO_DOCTOR] - expo-constants → https://github.com/expo/expo/blob/sdk-57/packages/expo-constants/CHANGELOG.md
build	Build iOS Locally on Free Cloud Mac	2026-08-23T00:14:07.7120560Z [RUN_EXPO_DOCTOR] - expo-dev-client → https://github.com/expo/expo/blob/sdk-57/packages/expo-dev-client/CHANGELOG.md
build	Build iOS Locally on Free Cloud Mac	2026-08-23T00:14:07.7121450Z [RUN_EXPO_DOCTOR] - expo-image-picker → https://github.com/expo/expo/blob/sdk-57/packages/expo-image-picker/CHANGELOG.md
build	Build iOS Locally on Free Cloud Mac	2026-08-23T00:14:07.7122440Z [RUN_EXPO_DOCTOR] - expo-linking → https://github.com/expo/expo/blob/sdk-57/packages/expo-linking/CHANGELOG.md
build	Build iOS Locally on Free Cloud Mac	2026-08-23T00:14:07.7123240Z [RUN_EXPO_DOCTOR] - expo-location → https://github.com/expo/expo/blob/sdk-57/packages/expo-location/CHANGELOG.md
build	Build iOS Locally on Free Cloud Mac	2026-08-23T00:14:07.7124140Z [RUN_EXPO_DOCTOR] - expo-notifications → https://github.com/expo/expo/blob/sdk-57/packages/expo-notifications/CHANGELOG.md
build	Build iOS Locally on Free Cloud Mac	2026-08-23T00:14:07.7124940Z [RUN_EXPO_DOCTOR] - expo-sharing → https://github.com/expo/expo/blob/sdk-57/packages/expo-sharing/CHANGELOG.md
build	Build iOS Locally on Free Cloud Mac	2026-08-23T00:14:07.7125720Z [RUN_EXPO_DOCTOR] - expo-task-manager → https://github.com/expo/expo/blob/sdk-57/packages/expo-task-manager/CHANGELOG.md
build	Build iOS Locally on Free Cloud Mac	2026-08-23T00:14:07.7126120Z [RUN_EXPO_DOCTOR] 
build	Build iOS Locally on Free Cloud Mac	2026-08-23T00:14:07.7126350Z [RUN_EXPO_DOCTOR] 10 packages out of date.
build	Build iOS Locally on Free Cloud Mac	2026-08-23T00:14:07.7126570Z [RUN_EXPO_DOCTOR] Advice:
build	Build iOS Locally on Free Cloud Mac	2026-08-23T00:14:07.7127000Z [RUN_EXPO_DOCTOR] Use 'npx expo install --check' to review and upgrade your dependencies.
build	Build iOS Locally on Free Cloud Mac	2026-08-23T00:14:07.7127830Z [RUN_EXPO_DOCTOR] To ignore specific packages, add them to "expo.install.exclude" in package.json. Learn more: https://expo.fyi/dependency-validation
build	Build iOS Locally on Free Cloud Mac	2026-08-23T00:14:07.7128400Z [PREPARE_CREDENTIALS] Preparing credentials
build	Build iOS Locally on Free Cloud Mac	2026-08-23T00:14:07.7128690Z [PREPARE_CREDENTIALS] Creating keychain
build	Build iOS Locally on Free Cloud Mac	2026-08-23T00:14:09.0357890Z [PREPARE_CREDENTIALS] Preparing credentials for target 'Hence'
build	Build iOS Locally on Free Cloud Mac	2026-08-23T00:14:09.0358580Z [PREPARE_CREDENTIALS] Getting distribution certificate fingerprint and common name
build	Build iOS Locally on Free Cloud Mac	2026-08-23T00:14:09.0794850Z [PREPARE_CREDENTIALS] Fingerprint = "3B911D328AA09817105F625D0E0A6B7122079BEB", common name = iPhone Distribution: HENCE LIMITED (Q42QY7STMH)
build	Build iOS Locally on Free Cloud Mac	2026-08-23T00:14:09.0801520Z [PREPARE_CREDENTIALS] Writing distribution certificate to /var/folders/g3/pffjr_y96bq06blnkf72x_hw0000gn/T/751b4579-d70f-437b-bcfa-19ccf1a854c0.p12
build	Build iOS Locally on Free Cloud Mac	2026-08-23T00:14:09.0802440Z [PREPARE_CREDENTIALS] Importing distribution certificate into the keychain
build	Build iOS Locally on Free Cloud Mac	2026-08-23T00:14:10.1270790Z [PREPARE_CREDENTIALS] Initializing provisioning profile
build	Build iOS Locally on Free Cloud Mac	2026-08-23T00:14:10.1654030Z [PREPARE_CREDENTIALS] Validating whether the distribution certificate has been imported successfully
build	Build iOS Locally on Free Cloud Mac	2026-08-23T00:14:10.1896930Z [PREPARE_CREDENTIALS] Verifying whether the distribution certificate and provisioning profile match
build	Build iOS Locally on Free Cloud Mac	2026-08-23T00:14:10.5062840Z [PREBUILD] 2026-08-23T00:14:10.505Z expo:telemetry Recording 1 event(s)
build	Build iOS Locally on Free Cloud Mac	2026-08-23T00:14:10.5191730Z [PREBUILD] 2026-08-23T00:14:10.518Z expo:env /private/var/folders/g3/pffjr_y96bq06blnkf72x_hw0000gn/T/eas-build-local-nodejs/3113b503-fe57-40ab-8a83-a993d2515c76/build/.env does not exist, skipping this env file
build	Build iOS Locally on Free Cloud Mac	2026-08-23T00:14:10.5193260Z [PREBUILD] 2026-08-23T00:14:10.518Z expo:env /private/var/folders/g3/pffjr_y96bq06blnkf72x_hw0000gn/T/eas-build-local-nodejs/3113b503-fe57-40ab-8a83-a993d2515c76/build/.env.development does not exist, skipping this env file
build	Build iOS Locally on Free Cloud Mac	2026-08-23T00:14:10.5194700Z [PREBUILD] 2026-08-23T00:14:10.518Z expo:env /private/var/folders/g3/pffjr_y96bq06blnkf72x_hw0000gn/T/eas-build-local-nodejs/3113b503-fe57-40ab-8a83-a993d2515c76/build/.env.local does not exist, skipping this env file
build	Build iOS Locally on Free Cloud Mac	2026-08-23T00:14:10.5196210Z [PREBUILD] 2026-08-23T00:14:10.518Z expo:env /private/var/folders/g3/pffjr_y96bq06blnkf72x_hw0000gn/T/eas-build-local-nodejs/3113b503-fe57-40ab-8a83-a993d2515c76/build/.env.development.local does not exist, skipping this env file
build	Build iOS Locally on Free Cloud Mac	2026-08-23T00:14:10.6132980Z [PREBUILD] - Creating native directory (./ios)
build	Build iOS Locally on Free Cloud Mac	2026-08-23T00:14:10.6139490Z [PREBUILD] 2026-08-23T00:14:10.613Z expo:prebuild:resolveLocalTemplate Using local template from Expo package: /private/var/folders/g3/pffjr_y96bq06blnkf72x_hw0000gn/T/eas-build-local-nodejs/3113b503-fe57-40ab-8a83-a993d2515c76/build/node_modules/expo/template.tgz
build	Build iOS Locally on Free Cloud Mac	2026-08-23T00:14:10.6215990Z [PREBUILD] 2026-08-23T00:14:10.621Z expo:utils:tar write(644): /var/folders/g3/pffjr_y96bq06blnkf72x_hw0000gn/T/17f5ac32717bd853b479dc0c9052c237/.gitattributes
build	Build iOS Locally on Free Cloud Mac	2026-08-23T00:14:10.6239360Z [PREBUILD] 2026-08-23T00:14:10.623Z expo:utils:tar mkdir(p): /var/folders/g3/pffjr_y96bq06blnkf72x_hw0000gn/T/17f5ac32717bd853b479dc0c9052c237/android
build	Build iOS Locally on Free Cloud Mac	2026-08-23T00:14:10.6245350Z [PREBUILD] 2026-08-23T00:14:10.624Z expo:utils:tar write(644): /var/folders/g3/pffjr_y96bq06blnkf72x_hw0000gn/T/17f5ac32717bd853b479dc0c9052c237/android/.gitignore
build	Build iOS Locally on Free Cloud Mac	2026-08-23T00:14:10.6251860Z [PREBUILD] 2026-08-23T00:14:10.624Z expo:utils:tar write(644): /var/folders/g3/pffjr_y96bq06blnkf72x_hw0000gn/T/17f5ac32717bd853b479dc0c9052c237/.gitignore
build	Build iOS Locally on Free Cloud Mac	2026-08-23T00:14:10.6254520Z [PREBUILD] 2026-08-23T00:14:10.625Z expo:utils:tar mkdir(p): /var/folders/g3/pffjr_y96bq06blnkf72x_hw0000gn/T/17f5ac32717bd853b479dc0c9052c237/ios
build	Build iOS Locally on Free Cloud Mac	2026-08-23T00:14:10.6255670Z [PREBUILD] 2026-08-23T00:14:10.625Z expo:utils:tar write(644): /var/folders/g3/pffjr_y96bq06blnkf72x_hw0000gn/T/17f5ac32717bd853b479dc0c9052c237/ios/.gitignore
build	Build iOS Locally on Free Cloud Mac	2026-08-23T00:14:10.6259730Z [PREBUILD] 2026-08-23T00:14:10.625Z expo:utils:tar write(755): /var/folders/g3/pffjr_y96bq06blnkf72x_hw0000gn/T/17f5ac32717bd853b479dc0c9052c237/android/gradlew
build	Build iOS Locally on Free Cloud Mac	2026-08-23T00:14:10.6262750Z [PREBUILD] 2026-08-23T00:14:10.626Z expo:utils:tar write(644): /var/folders/g3/pffjr_y96bq06blnkf72x_hw0000gn/T/17f5ac32717bd853b479dc0c9052c237/ios/Podfile
build	Build iOS Locally on Free Cloud Mac	2026-08-23T00:14:10.6268790Z [PREBUILD] 2026-08-23T00:14:10.626Z expo:utils:tar write(644): /var/folders/g3/pffjr_y96bq06blnkf72x_hw0000gn/T/17f5ac32717bd853b479dc0c9052c237/android/gradlew.bat
build	Build iOS Locally on Free Cloud Mac	2026-08-23T00:14:10.6273140Z [PREBUILD] 2026-08-23T00:14:10.627Z expo:utils:tar write(644): /var/folders/g3/pffjr_y96bq06blnkf72x_hw0000gn/T/17f5ac32717bd853b479dc0c9052c237/ios/.xcode.env
build	Build iOS Locally on Free Cloud Mac	2026-08-23T00:14:10.6278360Z [PREBUILD] 2026-08-23T00:14:10.627Z expo:utils:tar mkdir(p): /var/folders/g3/pffjr_y96bq06blnkf72x_hw0000gn/T/17f5ac32717bd853b479dc0c9052c237/android/app
build	Build iOS Locally on Free Cloud Mac	2026-08-23T00:14:10.6279580Z [PREBUILD] 2026-08-23T00:14:10.627Z expo:utils:tar write(644): /var/folders/g3/pffjr_y96bq06blnkf72x_hw0000gn/T/17f5ac32717bd853b479dc0c9052c237/android/app/build.gradle
build	Build iOS Locally on Free Cloud Mac	2026-08-23T00:14:10.6283250Z [PREBUILD] 2026-08-23T00:14:10.628Z expo:utils:tar write(644): /var/folders/g3/pffjr_y96bq06blnkf72x_hw0000gn/T/17f5ac32717bd853b479dc0c9052c237/android/build.gradle
build	Build iOS Locally on Free Cloud Mac	2026-08-23T00:14:10.6288250Z [PREBUILD] 2026-08-23T00:14:10.628Z expo:utils:tar write(644): /var/folders/g3/pffjr_y96bq06blnkf72x_hw0000gn/T/17f5ac32717bd853b479dc0c9052c237/android/settings.gradle
build	Build iOS Locally on Free Cloud Mac	2026-08-23T00:14:10.6292180Z [PREBUILD] 2026-08-23T00:14:10.629Z expo:utils:tar mkdir(p): /var/folders/g3/pffjr_y96bq06blnkf72x_hw0000gn/T/17f5ac32717bd853b479dc0c9052c237/ios/Hence
build	Build iOS Locally on Free Cloud Mac	2026-08-23T00:14:10.6293290Z [PREBUILD] 2026-08-23T00:14:10.629Z expo:utils:tar write(644): /var/folders/g3/pffjr_y96bq06blnkf72x_hw0000gn/T/17f5ac32717bd853b479dc0c9052c237/ios/Hence/Hence-Bridging-Header.h
build	Build iOS Locally on Free Cloud Mac	2026-08-23T00:14:10.6295400Z [PREBUILD] 2026-08-23T00:14:10.629Z expo:utils:tar mkdir(p): /var/folders/g3/pffjr_y96bq06blnkf72x_hw0000gn/T/17f5ac32717bd853b479dc0c9052c237/android/gradle/wrapper
build	Build iOS Locally on Free Cloud Mac	2026-08-23T00:14:10.6296950Z [PREBUILD] 2026-08-23T00:14:10.629Z expo:utils:tar write(644): /var/folders/g3/pffjr_y96bq06blnkf72x_hw0000gn/T/17f5ac32717bd853b479dc0c9052c237/android/gradle/wrapper/gradle-wrapper.jar
build	Build iOS Locally on Free Cloud Mac	2026-08-23T00:14:10.6301930Z [PREBUILD] 2026-08-23T00:14:10.630Z expo:utils:tar write(644): /var/folders/g3/pffjr_y96bq06blnkf72x_hw0000gn/T/17f5ac32717bd853b479dc0c9052c237/App.js
build	Build iOS Locally on Free Cloud Mac	2026-08-23T00:14:10.6304650Z [PREBUILD] 2026-08-23T00:14:10.630Z expo:utils:tar write(644): /var/folders/g3/pffjr_y96bq06blnkf72x_hw0000gn/T/17f5ac32717bd853b479dc0c9052c237/index.js
build	Build iOS Locally on Free Cloud Mac	2026-08-23T00:14:10.6329050Z [PREBUILD] 2026-08-23T00:14:10.632Z expo:utils:tar write(644): /var/folders/g3/pffjr_y96bq06blnkf72x_hw0000gn/T/17f5ac32717bd853b479dc0c9052c237/metro.config.js
build	Build iOS Locally on Free Cloud Mac	2026-08-23T00:14:10.6331380Z [PREBUILD] 2026-08-23T00:14:10.633Z expo:utils:tar write(644): /var/folders/g3/pffjr_y96bq06blnkf72x_hw0000gn/T/17f5ac32717bd853b479dc0c9052c237/app.json
build	Build iOS Locally on Free Cloud Mac	2026-08-23T00:14:10.6334120Z [PREBUILD] 2026-08-23T00:14:10.633Z expo:utils:tar mkdir(p): /var/folders/g3/pffjr_y96bq06blnkf72x_hw0000gn/T/17f5ac32717bd853b479dc0c9052c237/ios/Hence/Images.xcassets/AppIcon.appiconset
build	Build iOS Locally on Free Cloud Mac	2026-08-23T00:14:10.6336080Z [PREBUILD] 2026-08-23T00:14:10.633Z expo:utils:tar write(644): /var/folders/g3/pffjr_y96bq06blnkf72x_hw0000gn/T/17f5ac32717bd853b479dc0c9052c237/ios/Hence/Images.xcassets/AppIcon.appiconset/Contents.json
build	Build iOS Locally on Free Cloud Mac	2026-08-23T00:14:10.6338470Z [PREBUILD] 2026-08-23T00:14:10.633Z expo:utils:tar write(644): /var/folders/g3/pffjr_y96bq06blnkf72x_hw0000gn/T/17f5ac32717bd853b479dc0c9052c237/ios/Hence/Images.xcassets/Contents.json
build	Build iOS Locally on Free Cloud Mac	2026-08-23T00:14:10.6341490Z [PREBUILD] 2026-08-23T00:14:10.634Z expo:utils:tar write(644): /var/folders/g3/pffjr_y96bq06blnkf72x_hw0000gn/T/17f5ac32717bd853b479dc0c9052c237/package.json
build	Build iOS Locally on Free Cloud Mac	2026-08-23T00:14:10.6343800Z [PREBUILD] 2026-08-23T00:14:10.634Z expo:utils:tar write(644): /var/folders/g3/pffjr_y96bq06blnkf72x_hw0000gn/T/17f5ac32717bd853b479dc0c9052c237/ios/Podfile.properties.json
build	Build iOS Locally on Free Cloud Mac	2026-08-23T00:14:10.6345710Z [PREBUILD] 2026-08-23T00:14:10.634Z expo:utils:tar write(644): /var/folders/g3/pffjr_y96bq06blnkf72x_hw0000gn/T/17f5ac32717bd853b479dc0c9052c237/android/app/debug.keystore
build	Build iOS Locally on Free Cloud Mac	2026-08-23T00:14:10.6347810Z [PREBUILD] 2026-08-23T00:14:10.634Z expo:utils:tar mkdir(p): /var/folders/g3/pffjr_y96bq06blnkf72x_hw0000gn/T/17f5ac32717bd853b479dc0c9052c237/android/app/src/main/java/com/hence
build	Build iOS Locally on Free Cloud Mac	2026-08-23T00:14:10.6351630Z [PREBUILD] 2026-08-23T00:14:10.635Z expo:utils:tar write(644): /var/folders/g3/pffjr_y96bq06blnkf72x_hw0000gn/T/17f5ac32717bd853b479dc0c9052c237/android/app/src/main/java/com/hence/MainActivity.kt
build	Build iOS Locally on Free Cloud Mac	2026-08-23T00:14:10.6353760Z [PREBUILD] 2026-08-23T00:14:10.635Z expo:utils:tar write(644): /var/folders/g3/pffjr_y96bq06blnkf72x_hw0000gn/T/17f5ac32717bd853b479dc0c9052c237/android/app/src/main/java/com/hence/MainApplication.kt
build	Build iOS Locally on Free Cloud Mac	2026-08-23T00:14:10.6356350Z [PREBUILD] 2026-08-23T00:14:10.635Z expo:utils:tar mkdir(p): /var/folders/g3/pffjr_y96bq06blnkf72x_hw0000gn/T/17f5ac32717bd853b479dc0c9052c237/ios/Hence.xcodeproj
build	Build iOS Locally on Free Cloud Mac	2026-08-23T00:14:10.6357470Z [PREBUILD] 2026-08-23T00:14:10.635Z expo:utils:tar write(644): /var/folders/g3/pffjr_y96bq06blnkf72x_hw0000gn/T/17f5ac32717bd853b479dc0c9052c237/ios/Hence.xcodeproj/project.pbxproj
build	Build iOS Locally on Free Cloud Mac	2026-08-23T00:14:10.6360420Z [PREBUILD] 2026-08-23T00:14:10.635Z expo:utils:tar mkdir(p): /var/folders/g3/pffjr_y96bq06blnkf72x_hw0000gn/T/17f5ac32717bd853b479dc0c9052c237/ios/Hence/Supporting
build	Build iOS Locally on Free Cloud Mac	2026-08-23T00:14:10.6361520Z [PREBUILD] 2026-08-23T00:14:10.635Z expo:utils:tar write(644): /var/folders/g3/pffjr_y96bq06blnkf72x_hw0000gn/T/17f5ac32717bd853b479dc0c9052c237/ios/Hence/Supporting/Expo.plist
build	Build iOS Locally on Free Cloud Mac	2026-08-23T00:14:10.6364010Z [PREBUILD] 2026-08-23T00:14:10.636Z expo:utils:tar mkdir(p): /var/folders/g3/pffjr_y96bq06blnkf72x_hw0000gn/T/17f5ac32717bd853b479dc0c9052c237/ios/Hence.xcodeproj/project.xcworkspace/xcshareddata
build	Build iOS Locally on Free Cloud Mac	2026-08-23T00:14:10.6365720Z [PREBUILD] 2026-08-23T00:14:10.636Z expo:utils:tar write(644): /var/folders/g3/pffjr_y96bq06blnkf72x_hw0000gn/T/17f5ac32717bd853b479dc0c9052c237/ios/Hence.xcodeproj/project.xcworkspace/xcshareddata/IDEWorkspaceChecks.plist
build	Build iOS Locally on Free Cloud Mac	2026-08-23T00:14:10.6367240Z [PREBUILD] 2026-08-23T00:14:10.636Z expo:utils:tar write(644): /var/folders/g3/pffjr_y96bq06blnkf72x_hw0000gn/T/17f5ac32717bd853b479dc0c9052c237/ios/Hence/Info.plist
build	Build iOS Locally on Free Cloud Mac	2026-08-23T00:14:10.6369020Z [PREBUILD] 2026-08-23T00:14:10.636Z expo:utils:tar mkdir(p): /var/folders/g3/pffjr_y96bq06blnkf72x_hw0000gn/T/17f5ac32717bd853b479dc0c9052c237/android/app/src/main/res/drawable-hdpi
build	Build iOS Locally on Free Cloud Mac	2026-08-23T00:14:10.6370310Z [PREBUILD] 2026-08-23T00:14:10.636Z expo:utils:tar write(644): /var/folders/g3/pffjr_y96bq06blnkf72x_hw0000gn/T/17f5ac32717bd853b479dc0c9052c237/android/app/src/main/res/drawable-hdpi/splashscreen_logo.png
build	Build iOS Locally on Free Cloud Mac	2026-08-23T00:14:10.6374270Z [PREBUILD] 2026-08-23T00:14:10.637Z expo:utils:tar mkdir(p): /var/folders/g3/pffjr_y96bq06blnkf72x_hw0000gn/T/17f5ac32717bd853b479dc0c9052c237/android/app/src/main/res/drawable-mdpi
build	Build iOS Locally on Free Cloud Mac	2026-08-23T00:14:10.6375610Z [PREBUILD] 2026-08-23T00:14:10.637Z expo:utils:tar write(644): /var/folders/g3/pffjr_y96bq06blnkf72x_hw0000gn/T/17f5ac32717bd853b479dc0c9052c237/android/app/src/main/res/drawable-mdpi/splashscreen_logo.png
build	Build iOS Locally on Free Cloud Mac	2026-08-23T00:14:10.6378590Z [PREBUILD] 2026-08-23T00:14:10.637Z expo:utils:tar mkdir(p): /var/folders/g3/pffjr_y96bq06blnkf72x_hw0000gn/T/17f5ac32717bd853b479dc0c9052c237/android/app/src/main/res/drawable-xhdpi
build	Build iOS Locally on Free Cloud Mac	2026-08-23T00:14:10.6379930Z [PREBUILD] 2026-08-23T00:14:10.637Z expo:utils:tar write(644): /var/folders/g3/pffjr_y96bq06blnkf72x_hw0000gn/T/17f5ac32717bd853b479dc0c9052c237/android/app/src/main/res/drawable-xhdpi/splashscreen_logo.png
build	Build iOS Locally on Free Cloud Mac	2026-08-23T00:14:10.6383000Z [PREBUILD] 2026-08-23T00:14:10.638Z expo:utils:tar mkdir(p): /var/folders/g3/pffjr_y96bq06blnkf72x_hw0000gn/T/17f5ac32717bd853b479dc0c9052c237/android/app/src/main/res/drawable-xxhdpi
build	Build iOS Locally on Free Cloud Mac	2026-08-23T00:14:10.6384570Z [PREBUILD] 2026-08-23T00:14:10.638Z expo:utils:tar write(644): /var/folders/g3/pffjr_y96bq06blnkf72x_hw0000gn/T/17f5ac32717bd853b479dc0c9052c237/android/app/src/main/res/drawable-xxhdpi/splashscreen_logo.png
build	Build iOS Locally on Free Cloud Mac	2026-08-23T00:14:10.6391350Z [PREBUILD] 2026-08-23T00:14:10.638Z expo:utils:tar mkdir(p): /var/folders/g3/pffjr_y96bq06blnkf72x_hw0000gn/T/17f5ac32717bd853b479dc0c9052c237/android/app/src/main/res/drawable-xxxhdpi
build	Build iOS Locally on Free Cloud Mac	2026-08-23T00:14:10.6392740Z [PREBUILD] 2026-08-23T00:14:10.639Z expo:utils:tar write(644): /var/folders/g3/pffjr_y96bq06blnkf72x_hw0000gn/T/17f5ac32717bd853b479dc0c9052c237/android/app/src/main/res/drawable-xxxhdpi/splashscreen_logo.png
build	Build iOS Locally on Free Cloud Mac	2026-08-23T00:14:10.6398620Z [PREBUILD] 2026-08-23T00:14:10.639Z expo:utils:tar write(644): /var/folders/g3/pffjr_y96bq06blnkf72x_hw0000gn/T/17f5ac32717bd853b479dc0c9052c237/android/app/proguard-rules.pro
build	Build iOS Locally on Free Cloud Mac	2026-08-23T00:14:10.6400530Z [PREBUILD] 2026-08-23T00:14:10.639Z expo:utils:tar write(644): /var/folders/g3/pffjr_y96bq06blnkf72x_hw0000gn/T/17f5ac32717bd853b479dc0c9052c237/android/gradle/wrapper/gradle-wrapper.properties
build	Build iOS Locally on Free Cloud Mac	2026-08-23T00:14:10.6402390Z [PREBUILD] 2026-08-23T00:14:10.640Z expo:utils:tar write(644): /var/folders/g3/pffjr_y96bq06blnkf72x_hw0000gn/T/17f5ac32717bd853b479dc0c9052c237/android/gradle.properties
build	Build iOS Locally on Free Cloud Mac	2026-08-23T00:14:10.6404500Z [PREBUILD] 2026-08-23T00:14:10.640Z expo:utils:tar write(644): /var/folders/g3/pffjr_y96bq06blnkf72x_hw0000gn/T/17f5ac32717bd853b479dc0c9052c237/ios/Hence/SplashScreen.storyboard
build	Build iOS Locally on Free Cloud Mac	2026-08-23T00:14:10.6406530Z [PREBUILD] 2026-08-23T00:14:10.640Z expo:utils:tar write(644): /var/folders/g3/pffjr_y96bq06blnkf72x_hw0000gn/T/17f5ac32717bd853b479dc0c9052c237/ios/Hence/AppDelegate.swift
build	Build iOS Locally on Free Cloud Mac	2026-08-23T00:14:10.6408490Z [PREBUILD] 2026-08-23T00:14:10.640Z expo:utils:tar mkdir(p): /var/folders/g3/pffjr_y96bq06blnkf72x_hw0000gn/T/17f5ac32717bd853b479dc0c9052c237/android/app/src/main/res/mipmap-hdpi
build	Build iOS Locally on Free Cloud Mac	2026-08-23T00:14:10.6409910Z [PREBUILD] 2026-08-23T00:14:10.640Z expo:utils:tar write(644): /var/folders/g3/pffjr_y96bq06blnkf72x_hw0000gn/T/17f5ac32717bd853b479dc0c9052c237/android/app/src/main/res/mipmap-hdpi/ic_launcher_round.webp
build	Build iOS Locally on Free Cloud Mac	2026-08-23T00:14:10.6413260Z [PREBUILD] 2026-08-23T00:14:10.641Z expo:utils:tar mkdir(p): /var/folders/g3/pffjr_y96bq06blnkf72x_hw0000gn/T/17f5ac32717bd853b479dc0c9052c237/android/app/src/main/res/mipmap-mdpi
build	Build iOS Locally on Free Cloud Mac	2026-08-23T00:14:10.6416010Z [PREBUILD] 2026-08-23T00:14:10.641Z expo:utils:tar write(644): /var/folders/g3/pffjr_y96bq06blnkf72x_hw0000gn/T/17f5ac32717bd853b479dc0c9052c237/android/app/src/main/res/mipmap-mdpi/ic_launcher_round.webp
build	Build iOS Locally on Free Cloud Mac	2026-08-23T00:14:10.6420850Z [PREBUILD] 2026-08-23T00:14:10.641Z expo:utils:tar mkdir(p): /var/folders/g3/pffjr_y96bq06blnkf72x_hw0000gn/T/17f5ac32717bd853b479dc0c9052c237/android/app/src/main/res/mipmap-xhdpi
build	Build iOS Locally on Free Cloud Mac	2026-08-23T00:14:10.6422130Z [PREBUILD] 2026-08-23T00:14:10.641Z expo:utils:tar write(644): /var/folders/g3/pffjr_y96bq06blnkf72x_hw0000gn/T/17f5ac32717bd853b479dc0c9052c237/android/app/src/main/res/mipmap-xhdpi/ic_launcher_round.webp
build	Build iOS Locally on Free Cloud Mac	2026-08-23T00:14:10.6427310Z [PREBUILD] 2026-08-23T00:14:10.642Z expo:utils:tar mkdir(p): /var/folders/g3/pffjr_y96bq06blnkf72x_hw0000gn/T/17f5ac32717bd853b479dc0c9052c237/android/app/src/main/res/mipmap-xxhdpi
build	Build iOS Locally on Free Cloud Mac	2026-08-23T00:14:10.6428700Z [PREBUILD] 2026-08-23T00:14:10.642Z expo:utils:tar write(644): /var/folders/g3/pffjr_y96bq06blnkf72x_hw0000gn/T/17f5ac32717bd853b479dc0c9052c237/android/app/src/main/res/mipmap-xxhdpi/ic_launcher_round.webp
build	Build iOS Locally on Free Cloud Mac	2026-08-23T00:14:10.6430740Z [PREBUILD] 2026-08-23T00:14:10.642Z expo:utils:tar mkdir(p): /var/folders/g3/pffjr_y96bq06blnkf72x_hw0000gn/T/17f5ac32717bd853b479dc0c9052c237/android/app/src/main/res/mipmap-xxxhdpi
build	Build iOS Locally on Free Cloud Mac	2026-08-23T00:14:10.6432100Z [PREBUILD] 2026-08-23T00:14:10.643Z expo:utils:tar write(644): /var/folders/g3/pffjr_y96bq06blnkf72x_hw0000gn/T/17f5ac32717bd853b479dc0c9052c237/android/app/src/main/res/mipmap-xxxhdpi/ic_launcher_round.webp
build	Build iOS Locally on Free Cloud Mac	2026-08-23T00:14:10.6434480Z [PREBUILD] 2026-08-23T00:14:10.643Z expo:utils:tar write(644): /var/folders/g3/pffjr_y96bq06blnkf72x_hw0000gn/T/17f5ac32717bd853b479dc0c9052c237/android/app/src/main/res/mipmap-hdpi/ic_launcher.webp
build	Build iOS Locally on Free Cloud Mac	2026-08-23T00:14:10.6437090Z [PREBUILD] 2026-08-23T00:14:10.643Z expo:utils:tar write(644): /var/folders/g3/pffjr_y96bq06blnkf72x_hw0000gn/T/17f5ac32717bd853b479dc0c9052c237/android/app/src/main/res/mipmap-mdpi/ic_launcher.webp
build	Build iOS Locally on Free Cloud Mac	2026-08-23T00:14:10.6438920Z [PREBUILD] 2026-08-23T00:14:10.643Z expo:utils:tar write(644): /var/folders/g3/pffjr_y96bq06blnkf72x_hw0000gn/T/17f5ac32717bd853b479dc0c9052c237/android/app/src/main/res/mipmap-xhdpi/ic_launcher.webp
build	Build iOS Locally on Free Cloud Mac	2026-08-23T00:14:10.6440980Z [PREBUILD] 2026-08-23T00:14:10.643Z expo:utils:tar write(644): /var/folders/g3/pffjr_y96bq06blnkf72x_hw0000gn/T/17f5ac32717bd853b479dc0c9052c237/android/app/src/main/res/mipmap-xxhdpi/ic_launcher.webp
build	Build iOS Locally on Free Cloud Mac	2026-08-23T00:14:10.6443330Z [PREBUILD] 2026-08-23T00:14:10.644Z expo:utils:tar write(644): /var/folders/g3/pffjr_y96bq06blnkf72x_hw0000gn/T/17f5ac32717bd853b479dc0c9052c237/android/app/src/main/res/mipmap-xxxhdpi/ic_launcher.webp
build	Build iOS Locally on Free Cloud Mac	2026-08-23T00:14:10.6445210Z [PREBUILD] 2026-08-23T00:14:10.644Z expo:utils:tar mkdir(p): /var/folders/g3/pffjr_y96bq06blnkf72x_hw0000gn/T/17f5ac32717bd853b479dc0c9052c237/ios/Hence.xcodeproj/xcshareddata/xcschemes
build	Build iOS Locally on Free Cloud Mac	2026-08-23T00:14:10.6446820Z [PREBUILD] 2026-08-23T00:14:10.644Z expo:utils:tar write(644): /var/folders/g3/pffjr_y96bq06blnkf72x_hw0000gn/T/17f5ac32717bd853b479dc0c9052c237/ios/Hence.xcodeproj/xcshareddata/xcschemes/Hence.xcscheme
build	Build iOS Locally on Free Cloud Mac	2026-08-23T00:14:10.6449430Z [PREBUILD] 2026-08-23T00:14:10.644Z expo:utils:tar write(644): /var/folders/g3/pffjr_y96bq06blnkf72x_hw0000gn/T/17f5ac32717bd853b479dc0c9052c237/ios/Hence.xcodeproj/project.xcworkspace/contents.xcworkspacedata
build	Build iOS Locally on Free Cloud Mac	2026-08-23T00:14:10.6451220Z [PREBUILD] 2026-08-23T00:14:10.645Z expo:utils:tar mkdir(p): /var/folders/g3/pffjr_y96bq06blnkf72x_hw0000gn/T/17f5ac32717bd853b479dc0c9052c237/android/app/src/debug
build	Build iOS Locally on Free Cloud Mac	2026-08-23T00:14:10.6452440Z [PREBUILD] 2026-08-23T00:14:10.645Z expo:utils:tar write(644): /var/folders/g3/pffjr_y96bq06blnkf72x_hw0000gn/T/17f5ac32717bd853b479dc0c9052c237/android/app/src/debug/AndroidManifest.xml
build	Build iOS Locally on Free Cloud Mac	2026-08-23T00:14:10.6453760Z [PREBUILD] 2026-08-23T00:14:10.645Z expo:utils:tar mkdir(p): /var/folders/g3/pffjr_y96bq06blnkf72x_hw0000gn/T/17f5ac32717bd853b479dc0c9052c237/android/app/src/debugOptimized
build	Build iOS Locally on Free Cloud Mac	2026-08-23T00:14:10.6454970Z [PREBUILD] 2026-08-23T00:14:10.645Z expo:utils:tar write(644): /var/folders/g3/pffjr_y96bq06blnkf72x_hw0000gn/T/17f5ac32717bd853b479dc0c9052c237/android/app/src/debugOptimized/AndroidManifest.xml
build	Build iOS Locally on Free Cloud Mac	2026-08-23T00:14:10.6456400Z [PREBUILD] 2026-08-23T00:14:10.645Z expo:utils:tar write(644): /var/folders/g3/pffjr_y96bq06blnkf72x_hw0000gn/T/17f5ac32717bd853b479dc0c9052c237/android/app/src/main/AndroidManifest.xml
build	Build iOS Locally on Free Cloud Mac	2026-08-23T00:14:10.6458410Z [PREBUILD] 2026-08-23T00:14:10.645Z expo:utils:tar mkdir(p): /var/folders/g3/pffjr_y96bq06blnkf72x_hw0000gn/T/17f5ac32717bd853b479dc0c9052c237/android/app/src/main/res/values
build	Build iOS Locally on Free Cloud Mac	2026-08-23T00:14:10.6459950Z [PREBUILD] 2026-08-23T00:14:10.645Z expo:utils:tar write(644): /var/folders/g3/pffjr_y96bq06blnkf72x_hw0000gn/T/17f5ac32717bd853b479dc0c9052c237/android/app/src/main/res/values/colors.xml
build	Build iOS Locally on Free Cloud Mac	2026-08-23T00:14:10.6462680Z [PREBUILD] 2026-08-23T00:14:10.646Z expo:utils:tar mkdir(p): /var/folders/g3/pffjr_y96bq06blnkf72x_hw0000gn/T/17f5ac32717bd853b479dc0c9052c237/android/app/src/main/res/drawable
build	Build iOS Locally on Free Cloud Mac	2026-08-23T00:14:10.6464310Z [PREBUILD] 2026-08-23T00:14:10.646Z expo:utils:tar write(644): /var/folders/g3/pffjr_y96bq06blnkf72x_hw0000gn/T/17f5ac32717bd853b479dc0c9052c237/android/app/src/main/res/drawable/ic_launcher_background.xml
build	Build iOS Locally on Free Cloud Mac	2026-08-23T00:14:10.6465930Z [PREBUILD] 2026-08-23T00:14:10.646Z expo:utils:tar write(644): /var/folders/g3/pffjr_y96bq06blnkf72x_hw0000gn/T/17f5ac32717bd853b479dc0c9052c237/android/app/src/main/res/drawable/rn_edit_text_material.xml
build	Build iOS Locally on Free Cloud Mac	2026-08-23T00:14:10.6518810Z [PREBUILD] 2026-08-23T00:14:10.651Z expo:utils:tar write(644): /var/folders/g3/pffjr_y96bq06blnkf72x_hw0000gn/T/17f5ac32717bd853b479dc0c9052c237/android/app/src/main/res/values/strings.xml
build	Build iOS Locally on Free Cloud Mac	2026-08-23T00:14:10.6638280Z [PREBUILD] 2026-08-23T00:14:10.663Z expo:utils:tar write(644): /var/folders/g3/pffjr_y96bq06blnkf72x_hw0000gn/T/17f5ac32717bd853b479dc0c9052c237/android/app/src/main/res/values/styles.xml
build	Build iOS Locally on Free Cloud Mac	2026-08-23T00:14:10.6704480Z [PREBUILD] 2026-08-23T00:14:10.670Z expo:utils:tar write(644): /var/folders/g3/pffjr_y96bq06blnkf72x_hw0000gn/T/17f5ac32717bd853b479dc0c9052c237/LICENSE
build	Build iOS Locally on Free Cloud Mac	2026-08-23T00:14:10.6786960Z [PREBUILD] 2026-08-23T00:14:10.678Z expo:prebuild:copyTemplateFiles All platforms have an internal gitignore: true
build	Build iOS Locally on Free Cloud Mac	2026-08-23T00:14:10.8507450Z [PREBUILD] 2026-08-23T00:14:10.850Z expo:prebuild:copyTemplateFiles Got files to transform: ["ios/Podfile","app.json","ios/Hence.xcodeproj/project.pbxproj","ios/Hence.xcodeproj/xcshareddata/xcschemes/Hence.xcscheme","ios/Hence.xcodeproj/project.xcworkspace/contents.xcworkspacedata","node_modules/react-native-qrcode-svg/Example/app.json","node_modules/expo/node_modules/@expo/log-box/app.json"]
build	Build iOS Locally on Free Cloud Mac	2026-08-23T00:14:10.8512600Z [PREBUILD] 2026-08-23T00:14:10.851Z expo:prebuild:copyTemplateFiles Renaming app name in file: /private/var/folders/g3/pffjr_y96bq06blnkf72x_hw0000gn/T/eas-build-local-nodejs/3113b503-fe57-40ab-8a83-a993d2515c76/build/ios/Podfile
build	Build iOS Locally on Free Cloud Mac	2026-08-23T00:14:10.8517890Z [PREBUILD] 2026-08-23T00:14:10.851Z expo:prebuild:copyTemplateFiles Renaming app name in file: /private/var/folders/g3/pffjr_y96bq06blnkf72x_hw0000gn/T/eas-build-local-nodejs/3113b503-fe57-40ab-8a83-a993d2515c76/build/app.json
build	Build iOS Locally on Free Cloud Mac	2026-08-23T00:14:10.8520130Z [PREBUILD] 2026-08-23T00:14:10.851Z expo:prebuild:copyTemplateFiles Renaming app name in file: /private/var/folders/g3/pffjr_y96bq06blnkf72x_hw0000gn/T/eas-build-local-nodejs/3113b503-fe57-40ab-8a83-a993d2515c76/build/ios/Hence.xcodeproj/xcshareddata/xcschemes/Hence.xcscheme
build	Build iOS Locally on Free Cloud Mac	2026-08-23T00:14:10.8521920Z [PREBUILD] 2026-08-23T00:14:10.851Z expo:prebuild:copyTemplateFiles Renaming app name in file: /private/var/folders/g3/pffjr_y96bq06blnkf72x_hw0000gn/T/eas-build-local-nodejs/3113b503-fe57-40ab-8a83-a993d2515c76/build/ios/Hence.xcodeproj/project.pbxproj
build	Build iOS Locally on Free Cloud Mac	2026-08-23T00:14:10.8525270Z [PREBUILD] 2026-08-23T00:14:10.852Z expo:prebuild:copyTemplateFiles Renaming app name in file: /private/var/folders/g3/pffjr_y96bq06blnkf72x_hw0000gn/T/eas-build-local-nodejs/3113b503-fe57-40ab-8a83-a993d2515c76/build/ios/Hence.xcodeproj/project.xcworkspace/contents.xcworkspacedata
build	Build iOS Locally on Free Cloud Mac	2026-08-23T00:14:10.8527610Z [PREBUILD] ✔ Created native directory
build	Build iOS Locally on Free Cloud Mac	2026-08-23T00:14:10.8528970Z [PREBUILD] 2026-08-23T00:14:10.852Z expo:prebuild:copyTemplateFiles Renaming app name in file: /private/var/folders/g3/pffjr_y96bq06blnkf72x_hw0000gn/T/eas-build-local-nodejs/3113b503-fe57-40ab-8a83-a993d2515c76/build/node_modules/expo/node_modules/@expo/log-box/app.json
build	Build iOS Locally on Free Cloud Mac	2026-08-23T00:14:10.8530300Z [PREBUILD] - Updating package.json
build	Build iOS Locally on Free Cloud Mac	2026-08-23T00:14:10.8531580Z [PREBUILD] 2026-08-23T00:14:10.852Z expo:prebuild:copyTemplateFiles Renaming app name in file: /private/var/folders/g3/pffjr_y96bq06blnkf72x_hw0000gn/T/eas-build-local-nodejs/3113b503-fe57-40ab-8a83-a993d2515c76/build/node_modules/react-native-qrcode-svg/Example/app.json
build	Build iOS Locally on Free Cloud Mac	2026-08-23T00:14:10.8559510Z [PREBUILD] ✔ Updated package.json | no changes
build	Build iOS Locally on Free Cloud Mac	2026-08-23T00:14:10.9515820Z [PREBUILD] 2026-08-23T00:14:10.951Z expo:config-plugins:ios:maps Google Maps API Key: null
build	Build iOS Locally on Free Cloud Mac	2026-08-23T00:14:10.9617280Z [PREBUILD] 2026-08-23T00:14:10.954Z expo:prebuild-config Skipping unlinked auto plugin: expo-firebase-analytics
build	Build iOS Locally on Free Cloud Mac	2026-08-23T00:14:10.9632970Z [PREBUILD] 2026-08-23T00:14:10.954Z expo:prebuild-config Skipping unlinked auto plugin: expo-firebase-core
build	Build iOS Locally on Free Cloud Mac	2026-08-23T00:14:10.9638630Z [PREBUILD] 2026-08-23T00:14:10.954Z expo:prebuild-config Skipping unlinked auto plugin: expo-google-sign-in
build	Build iOS Locally on Free Cloud Mac	2026-08-23T00:14:10.9639960Z [PREBUILD] 2026-08-23T00:14:10.954Z expo:prebuild-config Skipping unlinked auto plugin: expo-app-auth
build	Build iOS Locally on Free Cloud Mac	2026-08-23T00:14:10.9640790Z [PREBUILD] 2026-08-23T00:14:10.954Z expo:prebuild-config Skipping unlinked auto plugin: expo-av
build	Build iOS Locally on Free Cloud Mac	2026-08-23T00:14:10.9641560Z [PREBUILD] 2026-08-23T00:14:10.954Z expo:prebuild-config Skipping unlinked auto plugin: expo-background-fetch
build	Build iOS Locally on Free Cloud Mac	2026-08-23T00:14:10.9642270Z [PREBUILD] 2026-08-23T00:14:10.954Z expo:prebuild-config Skipping unlinked auto plugin: expo-brightness
build	Build iOS Locally on Free Cloud Mac	2026-08-23T00:14:10.9643030Z [PREBUILD] 2026-08-23T00:14:10.954Z expo:prebuild-config Skipping unlinked auto plugin: expo-calendar
build	Build iOS Locally on Free Cloud Mac	2026-08-23T00:14:10.9643700Z [PREBUILD] 2026-08-23T00:14:10.954Z expo:prebuild-config Skipping unlinked auto plugin: expo-cellular
build	Build iOS Locally on Free Cloud Mac	2026-08-23T00:14:10.9644390Z [PREBUILD] 2026-08-23T00:14:10.960Z expo:prebuild-config Skipping unlinked auto plugin: expo-media-library
build	Build iOS Locally on Free Cloud Mac	2026-08-23T00:14:10.9645190Z [PREBUILD] 2026-08-23T00:14:10.960Z expo:prebuild-config Skipping unlinked auto plugin: expo-screen-orientation
build	Build iOS Locally on Free Cloud Mac	2026-08-23T00:14:10.9645890Z [PREBUILD] 2026-08-23T00:14:10.960Z expo:prebuild-config Skipping unlinked auto plugin: expo-sensors
build	Build iOS Locally on Free Cloud Mac	2026-08-23T00:14:10.9646660Z [PREBUILD] 2026-08-23T00:14:10.961Z expo:prebuild-config Skipping unlinked auto plugin: expo-local-authentication
build	Build iOS Locally on Free Cloud Mac	2026-08-23T00:14:10.9693690Z [PREBUILD] 2026-08-23T00:14:10.969Z expo:config-plugins:mod-compiler run in order: dangerous, xcodeproj, entitlements, infoPlist, podfileProperties, podfile, appDelegate, expoPlist
build	Build iOS Locally on Free Cloud Mac	2026-08-23T00:14:10.9719720Z [PREBUILD] ios.dangerous: withDefaultBaseMods ➜ withIosBaseMods ➜ withGeneratedBaseMods ➜ withIosDangerousBaseMod
build	Build iOS Locally on Free Cloud Mac	2026-08-23T00:14:10.9720830Z [PREBUILD] 2026-08-23T00:14:10.971Z expo:config-plugins:base-mods mods.ios.dangerous: file path: [skipped]
build	Build iOS Locally on Free Cloud Mac	2026-08-23T00:14:10.9721680Z [PREBUILD] ios.dangerous: withIosExpoPlugins ➜ withPlugins ➜ withStaticPlugin ➜ withIosIcons ➜ withDangerousMod
build	Build iOS Locally on Free Cloud Mac	2026-08-23T00:14:11.3054580Z [PREBUILD] ios.xcodeproj: withDefaultBaseMods ➜ withIosBaseMods ➜ withGeneratedBaseMods ➜ withIosXcodeprojBaseMod
build	Build iOS Locally on Free Cloud Mac	2026-08-23T00:14:11.3066080Z [PREBUILD] 2026-08-23T00:14:11.306Z expo:config-plugins:base-mods mods.ios.xcodeproj: file path: /private/var/folders/g3/pffjr_y96bq06blnkf72x_hw0000gn/T/eas-build-local-nodejs/3113b503-fe57-40ab-8a83-a993d2515c76/build/ios/Hence.xcodeproj/project.pbxproj
build	Build iOS Locally on Free Cloud Mac	2026-08-23T00:14:11.3142570Z [PREBUILD] ios.xcodeproj: withIosExpoPlugins ➜ withPlugins ➜ withStaticPlugin ➜ withIosIcons ➜ withXcodeProject
build	Build iOS Locally on Free Cloud Mac	2026-08-23T00:14:11.3144490Z [PREBUILD] ios.xcodeproj: withIosExpoPlugins ➜ withPlugins ➜ withStaticPlugin ➜ withDevelopmentTeam ➜ withXcodeProject
build	Build iOS Locally on Free Cloud Mac	2026-08-23T00:14:11.3145530Z [PREBUILD] ios.xcodeproj: withIosExpoPlugins ➜ withPlugins ➜ withStaticPlugin ➜ withLocales ➜ withXcodeProject
build	Build iOS Locally on Free Cloud Mac	2026-08-23T00:14:11.3146490Z [PREBUILD] ios.xcodeproj: withIosExpoPlugins ➜ withPlugins ➜ withStaticPlugin ➜ withBitcode ➜ withXcodeProject
build	Build iOS Locally on Free Cloud Mac	2026-08-23T00:14:11.3147410Z [PREBUILD] ios.xcodeproj: withIosExpoPlugins ➜ withPlugins ➜ withStaticPlugin ➜ withDeviceFamily ➜ withXcodeProject
build	Build iOS Locally on Free Cloud Mac	2026-08-23T00:14:11.3148360Z [PREBUILD] ios.xcodeproj: withIosExpoPlugins ➜ withPlugins ➜ withStaticPlugin ➜ withDeploymentTarget ➜ withXcodeProject
build	Build iOS Locally on Free Cloud Mac	2026-08-23T00:14:11.3149330Z [PREBUILD] ios.xcodeproj: withIosExpoPlugins ➜ withPlugins ➜ withStaticPlugin ➜ withGoogleServicesFile ➜ withXcodeProject
build	Build iOS Locally on Free Cloud Mac	2026-08-23T00:14:11.3150270Z [PREBUILD] ios.xcodeproj: withIosExpoPlugins ➜ withPlugins ➜ withStaticPlugin ➜ withProductName ➜ withXcodeProject
build	Build iOS Locally on Free Cloud Mac	2026-08-23T00:14:11.3151220Z [PREBUILD] ios.xcodeproj: withIosExpoPlugins ➜ withPlugins ➜ withStaticPlugin ➜ withBundleIdentifier ➜ withXcodeProject
build	Build iOS Locally on Free Cloud Mac	2026-08-23T00:14:11.3152160Z [PREBUILD] ios.xcodeproj: withStaticPlugin ➜ withRunOnce ➜ withStripLocalNetworkKeysForRelease ➜ withXcodeProject
build	Build iOS Locally on Free Cloud Mac	2026-08-23T00:14:11.3153430Z [PREBUILD] ios.xcodeproj: withStaticPlugin ➜ withRunOnce ➜ withNotifications ➜ withNotificationsIOS ➜ withNotificationSounds ➜ withXcodeProject
build	Build iOS Locally on Free Cloud Mac	2026-08-23T00:14:11.3154540Z [PREBUILD] ios.xcodeproj: withStaticPlugin ➜ withRunOnce ➜ withStripe ➜ withNoopSwiftFile ➜ withBuildSourceFile ➜ withXcodeProject
build	Build iOS Locally on Free Cloud Mac	2026-08-23T00:14:11.3256370Z [PREBUILD] ios.entitlements: withDefaultBaseMods ➜ withIosBaseMods ➜ withGeneratedBaseMods ➜ withIosEntitlementsBaseMod
build	Build iOS Locally on Free Cloud Mac	2026-08-23T00:14:11.3408330Z [PREBUILD] 2026-08-23T00:14:11.340Z expo:config-plugins:base-mods mods.ios.entitlements: file path: /private/var/folders/g3/pffjr_y96bq06blnkf72x_hw0000gn/T/eas-build-local-nodejs/3113b503-fe57-40ab-8a83-a993d2515c76/build/ios/Hence/Hence.entitlements
build	Build iOS Locally on Free Cloud Mac	2026-08-23T00:14:11.3430000Z [PREBUILD] ios.entitlements: withIosExpoPlugins ➜ withPlugins ➜ withStaticPlugin ➜ withAssociatedDomains ➜ withEntitlementsPlist
build	Build iOS Locally on Free Cloud Mac	2026-08-23T00:14:11.3431430Z [PREBUILD] ios.entitlements: withStaticPlugin ➜ withExpoContacts ➜ withRunOnce ➜ withAccessesContactNotes ➜ withEntitlementsPlist
build	Build iOS Locally on Free Cloud Mac	2026-08-23T00:14:11.3432620Z [PREBUILD] ios.entitlements: withStaticPlugin ➜ withExpoAppleAuthentication ➜ withRunOnce ➜ withAppleSignInWarning ➜ withEntitlementsPlist
build	Build iOS Locally on Free Cloud Mac	2026-08-23T00:14:11.3433690Z [PREBUILD] ios.entitlements: withStaticPlugin ➜ withRunOnce ➜ withNotifications ➜ withNotificationsIOS ➜ withEntitlementsPlist
build	Build iOS Locally on Free Cloud Mac	2026-08-23T00:14:11.3434670Z [PREBUILD] ios.entitlements: withStaticPlugin ➜ withRunOnce ➜ withStripe ➜ withStripeIos ➜ withEntitlementsPlist
build	Build iOS Locally on Free Cloud Mac	2026-08-23T00:14:11.3462800Z [PREBUILD] ios.infoPlist: withDefaultBaseMods ➜ withIosBaseMods ➜ withGeneratedBaseMods ➜ withIosInfoPlistBaseMod
build	Build iOS Locally on Free Cloud Mac	2026-08-23T00:14:11.3519830Z [PREBUILD] 2026-08-23T00:14:11.351Z expo:config-plugins:base-mods mods.ios.infoPlist: file path: /private/var/folders/g3/pffjr_y96bq06blnkf72x_hw0000gn/T/eas-build-local-nodejs/3113b503-fe57-40ab-8a83-a993d2515c76/build/ios/Hence/Info.plist
build	Build iOS Locally on Free Cloud Mac	2026-08-23T00:14:11.3557620Z [PREBUILD] 2026-08-23T00:14:11.353Z expo:config-plugins:ios:permissions Setting "NSPhotoLibraryUsageDescription" to "Hence Logistics needs photo library access to upload profile pictures and delivery receipts."
build	Build iOS Locally on Free Cloud Mac	2026-08-23T00:14:11.3558930Z [PREBUILD] ios.infoPlist: withIosExpoPlugins ➜ withPlugins ➜ withStaticPlugin ➜ withVersion ➜ withInfoPlist
build	Build iOS Locally on Free Cloud Mac	2026-08-23T00:14:11.3576750Z [PREBUILD] 2026-08-23T00:14:11.353Z expo:config-plugins:ios:permissions Setting "NSCameraUsageDescription" to "Hence Logistics needs camera access to take photos for proof of delivery."
build	Build iOS Locally on Free Cloud Mac	2026-08-23T00:14:11.3577920Z [PREBUILD] ios.infoPlist: withIosExpoPlugins ➜ withPlugins ➜ withStaticPlugin ➜ withBuildNumber ➜ withInfoPlist
build	Build iOS Locally on Free Cloud Mac	2026-08-23T00:14:11.3583550Z [PREBUILD] 2026-08-23T00:14:11.353Z expo:config-plugins:ios:permissions Setting "NSMicrophoneUsageDescription" to "Hence Logistics needs microphone access for voice notes and video delivery proof."
build	Build iOS Locally on Free Cloud Mac	2026-08-23T00:14:11.3584800Z [PREBUILD] ios.infoPlist: withIosExpoPlugins ➜ withPlugins ➜ withStaticPlugin ➜ withUsesNonExemptEncryption ➜ withInfoPlist
build	Build iOS Locally on Free Cloud Mac	2026-08-23T00:14:11.3587900Z [PREBUILD] 2026-08-23T00:14:11.354Z expo:config-plugins:ios:permissions Setting "NSLocationAlwaysAndWhenInUseUsageDescription" to "Allow Hence to use your location to find nearby jobs and track deliveries."
build	Build iOS Locally on Free Cloud Mac	2026-08-23T00:14:11.3589120Z [PREBUILD] ios.infoPlist: withIosExpoPlugins ➜ withPlugins ➜ withStaticPlugin ➜ withMetroPort ➜ withInfoPlist
build	Build iOS Locally on Free Cloud Mac	2026-08-23T00:14:11.3590910Z [PREBUILD] 2026-08-23T00:14:11.354Z expo:config-plugins:ios:permissions Setting "NSLocationAlwaysUsageDescription" to "Allow $(PRODUCT_NAME) to access your location"
build	Build iOS Locally on Free Cloud Mac	2026-08-23T00:14:11.3591940Z [PREBUILD] ios.infoPlist: withIosExpoPlugins ➜ withPlugins ➜ withStaticPlugin ➜ withScheme ➜ withInfoPlist
build	Build iOS Locally on Free Cloud Mac	2026-08-23T00:14:11.3596200Z [PREBUILD] 2026-08-23T00:14:11.354Z expo:config-plugins:ios:permissions Setting "NSLocationWhenInUseUsageDescription" to "Hence Logistics needs your location to provide accurate tracking for deliveries."
build	Build iOS Locally on Free Cloud Mac	2026-08-23T00:14:11.3597410Z [PREBUILD] ios.infoPlist: withIosExpoPlugins ➜ withPlugins ➜ withStaticPlugin ➜ withRequiresFullScreen ➜ withInfoPlist
build	Build iOS Locally on Free Cloud Mac	2026-08-23T00:14:11.3599370Z [PREBUILD] 2026-08-23T00:14:11.354Z expo:config-plugins:ios:permissions Setting "NSMotionUsageDescription" to "Allow $(PRODUCT_NAME) to detect your current motion activity"
build	Build iOS Locally on Free Cloud Mac	2026-08-23T00:14:11.3600470Z [PREBUILD] ios.infoPlist: withIosExpoPlugins ➜ withPlugins ➜ withStaticPlugin ➜ withOrientation ➜ withInfoPlist
build	Build iOS Locally on Free Cloud Mac	2026-08-23T00:14:11.3601540Z [PREBUILD] 2026-08-23T00:14:11.354Z expo:config-plugins:ios:permissions Setting "NSCameraUsageDescription" to "Hence needs camera access to scan QR codes and upload delivery proof."
build	Build iOS Locally on Free Cloud Mac	2026-08-23T00:14:11.3602870Z [PREBUILD] 2026-08-23T00:14:11.354Z expo:config-plugins:ios:permissions Setting "NSMicrophoneUsageDescription" to "Hence Logistics needs microphone access for voice notes and video delivery proof."
build	Build iOS Locally on Free Cloud Mac	2026-08-23T00:14:11.3604460Z [PREBUILD] 2026-08-23T00:14:11.355Z expo:config-plugins:base-mods mods.ios.podfileProperties: file path: /private/var/folders/g3/pffjr_y96bq06blnkf72x_hw0000gn/T/eas-build-local-nodejs/3113b503-fe57-40ab-8a83-a993d2515c76/build/ios/Podfile.properties.json
build	Build iOS Locally on Free Cloud Mac	2026-08-23T00:14:11.3606330Z [PREBUILD] 2026-08-23T00:14:11.357Z expo:config-plugins:base-mods mods.ios.podfile: file path: /private/var/folders/g3/pffjr_y96bq06blnkf72x_hw0000gn/T/eas-build-local-nodejs/3113b503-fe57-40ab-8a83-a993d2515c76/build/ios/Podfile
build	Build iOS Locally on Free Cloud Mac	2026-08-23T00:14:11.3607390Z [PREBUILD] 2026-08-23T00:14:11.357Z expo:config-plugins:ios:maps Is Expo Autolinked: true
build	Build iOS Locally on Free Cloud Mac	2026-08-23T00:14:11.3608600Z [PREBUILD] 2026-08-23T00:14:11.357Z expo:config-plugins:ios:maps react-native-maps path: /private/var/folders/g3/pffjr_y96bq06blnkf72x_hw0000gn/T/eas-build-local-nodejs/3113b503-fe57-40ab-8a83-a993d2515c76/build/node_modules/react-native-maps
build	Build iOS Locally on Free Cloud Mac	2026-08-23T00:14:11.3610220Z [PREBUILD] 2026-08-23T00:14:11.358Z expo:config-plugins:base-mods mods.ios.appDelegate: file path: /private/var/folders/g3/pffjr_y96bq06blnkf72x_hw0000gn/T/eas-build-local-nodejs/3113b503-fe57-40ab-8a83-a993d2515c76/build/ios/Hence/AppDelegate.swift
build	Build iOS Locally on Free Cloud Mac	2026-08-23T00:14:11.3612150Z [PREBUILD] 2026-08-23T00:14:11.359Z expo:config-plugins:base-mods mods.ios.expoPlist: file path: /private/var/folders/g3/pffjr_y96bq06blnkf72x_hw0000gn/T/eas-build-local-nodejs/3113b503-fe57-40ab-8a83-a993d2515c76/build/ios/Hence/Supporting/Expo.plist
build	Build iOS Locally on Free Cloud Mac	2026-08-23T00:14:11.3613370Z [PREBUILD] ios.infoPlist: withIosExpoPlugins ➜ withPlugins ➜ withStaticPlugin ➜ withDisplayName ➜ withInfoPlist
build	Build iOS Locally on Free Cloud Mac	2026-08-23T00:14:11.3614160Z [PREBUILD] ios.infoPlist: withIosExpoPlugins ➜ withPlugins ➜ withStaticPlugin ➜ withGoogle ➜ withInfoPlist
build	Build iOS Locally on Free Cloud Mac	2026-08-23T00:14:11.3614860Z [PREBUILD] ios.infoPlist: withStaticPlugin ➜ withRunOnce ➜ withTaskManager ➜ withInfoPlist
build	Build iOS Locally on Free Cloud Mac	2026-08-23T00:14:11.3615610Z [PREBUILD] ios.infoPlist: withStaticPlugin ➜ withRunOnce ➜ withImagePicker ➜ withIosPermissions ➜ withInfoPlist
build	Build iOS Locally on Free Cloud Mac	2026-08-23T00:14:11.3616420Z [PREBUILD] ios.infoPlist: withStaticPlugin ➜ withRunOnce ➜ withDevClient ➜ withGeneratedIosScheme ➜ withInfoPlist
build	Build iOS Locally on Free Cloud Mac	2026-08-23T00:14:11.3617200Z [PREBUILD] ios.infoPlist: withStaticPlugin ➜ withRunOnce ➜ withLocalNetworkPermission ➜ withInfoPlist
build	Build iOS Locally on Free Cloud Mac	2026-08-23T00:14:11.3617820Z [PREBUILD] ios.infoPlist: withStaticPlugin ➜ withRunOnce ➜ withInfoPlist
build	Build iOS Locally on Free Cloud Mac	2026-08-23T00:14:11.3618540Z [PREBUILD] ios.infoPlist: withFallback ➜ withPlugins ➜ withStaticPlugin ➜ withIosUserInterfaceStyle ➜ withInfoPlist
build	Build iOS Locally on Free Cloud Mac	2026-08-23T00:14:11.3619450Z [PREBUILD] ios.infoPlist: withFallback ➜ withPlugins ➜ withStaticPlugin ➜ withIosRootViewBackgroundColor ➜ withInfoPlist
build	Build iOS Locally on Free Cloud Mac	2026-08-23T00:14:11.3620370Z [PREBUILD] ios.infoPlist: withFallback ➜ withPlugins ➜ withStaticPlugin ➜ withMaps ➜ withGoogleMapsKey ➜ withInfoPlist
build	Build iOS Locally on Free Cloud Mac	2026-08-23T00:14:11.3621170Z [PREBUILD] ios.infoPlist: withStaticPlugin ➜ withRunOnce ➜ withLocation ➜ withIosPermissions ➜ withInfoPlist
build	Build iOS Locally on Free Cloud Mac	2026-08-23T00:14:11.3621940Z [PREBUILD] ios.infoPlist: withStaticPlugin ➜ withRunOnce ➜ withCamera ➜ withIosPermissions ➜ withInfoPlist
build	Build iOS Locally on Free Cloud Mac	2026-08-23T00:14:11.3622820Z [PREBUILD] ios.podfileProperties: withDefaultBaseMods ➜ withIosBaseMods ➜ withGeneratedBaseMods ➜ withIosPodfilePropertiesBaseMod
build	Build iOS Locally on Free Cloud Mac	2026-08-23T00:14:11.3623960Z [PREBUILD] ios.podfileProperties: withIosExpoPlugins ➜ withPlugins ➜ withStaticPlugin ➜ withDeploymentTargetPodfileProps ➜ withPodfileProperties
build	Build iOS Locally on Free Cloud Mac	2026-08-23T00:14:11.3625100Z [PREBUILD] ios.podfileProperties: withVersionedExpoSDKPlugins ➜ withPlugins ➜ withStaticPlugin ➜ withInlineModules ➜ withIosInlineModules ➜ withPodfileProperties
build	Build iOS Locally on Free Cloud Mac	2026-08-23T00:14:11.3626290Z [PREBUILD] ios.podfileProperties: withUnversionedUpdates ➜ withUpdates ➜ withPlugins ➜ withStaticPlugin ➜ withUpdatesNativeDebugPodfileProps ➜ withPodfileProperties
build	Build iOS Locally on Free Cloud Mac	2026-08-23T00:14:11.3637420Z [PREBUILD] ios.podfileProperties: withConfigPlugins ➜ withPlugins ➜ withStaticPlugin ➜ withBuildProperties ➜ withIosBuildProperties ➜ withPodfileProperties
build	Build iOS Locally on Free Cloud Mac	2026-08-23T00:14:11.3638420Z [PREBUILD] ios.podfileProperties: withStaticPlugin ➜ withRunOnce ➜ withCamera ➜ withPodfileProperties
build	Build iOS Locally on Free Cloud Mac	2026-08-23T00:14:11.3639240Z [PREBUILD] ios.podfile: withDefaultBaseMods ➜ withIosBaseMods ➜ withGeneratedBaseMods ➜ withIosPodfileBaseMod
build	Build iOS Locally on Free Cloud Mac	2026-08-23T00:14:11.3640090Z [PREBUILD] ios.podfile: withFallback ➜ withPlugins ➜ withStaticPlugin ➜ withMaps ➜ withMapsCocoaPods ➜ withPodfile
build	Build iOS Locally on Free Cloud Mac	2026-08-23T00:14:11.3640920Z [PREBUILD] ios.podfile: withConfigPlugins ➜ withPlugins ➜ withStaticPlugin ➜ withDisableSandboxing ➜ withPodfile
build	Build iOS Locally on Free Cloud Mac	2026-08-23T00:14:11.3641760Z [PREBUILD] ios.appDelegate: withDefaultBaseMods ➜ withIosBaseMods ➜ withGeneratedBaseMods ➜ withIosAppDelegateBaseMod
build	Build iOS Locally on Free Cloud Mac	2026-08-23T00:14:11.3642670Z [PREBUILD] ios.appDelegate: withFallback ➜ withPlugins ➜ withStaticPlugin ➜ withMaps ➜ withGoogleMapsAppDelegate ➜ withAppDelegate
build	Build iOS Locally on Free Cloud Mac	2026-08-23T00:14:11.3643530Z [PREBUILD] ios.expoPlist: withDefaultBaseMods ➜ withIosBaseMods ➜ withGeneratedBaseMods ➜ withIosExpoPlistBaseMod
build	Build iOS Locally on Free Cloud Mac	2026-08-23T00:14:11.3644500Z [PREBUILD] ios.expoPlist: withUnversionedUpdates ➜ withUpdates ➜ withPlugins ➜ withStaticPlugin ➜ withUpdatesPlist ➜ withExpoPlist
build	Build iOS Locally on Free Cloud Mac	2026-08-23T00:14:11.3645620Z [PREBUILD] 2026-08-23T00:14:11.361Z expo:config-plugins:mod-compiler skip platform: android
build	Build iOS Locally on Free Cloud Mac	2026-08-23T00:14:11.3645960Z [PREBUILD] 
build	Build iOS Locally on Free Cloud Mac	2026-08-23T00:14:11.3646130Z [PREBUILD] Evaluated config:
build	Build iOS Locally on Free Cloud Mac	2026-08-23T00:14:11.3646310Z [PREBUILD] {
build	Build iOS Locally on Free Cloud Mac	2026-08-23T00:14:11.3646560Z [PREBUILD]   name: ^[[32m'Hence'^[[39m,
build	Build iOS Locally on Free Cloud Mac	2026-08-23T00:14:11.3646880Z [PREBUILD]   slug: ^[[32m'HenceLogistics'^[[39m,
build	Build iOS Locally on Free Cloud Mac	2026-08-23T00:14:11.3647280Z [PREBUILD]   scheme: ^[[32m'hencelogistics'^[[39m,
build	Build iOS Locally on Free Cloud Mac	2026-08-23T00:14:11.3647600Z [PREBUILD]   version: ^[[32m'1.0.0'^[[39m,
build	Build iOS Locally on Free Cloud Mac	2026-08-23T00:14:11.3647920Z [PREBUILD]   orientation: ^[[32m'portrait'^[[39m,
build	Build iOS Locally on Free Cloud Mac	2026-08-23T00:14:11.3648270Z [PREBUILD]   icon: ^[[32m'./assets/icon.png'^[[39m,
build	Build iOS Locally on Free Cloud Mac	2026-08-23T00:14:11.3648630Z [PREBUILD]   userInterfaceStyle: ^[[32m'light'^[[39m,
build	Build iOS Locally on Free Cloud Mac	2026-08-23T00:14:11.3648880Z [PREBUILD]   plugins: [
build	Build iOS Locally on Free Cloud Mac	2026-08-23T00:14:11.3649040Z [PREBUILD]     [
build	Build iOS Locally on Free Cloud Mac	2026-08-23T00:14:11.3649340Z [PREBUILD]       ^[[32m'@stripe/stripe-react-native'^[[39m,
build	Build iOS Locally on Free Cloud Mac	2026-08-23T00:14:11.3649600Z [PREBUILD]       {
build	Build iOS Locally on Free Cloud Mac	2026-08-23T00:14:11.3650030Z [PREBUILD]         merchantIdentifier: ^[[32m'merchant.com.hencelogistics.test'^[[39m,
build	Build iOS Locally on Free Cloud Mac	2026-08-23T00:14:11.3650500Z [PREBUILD]         enableGooglePay: ^[[33mfalse^[[39m,
build	Build iOS Locally on Free Cloud Mac	2026-08-23T00:14:11.3650850Z [PREBUILD]         enableApplePay: ^[[33mtrue^[[39m
build	Build iOS Locally on Free Cloud Mac	2026-08-23T00:14:11.3651080Z [PREBUILD]       }
build	Build iOS Locally on Free Cloud Mac	2026-08-23T00:14:11.3651240Z [PREBUILD]     ],
build	Build iOS Locally on Free Cloud Mac	2026-08-23T00:14:11.3651470Z [PREBUILD]     ^[[32m'expo-font'^[[39m,
build	Build iOS Locally on Free Cloud Mac	2026-08-23T00:14:11.3651670Z [PREBUILD]     [
build	Build iOS Locally on Free Cloud Mac	2026-08-23T00:14:11.3651910Z [PREBUILD]       ^[[32m'expo-camera'^[[39m,
build	Build iOS Locally on Free Cloud Mac	2026-08-23T00:14:11.3652120Z [PREBUILD]       {
build	Build iOS Locally on Free Cloud Mac	2026-08-23T00:14:11.3652690Z [PREBUILD]         cameraPermission: ^[[32m'Hence needs camera access to scan QR codes and upload delivery proof.'^[[39m
build	Build iOS Locally on Free Cloud Mac	2026-08-23T00:14:11.3653090Z [PREBUILD]       }
build	Build iOS Locally on Free Cloud Mac	2026-08-23T00:14:11.3653240Z [PREBUILD]     ],
build	Build iOS Locally on Free Cloud Mac	2026-08-23T00:14:11.3653380Z [PREBUILD]     [
build	Build iOS Locally on Free Cloud Mac	2026-08-23T00:14:11.3653640Z [PREBUILD]       ^[[32m'expo-location'^[[39m,
build	Build iOS Locally on Free Cloud Mac	2026-08-23T00:14:11.3653850Z [PREBUILD]       {
build	Build iOS Locally on Free Cloud Mac	2026-08-23T00:14:11.3654530Z [PREBUILD]         locationAlwaysAndWhenInUsePermission: ^[[32m'Allow Hence to use your location to find nearby jobs and track deliveries.'^[[39m
build	Build iOS Locally on Free Cloud Mac	2026-08-23T00:14:11.3655100Z [PREBUILD]       }
build	Build iOS Locally on Free Cloud Mac	2026-08-23T00:14:11.3655260Z [PREBUILD]     ],
build	Build iOS Locally on Free Cloud Mac	2026-08-23T00:14:11.3655400Z [PREBUILD]     [
build	Build iOS Locally on Free Cloud Mac	2026-08-23T00:14:11.3655680Z [PREBUILD]       ^[[32m'expo-notifications'^[[39m,
build	Build iOS Locally on Free Cloud Mac	2026-08-23T00:14:11.3655910Z [PREBUILD]       {
build	Build iOS Locally on Free Cloud Mac	2026-08-23T00:14:11.3656170Z [PREBUILD]         color: ^[[32m'#1A7A4A'^[[39m
build	Build iOS Locally on Free Cloud Mac	2026-08-23T00:14:11.3656390Z [PREBUILD]       }
build	Build iOS Locally on Free Cloud Mac	2026-08-23T00:14:11.3656540Z [PREBUILD]     ],
build	Build iOS Locally on Free Cloud Mac	2026-08-23T00:14:11.3656890Z [PREBUILD]     ^[[32m'@react-native-community/datetimepicker'^[[39m,
build	Build iOS Locally on Free Cloud Mac	2026-08-23T00:14:11.3657450Z [PREBUILD]     ^[[32m'expo-sharing'^[[39m,
build	Build iOS Locally on Free Cloud Mac	2026-08-23T00:14:11.3657750Z [PREBUILD]     ^[[32m'expo-status-bar'^[[39m,
build	Build iOS Locally on Free Cloud Mac	2026-08-23T00:14:11.3658140Z [PREBUILD]     ^[[32m'./plugins/withDisableSandboxing.js'^[[39m,
build	Build iOS Locally on Free Cloud Mac	2026-08-23T00:14:11.3658390Z [PREBUILD]     [
build	Build iOS Locally on Free Cloud Mac	2026-08-23T00:14:11.3658680Z [PREBUILD]       ^[[32m'expo-build-properties'^[[39m,
build	Build iOS Locally on Free Cloud Mac	2026-08-23T00:14:11.3658930Z [PREBUILD]       {
build	Build iOS Locally on Free Cloud Mac	2026-08-23T00:14:11.3659100Z [PREBUILD]         ios: {
build	Build iOS Locally on Free Cloud Mac	2026-08-23T00:14:11.3659360Z [PREBUILD]           extraXCBuildSettings: {
build	Build iOS Locally on Free Cloud Mac	2026-08-23T00:14:11.3659760Z [PREBUILD]             ENABLE_USER_SCRIPT_SANDBOXING: ^[[32m'NO'^[[39m
build	Build iOS Locally on Free Cloud Mac	2026-08-23T00:14:11.3660040Z [PREBUILD]           }
build	Build iOS Locally on Free Cloud Mac	2026-08-23T00:14:11.3660210Z [PREBUILD]         }
build	Build iOS Locally on Free Cloud Mac	2026-08-23T00:14:11.3660380Z [PREBUILD]       }
build	Build iOS Locally on Free Cloud Mac	2026-08-23T00:14:11.3660520Z [PREBUILD]     ]
build	Build iOS Locally on Free Cloud Mac	2026-08-23T00:14:11.3660670Z [PREBUILD]   ],
build	Build iOS Locally on Free Cloud Mac	2026-08-23T00:14:11.3660940Z [PREBUILD]   description: ^[[90mundefined^[[39m,
build	Build iOS Locally on Free Cloud Mac	2026-08-23T00:14:11.3661320Z [PREBUILD]   sdkVersion: ^[[32m'57.0.0'^[[39m,
build	Build iOS Locally on Free Cloud Mac	2026-08-23T00:14:11.3661550Z [PREBUILD]   platforms: [
build	Build iOS Locally on Free Cloud Mac	2026-08-23T00:14:11.3661830Z [PREBUILD]     ^[[32m'ios'^[[39m,
build	Build iOS Locally on Free Cloud Mac	2026-08-23T00:14:11.3662100Z [PREBUILD]     ^[[32m'android'^[[39m
build	Build iOS Locally on Free Cloud Mac	2026-08-23T00:14:11.3662330Z [PREBUILD]   ],
build	Build iOS Locally on Free Cloud Mac	2026-08-23T00:14:11.3662490Z [PREBUILD]   splash: {
build	Build iOS Locally on Free Cloud Mac	2026-08-23T00:14:11.3662820Z [PREBUILD]     image: ^[[32m'./assets/splash-icon.png'^[[39m,
build	Build iOS Locally on Free Cloud Mac	2026-08-23T00:14:11.3663280Z [PREBUILD]     resizeMode: ^[[32m'contain'^[[39m,
build	Build iOS Locally on Free Cloud Mac	2026-08-23T00:14:11.3663640Z [PREBUILD]     backgroundColor: ^[[32m'#ffffff'^[[39m
build	Build iOS Locally on Free Cloud Mac	2026-08-23T00:14:11.3663860Z [PREBUILD]   },
build	Build iOS Locally on Free Cloud Mac	2026-08-23T00:14:11.3664010Z [PREBUILD]   ios: {
build	Build iOS Locally on Free Cloud Mac	2026-08-23T00:14:11.3664360Z [PREBUILD]     bundleIdentifier: ^[[32m'com.hence.oyedotun'^[[39m,
build	Build iOS Locally on Free Cloud Mac	2026-08-23T00:14:11.3664650Z [PREBUILD]     infoPlist: {
build	Build iOS Locally on Free Cloud Mac	2026-08-23T00:14:11.3665050Z [PREBUILD]       CADisableMinimumFrameDurationOnPhone: ^[[33mtrue^[[39m,
build	Build iOS Locally on Free Cloud Mac	2026-08-23T00:14:11.3665790Z [PREBUILD]       CFBundleDevelopmentRegion: ^[[32m'$(DEVELOPMENT_LANGUAGE)'^[[39m,
build	Build iOS Locally on Free Cloud Mac	2026-08-23T00:14:11.3666300Z [PREBUILD]       CFBundleExecutable: ^[[32m'$(EXECUTABLE_NAME)'^[[39m,
build	Build iOS Locally on Free Cloud Mac	2026-08-23T00:14:11.3666810Z [PREBUILD]       CFBundleIdentifier: ^[[32m'$(PRODUCT_BUNDLE_IDENTIFIER)'^[[39m,
build	Build iOS Locally on Free Cloud Mac	2026-08-23T00:14:11.3667290Z [PREBUILD]       CFBundleInfoDictionaryVersion: ^[[32m'6.0'^[[39m,
build	Build iOS Locally on Free Cloud Mac	2026-08-23T00:14:11.3668010Z [PREBUILD]       CFBundleName: ^[[32m'$(PRODUCT_NAME)'^[[39m,
build	Build iOS Locally on Free Cloud Mac	2026-08-23T00:14:11.3668640Z [PREBUILD]       CFBundlePackageType: ^[[32m'$(PRODUCT_BUNDLE_PACKAGE_TYPE)'^[[39m,
build	Build iOS Locally on Free Cloud Mac	2026-08-23T00:14:11.3669150Z [PREBUILD]       CFBundleShortVersionString: ^[[32m'1.0.0'^[[39m,
build	Build iOS Locally on Free Cloud Mac	2026-08-23T00:14:11.3669560Z [PREBUILD]       CFBundleSignature: ^[[32m'????'^[[39m,
build	Build iOS Locally on Free Cloud Mac	2026-08-23T00:14:11.3669920Z [PREBUILD]       CFBundleVersion: ^[[32m'1'^[[39m,
build	Build iOS Locally on Free Cloud Mac	2026-08-23T00:14:11.3670270Z [PREBUILD]       LSRequiresIPhoneOS: ^[[33mtrue^[[39m,
build	Build iOS Locally on Free Cloud Mac	2026-08-23T00:14:11.3670670Z [PREBUILD]       LSMinimumSystemVersion: ^[[32m'12.0'^[[39m,
build	Build iOS Locally on Free Cloud Mac	2026-08-23T00:14:11.3671090Z [PREBUILD]       NSAppTransportSecurity: [Object: null prototype] {
build	Build iOS Locally on Free Cloud Mac	2026-08-23T00:14:11.3671530Z [PREBUILD]         NSAllowsArbitraryLoads: ^[[33mfalse^[[39m,
build	Build iOS Locally on Free Cloud Mac	2026-08-23T00:14:11.3671940Z [PREBUILD]         NSAllowsLocalNetworking: ^[[33mtrue^[[39m
build	Build iOS Locally on Free Cloud Mac	2026-08-23T00:14:11.3672210Z [PREBUILD]       },
build	Build iOS Locally on Free Cloud Mac	2026-08-23T00:14:11.3672610Z [PREBUILD]       UILaunchStoryboardName: ^[[32m'SplashScreen'^[[39m,
build	Build iOS Locally on Free Cloud Mac	2026-08-23T00:14:11.3673710Z [PREBUILD]       UIRequiredDeviceCapabilities: [
build	Build iOS Locally on Free Cloud Mac	2026-08-23T00:14:11.3674230Z [PREBUILD]         ^[[32m'arm64'^[[39m
build	Build iOS Locally on Free Cloud Mac	2026-08-23T00:14:11.3674620Z [PREBUILD]       ],
build	Build iOS Locally on Free Cloud Mac	2026-08-23T00:14:11.3675030Z [PREBUILD]       UIStatusBarStyle: ^[[32m'UIStatusBarStyleDefault'^[[39m,
build	Build iOS Locally on Free Cloud Mac	2026-08-23T00:14:11.3675450Z [PREBUILD]       UISupportedInterfaceOrientations: [
build	Build iOS Locally on Free Cloud Mac	2026-08-23T00:14:11.3675880Z [PREBUILD]         ^[[32m'UIInterfaceOrientationPortrait'^[[39m,
build	Build iOS Locally on Free Cloud Mac	2026-08-23T00:14:11.3676370Z [PREBUILD]         ^[[32m'UIInterfaceOrientationPortraitUpsideDown'^[[39m
build	Build iOS Locally on Free Cloud Mac	2026-08-23T00:14:11.3676660Z [PREBUILD]       ],
build	Build iOS Locally on Free Cloud Mac	2026-08-23T00:14:11.3677060Z [PREBUILD]       UIViewControllerBasedStatusBarAppearance: ^[[33mfalse^[[39m,
build	Build iOS Locally on Free Cloud Mac	2026-08-23T00:14:11.3677440Z [PREBUILD]       UIBackgroundModes: [
build	Build iOS Locally on Free Cloud Mac	2026-08-23T00:14:11.3677800Z [PREBUILD]         ^[[32m'fetch'^[[39m,
build	Build iOS Locally on Free Cloud Mac	2026-08-23T00:14:11.3678130Z [PREBUILD]         ^[[32m'remote-notification'^[[39m
build	Build iOS Locally on Free Cloud Mac	2026-08-23T00:14:11.3678370Z [PREBUILD]       ],
build	Build iOS Locally on Free Cloud Mac	2026-08-23T00:14:11.3678970Z [PREBUILD]       NSCameraUsageDescription: ^[[32m'Hence needs camera access to scan QR codes and upload delivery proof.'^[[39m,
build	Build iOS Locally on Free Cloud Mac	2026-08-23T00:14:11.3679980Z [PREBUILD]       NSPhotoLibraryUsageDescription: ^[[32m'Hence Logistics needs photo library access to upload profile pictures and delivery receipts.'^[[39m,
build	Build iOS Locally on Free Cloud Mac	2026-08-23T00:14:11.3681040Z [PREBUILD]       NSLocationWhenInUseUsageDescription: ^[[32m'Hence Logistics needs your location to provide accurate tracking for deliveries.'^[[39m,
build	Build iOS Locally on Free Cloud Mac	2026-08-23T00:14:11.3682100Z [PREBUILD]       NSLocationAlwaysAndWhenInUseUsageDescription: ^[[32m'Allow Hence to use your location to find nearby jobs and track deliveries.'^[[39m,
build	Build iOS Locally on Free Cloud Mac	2026-08-23T00:14:11.3683120Z [PREBUILD]       NSMicrophoneUsageDescription: ^[[32m'Hence Logistics needs microphone access for voice notes and video delivery proof.'^[[39m,
build	Build iOS Locally on Free Cloud Mac	2026-08-23T00:14:11.3684060Z [PREBUILD]       NSUserTrackingUsageDescription: ^[[32m'Hence Logistics uses tracking to optimize the delivery experience.'^[[39m,
build	Build iOS Locally on Free Cloud Mac	2026-08-23T00:14:11.3684890Z [PREBUILD]       NSFaceIDUsageDescription: ^[[32m'Hence Logistics uses Face ID for secure driver login.'^[[39m,
build	Build iOS Locally on Free Cloud Mac	2026-08-23T00:14:11.3685600Z [PREBUILD]       ITSAppUsesNonExemptEncryption: ^[[33mfalse^[[39m,
build	Build iOS Locally on Free Cloud Mac	2026-08-23T00:14:11.3686050Z [PREBUILD]       RCTMetroPort: ^[[32m'$(RCT_METRO_PORT)'^[[39m,
build	Build iOS Locally on Free Cloud Mac	2026-08-23T00:14:11.3686380Z [PREBUILD]       CFBundleURLTypes: [
build	Build iOS Locally on Free Cloud Mac	2026-08-23T00:14:11.3686600Z [PREBUILD]         {
build	Build iOS Locally on Free Cloud Mac	2026-08-23T00:14:11.3686840Z [PREBUILD]           CFBundleURLSchemes: [
build	Build iOS Locally on Free Cloud Mac	2026-08-23T00:14:11.3687180Z [PREBUILD]             ^[[32m'hencelogistics'^[[39m,
build	Build iOS Locally on Free Cloud Mac	2026-08-23T00:14:11.3687550Z [PREBUILD]             ^[[32m'com.hence.oyedotun'^[[39m
build	Build iOS Locally on Free Cloud Mac	2026-08-23T00:14:11.3687800Z [PREBUILD]           ]
build	Build iOS Locally on Free Cloud Mac	2026-08-23T00:14:11.3687970Z [PREBUILD]         },
build	Build iOS Locally on Free Cloud Mac	2026-08-23T00:14:11.3688140Z [PREBUILD]         {
build	Build iOS Locally on Free Cloud Mac	2026-08-23T00:14:11.3688380Z [PREBUILD]           CFBundleURLSchemes: [
build	Build iOS Locally on Free Cloud Mac	2026-08-23T00:14:11.3688730Z [PREBUILD]             ^[[32m'exp+hencelogistics'^[[39m
build	Build iOS Locally on Free Cloud Mac	2026-08-23T00:14:11.3688970Z [PREBUILD]           ]
build	Build iOS Locally on Free Cloud Mac	2026-08-23T00:14:11.3689140Z [PREBUILD]         }
build	Build iOS Locally on Free Cloud Mac	2026-08-23T00:14:11.3689310Z [PREBUILD]       ],
build	Build iOS Locally on Free Cloud Mac	2026-08-23T00:14:11.3689620Z [PREBUILD]       UIRequiresFullScreen: ^[[33mfalse^[[39m,
build	Build iOS Locally on Free Cloud Mac	2026-08-23T00:14:11.3690020Z [PREBUILD]       CFBundleDisplayName: ^[[32m'Hence'^[[39m,
build	Build iOS Locally on Free Cloud Mac	2026-08-23T00:14:11.3690340Z [PREBUILD]       NSBonjourServices: [
build	Build iOS Locally on Free Cloud Mac	2026-08-23T00:14:11.3690850Z [PREBUILD]         ^[[32m'_expo._tcp'^[[39m
build	Build iOS Locally on Free Cloud Mac	2026-08-23T00:14:11.3697200Z [PREBUILD]       ],
build	Build iOS Locally on Free Cloud Mac	2026-08-23T00:14:11.3698120Z [PREBUILD]       NSLocalNetworkUsageDescription: ^[[32m'Expo Dev Launcher uses the local network to discover and connect to development servers running on your computer.'^[[39m,
build	Build iOS Locally on Free Cloud Mac	2026-08-23T00:14:11.3698830Z [PREBUILD]       UIUserInterfaceStyle: ^[[32m'Light'^[[39m,
build	Build iOS Locally on Free Cloud Mac	2026-08-23T00:14:11.3699470Z [PREBUILD]       NSLocationAlwaysUsageDescription: ^[[32m'Allow $(PRODUCT_NAME) to access your location'^[[39m,
build	Build iOS Locally on Free Cloud Mac	2026-08-23T00:14:11.3700260Z [PREBUILD]       NSMotionUsageDescription: ^[[32m'Allow $(PRODUCT_NAME) to detect your current motion activity'^[[39m
build	Build iOS Locally on Free Cloud Mac	2026-08-23T00:14:11.3700660Z [PREBUILD]     },
build	Build iOS Locally on Free Cloud Mac	2026-08-23T00:14:11.3700860Z [PREBUILD]     entitlements: {
build	Build iOS Locally on Free Cloud Mac	2026-08-23T00:14:11.3701270Z [PREBUILD]       ^[[32m'aps-environment'^[[39m: ^[[32m'development'^[[39m,
build	Build iOS Locally on Free Cloud Mac	2026-08-23T00:14:11.3701870Z [PREBUILD]       ^[[32m'com.apple.developer.in-app-payments'^[[39m: [
build	Build iOS Locally on Free Cloud Mac	2026-08-23T00:14:11.3702330Z [PREBUILD]         ^[[32m'merchant.com.hencelogistics.test'^[[39m
build	Build iOS Locally on Free Cloud Mac	2026-08-23T00:14:11.3702600Z [PREBUILD]       ]
build	Build iOS Locally on Free Cloud Mac	2026-08-23T00:14:11.3702760Z [PREBUILD]     }
build	Build iOS Locally on Free Cloud Mac	2026-08-23T00:14:11.3702900Z [PREBUILD]   },
build	Build iOS Locally on Free Cloud Mac	2026-08-23T00:14:11.3703060Z [PREBUILD]   android: {
build	Build iOS Locally on Free Cloud Mac	2026-08-23T00:14:11.3703400Z [PREBUILD]     package: ^[[32m'com.hencelogistics.app'^[[39m,
build	Build iOS Locally on Free Cloud Mac	2026-08-23T00:14:11.3703790Z [PREBUILD]     usesCleartextTraffic: ^[[33mtrue^[[39m,
build	Build iOS Locally on Free Cloud Mac	2026-08-23T00:14:11.3704050Z [PREBUILD]     permissions: [
build	Build iOS Locally on Free Cloud Mac	2026-08-23T00:14:11.3704440Z [PREBUILD]       ^[[32m'android.permission.ACCESS_FINE_LOCATION'^[[39m,
build	Build iOS Locally on Free Cloud Mac	2026-08-23T00:14:11.3704920Z [PREBUILD]       ^[[32m'android.permission.ACCESS_COARSE_LOCATION'^[[39m,
build	Build iOS Locally on Free Cloud Mac	2026-08-23T00:14:11.3705420Z [PREBUILD]       ^[[32m'android.permission.ACCESS_BACKGROUND_LOCATION'^[[39m,
build	Build iOS Locally on Free Cloud Mac	2026-08-23T00:14:11.3705870Z [PREBUILD]       ^[[32m'android.permission.CAMERA'^[[39m,
build	Build iOS Locally on Free Cloud Mac	2026-08-23T00:14:11.3706300Z [PREBUILD]       ^[[32m'android.permission.FOREGROUND_SERVICE'^[[39m,
build	Build iOS Locally on Free Cloud Mac	2026-08-23T00:14:11.3706810Z [PREBUILD]       ^[[32m'android.permission.FOREGROUND_SERVICE_LOCATION'^[[39m,
build	Build iOS Locally on Free Cloud Mac	2026-08-23T00:14:11.3707270Z [PREBUILD]       ^[[32m'android.permission.RECORD_AUDIO'^[[39m,
build	Build iOS Locally on Free Cloud Mac	2026-08-23T00:14:11.3708050Z [PREBUILD]       ^[[32m'android.permission.CAMERA'^[[39m,
build	Build iOS Locally on Free Cloud Mac	2026-08-23T00:14:11.3708540Z [PREBUILD]       ^[[32m'android.permission.RECORD_AUDIO'^[[39m,
build	Build iOS Locally on Free Cloud Mac	2026-08-23T00:14:11.3709010Z [PREBUILD]       ^[[32m'android.permission.ACCESS_COARSE_LOCATION'^[[39m,
build	Build iOS Locally on Free Cloud Mac	2026-08-23T00:14:11.3710180Z [PREBUILD]       ^[[32m'android.permission.ACCESS_FINE_LOCATION'^[[39m
build	Build iOS Locally on Free Cloud Mac	2026-08-23T00:14:11.3710490Z [PREBUILD]     ],
build	Build iOS Locally on Free Cloud Mac	2026-08-23T00:14:11.3710700Z [PREBUILD]     adaptiveIcon: {
build	Build iOS Locally on Free Cloud Mac	2026-08-23T00:14:11.3711140Z [PREBUILD]       foregroundImage: ^[[32m'./assets/adaptive-icon.png'^[[39m,
build	Build iOS Locally on Free Cloud Mac	2026-08-23T00:14:11.3711570Z [PREBUILD]       backgroundColor: ^[[32m'#ffffff'^[[39m
build	Build iOS Locally on Free Cloud Mac	2026-08-23T00:14:11.3711920Z [PREBUILD]     }
build	Build iOS Locally on Free Cloud Mac	2026-08-23T00:14:11.3712070Z [PREBUILD]   },
build	Build iOS Locally on Free Cloud Mac	2026-08-23T00:14:11.3712240Z [PREBUILD]   web: {
build	Build iOS Locally on Free Cloud Mac	2026-08-23T00:14:11.3712550Z [PREBUILD]     favicon: ^[[32m'./assets/favicon.png'^[[39m
build	Build iOS Locally on Free Cloud Mac	2026-08-23T00:14:11.3712790Z [PREBUILD]   },
build	Build iOS Locally on Free Cloud Mac	2026-08-23T00:14:11.3712950Z [PREBUILD]   extra: {
build	Build iOS Locally on Free Cloud Mac	2026-08-23T00:14:11.3713120Z [PREBUILD]     eas: {
build	Build iOS Locally on Free Cloud Mac	2026-08-23T00:14:11.3713530Z [PREBUILD]       projectId: ^[[32m'b0ad43f4-c5c8-4274-9639-2f6965170365'^[[39m
build	Build iOS Locally on Free Cloud Mac	2026-08-23T00:14:11.3713820Z [PREBUILD]     }
build	Build iOS Locally on Free Cloud Mac	2026-08-23T00:14:11.3713960Z [PREBUILD]   },
build	Build iOS Locally on Free Cloud Mac	2026-08-23T00:14:11.3714130Z [PREBUILD]   _internal: {
build	Build iOS Locally on Free Cloud Mac	2026-08-23T00:14:11.3714400Z [PREBUILD]     isDebug: ^[[33mtrue^[[39m,
build	Build iOS Locally on Free Cloud Mac	2026-08-23T00:14:11.3715230Z [PREBUILD]     projectRoot: ^[[32m'/private/var/folders/g3/pffjr_y96bq06blnkf72x_hw0000gn/T/eas-build-local-nodejs/3113b503-fe57-40ab-8a83-a993d2515c76/build'^[[39m,
build	Build iOS Locally on Free Cloud Mac	2026-08-23T00:14:11.3716440Z [PREBUILD]     staticConfigPath: ^[[32m'/private/var/folders/g3/pffjr_y96bq06blnkf72x_hw0000gn/T/eas-build-local-nodejs/3113b503-fe57-40ab-8a83-a993d2515c76/build/app.json'^[[39m,
build	Build iOS Locally on Free Cloud Mac	2026-08-23T00:14:11.3717240Z [PREBUILD] 2026-08-23T00:14:11.362Z expo:prebuild Skipped pod install
build	Build iOS Locally on Free Cloud Mac	2026-08-23T00:14:11.3717760Z [PREBUILD] 2026-08-23T00:14:11.367Z expo:telemetry:client:detached Detached flush started
build	Build iOS Locally on Free Cloud Mac	2026-08-23T00:14:11.3718780Z [PREBUILD]     packageJsonPath: ^[[32m'/private/var/folders/g3/pffjr_y96bq06blnkf72x_hw0000gn/T/eas-build-local-nodejs/3113b503-fe57-40ab-8a83-a993d2515c76/build/package.json'^[[39m,
build	Build iOS Locally on Free Cloud Mac	2026-08-23T00:14:11.3719410Z [PREBUILD]     autolinkedModules: [
build	Build iOS Locally on Free Cloud Mac	2026-08-23T00:14:11.3719730Z [PREBUILD]       ^[[32m'@expo/dom-webview'^[[39m,
build	Build iOS Locally on Free Cloud Mac	2026-08-23T00:14:11.3720060Z [PREBUILD]       ^[[32m'@expo/log-box'^[[39m,
build	Build iOS Locally on Free Cloud Mac	2026-08-23T00:14:11.3720350Z [PREBUILD]       ^[[32m'expo'^[[39m,
build	Build iOS Locally on Free Cloud Mac	2026-08-23T00:14:11.3721830Z [PREBUILD]       ^[[32m'expo-application'^[[39m,
build	Build iOS Locally on Free Cloud Mac	2026-08-23T00:14:11.3722200Z [PREBUILD]       ^[[32m'expo-asset'^[[39m,
build	Build iOS Locally on Free Cloud Mac	2026-08-23T00:14:11.3722490Z [PREBUILD]       ^[[32m'expo-blur'^[[39m,
build	Build iOS Locally on Free Cloud Mac	2026-08-23T00:14:11.3722790Z [PREBUILD]       ^[[32m'expo-camera'^[[39m,
build	Build iOS Locally on Free Cloud Mac	2026-08-23T00:14:11.3723260Z [PREBUILD]       ^[[32m'expo-clipboard'^[[39m,
build	Build iOS Locally on Free Cloud Mac	2026-08-23T00:14:11.3723580Z [PREBUILD]       ^[[32m'expo-constants'^[[39m,
build	Build iOS Locally on Free Cloud Mac	2026-08-23T00:14:11.3723900Z [PREBUILD]       ^[[32m'expo-dev-client'^[[39m,
build	Build iOS Locally on Free Cloud Mac	2026-08-23T00:14:11.3724240Z [PREBUILD]       ^[[32m'expo-dev-launcher'^[[39m,
build	Build iOS Locally on Free Cloud Mac	2026-08-23T00:14:11.3724560Z [PREBUILD]       ^[[32m'expo-dev-menu'^[[39m,
build	Build iOS Locally on Free Cloud Mac	2026-08-23T00:14:11.3724910Z [PREBUILD]       ^[[32m'expo-dev-menu-interface'^[[39m,
build	Build iOS Locally on Free Cloud Mac	2026-08-23T00:14:11.3725240Z [PREBUILD]       ^[[32m'expo-device'^[[39m,
build	Build iOS Locally on Free Cloud Mac	2026-08-23T00:14:11.3725550Z [PREBUILD]       ^[[32m'expo-file-system'^[[39m,
build	Build iOS Locally on Free Cloud Mac	2026-08-23T00:14:11.3725860Z [PREBUILD]       ^[[32m'expo-font'^[[39m,
build	Build iOS Locally on Free Cloud Mac	2026-08-23T00:14:11.3726170Z [PREBUILD]       ^[[32m'expo-haptics'^[[39m,
build	Build iOS Locally on Free Cloud Mac	2026-08-23T00:14:11.3726480Z [PREBUILD]       ^[[32m'expo-image-picker'^[[39m,
build	Build iOS Locally on Free Cloud Mac	2026-08-23T00:14:11.3726820Z [PREBUILD]       ^[[32m'expo-json-utils'^[[39m,
build	Build iOS Locally on Free Cloud Mac	2026-08-23T00:14:11.3727150Z [PREBUILD]       ^[[32m'expo-keep-awake'^[[39m,
build	Build iOS Locally on Free Cloud Mac	2026-08-23T00:14:11.3727500Z [PREBUILD]       ^[[32m'expo-linear-gradient'^[[39m,
build	Build iOS Locally on Free Cloud Mac	2026-08-23T00:14:11.3727830Z [PREBUILD]       ^[[32m'expo-linking'^[[39m,
build	Build iOS Locally on Free Cloud Mac	2026-08-23T00:14:11.3728140Z [PREBUILD]       ^[[32m'expo-location'^[[39m,
build	Build iOS Locally on Free Cloud Mac	2026-08-23T00:14:11.3728460Z [PREBUILD]       ^[[32m'expo-manifests'^[[39m,
build	Build iOS Locally on Free Cloud Mac	2026-08-23T00:14:11.3728790Z [PREBUILD]       ^[[32m'expo-modules-core'^[[39m,
build	Build iOS Locally on Free Cloud Mac	2026-08-23T00:14:11.3729120Z [PREBUILD]       ^[[32m'expo-modules-jsi'^[[39m,
build	Build iOS Locally on Free Cloud Mac	2026-08-23T00:14:11.3729450Z [PREBUILD]       ^[[32m'expo-notifications'^[[39m,
build	Build iOS Locally on Free Cloud Mac	2026-08-23T00:14:11.3729780Z [PREBUILD]       ^[[32m'expo-sharing'^[[39m,
build	Build iOS Locally on Free Cloud Mac	2026-08-23T00:14:11.3730080Z [PREBUILD]       ^[[32m'expo-speech'^[[39m,
build	Build iOS Locally on Free Cloud Mac	2026-08-23T00:14:11.3730410Z [PREBUILD]       ^[[32m'expo-task-manager'^[[39m,
build	Build iOS Locally on Free Cloud Mac	2026-08-23T00:14:11.3730770Z [PREBUILD]       ^[[32m'expo-updates-interface'^[[39m,
build	Build iOS Locally on Free Cloud Mac	2026-08-23T00:14:11.3731140Z [PREBUILD]       ^[[32m'unimodules-app-loader'^[[39m
build	Build iOS Locally on Free Cloud Mac	2026-08-23T00:14:11.3731380Z [PREBUILD]     ],
build	Build iOS Locally on Free Cloud Mac	2026-08-23T00:14:11.3731790Z [PREBUILD]     templateChecksum: ^[[32m'afd5d1cf8464f7c0d801f03c638c3c51'^[[39m,
build	Build iOS Locally on Free Cloud Mac	2026-08-23T00:14:11.3732290Z [PREBUILD]     dynamicConfigPath: {},
build	Build iOS Locally on Free Cloud Mac	2026-08-23T00:14:11.3732550Z [PREBUILD]     pluginHistory: {
build	Build iOS Locally on Free Cloud Mac	2026-08-23T00:14:11.3732920Z [PREBUILD]       ^[[32m'@stripe/stripe-react-native'^[[39m: {
build	Build iOS Locally on Free Cloud Mac	2026-08-23T00:14:11.3733350Z [PREBUILD]         name: ^[[32m'@stripe/stripe-react-native'^[[39m,
build	Build iOS Locally on Free Cloud Mac	2026-08-23T00:14:11.3733730Z [PREBUILD]         version: ^[[32m'0.64.0'^[[39m
build	Build iOS Locally on Free Cloud Mac	2026-08-23T00:14:11.3733950Z [PREBUILD]       },
build	Build iOS Locally on Free Cloud Mac	2026-08-23T00:14:11.3734210Z [PREBUILD]       ^[[32m'expo-font'^[[39m: {
build	Build iOS Locally on Free Cloud Mac	2026-08-23T00:14:11.3734530Z [PREBUILD]         name: ^[[32m'expo-font'^[[39m,
build	Build iOS Locally on Free Cloud Mac	2026-08-23T00:14:11.3734860Z [PREBUILD]         version: ^[[32m'57.0.1'^[[39m
build	Build iOS Locally on Free Cloud Mac	2026-08-23T00:14:11.3735080Z [PREBUILD]       },
build	Build iOS Locally on Free Cloud Mac	2026-08-23T00:14:11.3735350Z [PREBUILD]       ^[[32m'expo-camera'^[[39m: {
build	Build iOS Locally on Free Cloud Mac	2026-08-23T00:14:11.3735680Z [PREBUILD]         name: ^[[32m'expo-camera'^[[39m,
build	Build iOS Locally on Free Cloud Mac	2026-08-23T00:14:11.3736020Z [PREBUILD]         version: ^[[32m'57.0.3'^[[39m
build	Build iOS Locally on Free Cloud Mac	2026-08-23T00:14:11.3736290Z [PREBUILD]       },
build	Build iOS Locally on Free Cloud Mac	2026-08-23T00:14:11.3736590Z [PREBUILD]       ^[[32m'expo-location'^[[39m: {
build	Build iOS Locally on Free Cloud Mac	2026-08-23T00:14:11.3736940Z [PREBUILD]         name: ^[[32m'expo-location'^[[39m,
build	Build iOS Locally on Free Cloud Mac	2026-08-23T00:14:11.3737290Z [PREBUILD]         version: ^[[32m'57.0.10'^[[39m
build	Build iOS Locally on Free Cloud Mac	2026-08-23T00:14:11.3737520Z [PREBUILD]       },
build	Build iOS Locally on Free Cloud Mac	2026-08-23T00:14:11.3737800Z [PREBUILD]       ^[[32m'expo-notifications'^[[39m: {
build	Build iOS Locally on Free Cloud Mac	2026-08-23T00:14:11.3738180Z [PREBUILD]         name: ^[[32m'expo-notifications'^[[39m,
build	Build iOS Locally on Free Cloud Mac	2026-08-23T00:14:11.3738530Z [PREBUILD]         version: ^[[32m'57.0.11'^[[39m
build	Build iOS Locally on Free Cloud Mac	2026-08-23T00:14:11.3738750Z [PREBUILD]       },
build	Build iOS Locally on Free Cloud Mac	2026-08-23T00:14:11.3739010Z [PREBUILD]       ^[[32m'expo-sharing'^[[39m: {
build	Build iOS Locally on Free Cloud Mac	2026-08-23T00:14:11.3739350Z [PREBUILD]         name: ^[[32m'expo-sharing'^[[39m,
build	Build iOS Locally on Free Cloud Mac	2026-08-23T00:14:11.3739690Z [PREBUILD]         version: ^[[32m'57.0.12'^[[39m
build	Build iOS Locally on Free Cloud Mac	2026-08-23T00:14:11.3739900Z [PREBUILD]       },
build	Build iOS Locally on Free Cloud Mac	2026-08-23T00:14:11.3740170Z [PREBUILD]       ^[[32m'expo-status-bar'^[[39m: {
build	Build iOS Locally on Free Cloud Mac	2026-08-23T00:14:11.3740540Z [PREBUILD]         name: ^[[32m'expo-status-bar'^[[39m,
build	Build iOS Locally on Free Cloud Mac	2026-08-23T00:14:11.3740900Z [PREBUILD]         version: ^[[32m'57.0.1'^[[39m
build	Build iOS Locally on Free Cloud Mac	2026-08-23T00:14:11.3741250Z [PREBUILD]       },
build	Build iOS Locally on Free Cloud Mac	2026-08-23T00:14:11.3741540Z [PREBUILD]       ^[[32m'react-native-maps'^[[39m: {
build	Build iOS Locally on Free Cloud Mac	2026-08-23T00:14:11.3741910Z [PREBUILD]         name: ^[[32m'react-native-maps'^[[39m,
build	Build iOS Locally on Free Cloud Mac	2026-08-23T00:14:11.3742280Z [PREBUILD]         version: ^[[32m'UNVERSIONED'^[[39m
build	Build iOS Locally on Free Cloud Mac	2026-08-23T00:14:11.3742510Z [PREBUILD]       },
build	Build iOS Locally on Free Cloud Mac	2026-08-23T00:14:11.3742830Z [PREBUILD]       ^[[32m'expo-apple-authentication'^[[39m: {
build	Build iOS Locally on Free Cloud Mac	2026-08-23T00:14:11.3743250Z [PREBUILD]         name: ^[[32m'expo-apple-authentication'^[[39m,
build	Build iOS Locally on Free Cloud Mac	2026-08-23T00:14:11.3743640Z [PREBUILD]         version: ^[[32m'UNVERSIONED'^[[39m
build	Build iOS Locally on Free Cloud Mac	2026-08-23T00:14:11.3743870Z [PREBUILD]       },
build	Build iOS Locally on Free Cloud Mac	2026-08-23T00:14:11.3744150Z [PREBUILD]       ^[[32m'expo-contacts'^[[39m: {
build	Build iOS Locally on Free Cloud Mac	2026-08-23T00:14:11.3744500Z [PREBUILD]         name: ^[[32m'expo-contacts'^[[39m,
build	Build iOS Locally on Free Cloud Mac	2026-08-23T00:14:11.3744860Z [PREBUILD]         version: ^[[32m'UNVERSIONED'^[[39m
build	Build iOS Locally on Free Cloud Mac	2026-08-23T00:14:11.3745080Z [PREBUILD]       },
build	Build iOS Locally on Free Cloud Mac	2026-08-23T00:14:11.3745350Z [PREBUILD]       ^[[32m'expo-updates'^[[39m: {
build	Build iOS Locally on Free Cloud Mac	2026-08-23T00:14:11.3745680Z [PREBUILD]         name: ^[[32m'expo-updates'^[[39m,
build	Build iOS Locally on Free Cloud Mac	2026-08-23T00:14:11.3746040Z [PREBUILD]         version: ^[[32m'UNVERSIONED'^[[39m
build	Build iOS Locally on Free Cloud Mac	2026-08-23T00:14:11.3746270Z [PREBUILD]       },
build	Build iOS Locally on Free Cloud Mac	2026-08-23T00:14:11.3746560Z [PREBUILD]       ^[[32m'expo-document-picker'^[[39m: {
build	Build iOS Locally on Free Cloud Mac	2026-08-23T00:14:11.3746950Z [PREBUILD]         name: ^[[32m'expo-document-picker'^[[39m,
build	Build iOS Locally on Free Cloud Mac	2026-08-23T00:14:11.3747320Z [PREBUILD]         version: ^[[32m'UNVERSIONED'^[[39m
build	Build iOS Locally on Free Cloud Mac	2026-08-23T00:14:11.3747560Z [PREBUILD]       },
build	Build iOS Locally on Free Cloud Mac	2026-08-23T00:14:11.3747830Z [PREBUILD]       ^[[32m'expo-system-ui'^[[39m: {
build	Build iOS Locally on Free Cloud Mac	2026-08-23T00:14:11.3748180Z [PREBUILD]         name: ^[[32m'expo-system-ui'^[[39m,
build	Build iOS Locally on Free Cloud Mac	2026-08-23T00:14:11.3748530Z [PREBUILD]         version: ^[[32m'UNVERSIONED'^[[39m
build	Build iOS Locally on Free Cloud Mac	2026-08-23T00:14:11.3748770Z [PREBUILD]       },
build	Build iOS Locally on Free Cloud Mac	2026-08-23T00:14:11.3749040Z [PREBUILD]       ^[[32m'expo-dev-menu'^[[39m: {
build	Build iOS Locally on Free Cloud Mac	2026-08-23T00:14:11.3749380Z [PREBUILD]         name: ^[[32m'expo-dev-menu'^[[39m,
build	Build iOS Locally on Free Cloud Mac	2026-08-23T00:14:11.3749950Z [PREBUILD]         version: ^[[32m'57.0.12'^[[39m
build	Build iOS Locally on Free Cloud Mac	2026-08-23T00:14:11.3750190Z [PREBUILD]       },
build	Build iOS Locally on Free Cloud Mac	2026-08-23T00:14:11.3750470Z [PREBUILD]       ^[[32m'expo-dev-launcher'^[[39m: {
build	Build iOS Locally on Free Cloud Mac	2026-08-23T00:14:11.3750830Z [PREBUILD]         name: ^[[32m'expo-dev-launcher'^[[39m,
build	Build iOS Locally on Free Cloud Mac	2026-08-23T00:14:11.3751190Z [PREBUILD]         version: ^[[32m'57.0.12'^[[39m
build	Build iOS Locally on Free Cloud Mac	2026-08-23T00:14:11.3751410Z [PREBUILD]       },
build	Build iOS Locally on Free Cloud Mac	2026-08-23T00:14:11.3751680Z [PREBUILD]       ^[[32m'expo-dev-client'^[[39m: {
build	Build iOS Locally on Free Cloud Mac	2026-08-23T00:14:11.3752120Z [PREBUILD]         name: ^[[32m'expo-dev-client'^[[39m,
build	Build iOS Locally on Free Cloud Mac	2026-08-23T00:14:11.3754040Z [PREBUILD]         version: ^[[32m'57.0.12'^[[39m
build	Build iOS Locally on Free Cloud Mac	2026-08-23T00:14:11.3754310Z [PREBUILD]       },
build	Build iOS Locally on Free Cloud Mac	2026-08-23T00:14:11.3754600Z [PREBUILD]       ^[[32m'expo-image-picker'^[[39m: {
build	Build iOS Locally on Free Cloud Mac	2026-08-23T00:14:11.3755010Z [PREBUILD]         name: ^[[32m'expo-image-picker'^[[39m,
build	Build iOS Locally on Free Cloud Mac	2026-08-23T00:14:11.3755380Z [PREBUILD]         version: ^[[32m'57.0.10'^[[39m
build	Build iOS Locally on Free Cloud Mac	2026-08-23T00:14:11.3755610Z [PREBUILD]       },
build	Build iOS Locally on Free Cloud Mac	2026-08-23T00:14:11.3755920Z [PREBUILD]       ^[[32m'expo-task-manager'^[[39m: {
build	Build iOS Locally on Free Cloud Mac	2026-08-23T00:14:11.3756300Z [PREBUILD]         name: ^[[32m'expo-task-manager'^[[39m,
build	Build iOS Locally on Free Cloud Mac	2026-08-23T00:14:11.3756670Z [PREBUILD]         version: ^[[32m'57.0.10'^[[39m
build	Build iOS Locally on Free Cloud Mac	2026-08-23T00:14:11.3756910Z [PREBUILD]       }
build	Build iOS Locally on Free Cloud Mac	2026-08-23T00:14:11.3757060Z [PREBUILD]     }
build	Build iOS Locally on Free Cloud Mac	2026-08-23T00:14:11.3757220Z [PREBUILD]   },
build	Build iOS Locally on Free Cloud Mac	2026-08-23T00:14:11.3757380Z [PREBUILD]   mods: {
build	Build iOS Locally on Free Cloud Mac	2026-08-23T00:14:11.3757560Z [PREBUILD]     ios: {
build	Build iOS Locally on Free Cloud Mac	2026-08-23T00:14:11.3757900Z [PREBUILD]       entitlements: [AsyncFunction: interceptingMod] {
build	Build iOS Locally on Free Cloud Mac	2026-08-23T00:14:11.3758290Z [PREBUILD]         isProvider: ^[[33mtrue^[[39m,
build	Build iOS Locally on Free Cloud Mac	2026-08-23T00:14:11.3758650Z [PREBUILD]         isIntrospective: ^[[33mtrue^[[39m
build	Build iOS Locally on Free Cloud Mac	2026-08-23T00:14:11.3758900Z [PREBUILD]       },
build	Build iOS Locally on Free Cloud Mac	2026-08-23T00:14:11.3759450Z [PREBUILD]       xcodeproj: [AsyncFunction: interceptingMod] {
build	Build iOS Locally on Free Cloud Mac	2026-08-23T00:14:11.3759850Z [PREBUILD]         isProvider: ^[[33mtrue^[[39m
build	Build iOS Locally on Free Cloud Mac	2026-08-23T00:14:11.3760070Z [PREBUILD]       },
build	Build iOS Locally on Free Cloud Mac	2026-08-23T00:14:11.3760370Z [PREBUILD]       infoPlist: [AsyncFunction: interceptingMod] {
build	Build iOS Locally on Free Cloud Mac	2026-08-23T00:14:11.3760740Z [PREBUILD]         isProvider: ^[[33mtrue^[[39m,
build	Build iOS Locally on Free Cloud Mac	2026-08-23T00:14:11.3761380Z [PREBUILD]         isIntrospective: ^[[33mtrue^[[39m
build	Build iOS Locally on Free Cloud Mac	2026-08-23T00:14:11.3761610Z [PREBUILD]       },
build	Build iOS Locally on Free Cloud Mac	2026-08-23T00:14:11.3761950Z [PREBUILD]       podfileProperties: [AsyncFunction: interceptingMod] {
build	Build iOS Locally on Free Cloud Mac	2026-08-23T00:14:11.3762340Z [PREBUILD]         isProvider: ^[[33mtrue^[[39m,
build	Build iOS Locally on Free Cloud Mac	2026-08-23T00:14:11.3762680Z [PREBUILD]         isIntrospective: ^[[33mtrue^[[39m
build	Build iOS Locally on Free Cloud Mac	2026-08-23T00:14:11.3762920Z [PREBUILD]       },
build	Build iOS Locally on Free Cloud Mac	2026-08-23T00:14:11.3763210Z [PREBUILD]       podfile: [AsyncFunction: interceptingMod] {
build	Build iOS Locally on Free Cloud Mac	2026-08-23T00:14:11.3766730Z [PREBUILD]         isProvider: ^[[33mtrue^[[39m
build	Build iOS Locally on Free Cloud Mac	2026-08-23T00:14:11.3766970Z [PREBUILD]       },
build	Build iOS Locally on Free Cloud Mac	2026-08-23T00:14:11.3767280Z [PREBUILD]       appDelegate: [AsyncFunction: interceptingMod] {
build	Build iOS Locally on Free Cloud Mac	2026-08-23T00:14:11.3767780Z [PREBUILD]         isProvider: ^[[33mtrue^[[39m
build	Build iOS Locally on Free Cloud Mac	2026-08-23T00:14:11.3768020Z [PREBUILD]       },
build	Build iOS Locally on Free Cloud Mac	2026-08-23T00:14:11.3768320Z [PREBUILD]       expoPlist: [AsyncFunction: interceptingMod] {
build	Build iOS Locally on Free Cloud Mac	2026-08-23T00:14:11.3768720Z [PREBUILD]         isProvider: ^[[33mtrue^[[39m,
build	Build iOS Locally on Free Cloud Mac	2026-08-23T00:14:11.3769070Z [PREBUILD]         isIntrospective: ^[[33mtrue^[[39m
build	Build iOS Locally on Free Cloud Mac	2026-08-23T00:14:11.3769320Z [PREBUILD]       },
build	Build iOS Locally on Free Cloud Mac	2026-08-23T00:14:11.3769630Z [PREBUILD]       dangerous: [AsyncFunction: interceptingMod] {
build	Build iOS Locally on Free Cloud Mac	2026-08-23T00:14:11.3770000Z [PREBUILD]         isProvider: ^[[33mtrue^[[39m
build	Build iOS Locally on Free Cloud Mac	2026-08-23T00:14:11.3770240Z [PREBUILD]       }
build	Build iOS Locally on Free Cloud Mac	2026-08-23T00:14:11.3770400Z [PREBUILD]     },
build	Build iOS Locally on Free Cloud Mac	2026-08-23T00:14:11.3770670Z [PREBUILD]     android: {
build	Build iOS Locally on Free Cloud Mac	2026-08-23T00:14:11.3771000Z [PREBUILD]       manifest: [AsyncFunction: interceptingMod] {
build	Build iOS Locally on Free Cloud Mac	2026-08-23T00:14:11.3771380Z [PREBUILD]         isProvider: ^[[33mtrue^[[39m,
build	Build iOS Locally on Free Cloud Mac	2026-08-23T00:14:11.3771750Z [PREBUILD]         isIntrospective: ^[[33mtrue^[[39m
build	Build iOS Locally on Free Cloud Mac	2026-08-23T00:14:11.3771990Z [PREBUILD]       },
build	Build iOS Locally on Free Cloud Mac	2026-08-23T00:14:11.3772330Z [PREBUILD]       gradleProperties: [AsyncFunction: interceptingMod] {
build	Build iOS Locally on Free Cloud Mac	2026-08-23T00:14:11.3772740Z [PREBUILD]         isProvider: ^[[33mtrue^[[39m,
build	Build iOS Locally on Free Cloud Mac	2026-08-23T00:14:11.3773320Z [PREBUILD]         isIntrospective: ^[[33mtrue^[[39m
build	Build iOS Locally on Free Cloud Mac	2026-08-23T00:14:11.3773570Z [PREBUILD]       },
build	Build iOS Locally on Free Cloud Mac	2026-08-23T00:14:11.3773910Z [PREBUILD]       dangerous: [AsyncFunction: interceptingMod] {
build	Build iOS Locally on Free Cloud Mac	2026-08-23T00:14:11.3774320Z [PREBUILD]         isProvider: ^[[33mtrue^[[39m
build	Build iOS Locally on Free Cloud Mac	2026-08-23T00:14:11.3774560Z [PREBUILD]       },
build	Build iOS Locally on Free Cloud Mac	2026-08-23T00:14:11.3774860Z [PREBUILD]       colors: [AsyncFunction: interceptingMod] {
build	Build iOS Locally on Free Cloud Mac	2026-08-23T00:14:11.3775540Z [PREBUILD]         isProvider: ^[[33mtrue^[[39m,
build	Build iOS Locally on Free Cloud Mac	2026-08-23T00:14:11.3775920Z [PREBUILD]         isIntrospective: ^[[33mtrue^[[39m
build	Build iOS Locally on Free Cloud Mac	2026-08-23T00:14:11.3776170Z [PREBUILD]       },
build	Build iOS Locally on Free Cloud Mac	2026-08-23T00:14:11.3776480Z [PREBUILD]       colorsNight: [AsyncFunction: interceptingMod] {
build	Build iOS Locally on Free Cloud Mac	2026-08-23T00:14:11.3776850Z [PREBUILD]         isProvider: ^[[33mtrue^[[39m,
build	Build iOS Locally on Free Cloud Mac	2026-08-23T00:14:11.3777200Z [PREBUILD]         isIntrospective: ^[[33mtrue^[[39m
build	Build iOS Locally on Free Cloud Mac	2026-08-23T00:14:11.3777430Z [PREBUILD]       },
build	Build iOS Locally on Free Cloud Mac	2026-08-23T00:14:11.3777730Z [PREBUILD]       styles: [AsyncFunction: interceptingMod] {
build	Build iOS Locally on Free Cloud Mac	2026-08-23T00:14:11.3778100Z [PREBUILD]         isProvider: ^[[33mtrue^[[39m,
build	Build iOS Locally on Free Cloud Mac	2026-08-23T00:14:11.3778450Z [PREBUILD]         isIntrospective: ^[[33mtrue^[[39m
build	Build iOS Locally on Free Cloud Mac	2026-08-23T00:14:11.3778690Z [PREBUILD]       },
build	Build iOS Locally on Free Cloud Mac	2026-08-23T00:14:11.3779010Z [PREBUILD]       settingsGradle: [AsyncFunction: interceptingMod] {
build	Build iOS Locally on Free Cloud Mac	2026-08-23T00:14:11.3779390Z [PREBUILD]         isProvider: ^[[33mtrue^[[39m
build	Build iOS Locally on Free Cloud Mac	2026-08-23T00:14:11.3779610Z [PREBUILD]       },
build	Build iOS Locally on Free Cloud Mac	2026-08-23T00:14:11.3779910Z [PREBUILD]       strings: [AsyncFunction: interceptingMod] {
build	Build iOS Locally on Free Cloud Mac	2026-08-23T00:14:11.3780270Z [PREBUILD]         isProvider: ^[[33mtrue^[[39m,
build	Build iOS Locally on Free Cloud Mac	2026-08-23T00:14:11.3780620Z [PREBUILD]         isIntrospective: ^[[33mtrue^[[39m
build	Build iOS Locally on Free Cloud Mac	2026-08-23T00:14:11.3780850Z [PREBUILD]       }
build	Build iOS Locally on Free Cloud Mac	2026-08-23T00:14:11.3780990Z [PREBUILD]     }
build	Build iOS Locally on Free Cloud Mac	2026-08-23T00:14:11.3781130Z [PREBUILD]   }
build	Build iOS Locally on Free Cloud Mac	2026-08-23T00:14:11.3781270Z [PREBUILD] }
build	Build iOS Locally on Free Cloud Mac	2026-08-23T00:14:11.3781410Z [PREBUILD] 
build	Build iOS Locally on Free Cloud Mac	2026-08-23T00:14:11.3781570Z [PREBUILD] Finished prebuild
build	Build iOS Locally on Free Cloud Mac	2026-08-23T00:14:11.3782480Z [PREBUILD] Running "npm install --include=dev" in /var/folders/g3/pffjr_y96bq06blnkf72x_hw0000gn/T/eas-build-local-nodejs/3113b503-fe57-40ab-8a83-a993d2515c76/build directory
build	Build iOS Locally on Free Cloud Mac	2026-08-23T00:14:12.4616960Z [PREBUILD] > hencelogistics@1.0.0 postinstall
build	Build iOS Locally on Free Cloud Mac	2026-08-23T00:14:12.4617390Z [PREBUILD] > node patch-expo.js
build	Build iOS Locally on Free Cloud Mac	2026-08-23T00:14:12.4936890Z [PREBUILD] Patched ExpoModulesJSI build script successfully.
build	Build iOS Locally on Free Cloud Mac	2026-08-23T00:14:12.5042720Z [PREBUILD] up to date, audited 744 packages in 1s
build	Build iOS Locally on Free Cloud Mac	2026-08-23T00:14:12.5142970Z [PREBUILD] 102 packages are looking for funding
build	Build iOS Locally on Free Cloud Mac	2026-08-23T00:14:12.5280230Z [PREBUILD]   run `npm fund` for details
build	Build iOS Locally on Free Cloud Mac	2026-08-23T00:14:12.5583030Z [PREBUILD] 24 vulnerabilities (1 low, 14 moderate, 9 high)
build	Build iOS Locally on Free Cloud Mac	2026-08-23T00:14:12.5664460Z [PREBUILD] 
build	Build iOS Locally on Free Cloud Mac	2026-08-23T00:14:12.5665960Z [PREBUILD] To address issues that do not require attention, run:
build	Build iOS Locally on Free Cloud Mac	2026-08-23T00:14:12.5667200Z [PREBUILD]   npm audit fix
build	Build iOS Locally on Free Cloud Mac	2026-08-23T00:14:12.5668000Z [PREBUILD] 
build	Build iOS Locally on Free Cloud Mac	2026-08-23T00:14:12.5669560Z [PREBUILD] To address all issues (including breaking changes), run:
build	Build iOS Locally on Free Cloud Mac	2026-08-23T00:14:12.5677680Z [PREBUILD]   npm audit fix --force
build	Build iOS Locally on Free Cloud Mac	2026-08-23T00:14:12.5678020Z [PREBUILD] 
build	Build iOS Locally on Free Cloud Mac	2026-08-23T00:14:12.5678650Z [PREBUILD] Run `npm audit` for details.
build	Build iOS Locally on Free Cloud Mac	2026-08-23T00:14:12.5679160Z [RESTORE_CACHE] Local builds do not support restoring cache
build	Build iOS Locally on Free Cloud Mac	2026-08-23T00:14:14.4025490Z [INSTALL_PODS] Using Expo modules
build	Build iOS Locally on Free Cloud Mac	2026-08-23T00:14:14.4031750Z [INSTALL_PODS] [Expo] Enabling modular headers for pod ExpoModulesCore
build	Build iOS Locally on Free Cloud Mac	2026-08-23T00:14:14.4032940Z [INSTALL_PODS] [Expo] Enabling modular headers for pod ExpoModulesJSI
build	Build iOS Locally on Free Cloud Mac	2026-08-23T00:14:14.4033600Z [INSTALL_PODS] [Expo] Enabling modular headers for pod React-RCTAppDelegate
build	Build iOS Locally on Free Cloud Mac	2026-08-23T00:14:14.4034200Z [INSTALL_PODS] [Expo] Enabling modular headers for pod React-RCTFabric
build	Build iOS Locally on Free Cloud Mac	2026-08-23T00:14:14.4034820Z [INSTALL_PODS] [Expo] Enabling modular headers for pod ReactAppDependencyProvider
build	Build iOS Locally on Free Cloud Mac	2026-08-23T00:14:14.4035390Z [INSTALL_PODS] [Expo] Enabling modular headers for pod React-Core
build	Build iOS Locally on Free Cloud Mac	2026-08-23T00:14:14.4035830Z [INSTALL_PODS] [Expo] Enabling modular headers for pod ReactCodegen
build	Build iOS Locally on Free Cloud Mac	2026-08-23T00:14:14.4036660Z [INSTALL_PODS] [Expo] Enabling modular headers for pod RCTRequired
build	Build iOS Locally on Free Cloud Mac	2026-08-23T00:14:14.4037230Z [INSTALL_PODS] [Expo] Enabling modular headers for pod RCTTypeSafety
build	Build iOS Locally on Free Cloud Mac	2026-08-23T00:14:14.4037770Z [INSTALL_PODS] [Expo] Enabling modular headers for pod ReactCommon
build	Build iOS Locally on Free Cloud Mac	2026-08-23T00:14:14.4038340Z [INSTALL_PODS] [Expo] Enabling modular headers for pod React-NativeModulesApple
build	Build iOS Locally on Free Cloud Mac	2026-08-23T00:14:14.4041100Z [INSTALL_PODS] [Expo] Enabling modular headers for pod Yoga
build	Build iOS Locally on Free Cloud Mac	2026-08-23T00:14:14.4041610Z [INSTALL_PODS] [Expo] Enabling modular headers for pod React-Fabric
build	Build iOS Locally on Free Cloud Mac	2026-08-23T00:14:14.4042150Z [INSTALL_PODS] [Expo] Enabling modular headers for pod React-graphics
build	Build iOS Locally on Free Cloud Mac	2026-08-23T00:14:14.4042680Z [INSTALL_PODS] [Expo] Enabling modular headers for pod React-utils
build	Build iOS Locally on Free Cloud Mac	2026-08-23T00:14:14.4043230Z [INSTALL_PODS] [Expo] Enabling modular headers for pod React-featureflags
build	Build iOS Locally on Free Cloud Mac	2026-08-23T00:14:14.4069350Z [INSTALL_PODS] [Expo] Enabling modular headers for pod React-debug
build	Build iOS Locally on Free Cloud Mac	2026-08-23T00:14:14.4069950Z [INSTALL_PODS] [Expo] Enabling modular headers for pod React-ImageManager
build	Build iOS Locally on Free Cloud Mac	2026-08-23T00:14:14.4070560Z [INSTALL_PODS] [Expo] Enabling modular headers for pod React-rendererdebug
build	Build iOS Locally on Free Cloud Mac	2026-08-23T00:14:14.4071100Z [INSTALL_PODS] [Expo] Enabling modular headers for pod React-jsi
build	Build iOS Locally on Free Cloud Mac	2026-08-23T00:14:14.4071650Z [INSTALL_PODS] [Expo] Enabling modular headers for pod React-renderercss
build	Build iOS Locally on Free Cloud Mac	2026-08-23T00:14:14.4072200Z [INSTALL_PODS] [Expo] Enabling modular headers for pod hermes-engine
build	Build iOS Locally on Free Cloud Mac	2026-08-23T00:14:14.4072710Z [INSTALL_PODS] [Expo] Enabling modular headers for pod glog
build	Build iOS Locally on Free Cloud Mac	2026-08-23T00:14:14.4073190Z [INSTALL_PODS] [Expo] Enabling modular headers for pod boost
build	Build iOS Locally on Free Cloud Mac	2026-08-23T00:14:14.4073710Z [INSTALL_PODS] [Expo] Enabling modular headers for pod DoubleConversion
build	Build iOS Locally on Free Cloud Mac	2026-08-23T00:14:14.4074240Z [INSTALL_PODS] [Expo] Enabling modular headers for pod fast_float
build	Build iOS Locally on Free Cloud Mac	2026-08-23T00:14:14.4074730Z [INSTALL_PODS] [Expo] Enabling modular headers for pod fmt
build	Build iOS Locally on Free Cloud Mac	2026-08-23T00:14:14.4075230Z [INSTALL_PODS] [Expo] Enabling modular headers for pod RCT-Folly
build	Build iOS Locally on Free Cloud Mac	2026-08-23T00:14:14.4075830Z [INSTALL_PODS] [Expo] Enabling modular headers for pod SocketRocket
build	Build iOS Locally on Free Cloud Mac	2026-08-23T00:14:14.4076680Z [INSTALL_PODS] [Expo] Enabling modular headers for pod expo-dev-menu-interface
build	Build iOS Locally on Free Cloud Mac	2026-08-23T00:14:14.4077240Z [INSTALL_PODS] [Expo] Enabling modular headers for pod EXManifests
build	Build iOS Locally on Free Cloud Mac	2026-08-23T00:14:14.4077780Z [INSTALL_PODS] [Expo] Enabling modular headers for pod EXUpdatesInterface
build	Build iOS Locally on Free Cloud Mac	2026-08-23T00:14:14.4078330Z [INSTALL_PODS] [Expo] Enabling modular headers for pod expo-dev-menu
build	Build iOS Locally on Free Cloud Mac	2026-08-23T00:14:14.4078870Z [INSTALL_PODS] [Expo] Enabling modular headers for pod React-jsinspector
build	Build iOS Locally on Free Cloud Mac	2026-08-23T00:14:14.4079430Z [INSTALL_PODS] [Expo] Enabling modular headers for pod expo-dev-launcher
build	Build iOS Locally on Free Cloud Mac	2026-08-23T00:14:14.4079960Z [INSTALL_PODS] [Expo] Enabling modular headers for pod UMAppLoader
build	Build iOS Locally on Free Cloud Mac	2026-08-23T00:14:14.4080720Z [INSTALL_PODS] [Expo-precompiled] react-native-safe-area-context: prebuilt xcframework unavailable; building from source
build	Build iOS Locally on Free Cloud Mac	2026-08-23T00:14:14.4082440Z [INSTALL_PODS] [Expo-precompiled]   Expected tarball: /private/var/folders/g3/pffjr_y96bq06blnkf72x_hw0000gn/T/eas-build-local-nodejs/3113b503-fe57-40ab-8a83-a993d2515c76/build/packages/precompile/.build/react-native-safe-area-context/output/5.7.0/0.86.2/250829098.0.16/debug/xcframeworks/RNCSafeAreaContext.tar.gz
build	Build iOS Locally on Free Cloud Mac	2026-08-23T00:14:14.4084000Z [INSTALL_PODS] [Expo-precompiled] RNScreens: prebuilt xcframework unavailable; building from source
build	Build iOS Locally on Free Cloud Mac	2026-08-23T00:14:14.4085550Z [INSTALL_PODS] [Expo-precompiled]   Expected tarball: /private/var/folders/g3/pffjr_y96bq06blnkf72x_hw0000gn/T/eas-build-local-nodejs/3113b503-fe57-40ab-8a83-a993d2515c76/build/packages/precompile/.build/react-native-screens/output/4.26.2/0.86.2/250829098.0.16/debug/xcframeworks/RNScreens.tar.gz
build	Build iOS Locally on Free Cloud Mac	2026-08-23T00:14:14.4086800Z [INSTALL_PODS] [Expo-precompiled] RNSVG: prebuilt xcframework unavailable; building from source
build	Build iOS Locally on Free Cloud Mac	2026-08-23T00:14:14.4088300Z [INSTALL_PODS] [Expo-precompiled]   Expected tarball: /private/var/folders/g3/pffjr_y96bq06blnkf72x_hw0000gn/T/eas-build-local-nodejs/3113b503-fe57-40ab-8a83-a993d2515c76/build/packages/precompile/.build/react-native-svg/output/15.15.4/0.86.2/250829098.0.16/debug/xcframeworks/RNSVG.tar.gz
build	Build iOS Locally on Free Cloud Mac	2026-08-23T00:14:14.4089720Z [INSTALL_PODS] [Expo-precompiled] RNCAsyncStorage: prebuilt xcframework unavailable; building from source
build	Build iOS Locally on Free Cloud Mac	2026-08-23T00:14:14.4091460Z [INSTALL_PODS] [Expo-precompiled]   Expected tarball: /private/var/folders/g3/pffjr_y96bq06blnkf72x_hw0000gn/T/eas-build-local-nodejs/3113b503-fe57-40ab-8a83-a993d2515c76/build/packages/precompile/.build/@react-native-async-storage/async-storage/output/2.2.0/0.86.2/250829098.0.16/debug/xcframeworks/RNCAsyncStorage.tar.gz
build	Build iOS Locally on Free Cloud Mac	2026-08-23T00:14:14.8085570Z [INSTALL_PODS] Found 10 modules for target `Hence`
build	Build iOS Locally on Free Cloud Mac	2026-08-23T00:14:14.8110670Z [INSTALL_PODS] link_native_modules! {:ios_packages=>[{:configurations=>[], :name=>"@react-native-async-storage/async-storage", :root=>"/private/var/folders/g3/pffjr_y96bq06blnkf72x_hw0000gn/T/eas-build-local-nodejs/3113b503-fe57-40ab-8a83-a993d2515c76/build/node_modules/@react-native-async-storage/async-storage", :path=>"../node_modules/@react-native-async-storage/async-storage", :podspec_path=>"/private/var/folders/g3/pffjr_y96bq06blnkf72x_hw0000gn/T/eas-build-local-nodejs/3113b503-fe57-40ab-8a83-a993d2515c76/build/node_modules/@react-native-async-storage/async-storage/RNCAsyncStorage.podspec", :script_phases=>[]}, {:configurations=>[], :name=>"@react-native-community/datetimepicker", :root=>"/private/var/folders/g3/pffjr_y96bq06blnkf72x_hw0000gn/T/eas-build-local-nodejs/3113b503-fe57-40ab-8a83-a993d2515c76/build/node_modules/@react-native-community/datetimepicker", :path=>"../node_modules/@react-native-community/datetimepicker", :podspec_path=>"/private/var/folders/g3/pffjr_y96bq06blnkf72x_hw0000gn/T/eas-build-local-nodejs/3113b503-fe57-40ab-8a83-a993d2515c76/build/node_modules/@react-native-community/datetimepicker/RNDateTimePicker.podspec", :script_phases=>[]}, {:configurations=>[], :name=>"@react-native-picker/picker", :root=>"/private/var/folders/g3/pffjr_y96bq06blnkf72x_hw0000gn/T/eas-build-local-nodejs/3113b503-fe57-40ab-8a83-a993d2515c76/build/node_modules/@react-native-picker/picker", :path=>"../node_modules/@react-native-picker/picker", :podspec_path=>"/private/var/folders/g3/pffjr_y96bq06blnkf72x_hw0000gn/T/eas-build-local-nodejs/3113b503-fe57-40ab-8a83-a993d2515c76/build/node_modules/@react-native-picker/picker/RNCPicker.podspec", :script_phases=>[]}, {:configurations=>[], :name=>"@stripe/stripe-react-native", :root=>"/private/var/folders/g3/pffjr_y96bq06blnkf72x_hw0000gn/T/eas-build-local-nodejs/3113b503-fe57-40ab-8a83-a993d2515c76/build/node_modules/@stripe/stripe-react-native", :path=>"../node_modules/@stripe/stripe-react-native", :podspec_path=>"/private/var/folders/g3/pffjr_y96bq06blnkf72x_hw0000gn/T/eas-build-local-nodejs/3113b503-fe57-40ab-8a83-a993d2515c76/build/node_modules/@stripe/stripe-react-native/stripe-react-native.podspec", :script_phases=>[]}, {:configurations=>[], :name=>"expo", :root=>"/private/var/folders/g3/pffjr_y96bq06blnkf72x_hw0000gn/T/eas-build-local-nodejs/3113b503-fe57-40ab-8a83-a993d2515c76/build/node_modules/expo", :path=>"../node_modules/expo", :podspec_path=>"/private/var/folders/g3/pffjr_y96bq06blnkf72x_hw0000gn/T/eas-build-local-nodejs/3113b503-fe57-40ab-8a83-a993d2515c76/build/node_modules/expo/Expo.podspec", :script_phases=>[]}, {:configurations=>[], :name=>"react-native-maps", :root=>"/private/var/folders/g3/pffjr_y96bq06blnkf72x_hw0000gn/T/eas-build-local-nodejs/3113b503-fe57-40ab-8a83-a993d2515c76/build/node_modules/react-native-maps", :path=>"../node_modules/react-native-maps", :podspec_path=>"/private/var/folders/g3/pffjr_y96bq06blnkf72x_hw0000gn/T/eas-build-local-nodejs/3113b503-fe57-40ab-8a83-a993d2515c76/build/node_modules/react-native-maps/react-native-maps.podspec", :script_phases=>[]}, {:configurations=>[], :name=>"react-native-safe-area-context", :root=>"/private/var/folders/g3/pffjr_y96bq06blnkf72x_hw0000gn/T/eas-build-local-nodejs/3113b503-fe57-40ab-8a83-a993d2515c76/build/node_modules/react-native-safe-area-context", :path=>"../node_modules/react-native-safe-area-context", :podspec_path=>"/private/var/folders/g3/pffjr_y96bq06blnkf72x_hw0000gn/T/eas-build-local-nodejs/3113b503-fe57-40ab-8a83-a993d2515c76/build/node_modules/react-native-safe-area-context/react-native-safe-area-context.podspec", :script_phases=>[]}, {:configurations=>[], :name=>"react-native-screens", :root=>"/private/var/folders/g3/pffjr_y96bq06blnkf72x_hw0000gn/T/eas-build-local-nodejs/3113b503-fe57-40ab-8a83-a993d2515c76/build/node_modules/react-native-screens", :path=>"../node_modules/react-native-screens", :podspec_path=>"/private/var/folders/g3/pffjr_y96bq06blnkf72x_hw0000gn/T/eas-build-local-nodejs/3113b503-fe57-40ab-8a83-a993d2515c76/build/node_modules/react-native-screens/RNScreens.podspec", :script_phases=>[]}, {:configurations=>[], :name=>"react-native-svg", :root=>"/private/var/folders/g3/pffjr_y96bq06blnkf72x_hw0000gn/T/eas-build-local-nodejs/3113b503-fe57-40ab-8a83-a993d2515c76/build/node_modules/react-native-svg", :path=>"../node_modules/react-native-svg", :podspec_path=>"/private/var/folders/g3/pffjr_y96bq06blnkf72x_hw0000gn/T/eas-build-local-nodejs/3113b503-fe57-40ab-8a83-a993d2515c76/build/node_modules/react-native-svg/RNSVG.podspec", :script_phases=>[]}, {:configurations=>[], :name=>"react-native-webview", :root=>"/private/var/folders/g3/pffjr_y96bq06blnkf72x_hw0000gn/T/eas-build-local-nodejs/3113b503-fe57-40ab-8a83-a993d2515c76/build/node_modules/react-native-webview", :path=>"../node_modules/react-native-webview", :podspec_path=>"/private/var/folders/g3/pffjr_y96bq06blnkf72x_hw0000gn/T/eas-build-local-nodejs/3113b503-fe57-40ab-8a83-a993d2515c76/build/node_modules/react-native-webview/react-native-webview.podspec", :script_phases=>[]}], :ios_project_root_path=>"/private/var/folders/g3/pffjr_y96bq06blnkf72x_hw0000gn/T/eas-build-local-nodejs/3113b503-fe57-40ab-8a83-a993d2515c76/build/ios", :react_native_path=>"../node_modules/react-native"}
build	Build iOS Locally on Free Cloud Mac	2026-08-23T00:14:14.8985390Z [INSTALL_PODS] Auto-linking React Native modules for target `Hence`: RNCAsyncStorage, RNCPicker, RNDateTimePicker, RNSVG, RNScreens, react-native-maps, react-native-safe-area-context, react-native-webview, and stripe-react-native
build	Build iOS Locally on Free Cloud Mac	2026-08-23T00:14:14.9494570Z [INSTALL_PODS] Framework build type is static library
build	Build iOS Locally on Free Cloud Mac	2026-08-23T00:14:14.9615570Z [INSTALL_PODS] [ReactNativeDependencies] Setting up ReactNativeDependencies...
build	Build iOS Locally on Free Cloud Mac	2026-08-23T00:14:15.0798390Z [INSTALL_PODS] [ReactNativeDependencies] Building from source: false
build	Build iOS Locally on Free Cloud Mac	2026-08-23T00:14:15.0799870Z [INSTALL_PODS] [ReactNativeDependencies] Using tarball from URL: https://repo1.maven.org/maven2/com/facebook/react/react-native-artifacts/0.86.2/react-native-artifacts-0.86.2-reactnative-dependencies-debug.tar.gz
build	Build iOS Locally on Free Cloud Mac	2026-08-23T00:14:15.0852600Z [INSTALL_PODS] [ReactNativeDependencies] Cache miss: downloading reactnative-dependencies-0.86.2-debug.tar.gz from https://repo1.maven.org/maven2/com/facebook/react/react-native-artifacts/0.86.2/react-native-artifacts-0.86.2-reactnative-dependencies-debug.tar.gz
build	Build iOS Locally on Free Cloud Mac	2026-08-23T00:14:15.0947220Z [INSTALL_PODS] % Total    % Received % Xferd  Average Speed   Time
build	Build iOS Locally on Free Cloud Mac	2026-08-23T00:14:15.0948000Z [INSTALL_PODS] Time     Time  Current
build	Build iOS Locally on Free Cloud Mac	2026-08-23T00:14:15.0948470Z [INSTALL_PODS]                                  Dload  Upload   Total   Spent    Left  Speed
build	Build iOS Locally on Free Cloud Mac	2026-08-23T00:14:15.0948780Z [INSTALL_PODS] 
build	Build iOS Locally on Free Cloud Mac	2026-08-23T00:14:15.0949050Z   0     0    0     0    0     0      0      0 --:--:-- --:--:-- --:--:--     0
build	Build iOS Locally on Free Cloud Mac	2026-08-23T00:14:15.3415460Z [INSTALL_PODS] 100 17.8M  100 17.8M    0     0  72.4M      0 --:--:-- -
build	Build iOS Locally on Free Cloud Mac	2026-08-23T00:14:15.3515640Z [INSTALL_PODS] -:--:-- --:--:-- 72.6M
build	Build iOS Locally on Free Cloud Mac	2026-08-23T00:14:15.3516370Z [INSTALL_PODS] [ReactNativeDependencies] Verifying checksum for downloaded reactnative-dependencies-0.86.2-debug.tar.gz...
build	Build iOS Locally on Free Cloud Mac	2026-08-23T00:14:15.4363770Z [INSTALL_PODS] [Cache] SHA1 verified for reactnative-dependencies-0.86.2-debug.tar.gz
build	Build iOS Locally on Free Cloud Mac	2026-08-23T00:14:15.4445330Z [INSTALL_PODS] [ReactNativeDependencies] Saved reactnative-dependencies-0.86.2-debug.tar.gz to shared cache (/Users/runner/Library/Caches/ReactNative)
build	Build iOS Locally on Free Cloud Mac	2026-08-23T00:14:15.4503130Z [INSTALL_PODS] [ReactNativeDependencies] Cache miss: downloading reactnative-dependencies-0.86.2-release.tar.gz from https://repo1.maven.org/maven2/com/facebook/react/react-native-artifacts/0.86.2/react-native-artifacts-0.86.2-reactnative-dependencies-release.tar.gz
build	Build iOS Locally on Free Cloud Mac	2026-08-23T00:14:15.4618330Z [INSTALL_PODS] % Total    % Received % Xferd  Average Spe
build	Build iOS Locally on Free Cloud Mac	2026-08-23T00:14:15.4619270Z [INSTALL_PODS] ed   Time    Time     Time  Current
build	Build iOS Locally on Free Cloud Mac	2026-08-23T00:14:15.4619760Z [INSTALL_PODS]                                  Dload  Upload   Total   Spent    Left  Speed
build	Build iOS Locally on Free Cloud Mac	2026-08-23T00:14:15.4620060Z [INSTALL_PODS] 
build	Build iOS Locally on Free Cloud Mac	2026-08-23T00:14:15.4620330Z   0     0    0     0    0     0      0      0 --:--:-- --:--:-- --:--:--     0
build	Build iOS Locally on Free Cloud Mac	2026-08-23T00:14:15.6358930Z [INSTALL_PODS] 100  9.9M  100  9.9M    0     0  57.1M      0 --:--:-- --:--:--
build	Build iOS Locally on Free Cloud Mac	2026-08-23T00:14:15.6359580Z [INSTALL_PODS] --:--:-- 57.4M
build	Build iOS Locally on Free Cloud Mac	2026-08-23T00:14:15.6396220Z [INSTALL_PODS] [ReactNativeDependencies] Verifying checksum for downloaded reactnative-dependencies-0.86.2-release.tar.gz...
build	Build iOS Locally on Free Cloud Mac	2026-08-23T00:14:15.7161100Z [INSTALL_PODS] [Cache] SHA1 verified for reactnative-dependencies-0.86.2-release.tar.gz
build	Build iOS Locally on Free Cloud Mac	2026-08-23T00:14:15.7232930Z [INSTALL_PODS] [ReactNativeDependencies] Saved reactnative-dependencies-0.86.2-release.tar.gz to shared cache (/Users/runner/Library/Caches/ReactNative)
build	Build iOS Locally on Free Cloud Mac	2026-08-23T00:14:15.7234470Z [INSTALL_PODS] [ReactNativeDependencies] Source: {:http=>"https://repo1.maven.org/maven2/com/facebook/react/react-native-artifacts/0.86.2/react-native-artifacts-0.86.2-reactnative-dependencies-debug.tar.gz"}
build	Build iOS Locally on Free Cloud Mac	2026-08-23T00:14:15.7235400Z [INSTALL_PODS] [ReactNativeCore] Setting up ReactNativeCore...
build	Build iOS Locally on Free Cloud Mac	2026-08-23T00:14:15.8098510Z [INSTALL_PODS] [ReactNativeCore] Building from source: false
build	Build iOS Locally on Free Cloud Mac	2026-08-23T00:14:15.8222870Z [INSTALL_PODS] Configuring the target with the New Architecture
build	Build iOS Locally on Free Cloud Mac	2026-08-23T00:14:15.8336860Z [INSTALL_PODS] [ReactNativeCore] Using React Native Core and React Native Dependencies prebuilt versions.
build	Build iOS Locally on Free Cloud Mac	2026-08-23T00:14:16.2852190Z [INSTALL_PODS] ^[[36m^[[1m[Codegen]^[[0m Analyzing /private/var/folders/g3/pffjr_y96bq06blnkf72x_hw0000gn/T/eas-build-local-nodejs/3113b503-fe57-40ab-8a83-a993d2515c76/build/package.json^[[0m
build	Build iOS Locally on Free Cloud Mac	2026-08-23T00:14:16.2859970Z [INSTALL_PODS] ^[[36m^[[1m[Codegen]^[[0m ^[[33mSearching for codegen-enabled libraries in the app.^[[0m
build	Build iOS Locally on Free Cloud Mac	2026-08-23T00:14:16.2861130Z [INSTALL_PODS] ^[[36m^[[1m[Codegen]^[[0m ^[[33mThe "codegenConfig" field is not defined in package.json. Assuming there is nothing to generate at the app level.^[[0m
build	Build iOS Locally on Free Cloud Mac	2026-08-23T00:14:16.2862130Z [INSTALL_PODS] ^[[36m^[[1m[Codegen]^[[0m ^[[33mSearching for codegen-enabled libraries in react-native.config.js^[[0m
build	Build iOS Locally on Free Cloud Mac	2026-08-23T00:14:16.2862960Z [INSTALL_PODS] ^[[36m^[[1m[Codegen]^[[0m Found @react-native-async-storage/async-storage^[[0m
build	Build iOS Locally on Free Cloud Mac	2026-08-23T00:14:16.2864260Z [INSTALL_PODS] ^[[36m^[[1m[Codegen]^[[0m Found @react-native-community/datetimepicker^[[0m
build	Build iOS Locally on Free Cloud Mac	2026-08-23T00:14:16.2864920Z [INSTALL_PODS] ^[[36m^[[1m[Codegen]^[[0m Found @react-native-picker/picker^[[0m
build	Build iOS Locally on Free Cloud Mac	2026-08-23T00:14:16.2865530Z [INSTALL_PODS] ^[[36m^[[1m[Codegen]^[[0m Found @stripe/stripe-react-native^[[0m
build	Build iOS Locally on Free Cloud Mac	2026-08-23T00:14:16.2866210Z [INSTALL_PODS] ^[[36m^[[1m[Codegen]^[[0m Found react-native-maps^[[0m
build	Build iOS Locally on Free Cloud Mac	2026-08-23T00:14:16.2866850Z [INSTALL_PODS] ^[[36m^[[1m[Codegen]^[[0m Found react-native-safe-area-context^[[0m
build	Build iOS Locally on Free Cloud Mac	2026-08-23T00:14:16.2867440Z [INSTALL_PODS] ^[[36m^[[1m[Codegen]^[[0m Found react-native-screens^[[0m
build	Build iOS Locally on Free Cloud Mac	2026-08-23T00:14:16.2868000Z [INSTALL_PODS] ^[[36m^[[1m[Codegen]^[[0m Found react-native-svg^[[0m
build	Build iOS Locally on Free Cloud Mac	2026-08-23T00:14:16.2868540Z [INSTALL_PODS] ^[[36m^[[1m[Codegen]^[[0m Found react-native-webview^[[0m
build	Build iOS Locally on Free Cloud Mac	2026-08-23T00:14:16.2869090Z [INSTALL_PODS] ^[[36m^[[1m[Codegen]^[[0m Processing rnasyncstorage^[[0m
build	Build iOS Locally on Free Cloud Mac	2026-08-23T00:14:16.2869780Z [INSTALL_PODS] ^[[36m^[[1m[Codegen]^[[0m ^[[33mSearching for podspec in the project dependencies.^[[0m
build	Build iOS Locally on Free Cloud Mac	2026-08-23T00:14:16.2870610Z [INSTALL_PODS] ^[[36m^[[1m[Codegen]^[[0m Supported Apple platforms: ios, macos, tvos, visionos for rnasyncstorage^[[0m
build	Build iOS Locally on Free Cloud Mac	2026-08-23T00:14:16.2871470Z [INSTALL_PODS] ^[[36m^[[1m[Codegen]^[[0m Processing RNDateTimePickerCGen^[[0m
build	Build iOS Locally on Free Cloud Mac	2026-08-23T00:14:16.2872150Z [INSTALL_PODS] ^[[36m^[[1m[Codegen]^[[0m ^[[33mSearching for podspec in the project dependencies.^[[0m
build	Build iOS Locally on Free Cloud Mac	2026-08-23T00:14:16.2873120Z [INSTALL_PODS] ^[[36m^[[1m[Codegen]^[[0m Supported Apple platforms: ios, visionos for RNDateTimePickerCGen^[[0m
build	Build iOS Locally on Free Cloud Mac	2026-08-23T00:14:16.2873770Z [INSTALL_PODS] ^[[36m^[[1m[Codegen]^[[0m Processing rnpicker^[[0m
build	Build iOS Locally on Free Cloud Mac	2026-08-23T00:14:16.2874430Z [INSTALL_PODS] ^[[36m^[[1m[Codegen]^[[0m ^[[33mSearching for podspec in the project dependencies.^[[0m
build	Build iOS Locally on Free Cloud Mac	2026-08-23T00:14:16.2875230Z [INSTALL_PODS] ^[[36m^[[1m[Codegen]^[[0m Supported Apple platforms: ios, macos, tvos for rnpicker^[[0m
build	Build iOS Locally on Free Cloud Mac	2026-08-23T00:14:16.2875850Z [INSTALL_PODS] ^[[36m^[[1m[Codegen]^[[0m Processing rnstripe^[[0m
build	Build iOS Locally on Free Cloud Mac	2026-08-23T00:14:16.2876500Z [INSTALL_PODS] ^[[36m^[[1m[Codegen]^[[0m ^[[33mSearching for podspec in the project dependencies.^[[0m
build	Build iOS Locally on Free Cloud Mac	2026-08-23T00:14:16.2877200Z [INSTALL_PODS] ^[[36m^[[1m[Codegen]^[[0m Supported Apple platforms: ios for rnstripe^[[0m
build	Build iOS Locally on Free Cloud Mac	2026-08-23T00:14:16.2877790Z [INSTALL_PODS] ^[[36m^[[1m[Codegen]^[[0m Processing RNMapsSpecs^[[0m
build	Build iOS Locally on Free Cloud Mac	2026-08-23T00:14:16.2878460Z [INSTALL_PODS] ^[[36m^[[1m[Codegen]^[[0m ^[[33mSearching for podspec in the project dependencies.^[[0m
build	Build iOS Locally on Free Cloud Mac	2026-08-23T00:14:16.2879170Z [INSTALL_PODS] ^[[36m^[[1m[Codegen]^[[0m Supported Apple platforms: ios for RNMapsSpecs^[[0m
build	Build iOS Locally on Free Cloud Mac	2026-08-23T00:14:16.2879790Z [INSTALL_PODS] ^[[36m^[[1m[Codegen]^[[0m Processing safeareacontext^[[0m
build	Build iOS Locally on Free Cloud Mac	2026-08-23T00:14:16.2880460Z [INSTALL_PODS] ^[[36m^[[1m[Codegen]^[[0m ^[[33mSearching for podspec in the project dependencies.^[[0m
build	Build iOS Locally on Free Cloud Mac	2026-08-23T00:14:16.2881290Z [INSTALL_PODS] ^[[36m^[[1m[Codegen]^[[0m Supported Apple platforms: ios, macos, tvos, visionos for safeareacontext^[[0m
build	Build iOS Locally on Free Cloud Mac	2026-08-23T00:14:16.2881960Z [INSTALL_PODS] ^[[36m^[[1m[Codegen]^[[0m Processing rnscreens^[[0m
build	Build iOS Locally on Free Cloud Mac	2026-08-23T00:14:16.2882610Z [INSTALL_PODS] ^[[36m^[[1m[Codegen]^[[0m ^[[33mSearching for podspec in the project dependencies.^[[0m
build	Build iOS Locally on Free Cloud Mac	2026-08-23T00:14:16.2883380Z [INSTALL_PODS] ^[[36m^[[1m[Codegen]^[[0m Supported Apple platforms: ios, tvos, visionos for rnscreens^[[0m
build	Build iOS Locally on Free Cloud Mac	2026-08-23T00:14:16.2884140Z [INSTALL_PODS] ^[[36m^[[1m[Codegen]^[[0m Processing rnsvg^[[0m
build	Build iOS Locally on Free Cloud Mac	2026-08-23T00:14:16.2884800Z [INSTALL_PODS] ^[[36m^[[1m[Codegen]^[[0m ^[[33mSearching for podspec in the project dependencies.^[[0m
build	Build iOS Locally on Free Cloud Mac	2026-08-23T00:14:16.2885870Z [INSTALL_PODS] ^[[36m^[[1m[Codegen]^[[0m Supported Apple platforms: ios, macos, tvos, visionos for rnsvg^[[0m
build	Build iOS Locally on Free Cloud Mac	2026-08-23T00:14:16.2886520Z [INSTALL_PODS] ^[[36m^[[1m[Codegen]^[[0m Processing RNCWebViewSpec^[[0m
build	Build iOS Locally on Free Cloud Mac	2026-08-23T00:14:16.2887190Z [INSTALL_PODS] ^[[36m^[[1m[Codegen]^[[0m ^[[33mSearching for podspec in the project dependencies.^[[0m
build	Build iOS Locally on Free Cloud Mac	2026-08-23T00:14:16.2887980Z [INSTALL_PODS] ^[[36m^[[1m[Codegen]^[[0m Supported Apple platforms: ios, macos, visionos for RNCWebViewSpec^[[0m
build	Build iOS Locally on Free Cloud Mac	2026-08-23T00:14:16.2888720Z [INSTALL_PODS] ^[[36m^[[1m[Codegen]^[[0m Generating Native Code for rnasyncstorage - ios^[[0m
build	Build iOS Locally on Free Cloud Mac	2026-08-23T00:14:16.2890020Z [INSTALL_PODS] ^[[36m^[[1m[Codegen]^[[0m Generated artifacts: /private/var/folders/g3/pffjr_y96bq06blnkf72x_hw0000gn/T/eas-build-local-nodejs/3113b503-fe57-40ab-8a83-a993d2515c76/build/ios/build/generated/ios/ReactCodegen^[[0m
build	Build iOS Locally on Free Cloud Mac	2026-08-23T00:14:16.2891100Z [INSTALL_PODS] ^[[36m^[[1m[Codegen]^[[0m Generating Native Code for RNDateTimePickerCGen - ios^[[0m
build	Build iOS Locally on Free Cloud Mac	2026-08-23T00:14:16.2892310Z [INSTALL_PODS] ^[[36m^[[1m[Codegen]^[[0m Generated artifacts: /private/var/folders/g3/pffjr_y96bq06blnkf72x_hw0000gn/T/eas-build-local-nodejs/3113b503-fe57-40ab-8a83-a993d2515c76/build/ios/build/generated/ios/ReactCodegen^[[0m
build	Build iOS Locally on Free Cloud Mac	2026-08-23T00:14:16.2893260Z [INSTALL_PODS] ^[[36m^[[1m[Codegen]^[[0m Generating Native Code for rnpicker - ios^[[0m
build	Build iOS Locally on Free Cloud Mac	2026-08-23T00:14:16.2894430Z [INSTALL_PODS] ^[[36m^[[1m[Codegen]^[[0m Generated artifacts: /private/var/folders/g3/pffjr_y96bq06blnkf72x_hw0000gn/T/eas-build-local-nodejs/3113b503-fe57-40ab-8a83-a993d2515c76/build/ios/build/generated/ios/ReactCodegen^[[0m
build	Build iOS Locally on Free Cloud Mac	2026-08-23T00:14:16.2895350Z [INSTALL_PODS] ^[[36m^[[1m[Codegen]^[[0m Generating Native Code for rnstripe - ios^[[0m
build	Build iOS Locally on Free Cloud Mac	2026-08-23T00:14:16.2896510Z [INSTALL_PODS] ^[[36m^[[1m[Codegen]^[[0m Generated artifacts: /private/var/folders/g3/pffjr_y96bq06blnkf72x_hw0000gn/T/eas-build-local-nodejs/3113b503-fe57-40ab-8a83-a993d2515c76/build/ios/build/generated/ios/ReactCodegen^[[0m
build	Build iOS Locally on Free Cloud Mac	2026-08-23T00:14:16.2897600Z [INSTALL_PODS] ^[[36m^[[1m[Codegen]^[[0m Generating Native Code for safeareacontext - ios^[[0m
build	Build iOS Locally on Free Cloud Mac	2026-08-23T00:14:16.2898800Z [INSTALL_PODS] ^[[36m^[[1m[Codegen]^[[0m Generated artifacts: /private/var/folders/g3/pffjr_y96bq06blnkf72x_hw0000gn/T/eas-build-local-nodejs/3113b503-fe57-40ab-8a83-a993d2515c76/build/ios/build/generated/ios/ReactCodegen^[[0m
build	Build iOS Locally on Free Cloud Mac	2026-08-23T00:14:16.2899770Z [INSTALL_PODS] ^[[36m^[[1m[Codegen]^[[0m Generating Native Code for rnscreens - ios^[[0m
build	Build iOS Locally on Free Cloud Mac	2026-08-23T00:14:16.2900930Z [INSTALL_PODS] ^[[36m^[[1m[Codegen]^[[0m Generated artifacts: /private/var/folders/g3/pffjr_y96bq06blnkf72x_hw0000gn/T/eas-build-local-nodejs/3113b503-fe57-40ab-8a83-a993d2515c76/build/ios/build/generated/ios/ReactCodegen^[[0m
build	Build iOS Locally on Free Cloud Mac	2026-08-23T00:14:16.2901830Z [INSTALL_PODS] ^[[36m^[[1m[Codegen]^[[0m Generating Native Code for rnsvg - ios^[[0m
build	Build iOS Locally on Free Cloud Mac	2026-08-23T00:14:16.2902960Z [INSTALL_PODS] ^[[36m^[[1m[Codegen]^[[0m Generated artifacts: /private/var/folders/g3/pffjr_y96bq06blnkf72x_hw0000gn/T/eas-build-local-nodejs/3113b503-fe57-40ab-8a83-a993d2515c76/build/ios/build/generated/ios/ReactCodegen^[[0m
build	Build iOS Locally on Free Cloud Mac	2026-08-23T00:14:16.2903880Z [INSTALL_PODS] ^[[36m^[[1m[Codegen]^[[0m Generating Native Code for RNCWebViewSpec - ios^[[0m
build	Build iOS Locally on Free Cloud Mac	2026-08-23T00:14:16.2905020Z [INSTALL_PODS] ^[[36m^[[1m[Codegen]^[[0m Generated artifacts: /private/var/folders/g3/pffjr_y96bq06blnkf72x_hw0000gn/T/eas-build-local-nodejs/3113b503-fe57-40ab-8a83-a993d2515c76/build/ios/build/generated/ios/ReactCodegen^[[0m
build	Build iOS Locally on Free Cloud Mac	2026-08-23T00:14:16.2905930Z [INSTALL_PODS] ^[[36m^[[1m[Codegen]^[[0m Generating RCTThirdPartyComponentsProvider.h^[[0m
build	Build iOS Locally on Free Cloud Mac	2026-08-23T00:14:16.2907220Z [INSTALL_PODS] ^[[36m^[[1m[Codegen]^[[0m Generated artifact: /private/var/folders/g3/pffjr_y96bq06blnkf72x_hw0000gn/T/eas-build-local-nodejs/3113b503-fe57-40ab-8a83-a993d2515c76/build/ios/build/generated/ios/ReactCodegen/RCTThirdPartyComponentsProvider.h^[[0m
build	Build iOS Locally on Free Cloud Mac	2026-08-23T00:14:16.2908250Z [INSTALL_PODS] ^[[36m^[[1m[Codegen]^[[0m Generating RCTThirdPartyComponentsProvider.mm^[[0m
build	Build iOS Locally on Free Cloud Mac	2026-08-23T00:14:16.2909610Z [INSTALL_PODS] ^[[36m^[[1m[Codegen]^[[0m Generated artifact: /private/var/folders/g3/pffjr_y96bq06blnkf72x_hw0000gn/T/eas-build-local-nodejs/3113b503-fe57-40ab-8a83-a993d2515c76/build/ios/build/generated/ios/ReactCodegen/RCTThirdPartyComponentsProvider.mm^[[0m
build	Build iOS Locally on Free Cloud Mac	2026-08-23T00:14:16.2910680Z [INSTALL_PODS] ^[[36m^[[1m[Codegen]^[[0m Generating RCTModulesProvider.h^[[0m
build	Build iOS Locally on Free Cloud Mac	2026-08-23T00:14:16.2912010Z [INSTALL_PODS] ^[[36m^[[1m[Codegen]^[[0m Generated artifact: /private/var/folders/g3/pffjr_y96bq06blnkf72x_hw0000gn/T/eas-build-local-nodejs/3113b503-fe57-40ab-8a83-a993d2515c76/build/ios/build/generated/ios/ReactCodegen/RCTModuleProviders.h^[[0m
build	Build iOS Locally on Free Cloud Mac	2026-08-23T00:14:16.2912960Z [INSTALL_PODS] ^[[36m^[[1m[Codegen]^[[0m Generating RCTModuleProviders.mm^[[0m
build	Build iOS Locally on Free Cloud Mac	2026-08-23T00:14:16.2914200Z [INSTALL_PODS] ^[[36m^[[1m[Codegen]^[[0m Generated artifact: /private/var/folders/g3/pffjr_y96bq06blnkf72x_hw0000gn/T/eas-build-local-nodejs/3113b503-fe57-40ab-8a83-a993d2515c76/build/ios/build/generated/ios/ReactCodegen/RCTModuleProviders.mm^[[0m
build	Build iOS Locally on Free Cloud Mac	2026-08-23T00:14:16.2915170Z [INSTALL_PODS] ^[[36m^[[1m[Codegen]^[[0m Generating RCTAppDependencyProvider^[[0m
build	Build iOS Locally on Free Cloud Mac	2026-08-23T00:14:16.2916470Z [INSTALL_PODS] ^[[36m^[[1m[Codegen]^[[0m Generated artifact: /private/var/folders/g3/pffjr_y96bq06blnkf72x_hw0000gn/T/eas-build-local-nodejs/3113b503-fe57-40ab-8a83-a993d2515c76/build/ios/build/generated/ios/ReactAppDependencyProvider/RCTAppDependencyProvider.h^[[0m
build	Build iOS Locally on Free Cloud Mac	2026-08-23T00:14:16.2918260Z [INSTALL_PODS] ^[[36m^[[1m[Codegen]^[[0m Generated artifact: /private/var/folders/g3/pffjr_y96bq06blnkf72x_hw0000gn/T/eas-build-local-nodejs/3113b503-fe57-40ab-8a83-a993d2515c76/build/ios/build/generated/ios/ReactAppDependencyProvider/RCTAppDependencyProvider.mm^[[0m
build	Build iOS Locally on Free Cloud Mac	2026-08-23T00:14:16.2920070Z [INSTALL_PODS] ^[[36m^[[1m[Codegen]^[[0m Generated podspec: /private/var/folders/g3/pffjr_y96bq06blnkf72x_hw0000gn/T/eas-build-local-nodejs/3113b503-fe57-40ab-8a83-a993d2515c76/build/ios/build/generated/ios/ReactAppDependencyProvider/ReactAppDependencyProvider.podspec^[[0m
build	Build iOS Locally on Free Cloud Mac	2026-08-23T00:14:16.2921850Z [INSTALL_PODS] ^[[36m^[[1m[Codegen]^[[0m Generated podspec: /private/var/folders/g3/pffjr_y96bq06blnkf72x_hw0000gn/T/eas-build-local-nodejs/3113b503-fe57-40ab-8a83-a993d2515c76/build/ios/build/generated/ios/ReactCodegen/ReactCodegen.podspec^[[0m
build	Build iOS Locally on Free Cloud Mac	2026-08-23T00:14:16.2922860Z [INSTALL_PODS] ^[[36m^[[1m[Codegen]^[[0m Generating Package.swift^[[0m
build	Build iOS Locally on Free Cloud Mac	2026-08-23T00:14:16.2924000Z [INSTALL_PODS] ^[[36m^[[1m[Codegen]^[[0m Generated artifact: /private/var/folders/g3/pffjr_y96bq06blnkf72x_hw0000gn/T/eas-build-local-nodejs/3113b503-fe57-40ab-8a83-a993d2515c76/build/ios/build/generated/ios/Package.swift^[[0m
build	Build iOS Locally on Free Cloud Mac	2026-08-23T00:14:16.2924810Z [INSTALL_PODS] ^[[36m^[[1m[Codegen]^[[0m ^[[33mDone.^[[0m
build	Build iOS Locally on Free Cloud Mac	2026-08-23T00:14:16.2925110Z [INSTALL_PODS] Analyzing dependencies
build	Build iOS Locally on Free Cloud Mac	2026-08-23T00:14:16.2925510Z [INSTALL_PODS] [Expo-precompiled] Bundled SPM frameworks: ZXingObjC
build	Build iOS Locally on Free Cloud Mac	2026-08-23T00:14:16.3264560Z [INSTALL_PODS] Fetching podspec for `ExpoCamera` from `../node_modules/expo-camera/ios/ExpoCamera.podspec`
build	Build iOS Locally on Free Cloud Mac	2026-08-23T00:14:16.3322690Z [INSTALL_PODS] Fetching podspec for `ExpoCameraBarcodeScanning` from `../node_modules/expo-camera/ios/ExpoCameraBarcodeScanning.podspec`
build	Build iOS Locally on Free Cloud Mac	2026-08-23T00:14:16.3349400Z [INSTALL_PODS] [Expo-precompiled] Stripping bundled dependency 'ZXingObjC/PDF417' from ExpoCameraBarcodeScanning
build	Build iOS Locally on Free Cloud Mac	2026-08-23T00:14:16.3350170Z [INSTALL_PODS] [Expo-precompiled] Stripping bundled dependency 'ZXingObjC/OneD' from ExpoCameraBarcodeScanning
build	Build iOS Locally on Free Cloud Mac	2026-08-23T00:14:16.3379080Z [INSTALL_PODS] Fetching podspec for `ExpoFileSystem` from `../node_modules/expo/node_modules/expo-file-system/ios/ExpoFileSystem.podspec`
build	Build iOS Locally on Free Cloud Mac	2026-08-23T00:14:16.3391970Z [INSTALL_PODS] Fetching podspec for `ExpoFont` from `../node_modules/expo-font/ios/ExpoFont.podspec`
build	Build iOS Locally on Free Cloud Mac	2026-08-23T00:14:16.3451900Z [INSTALL_PODS] Fetching podspec for `ExpoLocation` from `../node_modules/expo-location/ios/ExpoLocation.podspec`
build	Build iOS Locally on Free Cloud Mac	2026-08-23T00:14:16.3485920Z [INSTALL_PODS] Fetching podspec for `ExpoModulesCore` from `../node_modules/expo-modules-core/ExpoModulesCore.podspec`
build	Build iOS Locally on Free Cloud Mac	2026-08-23T00:14:16.3878520Z [INSTALL_PODS] Fetching podspec for `ExpoModulesWorklets` from `../node_modules/expo-modules-core/ExpoModulesWorklets.podspec`
build	Build iOS Locally on Free Cloud Mac	2026-08-23T00:14:16.4664860Z [INSTALL_PODS] Fetching podspec for `React-Core-prebuilt` from `../node_modules/react-native/React-Core-prebuilt.podspec`
build	Build iOS Locally on Free Cloud Mac	2026-08-23T00:14:16.4708540Z [INSTALL_PODS] [ReactNativeCore] Cache miss: downloading reactnative-core-0.86.2-debug.tar.gz from https://repo1.maven.org/maven2/com/facebook/react/react-native-artifacts/0.86.2/react-native-artifacts-0.86.2-reactnative-core-debug.tar.gz
build	Build iOS Locally on Free Cloud Mac	2026-08-23T00:14:16.4793210Z [INSTALL_PODS] % Total    % Received % Xferd  Average Speed   Time    Time     Time  Current
build	Build iOS Locally on Free Cloud Mac	2026-08-23T00:14:16.4794040Z [INSTALL_PODS] Dload  Upload   Total   Spent    Left  Speed
build	Build iOS Locally on Free Cloud Mac	2026-08-23T00:14:16.4794330Z [INSTALL_PODS] 
build	Build iOS Locally on Free Cloud Mac	2026-08-23T00:14:16.4794610Z   0     0    0     0    0     0      0      0 --:--:-- --:--:-- --:--:--     0
build	Build iOS Locally on Free Cloud Mac	2026-08-23T00:14:16.6739320Z [INSTALL_PODS] 14 94.2M   14 13.6M    0     0  70.0M      0  0:00:01 --:--:--  0:00:01 69.8M
build	Build iOS Locally on Free Cloud Mac	2026-08-23T00:14:17.1425670Z [INSTALL_PODS] 100 94.2M  100 94.2M    0     0   142M      0
build	Build iOS Locally on Free Cloud Mac	2026-08-23T00:14:17.1476050Z [INSTALL_PODS] --:--:-- --:--:-- --:--:--  142M
build	Build iOS Locally on Free Cloud Mac	2026-08-23T00:14:17.1498550Z [INSTALL_PODS] [ReactNativeCore] Verifying checksum for downloaded reactnative-core-0.86.2-debug.tar.gz...
build	Build iOS Locally on Free Cloud Mac	2026-08-23T00:14:17.2855760Z [INSTALL_PODS] [Cache] SHA1 verified for reactnative-core-0.86.2-debug.tar.gz
build	Build iOS Locally on Free Cloud Mac	2026-08-23T00:14:17.3121690Z [INSTALL_PODS] [ReactNativeCore] Saved reactnative-core-0.86.2-debug.tar.gz to shared cache (/Users/runner/Library/Caches/ReactNative)
build	Build iOS Locally on Free Cloud Mac	2026-08-23T00:14:17.3183650Z [INSTALL_PODS] [ReactNativeCore] Cache miss: downloading reactnative-core-0.86.2-release.tar.gz from https://repo1.maven.org/maven2/com/facebook/react/react-native-artifacts/0.86.2/react-native-artifacts-0.86.2-reactnative-core-release.tar.gz
build	Build iOS Locally on Free Cloud Mac	2026-08-23T00:14:17.3264960Z [INSTALL_PODS] % Total    % Received % Xferd  Average Speed   Time    Time     Time  Current
build	Build iOS Locally on Free Cloud Mac	2026-08-23T00:14:17.3265890Z [INSTALL_PODS] Dload  Upload   Total   Spent    Left  Speed
build	Build iOS Locally on Free Cloud Mac	2026-08-23T00:14:17.3266460Z [INSTALL_PODS] 
build	Build iOS Locally on Free Cloud Mac	2026-08-23T00:14:17.3266750Z   0     0    0     0    0     0      0      0 --:--:-- --:--:-- --:--:--     0
build	Build iOS Locally on Free Cloud Mac	2026-08-23T00:14:17.6213350Z [INSTALL_PODS] 100 29.5M  100 29.5M    0     0   100M      0 --:--:-- --:--:-- --:--:--  100M
build	Build iOS Locally on Free Cloud Mac	2026-08-23T00:14:17.6314950Z [INSTALL_PODS] [ReactNativeCore] Verifying checksum for downloaded reactnative-core-0.86.2-release.tar.gz...
build	Build iOS Locally on Free Cloud Mac	2026-08-23T00:14:17.7138990Z [INSTALL_PODS] [Cache] SHA1 verified for reactnative-core-0.86.2-release.tar.gz
build	Build iOS Locally on Free Cloud Mac	2026-08-23T00:14:17.7255290Z [INSTALL_PODS] [ReactNativeCore] Saved reactnative-core-0.86.2-release.tar.gz to shared cache (/Users/runner/Library/Caches/ReactNative)
build	Build iOS Locally on Free Cloud Mac	2026-08-23T00:14:17.7256630Z [INSTALL_PODS] [ReactNativeCore] Resolved stable ReactNativeCore-prebuilt version:
build	Build iOS Locally on Free Cloud Mac	2026-08-23T00:14:17.7257350Z [INSTALL_PODS] [ReactNativeCore]   ../../ios/Pods/ReactNativeCore-artifacts/reactnative-core-0.86.2-debug.tar.gz
build	Build iOS Locally on Free Cloud Mac	2026-08-23T00:14:17.7258130Z [INSTALL_PODS] [ReactNativeCore]   ../../ios/Pods/ReactNativeCore-artifacts/reactnative-core-0.86.2-release.tar.gz
build	Build iOS Locally on Free Cloud Mac	2026-08-23T00:14:17.7939840Z [INSTALL_PODS] Fetching podspec for `ReactNativeDependencies` from `../node_modules/react-native/third-party-podspecs/ReactNativeDependencies.podspec`
build	Build iOS Locally on Free Cloud Mac	2026-08-23T00:14:17.8316200Z [INSTALL_PODS] [ReactNativeDependencies] Using tarball from URL: https://repo1.maven.org/maven2/com/facebook/react/react-native-artifacts/0.86.2/react-native-artifacts-0.86.2-reactnative-dependencies-debug.tar.gz
build	Build iOS Locally on Free Cloud Mac	2026-08-23T00:14:17.8317610Z [INSTALL_PODS] [ReactNativeDependencies] Tarball reactnative-dependencies-0.86.2-debug.tar.gz already exists in Pods. Skipping download.
build	Build iOS Locally on Free Cloud Mac	2026-08-23T00:14:17.8318760Z [INSTALL_PODS] [ReactNativeDependencies] Tarball reactnative-dependencies-0.86.2-release.tar.gz already exists in Pods. Skipping download.
build	Build iOS Locally on Free Cloud Mac	2026-08-23T00:14:17.9004840Z [INSTALL_PODS] Fetching podspec for `hermes-engine` from `../node_modules/react-native/sdks/hermes-engine/hermes-engine.podspec`
build	Build iOS Locally on Free Cloud Mac	2026-08-23T00:14:18.0230200Z [INSTALL_PODS] [Hermes] Using release tarball from URL: https://repo1.maven.org/maven2/com/facebook/hermes/hermes-ios/250829098.0.16/hermes-ios-250829098.0.16-hermes-ios-debug.tar.gz
build	Build iOS Locally on Free Cloud Mac	2026-08-23T00:14:18.0498910Z [INSTALL_PODS] [Hermes] Cache miss: downloading hermes-ios-250829098.0.16-debug.tar.gz from https://repo1.maven.org/maven2/com/facebook/hermes/hermes-ios/250829098.0.16/hermes-ios-250829098.0.16-hermes-ios-debug.tar.gz
build	Build iOS Locally on Free Cloud Mac	2026-08-23T00:14:18.0661090Z [INSTALL_PODS] % Total    % Received % Xferd  Average Speed
build	Build iOS Locally on Free Cloud Mac	2026-08-23T00:14:18.0669970Z [INSTALL_PODS] Time    Time     Time  Current
build	Build iOS Locally on Free Cloud Mac	2026-08-23T00:14:18.0670670Z [INSTALL_PODS]                                  Dload  Upload   Total   Spent    Left  Speed
build	Build iOS Locally on Free Cloud Mac	2026-08-23T00:14:18.0677480Z [INSTALL_PODS] 
build	Build iOS Locally on Free Cloud Mac	2026-08-23T00:14:18.0677900Z   0     0    0     0    0     0      0      0 --:--:-- --:--:-- --:--:--     0
build	Build iOS Locally on Free Cloud Mac	2026-08-23T00:14:18.3324200Z [INSTALL_PODS] 100 31.1M  100 31.1M    0     0   115M      0 --:--:-- --:--:-- --:--:--  115M
build	Build iOS Locally on Free Cloud Mac	2026-08-23T00:14:18.3391930Z [INSTALL_PODS] [Hermes] Verifying checksum for downloaded hermes-ios-250829098.0.16-debug.tar.gz...
build	Build iOS Locally on Free Cloud Mac	2026-08-23T00:14:18.4381230Z [INSTALL_PODS] [Hermes] SHA1 verified for hermes-ios-250829098.0.16-debug.tar.gz
build	Build iOS Locally on Free Cloud Mac	2026-08-23T00:14:18.4488750Z [INSTALL_PODS] [Hermes] Saved hermes-ios-250829098.0.16-debug.tar.gz to shared cache (/Users/runner/Library/Caches/ReactNative)
build	Build iOS Locally on Free Cloud Mac	2026-08-23T00:14:18.4591590Z [INSTALL_PODS] [Hermes] Cache miss: downloading hermes-ios-250829098.0.16-release.tar.gz from https://repo1.maven.org/maven2/com/facebook/hermes/hermes-ios/250829098.0.16/hermes-ios-250829098.0.16-hermes-ios-release.tar.gz
build	Build iOS Locally on Free Cloud Mac	2026-08-23T00:14:18.4705000Z [INSTALL_PODS] % Total    % Received % Xferd  Average Speed   Time    Time     Time  Current
build	Build iOS Locally on Free Cloud Mac	2026-08-23T00:14:18.4705910Z [INSTALL_PODS] Dload  Upload   Total   Spent    Left  Speed
build	Build iOS Locally on Free Cloud Mac	2026-08-23T00:14:18.4706630Z [INSTALL_PODS] 
build	Build iOS Locally on Free Cloud Mac	2026-08-23T00:14:18.4707280Z   0     0    0     0    0     0      0      0 --:--:-- --:--:-- --:--:--     0
build	Build iOS Locally on Free Cloud Mac	2026-08-23T00:14:18.6755080Z [INSTALL_PODS] 84 24.3M   84 20.5M    0     0   100M      0 --:--:--
build	Build iOS Locally on Free Cloud Mac	2026-08-23T00:14:18.6855160Z [INSTALL_PODS] --:--:-- --:--:--  100M
build	Build iOS Locally on Free Cloud Mac	2026-08-23T00:14:18.6956280Z [INSTALL_PODS] 100 24.3M  100 24.3M    0     0
build	Build iOS Locally on Free Cloud Mac	2026-08-23T00:14:18.7056710Z [INSTALL_PODS] 108M      0 --:--:-- --:--:-- --:--:--  108M
build	Build iOS Locally on Free Cloud Mac	2026-08-23T00:14:18.7057950Z [INSTALL_PODS] [Hermes] Verifying checksum for downloaded hermes-ios-250829098.0.16-release.tar.gz...
build	Build iOS Locally on Free Cloud Mac	2026-08-23T00:14:18.8021190Z [INSTALL_PODS] [Hermes] SHA1 verified for hermes-ios-250829098.0.16-release.tar.gz
build	Build iOS Locally on Free Cloud Mac	2026-08-23T00:14:18.8186720Z [INSTALL_PODS] [Hermes] Saved hermes-ios-250829098.0.16-release.tar.gz to shared cache (/Users/runner/Library/Caches/ReactNative)
build	Build iOS Locally on Free Cloud Mac	2026-08-23T00:14:24.7023370Z [INSTALL_PODS] Adding spec repo `trunk` with CDN `https://cdn.cocoapods.org/`
build	Build iOS Locally on Free Cloud Mac	2026-08-23T00:14:24.7024320Z [INSTALL_PODS] Downloading dependencies
build	Build iOS Locally on Free Cloud Mac	2026-08-23T00:14:24.7024790Z [INSTALL_PODS] Installing EXApplication (57.0.2)
build	Build iOS Locally on Free Cloud Mac	2026-08-23T00:14:24.7025160Z [INSTALL_PODS] Installing EXConstants (57.0.11)
build	Build iOS Locally on Free Cloud Mac	2026-08-23T00:14:24.7025540Z [INSTALL_PODS] Installing EXJSONUtils (57.0.1)
build	Build iOS Locally on Free Cloud Mac	2026-08-23T00:14:24.7025910Z [INSTALL_PODS] Installing EXManifests (57.0.1)
build	Build iOS Locally on Free Cloud Mac	2026-08-23T00:14:24.7026280Z [INSTALL_PODS] Installing EXUpdatesInterface (57.0.1)
build	Build iOS Locally on Free Cloud Mac	2026-08-23T00:14:24.7026620Z [INSTALL_PODS] Installing Expo (57.0.13)
build	Build iOS Locally on Free Cloud Mac	2026-08-23T00:14:24.7026960Z [INSTALL_PODS] Installing ExpoAsset (57.0.11)
build	Build iOS Locally on Free Cloud Mac	2026-08-23T00:14:24.7027290Z [INSTALL_PODS] Installing ExpoBlur (57.0.2)
build	Build iOS Locally on Free Cloud Mac	2026-08-23T00:14:24.7027630Z [INSTALL_PODS] Installing ExpoCamera (57.0.3)
build	Build iOS Locally on Free Cloud Mac	2026-08-23T00:14:24.9547670Z [INSTALL_PODS] Installing ExpoCameraBarcodeScanning (57.0.3)
build	Build iOS Locally on Free Cloud Mac	2026-08-23T00:14:25.2206250Z [INSTALL_PODS] Installing ExpoClipboard (57.0.1)
build	Build iOS Locally on Free Cloud Mac	2026-08-23T00:14:25.2207760Z [INSTALL_PODS] Installing ExpoDevice (57.0.1)
build	Build iOS Locally on Free Cloud Mac	2026-08-23T00:14:25.2208350Z [INSTALL_PODS] Installing ExpoDomWebView (57.0.1)
build	Build iOS Locally on Free Cloud Mac	2026-08-23T00:14:25.2208890Z [INSTALL_PODS] Installing ExpoFileSystem (57.0.4)
build	Build iOS Locally on Free Cloud Mac	2026-08-23T00:14:25.5195140Z [INSTALL_PODS] Installing ExpoFont (57.0.1)
build	Build iOS Locally on Free Cloud Mac	2026-08-23T00:14:25.7806980Z [INSTALL_PODS] Installing ExpoHaptics (57.0.1)
build	Build iOS Locally on Free Cloud Mac	2026-08-23T00:14:25.7808080Z [INSTALL_PODS] Installing ExpoImagePicker (57.0.10)
build	Build iOS Locally on Free Cloud Mac	2026-08-23T00:14:25.7808490Z [INSTALL_PODS] Installing ExpoKeepAwake (57.0.1)
build	Build iOS Locally on Free Cloud Mac	2026-08-23T00:14:25.7808850Z [INSTALL_PODS] Installing ExpoLinearGradient (57.0.1)
build	Build iOS Locally on Free Cloud Mac	2026-08-23T00:14:25.7809210Z [INSTALL_PODS] Installing ExpoLinking (57.0.6)
build	Build iOS Locally on Free Cloud Mac	2026-08-23T00:14:25.7809550Z [INSTALL_PODS] Installing ExpoLocation (57.0.10)
build	Build iOS Locally on Free Cloud Mac	2026-08-23T00:14:25.9786550Z [INSTALL_PODS] Installing ExpoLogBox (57.0.2)
build	Build iOS Locally on Free Cloud Mac	2026-08-23T00:14:25.9787160Z [INSTALL_PODS] Installing ExpoModulesCore (57.0.11)
build	Build iOS Locally on Free Cloud Mac	2026-08-23T00:14:26.7953180Z [INSTALL_PODS] Installing ExpoModulesJSI (57.0.4)
build	Build iOS Locally on Free Cloud Mac	2026-08-23T00:14:27.1354430Z [INSTALL_PODS] Installing ExpoModulesWorklets (57.0.11)
build	Build iOS Locally on Free Cloud Mac	2026-08-23T00:14:27.3492720Z [INSTALL_PODS] Installing ExpoNotifications (57.0.11)
build	Build iOS Locally on Free Cloud Mac	2026-08-23T00:14:27.3493380Z [INSTALL_PODS] Installing ExpoSharing (57.0.12)
build	Build iOS Locally on Free Cloud Mac	2026-08-23T00:14:27.3493920Z [INSTALL_PODS] Installing ExpoSpeech (57.0.1)
build	Build iOS Locally on Free Cloud Mac	2026-08-23T00:14:27.3495640Z [INSTALL_PODS] Installing ExpoTaskManager (57.0.10)
build	Build iOS Locally on Free Cloud Mac	2026-08-23T00:14:27.3498070Z [INSTALL_PODS] Installing FBLazyVector (0.86.2)
build	Build iOS Locally on Free Cloud Mac	2026-08-23T00:14:27.3498600Z [INSTALL_PODS] Installing RCTDeprecation (0.86.2)
build	Build iOS Locally on Free Cloud Mac	2026-08-23T00:14:27.3499090Z [INSTALL_PODS] Installing RCTRequired (0.86.2)
build	Build iOS Locally on Free Cloud Mac	2026-08-23T00:14:27.3499580Z [INSTALL_PODS] Installing RCTSwiftUI (0.86.2)
build	Build iOS Locally on Free Cloud Mac	2026-08-23T00:14:27.3500040Z [INSTALL_PODS] Installing RCTSwiftUIWrapper (0.86.2)
build	Build iOS Locally on Free Cloud Mac	2026-08-23T00:14:27.3500620Z [INSTALL_PODS] Installing RCTTypeSafety (0.86.2)
build	Build iOS Locally on Free Cloud Mac	2026-08-23T00:14:27.3501120Z [INSTALL_PODS] Installing RNCAsyncStorage (2.2.0)
build	Build iOS Locally on Free Cloud Mac	2026-08-23T00:14:27.3501490Z [INSTALL_PODS] Installing RNCPicker (2.11.4)
build	Build iOS Locally on Free Cloud Mac	2026-08-23T00:14:27.3501900Z [INSTALL_PODS] Installing RNDateTimePicker (9.1.0)
build	Build iOS Locally on Free Cloud Mac	2026-08-23T00:14:27.3502220Z [INSTALL_PODS] Installing RNSVG (15.15.4)
build	Build iOS Locally on Free Cloud Mac	2026-08-23T00:14:27.3502530Z [INSTALL_PODS] Installing RNScreens (4.26.2)
build	Build iOS Locally on Free Cloud Mac	2026-08-23T00:14:27.3502820Z [INSTALL_PODS] Installing React (0.86.2)
build	Build iOS Locally on Free Cloud Mac	2026-08-23T00:14:27.3503610Z [INSTALL_PODS] Installing React-Core (0.86.2)
build	Build iOS Locally on Free Cloud Mac	2026-08-23T00:14:27.3503950Z [INSTALL_PODS] Installing React-Core-prebuilt (0.86.2)
build	Build iOS Locally on Free Cloud Mac	2026-08-23T00:14:37.4877550Z [INSTALL_PODS] Installing React-CoreModules (0.86.2)
build	Build iOS Locally on Free Cloud Mac	2026-08-23T00:14:37.4878390Z [INSTALL_PODS] Installing React-Fabric (0.86.2)
build	Build iOS Locally on Free Cloud Mac	2026-08-23T00:14:37.4879010Z [INSTALL_PODS] Installing React-FabricComponents (0.86.2)
build	Build iOS Locally on Free Cloud Mac	2026-08-23T00:14:37.4879570Z [INSTALL_PODS] Installing React-FabricImage (0.86.2)
build	Build iOS Locally on Free Cloud Mac	2026-08-23T00:14:37.4880070Z [INSTALL_PODS] Installing React-ImageManager (0.86.2)
build	Build iOS Locally on Free Cloud Mac	2026-08-23T00:14:37.4880750Z [INSTALL_PODS] Installing React-Mapbuffer (0.86.2)
build	Build iOS Locally on Free Cloud Mac	2026-08-23T00:14:37.4881350Z [INSTALL_PODS] Installing React-NativeModulesApple (0.86.2)
build	Build iOS Locally on Free Cloud Mac	2026-08-23T00:14:37.4892220Z [INSTALL_PODS] Installing React-RCTActionSheet (0.86.2)
build	Build iOS Locally on Free Cloud Mac	2026-08-23T00:14:37.4892880Z [INSTALL_PODS] Installing React-RCTAnimation (0.86.2)
build	Build iOS Locally on Free Cloud Mac	2026-08-23T00:14:37.4893820Z [INSTALL_PODS] Installing React-RCTAppDelegate (0.86.2)
build	Build iOS Locally on Free Cloud Mac	2026-08-23T00:14:37.4894280Z [INSTALL_PODS] Installing React-RCTBlob (0.86.2)
build	Build iOS Locally on Free Cloud Mac	2026-08-23T00:14:37.4894950Z [INSTALL_PODS] Installing React-RCTFBReactNativeSpec (0.86.2)
build	Build iOS Locally on Free Cloud Mac	2026-08-23T00:14:37.4895430Z [INSTALL_PODS] Installing React-RCTFabric (0.86.2)
build	Build iOS Locally on Free Cloud Mac	2026-08-23T00:14:37.4895800Z [INSTALL_PODS] Installing React-RCTImage (0.86.2)
build	Build iOS Locally on Free Cloud Mac	2026-08-23T00:14:37.4896250Z [INSTALL_PODS] Installing React-RCTLinking (0.86.2)
build	Build iOS Locally on Free Cloud Mac	2026-08-23T00:14:37.4896640Z [INSTALL_PODS] Installing React-RCTNetwork (0.86.2)
build	Build iOS Locally on Free Cloud Mac	2026-08-23T00:14:37.4897130Z [INSTALL_PODS] Installing React-RCTRuntime (0.86.2)
build	Build iOS Locally on Free Cloud Mac	2026-08-23T00:14:37.4897570Z [INSTALL_PODS] Installing React-RCTSettings (0.86.2)
build	Build iOS Locally on Free Cloud Mac	2026-08-23T00:14:37.4897980Z [INSTALL_PODS] Installing React-RCTText (0.86.2)
build	Build iOS Locally on Free Cloud Mac	2026-08-23T00:14:37.4898410Z [INSTALL_PODS] Installing React-RCTVibration (0.86.2)
build	Build iOS Locally on Free Cloud Mac	2026-08-23T00:14:37.4899010Z [INSTALL_PODS] Installing React-RuntimeApple (0.86.2)
build	Build iOS Locally on Free Cloud Mac	2026-08-23T00:14:37.4899400Z [INSTALL_PODS] Installing React-RuntimeCore (0.86.2)
build	Build iOS Locally on Free Cloud Mac	2026-08-23T00:14:37.4899880Z [INSTALL_PODS] Installing React-RuntimeHermes (0.86.2)
build	Build iOS Locally on Free Cloud Mac	2026-08-23T00:14:37.4900240Z [INSTALL_PODS] Installing React-callinvoker (0.86.2)
build	Build iOS Locally on Free Cloud Mac	2026-08-23T00:14:37.4907540Z [INSTALL_PODS] Installing React-cxxreact (0.86.2)
build	Build iOS Locally on Free Cloud Mac	2026-08-23T00:14:37.4908050Z [INSTALL_PODS] Installing React-debug (0.86.2)
build	Build iOS Locally on Free Cloud Mac	2026-08-23T00:14:37.4908520Z [INSTALL_PODS] Installing React-defaultsnativemodule (0.86.2)
build	Build iOS Locally on Free Cloud Mac	2026-08-23T00:14:37.4908970Z [INSTALL_PODS] Installing React-domnativemodule (0.86.2)
build	Build iOS Locally on Free Cloud Mac	2026-08-23T00:14:37.4909440Z [INSTALL_PODS] Installing React-featureflags (0.86.2)
build	Build iOS Locally on Free Cloud Mac	2026-08-23T00:14:37.4909920Z [INSTALL_PODS] Installing React-featureflagsnativemodule (0.86.2)
build	Build iOS Locally on Free Cloud Mac	2026-08-23T00:14:37.4910380Z [INSTALL_PODS] Installing React-graphics (0.86.2)
build	Build iOS Locally on Free Cloud Mac	2026-08-23T00:14:37.4910770Z [INSTALL_PODS] Installing React-hermes (0.86.2)
build	Build iOS Locally on Free Cloud Mac	2026-08-23T00:14:37.4911170Z [INSTALL_PODS] Installing React-idlecallbacksnativemodule (0.86.2)
build	Build iOS Locally on Free Cloud Mac	2026-08-23T00:14:37.4912080Z [INSTALL_PODS] Installing React-intersectionobservernativemodule (0.86.2)
build	Build iOS Locally on Free Cloud Mac	2026-08-23T00:14:37.4912730Z [INSTALL_PODS] Installing React-jserrorhandler (0.86.2)
build	Build iOS Locally on Free Cloud Mac	2026-08-23T00:14:37.4913210Z [INSTALL_PODS] Installing React-jsi (0.86.2)
build	Build iOS Locally on Free Cloud Mac	2026-08-23T00:14:37.4913670Z [INSTALL_PODS] Installing React-jsiexecutor (0.86.2)
build	Build iOS Locally on Free Cloud Mac	2026-08-23T00:14:37.4914110Z [INSTALL_PODS] Installing React-jsinspector (0.86.2)
build	Build iOS Locally on Free Cloud Mac	2026-08-23T00:14:37.4914500Z [INSTALL_PODS] Installing React-jsinspectorcdp (0.86.2)
build	Build iOS Locally on Free Cloud Mac	2026-08-23T00:14:37.4914950Z [INSTALL_PODS] Installing React-jsinspectornetwork (0.86.2)
build	Build iOS Locally on Free Cloud Mac	2026-08-23T00:14:37.4915400Z [INSTALL_PODS] Installing React-jsinspectortracing (0.86.2)
build	Build iOS Locally on Free Cloud Mac	2026-08-23T00:14:37.4915850Z [INSTALL_PODS] Installing React-jsitooling (0.86.2)
build	Build iOS Locally on Free Cloud Mac	2026-08-23T00:14:37.4916290Z [INSTALL_PODS] Installing React-jsitracing (0.86.2)
build	Build iOS Locally on Free Cloud Mac	2026-08-23T00:14:37.4916680Z [INSTALL_PODS] Installing React-logger (0.86.2)
build	Build iOS Locally on Free Cloud Mac	2026-08-23T00:14:37.4917100Z [INSTALL_PODS] Installing React-microtasksnativemodule (0.86.2)
build	Build iOS Locally on Free Cloud Mac	2026-08-23T00:14:37.4917660Z [INSTALL_PODS] Installing React-mutationobservernativemodule (0.86.2)
build	Build iOS Locally on Free Cloud Mac	2026-08-23T00:14:37.4918140Z [INSTALL_PODS] Installing React-networking (0.86.2)
build	Build iOS Locally on Free Cloud Mac	2026-08-23T00:14:37.4924590Z [INSTALL_PODS] Installing React-oscompat (0.86.2)
build	Build iOS Locally on Free Cloud Mac	2026-08-23T00:14:37.4924980Z [INSTALL_PODS] Installing React-perflogger (0.86.2)
build	Build iOS Locally on Free Cloud Mac	2026-08-23T00:14:37.4925430Z [INSTALL_PODS] Installing React-performancecdpmetrics (0.86.2)
build	Build iOS Locally on Free Cloud Mac	2026-08-23T00:14:37.4925930Z [INSTALL_PODS] Installing React-performancetimeline (0.86.2)
build	Build iOS Locally on Free Cloud Mac	2026-08-23T00:14:37.4926400Z [INSTALL_PODS] Installing React-rendererconsistency (0.86.2)
build	Build iOS Locally on Free Cloud Mac	2026-08-23T00:14:37.4926930Z [INSTALL_PODS] Installing React-renderercss (0.86.2)
build	Build iOS Locally on Free Cloud Mac	2026-08-23T00:14:37.4927370Z [INSTALL_PODS] Installing React-rendererdebug (0.86.2)
build	Build iOS Locally on Free Cloud Mac	2026-08-23T00:14:37.4927790Z [INSTALL_PODS] Installing React-runtimeexecutor (0.86.2)
build	Build iOS Locally on Free Cloud Mac	2026-08-23T00:14:37.4928260Z [INSTALL_PODS] Installing React-runtimescheduler (0.86.2)
build	Build iOS Locally on Free Cloud Mac	2026-08-23T00:14:37.4928720Z [INSTALL_PODS] Installing React-timing (0.86.2)
build	Build iOS Locally on Free Cloud Mac	2026-08-23T00:14:37.4929030Z [INSTALL_PODS] Installing React-utils (0.86.2)
build	Build iOS Locally on Free Cloud Mac	2026-08-23T00:14:37.4929540Z [INSTALL_PODS] Installing React-viewtransitionnativemodule (0.86.2)
build	Build iOS Locally on Free Cloud Mac	2026-08-23T00:14:37.4930100Z [INSTALL_PODS] Installing React-webperformancenativemodule (0.86.2)
build	Build iOS Locally on Free Cloud Mac	2026-08-23T00:14:37.4930610Z [INSTALL_PODS] Installing ReactAppDependencyProvider (0.86.2)
build	Build iOS Locally on Free Cloud Mac	2026-08-23T00:14:37.4931020Z [INSTALL_PODS] Installing ReactCodegen (0.86.2)
build	Build iOS Locally on Free Cloud Mac	2026-08-23T00:14:37.4931420Z [INSTALL_PODS] Installing ReactCommon (0.86.2)
build	Build iOS Locally on Free Cloud Mac	2026-08-23T00:14:37.4931900Z [INSTALL_PODS] Installing ReactNativeDependencies (0.86.2)
build	Build iOS Locally on Free Cloud Mac	2026-08-23T00:14:41.8638960Z [INSTALL_PODS] Installing Stripe (25.11.0)
build	Build iOS Locally on Free Cloud Mac	2026-08-23T00:14:54.1847630Z [INSTALL_PODS] Installing StripeApplePay (25.11.0)
build	Build iOS Locally on Free Cloud Mac	2026-08-23T00:15:04.3965780Z [INSTALL_PODS] Installing StripeCore (25.11.0)
build	Build iOS Locally on Free Cloud Mac	2026-08-23T00:15:15.3109930Z [INSTALL_PODS] Installing StripeFinancialConnections (25.11.0)
build	Build iOS Locally on Free Cloud Mac	2026-08-23T00:15:27.5776970Z [INSTALL_PODS] Installing StripeIssuing (25.11.0)
build	Build iOS Locally on Free Cloud Mac	2026-08-23T00:15:38.9477650Z [INSTALL_PODS] Installing StripePaymentSheet (25.11.0)
build	Build iOS Locally on Free Cloud Mac	2026-08-23T00:15:54.6919630Z [INSTALL_PODS] Installing StripePayments (25.11.0)
build	Build iOS Locally on Free Cloud Mac	2026-08-23T00:16:08.0600070Z [INSTALL_PODS] Installing StripePaymentsUI (25.11.0)
build	Build iOS Locally on Free Cloud Mac	2026-08-23T00:16:19.2080530Z [INSTALL_PODS] Installing StripeUICore (25.11.0)
build	Build iOS Locally on Free Cloud Mac	2026-08-23T00:16:29.4379800Z [INSTALL_PODS] Installing UMAppLoader (57.0.1)
build	Build iOS Locally on Free Cloud Mac	2026-08-23T00:16:29.4380660Z [INSTALL_PODS] Installing Yoga (0.0.0)
build	Build iOS Locally on Free Cloud Mac	2026-08-23T00:16:29.4381210Z [INSTALL_PODS] Installing expo-dev-client (57.0.12)
build	Build iOS Locally on Free Cloud Mac	2026-08-23T00:16:29.4381680Z [INSTALL_PODS] Installing expo-dev-launcher (57.0.12)
build	Build iOS Locally on Free Cloud Mac	2026-08-23T00:16:29.4382170Z [INSTALL_PODS] Installing expo-dev-menu (57.0.12)
build	Build iOS Locally on Free Cloud Mac	2026-08-23T00:16:29.4382670Z [INSTALL_PODS] Installing expo-dev-menu-interface (57.0.0)
build	Build iOS Locally on Free Cloud Mac	2026-08-23T00:16:29.4383140Z [INSTALL_PODS] Installing hermes-engine (250829098.0.16)
build	Build iOS Locally on Free Cloud Mac	2026-08-23T00:16:30.4774040Z [INSTALL_PODS] Installing react-native-maps (1.27.2)
build	Build iOS Locally on Free Cloud Mac	2026-08-23T00:16:30.4774930Z [INSTALL_PODS] Installing react-native-safe-area-context (5.7.0)
build	Build iOS Locally on Free Cloud Mac	2026-08-23T00:16:30.4775680Z [INSTALL_PODS] Installing react-native-webview (13.16.1)
build	Build iOS Locally on Free Cloud Mac	2026-08-23T00:16:30.4776230Z [INSTALL_PODS] Installing stripe-react-native (0.64.0)
build	Build iOS Locally on Free Cloud Mac	2026-08-23T00:16:30.4919980Z [INSTALL_PODS] [Expo] Ensuring required slices in ExpoModulesJSI.xcframework
build	Build iOS Locally on Free Cloud Mac	2026-08-23T00:16:43.5006360Z [INSTALL_PODS] [Expo] Staged 1/1 shared SPM xcframework(s) (debug)
build	Build iOS Locally on Free Cloud Mac	2026-08-23T00:16:43.5007090Z [INSTALL_PODS] Generating Pods project
build	Build iOS Locally on Free Cloud Mac	2026-08-23T00:16:43.5007590Z [INSTALL_PODS] Setting USE_HERMES build settings
build	Build iOS Locally on Free Cloud Mac	2026-08-23T00:16:43.5008040Z [INSTALL_PODS] Setting REACT_NATIVE_PATH build settings
build	Build iOS Locally on Free Cloud Mac	2026-08-23T00:16:43.5008600Z [INSTALL_PODS] Setting SWIFT_ACTIVE_COMPILATION_CONDITIONS build settings
build	Build iOS Locally on Free Cloud Mac	2026-08-23T00:16:44.8487340Z [INSTALL_PODS] [Ccache]: Removing Ccache from CC, LD, CXX & LDPLUSPLUS build settings
build	Build iOS Locally on Free Cloud Mac	2026-08-23T00:16:44.8488410Z [INSTALL_PODS] Setting SWIFT_ENABLE_EXPLICIT_MODULES build settings
build	Build iOS Locally on Free Cloud Mac	2026-08-23T00:16:44.8489130Z [INSTALL_PODS] [ReactNativeCore] Processing VFS overlay file...
build	Build iOS Locally on Free Cloud Mac	2026-08-23T00:16:44.8490670Z [INSTALL_PODS] [ReactNativeCore]   Created VFS overlay at /private/var/folders/g3/pffjr_y96bq06blnkf72x_hw0000gn/T/eas-build-local-nodejs/3113b503-fe57-40ab-8a83-a993d2515c76/build/ios/Pods/React-Core-prebuilt/React-VFS.yaml
build	Build iOS Locally on Free Cloud Mac	2026-08-23T00:16:44.8498500Z [INSTALL_PODS] [ReactNativeCore] VFS overlay setup complete
build	Build iOS Locally on Free Cloud Mac	2026-08-23T00:16:44.8499220Z [INSTALL_PODS] [ReactNativeCore] Configuring xcconfig for prebuilt React Native Core...
build	Build iOS Locally on Free Cloud Mac	2026-08-23T00:16:44.8499870Z [INSTALL_PODS] [ReactNativeCore] Prebuilt xcconfig configuration complete
build	Build iOS Locally on Free Cloud Mac	2026-08-23T00:16:44.8500440Z [INSTALL_PODS] [SPM] Cleaning old SPM dependencies from Pods project
build	Build iOS Locally on Free Cloud Mac	2026-08-23T00:16:44.8501010Z [INSTALL_PODS] [SPM] Adding SPM dependencies to Pods project
build	Build iOS Locally on Free Cloud Mac	2026-08-23T00:16:44.8501840Z [INSTALL_PODS] [Privacy Manifest Aggregation] No existing PrivacyInfo.xcprivacy file found, creating a new one.
build	Build iOS Locally on Free Cloud Mac	2026-08-23T00:16:44.8502930Z [INSTALL_PODS] [Privacy Manifest Aggregation] Reading .xcprivacy files to aggregate all used Required Reason APIs.
build	Build iOS Locally on Free Cloud Mac	2026-08-23T00:16:44.8503570Z [INSTALL_PODS] file_root: Hence
build	Build iOS Locally on Free Cloud Mac	2026-08-23T00:16:44.8504770Z [INSTALL_PODS] Setting CLANG_CXX_LANGUAGE_STANDARD to c++20 on /private/var/folders/g3/pffjr_y96bq06blnkf72x_hw0000gn/T/eas-build-local-nodejs/3113b503-fe57-40ab-8a83-a993d2515c76/build/ios/Hence.xcodeproj
build	Build iOS Locally on Free Cloud Mac	2026-08-23T00:16:46.5937250Z [INSTALL_PODS] ==================== DEPRECATION NOTICE =====================
build	Build iOS Locally on Free Cloud Mac	2026-08-23T00:16:46.5939940Z [INSTALL_PODS] Calling `pod install` directly is deprecated in React Native
build	Build iOS Locally on Free Cloud Mac	2026-08-23T00:16:46.5940700Z [INSTALL_PODS] because we are moving away from Cocoapods toward alternative
build	Build iOS Locally on Free Cloud Mac	2026-08-23T00:16:46.5941400Z [INSTALL_PODS] solutions to build the project.
build	Build iOS Locally on Free Cloud Mac	2026-08-23T00:16:46.5941990Z [INSTALL_PODS] * If you are using Expo, please run:
build	Build iOS Locally on Free Cloud Mac	2026-08-23T00:16:46.5942540Z [INSTALL_PODS] `npx expo run:ios`
build	Build iOS Locally on Free Cloud Mac	2026-08-23T00:16:46.5943120Z [INSTALL_PODS] * If you are using the Community CLI, please run:
build	Build iOS Locally on Free Cloud Mac	2026-08-23T00:16:46.5943660Z [INSTALL_PODS] `yarn ios`
build	Build iOS Locally on Free Cloud Mac	2026-08-23T00:16:46.5944200Z [INSTALL_PODS] =============================================================
build	Build iOS Locally on Free Cloud Mac	2026-08-23T00:16:46.5944790Z [INSTALL_PODS] Pod install took 152 [s] to run
build	Build iOS Locally on Free Cloud Mac	2026-08-23T00:16:46.5945330Z [INSTALL_PODS] Integrating client project
build	Build iOS Locally on Free Cloud Mac	2026-08-23T00:16:46.5946110Z [INSTALL_PODS] [!] Please close any current Xcode sessions and use `Hence.xcworkspace` for this project from now on.
build	Build iOS Locally on Free Cloud Mac	2026-08-23T00:16:46.8022860Z [INSTALL_PODS] [Expo] Installing the build script for target Hence
build	Build iOS Locally on Free Cloud Mac	2026-08-23T00:16:48.9403530Z [INSTALL_PODS] [!] ExpoCamera has added 2 script phases. Please inspect before executing a build. See `https://guides.cocoapods.org/syntax/podspec.html#script_phases` for more information.
build	Build iOS Locally on Free Cloud Mac	2026-08-23T00:16:48.9404860Z [INSTALL_PODS] Pod installation complete! There are 119 dependencies from the Podfile and 127 total pods installed.
build	Build iOS Locally on Free Cloud Mac	2026-08-23T00:16:48.9507130Z [INSTALL_PODS] [!] ExpoCameraBarcodeScanning has added 2 script phases. Please inspect before executing a build. See `https://guides.cocoapods.org/syntax/podspec.html#script_phases` for more information.
build	Build iOS Locally on Free Cloud Mac	2026-08-23T00:16:48.9508590Z [INSTALL_PODS] [Expo-precompiled] Precompiled modules:
build	Build iOS Locally on Free Cloud Mac	2026-08-23T00:16:48.9607580Z [INSTALL_PODS] [!] ExpoFileSystem has added 2 script phases. Please inspect before executing a build. See `https://guides.cocoapods.org/syntax/podspec.html#script_phases` for more information.
build	Build iOS Locally on Free Cloud Mac	2026-08-23T00:16:48.9609340Z [INSTALL_PODS] [Expo-precompiled]   📦 ExpoCamera (57.0.3)
build	Build iOS Locally on Free Cloud Mac	2026-08-23T00:16:48.9712070Z [INSTALL_PODS] [!] ExpoFont has added 2 script phases. Please inspect before executing a build. See `https://guides.cocoapods.org/syntax/podspec.html#script_phases` for more information.
build	Build iOS Locally on Free Cloud Mac	2026-08-23T00:16:48.9713320Z [INSTALL_PODS] [Expo-precompiled]   📦 ExpoCameraBarcodeScanning (57.0.3)
build	Build iOS Locally on Free Cloud Mac	2026-08-23T00:16:48.9723200Z [INSTALL_PODS] [!] ExpoLocation has added 2 script phases. Please inspect before executing a build. See `https://guides.cocoapods.org/syntax/podspec.html#script_phases` for more information.
build	Build iOS Locally on Free Cloud Mac	2026-08-23T00:16:48.9724760Z [INSTALL_PODS] [Expo-precompiled]       ∟ ZXingObjC.xcframework (3.6.9)
build	Build iOS Locally on Free Cloud Mac	2026-08-23T00:16:48.9726230Z [INSTALL_PODS] [!] ExpoModulesCore has added 2 script phases. Please inspect before executing a build. See `https://guides.cocoapods.org/syntax/podspec.html#script_phases` for more information.
build	Build iOS Locally on Free Cloud Mac	2026-08-23T00:16:48.9727690Z [INSTALL_PODS] [Expo-precompiled]   📦 ExpoFileSystem (57.0.4)
build	Build iOS Locally on Free Cloud Mac	2026-08-23T00:16:48.9733460Z [INSTALL_PODS] [!] ExpoModulesWorklets has added 2 script phases. Please inspect before executing a build. See `https://guides.cocoapods.org/syntax/podspec.html#script_phases` for more information.
build	Build iOS Locally on Free Cloud Mac	2026-08-23T00:16:48.9734460Z [INSTALL_PODS] [Expo-precompiled]   📦 ExpoFont (57.0.1)
build	Build iOS Locally on Free Cloud Mac	2026-08-23T00:16:48.9735580Z [INSTALL_PODS] [!] React-Core-prebuilt has added 1 script phase. Please inspect before executing a build. See `https://guides.cocoapods.org/syntax/podspec.html#script_phases` for more information.
build	Build iOS Locally on Free Cloud Mac	2026-08-23T00:16:48.9737010Z [INSTALL_PODS] [!] ReactNativeDependencies has added 1 script phase. Please inspect before executing a build. See `https://guides.cocoapods.org/syntax/podspec.html#script_phases` for more information.
build	Build iOS Locally on Free Cloud Mac	2026-08-23T00:16:48.9738470Z [INSTALL_PODS] [!] hermes-engine has added 1 script phase. Please inspect before executing a build. See `https://guides.cocoapods.org/syntax/podspec.html#script_phases` for more information.
build	Build iOS Locally on Free Cloud Mac	2026-08-23T00:16:48.9739290Z [INSTALL_PODS] [Expo-precompiled]   📦 ExpoLocation (57.0.10)
build	Build iOS Locally on Free Cloud Mac	2026-08-23T00:16:48.9739830Z [INSTALL_PODS] [Expo-precompiled]   📦 ExpoModulesCore (57.0.11)
build	Build iOS Locally on Free Cloud Mac	2026-08-23T00:16:48.9740700Z [INSTALL_PODS] [Expo-precompiled]   📦 ExpoModulesWorklets (57.0.11)
build	Build iOS Locally on Free Cloud Mac	2026-08-23T00:16:48.9741390Z [INSTALL_PODS] [Expo] Disabling SWIFT_EMIT_MODULE_INTERFACE for pod targets (prebuilt React compatibility)
build	Build iOS Locally on Free Cloud Mac	2026-08-23T00:16:48.9742850Z [INSTALL_PODS] [Expo-precompiled] Looking for ExpoModulesCore.xcframework at: /private/var/folders/g3/pffjr_y96bq06blnkf72x_hw0000gn/T/eas-build-local-nodejs/3113b503-fe57-40ab-8a83-a993d2515c76/build/ios/Pods/ExpoModulesCore/ExpoModulesCore.xcframework
build	Build iOS Locally on Free Cloud Mac	2026-08-23T00:16:48.9744180Z [INSTALL_PODS] [Expo-precompiled] Adding ExpoModulesJSI header search paths to all targets
build	Build iOS Locally on Free Cloud Mac	2026-08-23T00:16:48.9744960Z [INSTALL_PODS] [Expo] Adding '[Expo] Remove duplicate codegen output' build phase to ReactCodegen
build	Build iOS Locally on Free Cloud Mac	2026-08-23T00:16:48.9747650Z [INSTALL_PODS] [Expo] Raised resource bundle deployment targets to match their pods: RNCAsyncStorage-RNCAsyncStorage_resources, RNSVG-RNSVGFilters, Stripe-StripeBundle, StripeCore-StripeCoreBundle, StripeFinancialConnections-StripeFinancialConnectionsBundle, StripePaymentSheet-StripePaymentSheetBundle, StripePayments-StripePaymentsBundle, StripePayments-Stripe3DS2, StripePaymentsUI-StripePaymentsUIBundle, StripeUICore-StripeUICoreBundle
build	Build iOS Locally on Free Cloud Mac	2026-08-23T00:16:48.9749650Z [CONFIGURE_XCODE_PROJECT] Configuring Xcode project
build	Build iOS Locally on Free Cloud Mac	2026-08-23T00:16:48.9750490Z [CONFIGURE_XCODE_PROJECT] Assigning provisioning profile '*[expo] com.hence.oyedotun AppStore 2026-08-02T10:43:24.097Z' (Apple Team ID: Q42QY7STMH) to target 'Hence'
build	Build iOS Locally on Free Cloud Mac	2026-08-23T00:16:49.0365580Z [CONFIGURE_XCODE_PROJECT] Updating versions in /var/folders/g3/pffjr_y96bq06blnkf72x_hw0000gn/T/eas-build-local-nodejs/3113b503-fe57-40ab-8a83-a993d2515c76/build/ios/Hence/Info.plist
build	Build iOS Locally on Free Cloud Mac	2026-08-23T00:16:49.5110010Z [EAGER_BUNDLE] 2026-08-23T00:16:49.510Z expo:telemetry Switching strategy from detached to instant
build	Build iOS Locally on Free Cloud Mac	2026-08-23T00:16:49.5110740Z [EAGER_BUNDLE] 2026-08-23T00:16:49.510Z expo:telemetry Recording 1 event(s)
build	Build iOS Locally on Free Cloud Mac	2026-08-23T00:16:49.6426570Z [EAGER_BUNDLE] 2026-08-23T00:16:49.642Z expo:env /private/var/folders/g3/pffjr_y96bq06blnkf72x_hw0000gn/T/eas-build-local-nodejs/3113b503-fe57-40ab-8a83-a993d2515c76/build/.env does not exist, skipping this env file
build	Build iOS Locally on Free Cloud Mac	2026-08-23T00:16:49.6428260Z [EAGER_BUNDLE] 2026-08-23T00:16:49.642Z expo:env /private/var/folders/g3/pffjr_y96bq06blnkf72x_hw0000gn/T/eas-build-local-nodejs/3113b503-fe57-40ab-8a83-a993d2515c76/build/.env.production does not exist, skipping this env file
build	Build iOS Locally on Free Cloud Mac	2026-08-23T00:16:49.6429900Z [EAGER_BUNDLE] 2026-08-23T00:16:49.642Z expo:env /private/var/folders/g3/pffjr_y96bq06blnkf72x_hw0000gn/T/eas-build-local-nodejs/3113b503-fe57-40ab-8a83-a993d2515c76/build/.env.local does not exist, skipping this env file
build	Build iOS Locally on Free Cloud Mac	2026-08-23T00:16:49.6431710Z [EAGER_BUNDLE] 2026-08-23T00:16:49.642Z expo:env /private/var/folders/g3/pffjr_y96bq06blnkf72x_hw0000gn/T/eas-build-local-nodejs/3113b503-fe57-40ab-8a83-a993d2515c76/build/.env.production.local does not exist, skipping this env file
build	Build iOS Locally on Free Cloud Mac	2026-08-23T00:16:49.6480180Z [EAGER_BUNDLE] 2026-08-23T00:16:49.646Z expo:export:embed Bundling to non-standard location: /var/folders/g3/pffjr_y96bq06blnkf72x_hw0000gn/T/eh7e0l336ae/main.jsbundle
build	Build iOS Locally on Free Cloud Mac	2026-08-23T00:16:49.7834550Z [EAGER_BUNDLE] 2026-08-23T00:16:49.783Z expo:start:server:devServer Stopping dev server (bundler: metro)
build	Build iOS Locally on Free Cloud Mac	2026-08-23T00:16:49.7835370Z [EAGER_BUNDLE] 2026-08-23T00:16:49.783Z expo:start:server:devServer Stopped dev server (bundler: metro)
build	Build iOS Locally on Free Cloud Mac	2026-08-23T00:16:49.7889030Z [EAGER_BUNDLE] 2026-08-23T00:16:49.788Z expo:start:server:metro:router Using app as the root directory for Expo Router.
build	Build iOS Locally on Free Cloud Mac	2026-08-23T00:16:49.8859440Z [EAGER_BUNDLE] 
build	Build iOS Locally on Free Cloud Mac	2026-08-23T00:16:49.8859990Z [EAGER_BUNDLE] Expo Metro config:
build	Build iOS Locally on Free Cloud Mac	2026-08-23T00:16:49.8860850Z [EAGER_BUNDLE] - Version: 57.0.8
build	Build iOS Locally on Free Cloud Mac	2026-08-23T00:16:49.8861720Z [EAGER_BUNDLE] - Extensions: ts, tsx, mjs, js, jsx, json, cjs, scss, sass, css
build	Build iOS Locally on Free Cloud Mac	2026-08-23T00:16:49.8862840Z [EAGER_BUNDLE] - React Native: /private/var/folders/g3/pffjr_y96bq06blnkf72x_hw0000gn/T/eas-build-local-nodejs/3113b503-fe57-40ab-8a83-a993d2515c76/build/node_modules/react-native
build	Build iOS Locally on Free Cloud Mac	2026-08-23T00:16:49.8863620Z [EAGER_BUNDLE] - Watch Folders: 
build	Build iOS Locally on Free Cloud Mac	2026-08-23T00:16:49.8863990Z [EAGER_BUNDLE] - Node Module Paths: 
build	Build iOS Locally on Free Cloud Mac	2026-08-23T00:16:49.8864350Z [EAGER_BUNDLE] - Sass: null
build	Build iOS Locally on Free Cloud Mac	2026-08-23T00:16:49.8864670Z [EAGER_BUNDLE] - Reanimated: null
build	Build iOS Locally on Free Cloud Mac	2026-08-23T00:16:49.8865060Z [EAGER_BUNDLE] - Worklets: null
build	Build iOS Locally on Free Cloud Mac	2026-08-23T00:16:49.8865440Z [EAGER_BUNDLE] - Babel Runtime: null
build	Build iOS Locally on Free Cloud Mac	2026-08-23T00:16:50.0450280Z [EAGER_BUNDLE] Expo Metro config:
build	Build iOS Locally on Free Cloud Mac	2026-08-23T00:16:50.0529970Z [EAGER_BUNDLE] 2026-08-23T00:16:50.047Z expo:metro:withMetroResolvers Appending 8 custom resolvers to Metro config. (has custom resolver: false)
build	Build iOS Locally on Free Cloud Mac	2026-08-23T00:16:50.0530670Z [EAGER_BUNDLE] - Version: 57.0.8
build	Build iOS Locally on Free Cloud Mac	2026-08-23T00:16:50.0533300Z [EAGER_BUNDLE] 2026-08-23T00:16:50.047Z expo:start:server:urlCreator URL: http://127.0.0.1:8081
build	Build iOS Locally on Free Cloud Mac	2026-08-23T00:16:50.0534770Z [EAGER_BUNDLE] - Extensions: ts, tsx, mjs, js, jsx, json, cjs, scss, sass, css
build	Build iOS Locally on Free Cloud Mac	2026-08-23T00:16:50.0552090Z [EAGER_BUNDLE] - React Native: /private/var/folders/g3/pffjr_y96bq06blnkf72x_hw0000gn/T/eas-build-local-nodejs/3113b503-fe57-40ab-8a83-a993d2515c76/build/node_modules/react-native
build	Build iOS Locally on Free Cloud Mac	2026-08-23T00:16:50.0555370Z [EAGER_BUNDLE] - Watch Folders: 
build	Build iOS Locally on Free Cloud Mac	2026-08-23T00:16:50.0555800Z [EAGER_BUNDLE] - Node Module Paths: 
build	Build iOS Locally on Free Cloud Mac	2026-08-23T00:16:50.0557150Z [EAGER_BUNDLE] - Sass: null
build	Build iOS Locally on Free Cloud Mac	2026-08-23T00:16:50.0557760Z [EAGER_BUNDLE] - Reanimated: null
build	Build iOS Locally on Free Cloud Mac	2026-08-23T00:16:50.0566170Z [EAGER_BUNDLE] - Worklets: null
build	Build iOS Locally on Free Cloud Mac	2026-08-23T00:16:50.0566760Z [EAGER_BUNDLE] - Babel Runtime: null
build	Build iOS Locally on Free Cloud Mac	2026-08-23T00:16:50.1450620Z [EAGER_BUNDLE] Starting Metro Bundler
build	Build iOS Locally on Free Cloud Mac	2026-08-23T00:16:50.1665400Z [EAGER_BUNDLE] 2026-08-23T00:16:50.166Z expo:metro:options Disabling lazy bundling for export build
build	Build iOS Locally on Free Cloud Mac	2026-08-23T00:16:50.3168110Z [EAGER_BUNDLE] 2026-08-23T00:16:50.309Z expo:start:server:metro:multi-platform Enabling alias: react-native-vector-icons -> @expo/vector-icons
build	Build iOS Locally on Free Cloud Mac	2026-08-23T00:16:50.6884020Z [EAGER_BUNDLE] | 2026-08-23T00:16:50.687Z expo:babel:exports Found assignment to module.exports or exports at 4
build	Build iOS Locally on Free Cloud Mac	2026-08-23T00:16:50.6953990Z [EAGER_BUNDLE] | 2026-08-23T00:16:50.692Z expo:babel:exports Found assignment to module.exports or exports at 4
build	Build iOS Locally on Free Cloud Mac	2026-08-23T00:16:51.1556890Z [EAGER_BUNDLE] | 2026-08-23T00:16:51.147Z expo:babel:exports Found assignment to module.exports or exports at 32
build	Build iOS Locally on Free Cloud Mac	2026-08-23T00:16:51.2059210Z [EAGER_BUNDLE] | 2026-08-23T00:16:51.198Z expo:babel:exports Found assignment to module.exports or exports at 345
build	Build iOS Locally on Free Cloud Mac	2026-08-23T00:16:51.5222900Z [EAGER_BUNDLE] | 2026-08-23T00:16:51.517Z expo:babel:exports Found assignment to module.exports or exports at 32
build	Build iOS Locally on Free Cloud Mac	2026-08-23T00:16:53.0940230Z [EAGER_BUNDLE] | 2026-08-23T00:16:53.089Z expo:babel:exports Found assignment to module.exports or exports at 49
build	Build iOS Locally on Free Cloud Mac	2026-08-23T00:16:53.9684180Z [EAGER_BUNDLE] | 2026-08-23T00:16:53.967Z expo:babel:exports Found assignment to module.exports or exports at 45
build	Build iOS Locally on Free Cloud Mac	2026-08-23T00:16:53.9752330Z [EAGER_BUNDLE] | 2026-08-23T00:16:53.973Z expo:babel:exports Found assignment to module.exports or exports at 5
build	Build iOS Locally on Free Cloud Mac	2026-08-23T00:16:53.9772460Z [EAGER_BUNDLE] | 2026-08-23T00:16:53.976Z expo:babel:exports Found assignment to module.exports or exports at 24
build	Build iOS Locally on Free Cloud Mac	2026-08-23T00:16:53.9866570Z [EAGER_BUNDLE] | 2026-08-23T00:16:53.979Z expo:babel:exports Found assignment to module.exports or exports at 69
build	Build iOS Locally on Free Cloud Mac	2026-08-23T00:16:54.0704860Z [EAGER_BUNDLE] | 2026-08-23T00:16:54.069Z expo:babel:exports Found assignment to module.exports or exports at 2
build	Build iOS Locally on Free Cloud Mac	2026-08-23T00:16:54.1972330Z [EAGER_BUNDLE] | 2026-08-23T00:16:54.196Z expo:babel:exports Found assignment to module.exports or exports at 51
build	Build iOS Locally on Free Cloud Mac	2026-08-23T00:16:54.2732000Z [EAGER_BUNDLE] | 2026-08-23T00:16:54.268Z expo:babel:exports Found assignment to module.exports or exports at 12
build	Build iOS Locally on Free Cloud Mac	2026-08-23T00:16:54.3375620Z [EAGER_BUNDLE] | 2026-08-23T00:16:54.336Z expo:babel:exports Found assignment to module.exports or exports at 115
build	Build iOS Locally on Free Cloud Mac	2026-08-23T00:16:54.5228920Z [EAGER_BUNDLE] | 2026-08-23T00:16:54.518Z expo:babel:exports Found assignment to module.exports or exports at 1
build	Build iOS Locally on Free Cloud Mac	2026-08-23T00:16:54.7175530Z [EAGER_BUNDLE] | 2026-08-23T00:16:54.716Z expo:babel:exports Found assignment to module.exports or exports at 4
build	Build iOS Locally on Free Cloud Mac	2026-08-23T00:16:54.7600630Z [EAGER_BUNDLE] | 2026-08-23T00:16:54.759Z expo:babel:exports Found assignment to module.exports or exports at 172
build	Build iOS Locally on Free Cloud Mac	2026-08-23T00:16:54.7746350Z [EAGER_BUNDLE] | 2026-08-23T00:16:54.774Z expo:babel:exports Found assignment to module.exports or exports at 20
build	Build iOS Locally on Free Cloud Mac	2026-08-23T00:16:54.9222200Z [EAGER_BUNDLE] | 2026-08-23T00:16:54.921Z expo:babel:exports Found assignment to module.exports or exports at 55
build	Build iOS Locally on Free Cloud Mac	2026-08-23T00:16:55.3332340Z [EAGER_BUNDLE] | 2026-08-23T00:16:55.332Z expo:babel:exports Found assignment to module.exports or exports at 484
build	Build iOS Locally on Free Cloud Mac	2026-08-23T00:16:55.4832740Z [EAGER_BUNDLE] | 2026-08-23T00:16:55.482Z expo:babel:exports Found assignment to module.exports or exports at 26
build	Build iOS Locally on Free Cloud Mac	2026-08-23T00:16:55.5198150Z [EAGER_BUNDLE] | 2026-08-23T00:16:55.519Z expo:babel:exports Found assignment to module.exports or exports at 92
build	Build iOS Locally on Free Cloud Mac	2026-08-23T00:16:55.5578710Z [EAGER_BUNDLE] 2026-08-23T00:16:55.551Z expo:metro:withMetroResolvers Custom resolver (requestPostRewrites) threw: FailedToResolveNameError. (module: expo-asset, platform: ios, env: undefined, origin: /private/var/folders/g3/pffjr_y96bq06blnkf72x_hw0000gn/T/eas-build-local-nodejs/3113b503-fe57-40ab-8a83-a993d2515c76/build/node_modules/expo-font/build/FontLoader.js)
build	Build iOS Locally on Free Cloud Mac	2026-08-23T00:16:55.5585240Z [EAGER_BUNDLE] 2026-08-23T00:16:55.551Z expo:start:server:metro:fallback-resolver Fallback resolution for ios: expo-asset -> from origin: expo
build	Build iOS Locally on Free Cloud Mac	2026-08-23T00:16:55.7197150Z [EAGER_BUNDLE] | 2026-08-23T00:16:55.716Z expo:babel:exports Found assignment to module.exports or exports at 3
build	Build iOS Locally on Free Cloud Mac	2026-08-23T00:16:56.0220480Z [EAGER_BUNDLE] | 2026-08-23T00:16:56.021Z expo:babel:exports Found assignment to module.exports or exports at 10518
build	Build iOS Locally on Free Cloud Mac	2026-08-23T00:16:56.1439390Z [EAGER_BUNDLE] | 2026-08-23T00:16:56.143Z expo:babel:exports Found assignment to module.exports or exports at 102
build	Build iOS Locally on Free Cloud Mac	2026-08-23T00:16:56.1568790Z [EAGER_BUNDLE] | 2026-08-23T00:16:56.156Z expo:babel:exports Found assignment to module.exports or exports at 170
build	Build iOS Locally on Free Cloud Mac	2026-08-23T00:16:56.2121530Z [EAGER_BUNDLE] | 2026-08-23T00:16:56.211Z expo:babel:exports Found assignment to module.exports or exports at 69
build	Build iOS Locally on Free Cloud Mac	2026-08-23T00:16:56.2190250Z [EAGER_BUNDLE] | 2026-08-23T00:16:56.218Z expo:babel:exports Found assignment to module.exports or exports at 3
build	Build iOS Locally on Free Cloud Mac	2026-08-23T00:16:56.6776080Z [EAGER_BUNDLE] | 2026-08-23T00:16:56.676Z expo:babel:exports Found assignment to module.exports or exports at 3
build	Build iOS Locally on Free Cloud Mac	2026-08-23T00:16:56.6949310Z [EAGER_BUNDLE] | 2026-08-23T00:16:56.694Z expo:babel:exports Found assignment to module.exports or exports at 55
build	Build iOS Locally on Free Cloud Mac	2026-08-23T00:16:56.7246370Z [EAGER_BUNDLE] | 2026-08-23T00:16:56.722Z expo:babel:exports Found assignment to module.exports or exports at 474
build	Build iOS Locally on Free Cloud Mac	2026-08-23T00:16:56.7402510Z [EAGER_BUNDLE] | 2026-08-23T00:16:56.737Z expo:babel:exports Found assignment to module.exports or exports at 5
build	Build iOS Locally on Free Cloud Mac	2026-08-23T00:16:56.7432070Z [EAGER_BUNDLE] | 2026-08-23T00:16:56.742Z expo:babel:exports Found assignment to module.exports or exports at 21
build	Build iOS Locally on Free Cloud Mac	2026-08-23T00:16:56.7518610Z [EAGER_BUNDLE] | 2026-08-23T00:16:56.751Z expo:babel:exports Found assignment to module.exports or exports at 4
build	Build iOS Locally on Free Cloud Mac	2026-08-23T00:16:56.7627830Z [EAGER_BUNDLE] | 2026-08-23T00:16:56.760Z expo:babel:exports Found assignment to module.exports or exports at 140
build	Build iOS Locally on Free Cloud Mac	2026-08-23T00:16:56.8745880Z [EAGER_BUNDLE] | 2026-08-23T00:16:56.874Z expo:babel:exports Found assignment to module.exports or exports at 50
build	Build iOS Locally on Free Cloud Mac	2026-08-23T00:16:57.0152600Z [EAGER_BUNDLE] | 2026-08-23T00:16:57.008Z expo:babel:exports Found assignment to module.exports or exports at 1
build	Build iOS Locally on Free Cloud Mac	2026-08-23T00:16:57.0253820Z [EAGER_BUNDLE] | 2026-08-23T00:16:57.010Z expo:babel:exports Found assignment to module.exports or exports at 36
build	Build iOS Locally on Free Cloud Mac	2026-08-23T00:16:57.0355030Z [EAGER_BUNDLE] | 2026-08-23T00:16:57.014Z expo:babel:exports Found assignment to module.exports or exports at 16
build	Build iOS Locally on Free Cloud Mac	2026-08-23T00:16:57.0456720Z [EAGER_BUNDLE] | 2026-08-23T00:16:57.020Z expo:babel:exports Found assignment to module.exports or exports at 65
build	Build iOS Locally on Free Cloud Mac	2026-08-23T00:16:57.0557200Z [EAGER_BUNDLE] | 2026-08-23T00:16:57.024Z expo:babel:exports Found assignment to module.exports or exports at 1
build	Build iOS Locally on Free Cloud Mac	2026-08-23T00:16:57.0657460Z [EAGER_BUNDLE] | 2026-08-23T00:16:57.031Z expo:babel:exports Found assignment to module.exports or exports at 27
build	Build iOS Locally on Free Cloud Mac	2026-08-23T00:16:57.0758720Z [EAGER_BUNDLE] | 2026-08-23T00:16:57.034Z expo:babel:exports Found assignment to module.exports or exports at 37
build	Build iOS Locally on Free Cloud Mac	2026-08-23T00:16:57.0859400Z [EAGER_BUNDLE] | 2026-08-23T00:16:57.037Z expo:babel:exports Found assignment to module.exports or exports at 11
build	Build iOS Locally on Free Cloud Mac	2026-08-23T00:16:57.0959720Z [EAGER_BUNDLE] | 2026-08-23T00:16:57.040Z expo:babel:exports Found assignment to module.exports or exports at 56
build	Build iOS Locally on Free Cloud Mac	2026-08-23T00:16:57.1060780Z [EAGER_BUNDLE] | 2026-08-23T00:16:57.041Z expo:babel:exports Found assignment to module.exports or exports at 17
build	Build iOS Locally on Free Cloud Mac	2026-08-23T00:16:57.1161440Z [EAGER_BUNDLE] | 2026-08-23T00:16:57.048Z expo:babel:exports Found assignment to module.exports or exports at 11
build	Build iOS Locally on Free Cloud Mac	2026-08-23T00:16:57.1261900Z [EAGER_BUNDLE] | 2026-08-23T00:16:57.059Z expo:babel:exports Found assignment to module.exports or exports at 99
build	Build iOS Locally on Free Cloud Mac	2026-08-23T00:16:57.1364250Z [EAGER_BUNDLE] | 2026-08-23T00:16:57.069Z expo:babel:exports Found assignment to module.exports or exports at 5
build	Build iOS Locally on Free Cloud Mac	2026-08-23T00:16:57.1464810Z [EAGER_BUNDLE] | 2026-08-23T00:16:57.078Z expo:babel:exports Found assignment to module.exports or exports at 281
build	Build iOS Locally on Free Cloud Mac	2026-08-23T00:16:57.1566170Z [EAGER_BUNDLE] | 2026-08-23T00:16:57.081Z expo:babel:exports Found assignment to module.exports or exports at 56
build	Build iOS Locally on Free Cloud Mac	2026-08-23T00:16:57.1666350Z [EAGER_BUNDLE] | 2026-08-23T00:16:57.100Z expo:babel:exports Found assignment to module.exports or exports at 312
build	Build iOS Locally on Free Cloud Mac	2026-08-23T00:16:57.1766820Z [EAGER_BUNDLE] | 2026-08-23T00:16:57.126Z expo:babel:exports Found assignment to module.exports or exports at 18
build	Build iOS Locally on Free Cloud Mac	2026-08-23T00:16:57.1794020Z [EAGER_BUNDLE] | 2026-08-23T00:16:57.166Z expo:babel:exports Found assignment to module.exports or exports at 1316
build	Build iOS Locally on Free Cloud Mac	2026-08-23T00:16:57.2054310Z [EAGER_BUNDLE] | 2026-08-23T00:16:57.199Z expo:babel:exports Found assignment to module.exports or exports at 1563
build	Build iOS Locally on Free Cloud Mac	2026-08-23T00:16:57.2277120Z [EAGER_BUNDLE] | 2026-08-23T00:16:57.225Z expo:babel:exports Found assignment to module.exports or exports at 7
build	Build iOS Locally on Free Cloud Mac	2026-08-23T00:16:57.2378560Z [EAGER_BUNDLE] | 2026-08-23T00:16:57.234Z expo:babel:exports Found assignment to module.exports or exports at 5
build	Build iOS Locally on Free Cloud Mac	2026-08-23T00:16:57.3244910Z [EAGER_BUNDLE] | 2026-08-23T00:16:57.321Z expo:babel:exports Found assignment to module.exports or exports at 518
build	Build iOS Locally on Free Cloud Mac	2026-08-23T00:16:57.3579530Z [EAGER_BUNDLE] | 2026-08-23T00:16:57.354Z expo:babel:exports Found assignment to module.exports or exports at 14
build	Build iOS Locally on Free Cloud Mac	2026-08-23T00:16:57.3594280Z [EAGER_BUNDLE] | 2026-08-23T00:16:57.357Z expo:babel:exports Found assignment to module.exports or exports at 1
build	Build iOS Locally on Free Cloud Mac	2026-08-23T00:16:57.3876800Z [EAGER_BUNDLE] | 2026-08-23T00:16:57.380Z expo:babel:exports Found assignment to module.exports or exports at 10
build	Build iOS Locally on Free Cloud Mac	2026-08-23T00:16:57.3974270Z [EAGER_BUNDLE] | 2026-08-23T00:16:57.385Z expo:babel:exports Found assignment to module.exports or exports at 7
build	Build iOS Locally on Free Cloud Mac	2026-08-23T00:16:57.4075920Z [EAGER_BUNDLE] | 2026-08-23T00:16:57.388Z expo:babel:exports Found assignment to module.exports or exports at 11
build	Build iOS Locally on Free Cloud Mac	2026-08-23T00:16:57.4177600Z [EAGER_BUNDLE] | 2026-08-23T00:16:57.393Z expo:babel:exports Found assignment to module.exports or exports at 43
build	Build iOS Locally on Free Cloud Mac	2026-08-23T00:16:57.4276330Z [EAGER_BUNDLE] | 2026-08-23T00:16:57.401Z expo:babel:exports Found assignment to module.exports or exports at 164
build	Build iOS Locally on Free Cloud Mac	2026-08-23T00:16:57.4367530Z [EAGER_BUNDLE] | 2026-08-23T00:16:57.409Z expo:babel:exports Found assignment to module.exports or exports at 59
build	Build iOS Locally on Free Cloud Mac	2026-08-23T00:16:57.4469140Z [EAGER_BUNDLE] | 2026-08-23T00:16:57.409Z expo:babel:exports Found assignment to module.exports or exports at 30
build	Build iOS Locally on Free Cloud Mac	2026-08-23T00:16:57.4578030Z [EAGER_BUNDLE] | 2026-08-23T00:16:57.413Z expo:babel:exports Found assignment to module.exports or exports at 54
build	Build iOS Locally on Free Cloud Mac	2026-08-23T00:16:57.4687770Z [EAGER_BUNDLE] | 2026-08-23T00:16:57.418Z expo:babel:exports Found assignment to module.exports or exports at 52
build	Build iOS Locally on Free Cloud Mac	2026-08-23T00:16:57.4689680Z [EAGER_BUNDLE] | 2026-08-23T00:16:57.459Z expo:babel:exports Found assignment to module.exports or exports at 3
build	Build iOS Locally on Free Cloud Mac	2026-08-23T00:16:57.4700200Z [EAGER_BUNDLE] | 2026-08-23T00:16:57.461Z expo:babel:exports Found assignment to module.exports or exports at 75
build	Build iOS Locally on Free Cloud Mac	2026-08-23T00:16:57.4752080Z [EAGER_BUNDLE] | 2026-08-23T00:16:57.462Z expo:babel:exports Found assignment to module.exports or exports at 1
build	Build iOS Locally on Free Cloud Mac	2026-08-23T00:16:57.4757260Z [EAGER_BUNDLE] | 2026-08-23T00:16:57.464Z expo:babel:exports Found assignment to module.exports or exports at 1
build	Build iOS Locally on Free Cloud Mac	2026-08-23T00:16:57.4774030Z [EAGER_BUNDLE] | 2026-08-23T00:16:57.471Z expo:babel:exports Found assignment to module.exports or exports at 17
build	Build iOS Locally on Free Cloud Mac	2026-08-23T00:16:57.5494690Z [EAGER_BUNDLE] | 2026-08-23T00:16:57.548Z expo:babel:exports Found assignment to module.exports or exports at 41
build	Build iOS Locally on Free Cloud Mac	2026-08-23T00:16:57.5655190Z [EAGER_BUNDLE] | 2026-08-23T00:16:57.562Z expo:babel:exports Found assignment to module.exports or exports at 99
build	Build iOS Locally on Free Cloud Mac	2026-08-23T00:16:57.5691940Z [EAGER_BUNDLE] | 2026-08-23T00:16:57.563Z expo:babel:exports Found assignment to module.exports or exports at 1
build	Build iOS Locally on Free Cloud Mac	2026-08-23T00:16:57.5805660Z [EAGER_BUNDLE] | 2026-08-23T00:16:57.566Z expo:babel:exports Found assignment to module.exports or exports at 1
build	Build iOS Locally on Free Cloud Mac	2026-08-23T00:16:57.5812900Z [EAGER_BUNDLE] | 2026-08-23T00:16:57.574Z expo:babel:exports Found assignment to module.exports or exports at 1
build	Build iOS Locally on Free Cloud Mac	2026-08-23T00:16:57.5864390Z [EAGER_BUNDLE] | 2026-08-23T00:16:57.576Z expo:babel:exports Found assignment to module.exports or exports at 1
build	Build iOS Locally on Free Cloud Mac	2026-08-23T00:16:57.5958370Z [EAGER_BUNDLE] | 2026-08-23T00:16:57.590Z expo:babel:exports Found assignment to module.exports or exports at 82
build	Build iOS Locally on Free Cloud Mac	2026-08-23T00:16:57.6060070Z [EAGER_BUNDLE] | 2026-08-23T00:16:57.589Z expo:babel:exports Found assignment to module.exports or exports at 576
build	Build iOS Locally on Free Cloud Mac	2026-08-23T00:16:57.6161740Z [EAGER_BUNDLE] | 2026-08-23T00:16:57.611Z expo:babel:exports Found assignment to module.exports or exports at 466
build	Build iOS Locally on Free Cloud Mac	2026-08-23T00:16:57.6227600Z [EAGER_BUNDLE] | 2026-08-23T00:16:57.613Z expo:babel:exports Found assignment to module.exports or exports at 219
build	Build iOS Locally on Free Cloud Mac	2026-08-23T00:16:57.6329040Z [EAGER_BUNDLE] | 2026-08-23T00:16:57.624Z expo:babel:exports Found assignment to module.exports or exports at 22
build	Build iOS Locally on Free Cloud Mac	2026-08-23T00:16:57.6365850Z [EAGER_BUNDLE] | 2026-08-23T00:16:57.628Z expo:babel:exports Found assignment to module.exports or exports at 1
build	Build iOS Locally on Free Cloud Mac	2026-08-23T00:16:57.6393960Z [EAGER_BUNDLE] | 2026-08-23T00:16:57.634Z expo:babel:exports Found assignment to module.exports or exports at 3
build	Build iOS Locally on Free Cloud Mac	2026-08-23T00:16:57.6402830Z [EAGER_BUNDLE] | 2026-08-23T00:16:57.635Z expo:babel:exports Found assignment to module.exports or exports at 87
build	Build iOS Locally on Free Cloud Mac	2026-08-23T00:16:57.6445500Z [EAGER_BUNDLE] | 2026-08-23T00:16:57.639Z expo:babel:exports Found assignment to module.exports or exports at 3
build	Build iOS Locally on Free Cloud Mac	2026-08-23T00:16:57.6654330Z [EAGER_BUNDLE] | 2026-08-23T00:16:57.656Z expo:babel:exports Found assignment to module.exports or exports at 591
build	Build iOS Locally on Free Cloud Mac	2026-08-23T00:16:57.6754760Z [EAGER_BUNDLE] | 2026-08-23T00:16:57.656Z expo:babel:exports Found assignment to module.exports or exports at 140
build	Build iOS Locally on Free Cloud Mac	2026-08-23T00:16:57.6804180Z [EAGER_BUNDLE] | 2026-08-23T00:16:57.672Z expo:babel:exports Found assignment to module.exports or exports at 146
build	Build iOS Locally on Free Cloud Mac	2026-08-23T00:16:57.6819420Z [EAGER_BUNDLE] | 2026-08-23T00:16:57.681Z expo:babel:exports Found assignment to module.exports or exports at 99
build	Build iOS Locally on Free Cloud Mac	2026-08-23T00:16:57.6823530Z [EAGER_BUNDLE] | 2026-08-23T00:16:57.682Z expo:babel:exports Found assignment to module.exports or exports at 3
build	Build iOS Locally on Free Cloud Mac	2026-08-23T00:16:57.6879170Z [EAGER_BUNDLE] | 2026-08-23T00:16:57.687Z expo:babel:exports Found assignment to module.exports or exports at 12
build	Build iOS Locally on Free Cloud Mac	2026-08-23T00:16:57.7028140Z [EAGER_BUNDLE] | 2026-08-23T00:16:57.701Z expo:babel:exports Found assignment to module.exports or exports at 3
build	Build iOS Locally on Free Cloud Mac	2026-08-23T00:16:57.7382070Z [EAGER_BUNDLE] | 2026-08-23T00:16:57.737Z expo:babel:exports Found assignment to module.exports or exports at 100
build	Build iOS Locally on Free Cloud Mac	2026-08-23T00:16:57.7492970Z [EAGER_BUNDLE] | 2026-08-23T00:16:57.748Z expo:babel:exports Found assignment to module.exports or exports at 6
build	Build iOS Locally on Free Cloud Mac	2026-08-23T00:16:57.7530000Z [EAGER_BUNDLE] | 2026-08-23T00:16:57.752Z expo:babel:exports Found assignment to module.exports or exports at 28
build	Build iOS Locally on Free Cloud Mac	2026-08-23T00:16:57.7580440Z [EAGER_BUNDLE] | 2026-08-23T00:16:57.752Z expo:babel:exports Found assignment to module.exports or exports at 84
build	Build iOS Locally on Free Cloud Mac	2026-08-23T00:16:57.7590990Z [EAGER_BUNDLE] | 2026-08-23T00:16:57.758Z expo:babel:exports Found assignment to module.exports or exports at 6
build	Build iOS Locally on Free Cloud Mac	2026-08-23T00:16:57.7611010Z [EAGER_BUNDLE] | 2026-08-23T00:16:57.760Z expo:babel:exports Found assignment to module.exports or exports at 3
build	Build iOS Locally on Free Cloud Mac	2026-08-23T00:16:57.7622950Z [EAGER_BUNDLE] | 2026-08-23T00:16:57.761Z expo:babel:exports Found assignment to module.exports or exports at 34
build	Build iOS Locally on Free Cloud Mac	2026-08-23T00:16:57.7637080Z [EAGER_BUNDLE] | 2026-08-23T00:16:57.763Z expo:babel:exports Found assignment to module.exports or exports at 3
build	Build iOS Locally on Free Cloud Mac	2026-08-23T00:16:57.7733550Z [EAGER_BUNDLE] | 2026-08-23T00:16:57.767Z expo:babel:exports Found assignment to module.exports or exports at 7
build	Build iOS Locally on Free Cloud Mac	2026-08-23T00:16:57.7760730Z [EAGER_BUNDLE] | 2026-08-23T00:16:57.767Z expo:babel:exports Found assignment to module.exports or exports at 10
build	Build iOS Locally on Free Cloud Mac	2026-08-23T00:16:57.7788960Z [EAGER_BUNDLE] | 2026-08-23T00:16:57.778Z expo:babel:exports Found assignment to module.exports or exports at 8
build	Build iOS Locally on Free Cloud Mac	2026-08-23T00:16:57.7797730Z [EAGER_BUNDLE] | 2026-08-23T00:16:57.779Z expo:babel:exports Found assignment to module.exports or exports at 42
build	Build iOS Locally on Free Cloud Mac	2026-08-23T00:16:57.7833760Z [EAGER_BUNDLE] | 2026-08-23T00:16:57.782Z expo:babel:exports Found assignment to module.exports or exports at 12
build	Build iOS Locally on Free Cloud Mac	2026-08-23T00:16:57.7934120Z [EAGER_BUNDLE] | 2026-08-23T00:16:57.788Z expo:babel:exports Found assignment to module.exports or exports at 6
build	Build iOS Locally on Free Cloud Mac	2026-08-23T00:16:57.7955440Z [EAGER_BUNDLE] | 2026-08-23T00:16:57.792Z expo:babel:exports Found assignment to module.exports or exports at 5
build	Build iOS Locally on Free Cloud Mac	2026-08-23T00:16:57.7995620Z [EAGER_BUNDLE] | 2026-08-23T00:16:57.796Z expo:babel:exports Found assignment to module.exports or exports at 6
build	Build iOS Locally on Free Cloud Mac	2026-08-23T00:16:57.8006660Z [EAGER_BUNDLE] | 2026-08-23T00:16:57.800Z expo:babel:exports Found assignment to module.exports or exports at 6
build	Build iOS Locally on Free Cloud Mac	2026-08-23T00:16:57.8009070Z [EAGER_BUNDLE] | 2026-08-23T00:16:57.800Z expo:babel:exports Found assignment to module.exports or exports at 6
build	Build iOS Locally on Free Cloud Mac	2026-08-23T00:16:57.8068490Z [EAGER_BUNDLE] | 2026-08-23T00:16:57.804Z expo:babel:exports Found assignment to module.exports or exports at 11
build	Build iOS Locally on Free Cloud Mac	2026-08-23T00:16:57.8112980Z [EAGER_BUNDLE] | 2026-08-23T00:16:57.806Z expo:babel:exports Found assignment to module.exports or exports at 8
build	Build iOS Locally on Free Cloud Mac	2026-08-23T00:16:57.8114050Z [EAGER_BUNDLE] | 2026-08-23T00:16:57.808Z expo:babel:exports Found assignment to module.exports or exports at 3
build	Build iOS Locally on Free Cloud Mac	2026-08-23T00:16:57.8120040Z [EAGER_BUNDLE] | 2026-08-23T00:16:57.811Z expo:babel:exports Found assignment to module.exports or exports at 1
build	Build iOS Locally on Free Cloud Mac	2026-08-23T00:16:57.8143690Z [EAGER_BUNDLE] | 2026-08-23T00:16:57.814Z expo:babel:exports Found assignment to module.exports or exports at 2
build	Build iOS Locally on Free Cloud Mac	2026-08-23T00:16:57.8152100Z [EAGER_BUNDLE] | 2026-08-23T00:16:57.814Z expo:babel:exports Found assignment to module.exports or exports at 3
build	Build iOS Locally on Free Cloud Mac	2026-08-23T00:16:57.8181640Z [EAGER_BUNDLE] | 2026-08-23T00:16:57.817Z expo:babel:exports Found assignment to module.exports or exports at 9
build	Build iOS Locally on Free Cloud Mac	2026-08-23T00:16:57.8182580Z [EAGER_BUNDLE] | 2026-08-23T00:16:57.817Z expo:babel:exports Found assignment to module.exports or exports at 6
build	Build iOS Locally on Free Cloud Mac	2026-08-23T00:16:57.8206680Z [EAGER_BUNDLE] | 2026-08-23T00:16:57.820Z expo:babel:exports Found assignment to module.exports or exports at 6
build	Build iOS Locally on Free Cloud Mac	2026-08-23T00:16:57.8213920Z [EAGER_BUNDLE] | 2026-08-23T00:16:57.821Z expo:babel:exports Found assignment to module.exports or exports at 9
build	Build iOS Locally on Free Cloud Mac	2026-08-23T00:16:57.8268130Z [EAGER_BUNDLE] | 2026-08-23T00:16:57.824Z expo:babel:exports Found assignment to module.exports or exports at 35
build	Build iOS Locally on Free Cloud Mac	2026-08-23T00:16:57.8287000Z [EAGER_BUNDLE] | 2026-08-23T00:16:57.826Z expo:babel:exports Found assignment to module.exports or exports at 51
build	Build iOS Locally on Free Cloud Mac	2026-08-23T00:16:57.8302690Z [EAGER_BUNDLE] | 2026-08-23T00:16:57.829Z expo:babel:exports Found assignment to module.exports or exports at 1
build	Build iOS Locally on Free Cloud Mac	2026-08-23T00:16:57.8307480Z [EAGER_BUNDLE] | 2026-08-23T00:16:57.830Z expo:babel:exports Found assignment to module.exports or exports at 22
build	Build iOS Locally on Free Cloud Mac	2026-08-23T00:16:57.8417330Z [EAGER_BUNDLE] | 2026-08-23T00:16:57.831Z expo:babel:exports Found assignment to module.exports or exports at 5
build	Build iOS Locally on Free Cloud Mac	2026-08-23T00:16:57.8424900Z [EAGER_BUNDLE] | 2026-08-23T00:16:57.835Z expo:babel:exports Found assignment to module.exports or exports at 14
build	Build iOS Locally on Free Cloud Mac	2026-08-23T00:16:57.8425780Z [EAGER_BUNDLE] | 2026-08-23T00:16:57.834Z expo:babel:exports Found assignment to module.exports or exports at 3
build	Build iOS Locally on Free Cloud Mac	2026-08-23T00:16:57.8427080Z [EAGER_BUNDLE] | 2026-08-23T00:16:57.838Z expo:babel:exports Found assignment to module.exports or exports at 24
build	Build iOS Locally on Free Cloud Mac	2026-08-23T00:16:57.8428030Z [EAGER_BUNDLE] | 2026-08-23T00:16:57.840Z expo:babel:exports Found assignment to module.exports or exports at 144
build	Build iOS Locally on Free Cloud Mac	2026-08-23T00:16:57.8439930Z [EAGER_BUNDLE] | 2026-08-23T00:16:57.842Z expo:babel:exports Found assignment to module.exports or exports at 10
build	Build iOS Locally on Free Cloud Mac	2026-08-23T00:16:57.8549340Z [EAGER_BUNDLE] | 2026-08-23T00:16:57.846Z expo:babel:exports Found assignment to module.exports or exports at 1
build	Build iOS Locally on Free Cloud Mac	2026-08-23T00:16:57.8655450Z [EAGER_BUNDLE] | 2026-08-23T00:16:57.849Z expo:babel:exports Found assignment to module.exports or exports at 1
build	Build iOS Locally on Free Cloud Mac	2026-08-23T00:16:57.8756980Z [EAGER_BUNDLE] | 2026-08-23T00:16:57.849Z expo:babel:exports Found assignment to module.exports or exports at 8
build	Build iOS Locally on Free Cloud Mac	2026-08-23T00:16:57.8839870Z [EAGER_BUNDLE] | 2026-08-23T00:16:57.852Z expo:babel:exports Found assignment to module.exports or exports at 1
build	Build iOS Locally on Free Cloud Mac	2026-08-23T00:16:57.8840800Z [EAGER_BUNDLE] | 2026-08-23T00:16:57.852Z expo:babel:exports Found assignment to module.exports or exports at 1
build	Build iOS Locally on Free Cloud Mac	2026-08-23T00:16:57.8841670Z [EAGER_BUNDLE] | 2026-08-23T00:16:57.853Z expo:babel:exports Found assignment to module.exports or exports at 1
build	Build iOS Locally on Free Cloud Mac	2026-08-23T00:16:57.8842490Z [EAGER_BUNDLE] | 2026-08-23T00:16:57.854Z expo:babel:exports Found assignment to module.exports or exports at 1
build	Build iOS Locally on Free Cloud Mac	2026-08-23T00:16:57.8843300Z [EAGER_BUNDLE] | 2026-08-23T00:16:57.856Z expo:babel:exports Found assignment to module.exports or exports at 1
build	Build iOS Locally on Free Cloud Mac	2026-08-23T00:16:57.8844090Z [EAGER_BUNDLE] | 2026-08-23T00:16:57.857Z expo:babel:exports Found assignment to module.exports or exports at 1
build	Build iOS Locally on Free Cloud Mac	2026-08-23T00:16:57.8850270Z [EAGER_BUNDLE] | 2026-08-23T00:16:57.857Z expo:babel:exports Found assignment to module.exports or exports at 1
build	Build iOS Locally on Free Cloud Mac	2026-08-23T00:16:57.8852230Z [EAGER_BUNDLE] | 2026-08-23T00:16:57.859Z expo:babel:exports Found assignment to module.exports or exports at 1
build	Build iOS Locally on Free Cloud Mac	2026-08-23T00:16:57.8853390Z [EAGER_BUNDLE] | 2026-08-23T00:16:57.860Z expo:babel:exports Found assignment to module.exports or exports at 1
build	Build iOS Locally on Free Cloud Mac	2026-08-23T00:16:57.8854240Z [EAGER_BUNDLE] | 2026-08-23T00:16:57.861Z expo:babel:exports Found assignment to module.exports or exports at 1
build	Build iOS Locally on Free Cloud Mac	2026-08-23T00:16:57.8855390Z [EAGER_BUNDLE] | 2026-08-23T00:16:57.864Z expo:babel:exports Found assignment to module.exports or exports at 9
build	Build iOS Locally on Free Cloud Mac	2026-08-23T00:16:57.8856220Z [EAGER_BUNDLE] | 2026-08-23T00:16:57.865Z expo:babel:exports Found assignment to module.exports or exports at 74
build	Build iOS Locally on Free Cloud Mac	2026-08-23T00:16:57.8857020Z [EAGER_BUNDLE] | 2026-08-23T00:16:57.866Z expo:babel:exports Found assignment to module.exports or exports at 1
build	Build iOS Locally on Free Cloud Mac	2026-08-23T00:16:57.8857810Z [EAGER_BUNDLE] | 2026-08-23T00:16:57.868Z expo:babel:exports Found assignment to module.exports or exports at 1
build	Build iOS Locally on Free Cloud Mac	2026-08-23T00:16:57.8858610Z [EAGER_BUNDLE] | 2026-08-23T00:16:57.870Z expo:babel:exports Found assignment to module.exports or exports at 1
build	Build iOS Locally on Free Cloud Mac	2026-08-23T00:16:57.8859400Z [EAGER_BUNDLE] | 2026-08-23T00:16:57.872Z expo:babel:exports Found assignment to module.exports or exports at 1
build	Build iOS Locally on Free Cloud Mac	2026-08-23T00:16:57.8860200Z [EAGER_BUNDLE] | 2026-08-23T00:16:57.874Z expo:babel:exports Found assignment to module.exports or exports at 78
build	Build iOS Locally on Free Cloud Mac	2026-08-23T00:16:57.8860990Z [EAGER_BUNDLE] | 2026-08-23T00:16:57.875Z expo:babel:exports Found assignment to module.exports or exports at 1
build	Build iOS Locally on Free Cloud Mac	2026-08-23T00:16:57.8861810Z [EAGER_BUNDLE] | 2026-08-23T00:16:57.882Z expo:babel:exports Found assignment to module.exports or exports at 124
build	Build iOS Locally on Free Cloud Mac	2026-08-23T00:16:57.8877550Z [EAGER_BUNDLE] | 2026-08-23T00:16:57.886Z expo:babel:exports Found assignment to module.exports or exports at 568
build	Build iOS Locally on Free Cloud Mac	2026-08-23T00:16:57.8908400Z [EAGER_BUNDLE] | 2026-08-23T00:16:57.890Z expo:babel:exports Found assignment to module.exports or exports at 113
build	Build iOS Locally on Free Cloud Mac	2026-08-23T00:16:57.8984290Z [EAGER_BUNDLE] | 2026-08-23T00:16:57.897Z expo:babel:exports Found assignment to module.exports or exports at 7
build	Build iOS Locally on Free Cloud Mac	2026-08-23T00:16:57.9016110Z [EAGER_BUNDLE] | 2026-08-23T00:16:57.901Z expo:babel:exports Found assignment to module.exports or exports at 74
build	Build iOS Locally on Free Cloud Mac	2026-08-23T00:16:57.9055880Z [EAGER_BUNDLE] | 2026-08-23T00:16:57.905Z expo:babel:exports Found assignment to module.exports or exports at 67
build	Build iOS Locally on Free Cloud Mac	2026-08-23T00:16:57.9102420Z [EAGER_BUNDLE] | 2026-08-23T00:16:57.908Z expo:babel:exports Found assignment to module.exports or exports at 523
build	Build iOS Locally on Free Cloud Mac	2026-08-23T00:16:57.9146320Z [EAGER_BUNDLE] | 2026-08-23T00:16:57.913Z expo:babel:exports Found assignment to module.exports or exports at 439
build	Build iOS Locally on Free Cloud Mac	2026-08-23T00:16:57.9231220Z [EAGER_BUNDLE] | 2026-08-23T00:16:57.922Z expo:babel:exports Found assignment to module.exports or exports at 63
build	Build iOS Locally on Free Cloud Mac	2026-08-23T00:16:57.9340260Z [EAGER_BUNDLE] | 2026-08-23T00:16:57.932Z expo:babel:exports Found assignment to module.exports or exports at 231
build	Build iOS Locally on Free Cloud Mac	2026-08-23T00:16:57.9350620Z [EAGER_BUNDLE] | 2026-08-23T00:16:57.934Z expo:babel:exports Found assignment to module.exports or exports at 633
build	Build iOS Locally on Free Cloud Mac	2026-08-23T00:16:57.9485230Z [EAGER_BUNDLE] | 2026-08-23T00:16:57.946Z expo:babel:exports Found assignment to module.exports or exports at 143
build	Build iOS Locally on Free Cloud Mac	2026-08-23T00:16:57.9519360Z [EAGER_BUNDLE] | 2026-08-23T00:16:57.951Z expo:babel:exports Found assignment to module.exports or exports at 37
build	Build iOS Locally on Free Cloud Mac	2026-08-23T00:16:57.9555360Z [EAGER_BUNDLE] | 2026-08-23T00:16:57.954Z expo:babel:exports Found assignment to module.exports or exports at 8
build	Build iOS Locally on Free Cloud Mac	2026-08-23T00:16:57.9556350Z [EAGER_BUNDLE] | 2026-08-23T00:16:57.955Z expo:babel:exports Found assignment to module.exports or exports at 3
build	Build iOS Locally on Free Cloud Mac	2026-08-23T00:16:57.9598350Z [EAGER_BUNDLE] | 2026-08-23T00:16:57.959Z expo:babel:exports Found assignment to module.exports or exports at 5
build	Build iOS Locally on Free Cloud Mac	2026-08-23T00:16:57.9619340Z [EAGER_BUNDLE] | 2026-08-23T00:16:57.961Z expo:babel:exports Found assignment to module.exports or exports at 91
build	Build iOS Locally on Free Cloud Mac	2026-08-23T00:16:57.9623210Z [EAGER_BUNDLE] | 2026-08-23T00:16:57.962Z expo:babel:exports Found assignment to module.exports or exports at 4
build	Build iOS Locally on Free Cloud Mac	2026-08-23T00:16:57.9666010Z [EAGER_BUNDLE] | 2026-08-23T00:16:57.965Z expo:babel:exports Found assignment to module.exports or exports at 231
build	Build iOS Locally on Free Cloud Mac	2026-08-23T00:16:57.9806370Z [EAGER_BUNDLE] | 2026-08-23T00:16:57.980Z expo:babel:exports Found assignment to module.exports or exports at 1
build	Build iOS Locally on Free Cloud Mac	2026-08-23T00:16:57.9834800Z [EAGER_BUNDLE] | 2026-08-23T00:16:57.981Z expo:babel:exports Found assignment to module.exports or exports at 3
build	Build iOS Locally on Free Cloud Mac	2026-08-23T00:16:57.9839730Z [EAGER_BUNDLE] | 2026-08-23T00:16:57.982Z expo:babel:exports Found assignment to module.exports or exports at 3
build	Build iOS Locally on Free Cloud Mac	2026-08-23T00:16:57.9848180Z [EAGER_BUNDLE] | 2026-08-23T00:16:57.984Z expo:babel:exports Found assignment to module.exports or exports at 3
build	Build iOS Locally on Free Cloud Mac	2026-08-23T00:16:57.9849030Z [EAGER_BUNDLE] | 2026-08-23T00:16:57.984Z expo:babel:exports Found assignment to module.exports or exports at 24
build	Build iOS Locally on Free Cloud Mac	2026-08-23T00:16:57.9894710Z [EAGER_BUNDLE] | 2026-08-23T00:16:57.988Z expo:babel:exports Found assignment to module.exports or exports at 8
build	Build iOS Locally on Free Cloud Mac	2026-08-23T00:16:57.9898800Z [EAGER_BUNDLE] | 2026-08-23T00:16:57.989Z expo:babel:exports Found assignment to module.exports or exports at 55
build	Build iOS Locally on Free Cloud Mac	2026-08-23T00:16:57.9955050Z [EAGER_BUNDLE] | 2026-08-23T00:16:57.994Z expo:babel:exports Found assignment to module.exports or exports at 81
build	Build iOS Locally on Free Cloud Mac	2026-08-23T00:16:57.9958200Z [EAGER_BUNDLE] | 2026-08-23T00:16:57.995Z expo:babel:exports Found assignment to module.exports or exports at 92
build	Build iOS Locally on Free Cloud Mac	2026-08-23T00:16:58.0129400Z [EAGER_BUNDLE] | 2026-08-23T00:16:58.012Z expo:babel:exports Found assignment to module.exports or exports at 425
build	Build iOS Locally on Free Cloud Mac	2026-08-23T00:16:58.0470080Z [EAGER_BUNDLE] | 2026-08-23T00:16:58.045Z expo:babel:exports Found assignment to module.exports or exports at 92
build	Build iOS Locally on Free Cloud Mac	2026-08-23T00:16:58.0518430Z [EAGER_BUNDLE] | 2026-08-23T00:16:58.051Z expo:babel:exports Found assignment to module.exports or exports at 121
build	Build iOS Locally on Free Cloud Mac	2026-08-23T00:16:58.0601970Z [EAGER_BUNDLE] | 2026-08-23T00:16:58.059Z expo:babel:exports Found assignment to module.exports or exports at 27
build	Build iOS Locally on Free Cloud Mac	2026-08-23T00:16:58.0720010Z [EAGER_BUNDLE] | 2026-08-23T00:16:58.071Z expo:babel:exports Found assignment to module.exports or exports at 79
build	Build iOS Locally on Free Cloud Mac	2026-08-23T00:16:58.1021320Z [EAGER_BUNDLE] | 2026-08-23T00:16:58.086Z expo:babel:exports Found assignment to module.exports or exports at 13
build	Build iOS Locally on Free Cloud Mac	2026-08-23T00:16:58.3150770Z [EAGER_BUNDLE] 2026-08-23T00:16:58.314Z expo:metro:config "@expo/metro-runtime" not found, this may cause issues
build	Build iOS Locally on Free Cloud Mac	2026-08-23T00:16:58.3151920Z [EAGER_BUNDLE] 2026-08-23T00:16:58.314Z expo:metro-config:serializer:env-var Skipping environment variable inlining in production environment in favor of babel-preset-expo inlining with source maps.
build	Build iOS Locally on Free Cloud Mac	2026-08-23T00:16:58.3213280Z [EAGER_BUNDLE] 2026-08-23T00:16:58.321Z expo:metro:config "@expo/metro-runtime" not found, this may cause issues
build	Build iOS Locally on Free Cloud Mac	2026-08-23T00:16:58.3417730Z [EAGER_BUNDLE] 2026-08-23T00:16:58.341Z expo:metro:config "@expo/metro-runtime" not found, this may cause issues
build	Build iOS Locally on Free Cloud Mac	2026-08-23T00:16:58.3723120Z [EAGER_BUNDLE] 2026-08-23T00:16:58.372Z expo:start:platforms:android:adbServer Stopping ADB server
build	Build iOS Locally on Free Cloud Mac	2026-08-23T00:16:58.3723680Z [EAGER_BUNDLE] iOS Bundled 8049ms index.ts (1213 modules)
build	Build iOS Locally on Free Cloud Mac	2026-08-23T00:16:58.3724510Z [EAGER_BUNDLE] 2026-08-23T00:16:58.372Z expo:start:platforms:android:adbServer ADB server is not running
build	Build iOS Locally on Free Cloud Mac	2026-08-23T00:16:58.3734250Z [EAGER_BUNDLE] Writing bundle output to: /var/folders/g3/pffjr_y96bq06blnkf72x_hw0000gn/T/eh7e0l336ae/main.jsbundle
build	Build iOS Locally on Free Cloud Mac	2026-08-23T00:16:58.3805170Z [EAGER_BUNDLE] Copying 21 asset files
build	Build iOS Locally on Free Cloud Mac	2026-08-23T00:16:58.3805790Z [EAGER_BUNDLE] 2026-08-23T00:16:58.380Z expo:start:server:devServer Stopping dev server (bundler: metro)
build	Build iOS Locally on Free Cloud Mac	2026-08-23T00:16:58.3820280Z [EAGER_BUNDLE] 2026-08-23T00:16:58.380Z expo:start:server:devServer Stopped dev server (bundler: metro)
build	Build iOS Locally on Free Cloud Mac	2026-08-23T00:16:58.3863590Z [EAGER_BUNDLE] Done writing bundle output
build	Build iOS Locally on Free Cloud Mac	2026-08-23T00:16:58.3958030Z [EAGER_BUNDLE] 2026-08-23T00:16:58.395Z expo:utils:exit process is trying to exit, but is stuck on unexpected active resources: [ 'FSReqCallback', 'FSReqCallback', 'FSReqCallback', 'Timeout' ]
build	Build iOS Locally on Free Cloud Mac	2026-08-23T00:16:58.4085850Z [EAGER_BUNDLE] 2026-08-23T00:16:58.408Z expo:telemetry Switching strategy from instant to detached
build	Build iOS Locally on Free Cloud Mac	2026-08-23T00:16:58.4086600Z [EAGER_BUNDLE] 2026-08-23T00:16:58.408Z expo:telemetry:client:detached No records to flush, skipping...
build	Build iOS Locally on Free Cloud Mac	2026-08-23T00:16:58.4641360Z [RUN_FASTLANE] Creating Gymfile
build	Build iOS Locally on Free Cloud Mac	2026-08-23T00:16:58.4656740Z [RUN_FASTLANE] Gymfile created
build	Build iOS Locally on Free Cloud Mac	2026-08-23T00:16:59.8964680Z [RUN_FASTLANE] Successfully loaded '/private/var/folders/g3/pffjr_y96bq06blnkf72x_hw0000gn/T/eas-build-local-nodejs/3113b503-fe57-40ab-8a83-a993d2515c76/build/ios/Gymfile' 📄
build	Build iOS Locally on Free Cloud Mac	2026-08-23T00:16:59.8967150Z [RUN_FASTLANE] +---------------------------------------------------------------------------------------------------------------------------------------------------------------------+
build	Build iOS Locally on Free Cloud Mac	2026-08-23T00:16:59.8968280Z [RUN_FASTLANE] |                                                                  Detected Values from './Gymfile'                                                                   |
build	Build iOS Locally on Free Cloud Mac	2026-08-23T00:16:59.8969260Z [RUN_FASTLANE] +-----------------------+---------------------------------------------------------------------------------------------------------------------------------------------+
build	Build iOS Locally on Free Cloud Mac	2026-08-23T00:16:59.8970170Z [RUN_FASTLANE] | suppress_xcode_output | true                                                                                                                                        |
build	Build iOS Locally on Free Cloud Mac	2026-08-23T00:16:59.8970990Z [RUN_FASTLANE] | clean                 | false                                                                                                                                       |
build	Build iOS Locally on Free Cloud Mac	2026-08-23T00:16:59.8971810Z [RUN_FASTLANE] | scheme                | Hence                                                                                                                                       |
build	Build iOS Locally on Free Cloud Mac	2026-08-23T00:16:59.8972630Z [RUN_FASTLANE] | configuration         | Release                                                                                                                                     |
build	Build iOS Locally on Free Cloud Mac	2026-08-23T00:16:59.8973450Z [RUN_FASTLANE] | export_options        |                                                                                                                                             |
build	Build iOS Locally on Free Cloud Mac	2026-08-23T00:16:59.8974460Z [RUN_FASTLANE] | export_xcargs         | OTHER_CODE_SIGN_FLAGS="--keychain /var/folders/g3/pffjr_y96bq06blnkf72x_hw0000gn/T/eas-build-cfe8f36a-dec1-43a2-aed9-d9e5c32a88b3.keychain" |
build	Build iOS Locally on Free Cloud Mac	2026-08-23T00:16:59.8975470Z [RUN_FASTLANE] | disable_xcpretty      | true                                                                                                                                        |
build	Build iOS Locally on Free Cloud Mac	2026-08-23T00:16:59.8976660Z [RUN_FASTLANE] | buildlog_path         | /var/folders/g3/pffjr_y96bq06blnkf72x_hw0000gn/T/eas-build-local-nodejs/3113b503-fe57-40ab-8a83-a993d2515c76/logs                           |
build	Build iOS Locally on Free Cloud Mac	2026-08-23T00:16:59.8977850Z [RUN_FASTLANE] | derived_data_path     | ./build                                                                                                                                     |
build	Build iOS Locally on Free Cloud Mac	2026-08-23T00:16:59.8978650Z [RUN_FASTLANE] | result_bundle         | true                                                                                                                                        |
build	Build iOS Locally on Free Cloud Mac	2026-08-23T00:16:59.8979590Z [RUN_FASTLANE] | result_bundle_path    | /var/folders/g3/pffjr_y96bq06blnkf72x_hw0000gn/T/result-bundle-1787444218464.xcresult                                                       |
build	Build iOS Locally on Free Cloud Mac	2026-08-23T00:16:59.8980550Z [RUN_FASTLANE] | output_directory      | ./build                                                                                                                                     |
build	Build iOS Locally on Free Cloud Mac	2026-08-23T00:16:59.8981410Z [RUN_FASTLANE] +-----------------------+---------------------------------------------------------------------------------------------------------------------------------------------+
build	Build iOS Locally on Free Cloud Mac	2026-08-23T00:16:59.9228340Z [RUN_FASTLANE] Resolving Swift Package Manager dependencies...
build	Build iOS Locally on Free Cloud Mac	2026-08-23T00:16:59.9229230Z [RUN_FASTLANE] $ xcodebuild -resolvePackageDependencies -workspace ./Hence.xcworkspace -scheme Hence -configuration Release -derivedDataPath ./build
build	Build iOS Locally on Free Cloud Mac	2026-08-23T00:17:01.6370970Z [RUN_FASTLANE] ▸ Command line invocation:
build	Build iOS Locally on Free Cloud Mac	2026-08-23T00:17:01.6372300Z [RUN_FASTLANE] ▸     /Applications/Xcode_16.1.app/Contents/Developer/usr/bin/xcodebuild -resolvePackageDependencies -workspace ./Hence.xcworkspace -scheme Hence -configuration Release -derivedDataPath ./build
build	Build iOS Locally on Free Cloud Mac	2026-08-23T00:17:01.6373470Z [RUN_FASTLANE] ▸ User defaults from command line:
build	Build iOS Locally on Free Cloud Mac	2026-08-23T00:17:01.6374400Z [RUN_FASTLANE] ▸     IDEDerivedDataPathOverride = /var/folders/g3/pffjr_y96bq06blnkf72x_hw0000gn/T/eas-build-local-nodejs/3113b503-fe57-40ab-8a83-a993d2515c76/build/ios/build
build	Build iOS Locally on Free Cloud Mac	2026-08-23T00:17:01.6375350Z [RUN_FASTLANE] ▸     IDEPackageSupportUseBuiltinSCM = YES
build	Build iOS Locally on Free Cloud Mac	2026-08-23T00:17:05.2326850Z [RUN_FASTLANE] ▸ resolved source packages:
build	Build iOS Locally on Free Cloud Mac	2026-08-23T00:17:05.2529880Z [RUN_FASTLANE] $ xcodebuild -showBuildSettings -workspace ./Hence.xcworkspace -scheme Hence -configuration Release -derivedDataPath ./build 2>&1
build	Build iOS Locally on Free Cloud Mac	2026-08-23T00:17:08.3789710Z [RUN_FASTLANE] Command timed out after 3 seconds on try 1 of 4, trying again with a 6 second timeout...
build	Build iOS Locally on Free Cloud Mac	2026-08-23T00:17:12.1043790Z [RUN_FASTLANE] Detected provisioning profile mapping: {:"com.hence.oyedotun"=>"a5be180e-27c1-4df2-8c3f-f7ef68ba9785"}
build	Build iOS Locally on Free Cloud Mac	2026-08-23T00:17:12.1246650Z [RUN_FASTLANE] 
build	Build iOS Locally on Free Cloud Mac	2026-08-23T00:17:12.1347640Z [RUN_FASTLANE] +------------------------------------------------------------------------------------------------------------------------------------------------------------------------------------------------------+
build	Build iOS Locally on Free Cloud Mac	2026-08-23T00:17:12.1449670Z [RUN_FASTLANE] |                                                                                       Summary for gym 2.236.1                                                                                        |
build	Build iOS Locally on Free Cloud Mac	2026-08-23T00:17:12.1554340Z [RUN_FASTLANE] +--------------------------------------------------------+---------------------------------------------------------------------------------------------------------------------------------------------+
build	Build iOS Locally on Free Cloud Mac	2026-08-23T00:17:12.1664550Z [RUN_FASTLANE] | workspace                                              | ./Hence.xcworkspace                                                                                                                         |
build	Build iOS Locally on Free Cloud Mac	2026-08-23T00:17:12.1768700Z [RUN_FASTLANE] | scheme                                                 | Hence                                                                                                                                       |
build	Build iOS Locally on Free Cloud Mac	2026-08-23T00:17:12.1877990Z [RUN_FASTLANE] | clean                                                  | false                                                                                                                                       |
build	Build iOS Locally on Free Cloud Mac	2026-08-23T00:17:12.1879250Z [RUN_FASTLANE] | output_directory                                       | ./build                                                                                                                                     |
build	Build iOS Locally on Free Cloud Mac	2026-08-23T00:17:12.1981130Z [RUN_FASTLANE] | output_name                                            | Hence                                                                                                                                       |
build	Build iOS Locally on Free Cloud Mac	2026-08-23T00:17:12.2082840Z [RUN_FASTLANE] | configuration                                          | Release                                                                                                                                     |
build	Build iOS Locally on Free Cloud Mac	2026-08-23T00:17:12.2184720Z [RUN_FASTLANE] | silent                                                 | false                                                                                                                                       |
build	Build iOS Locally on Free Cloud Mac	2026-08-23T00:17:12.2286570Z [RUN_FASTLANE] | skip_package_ipa                                       | false                                                                                                                                       |
build	Build iOS Locally on Free Cloud Mac	2026-08-23T00:17:12.2388660Z [RUN_FASTLANE] | skip_package_pkg                                       | false                                                                                                                                       |
build	Build iOS Locally on Free Cloud Mac	2026-08-23T00:17:12.2510530Z [RUN_FASTLANE] | export_options.method                                  | app-store                                                                                                                                   |
build	Build iOS Locally on Free Cloud Mac	2026-08-23T00:17:12.2624410Z [RUN_FASTLANE] | export_options.provisioningProfiles.com.hence.oyedotun | a5be180e-27c1-4df2-8c3f-f7ef68ba9785                                                                                                        |
build	Build iOS Locally on Free Cloud Mac	2026-08-23T00:17:12.2726830Z [RUN_FASTLANE] | export_xcargs                                          | OTHER_CODE_SIGN_FLAGS="--keychain /var/folders/g3/pffjr_y96bq06blnkf72x_hw0000gn/T/eas-build-cfe8f36a-dec1-43a2-aed9-d9e5c32a88b3.keychain" |
build	Build iOS Locally on Free Cloud Mac	2026-08-23T00:17:12.2828840Z [RUN_FASTLANE] | build_path                                             | /Users/runner/Library/Developer/Xcode/Archives/2026-08-23                                                                                   |
build	Build iOS Locally on Free Cloud Mac	2026-08-23T00:17:12.2931020Z [RUN_FASTLANE] | derived_data_path                                      | ./build                                                                                                                                     |
build	Build iOS Locally on Free Cloud Mac	2026-08-23T00:17:12.3033320Z [RUN_FASTLANE] | result_bundle                                          | true                                                                                                                                        |
build	Build iOS Locally on Free Cloud Mac	2026-08-23T00:17:12.3142340Z [RUN_FASTLANE] | result_bundle_path                                     | /var/folders/g3/pffjr_y96bq06blnkf72x_hw0000gn/T/result-bundle-1787444218464.xcresult                                                       |
build	Build iOS Locally on Free Cloud Mac	2026-08-23T00:17:12.3244680Z [RUN_FASTLANE] | buildlog_path                                          | /var/folders/g3/pffjr_y96bq06blnkf72x_hw0000gn/T/eas-build-local-nodejs/3113b503-fe57-40ab-8a83-a993d2515c76/logs                           |
build	Build iOS Locally on Free Cloud Mac	2026-08-23T00:17:12.3346930Z [RUN_FASTLANE] | destination                                            | generic/platform=iOS                                                                                                                        |
build	Build iOS Locally on Free Cloud Mac	2026-08-23T00:17:12.3448700Z [RUN_FASTLANE] | suppress_xcode_output                                  | true                                                                                                                                        |
build	Build iOS Locally on Free Cloud Mac	2026-08-23T00:17:12.3551260Z [RUN_FASTLANE] | xcodebuild_formatter                                   | xcbeautify                                                                                                                                  |
build	Build iOS Locally on Free Cloud Mac	2026-08-23T00:17:12.3653290Z [RUN_FASTLANE] | build_timing_summary                                   | false                                                                                                                                       |
build	Build iOS Locally on Free Cloud Mac	2026-08-23T00:17:12.3765450Z [RUN_FASTLANE] | disable_xcpretty                                       | true                                                                                                                                        |
build	Build iOS Locally on Free Cloud Mac	2026-08-23T00:17:12.3867550Z [RUN_FASTLANE] | skip_profile_detection                                 | false                                                                                                                                       |
build	Build iOS Locally on Free Cloud Mac	2026-08-23T00:17:12.3969380Z [RUN_FASTLANE] | xcodebuild_command                                     | xcodebuild                                                                                                                                  |
build	Build iOS Locally on Free Cloud Mac	2026-08-23T00:17:12.4071490Z [RUN_FASTLANE] | skip_package_dependencies_resolution                   | false                                                                                                                                       |
build	Build iOS Locally on Free Cloud Mac	2026-08-23T00:17:12.4174410Z [RUN_FASTLANE] | disable_package_automatic_updates                      | false                                                                                                                                       |
build	Build iOS Locally on Free Cloud Mac	2026-08-23T00:17:12.4280710Z [RUN_FASTLANE] | skip_package_repository_fetches                        | false                                                                                                                                       |
build	Build iOS Locally on Free Cloud Mac	2026-08-23T00:17:12.4383020Z [RUN_FASTLANE] | use_system_scm                                         | false                                                                                                                                       |
build	Build iOS Locally on Free Cloud Mac	2026-08-23T00:17:12.4484950Z [RUN_FASTLANE] | generate_appstore_info                                 | false                                                                                                                                       |
build	Build iOS Locally on Free Cloud Mac	2026-08-23T00:17:12.4586960Z [RUN_FASTLANE] | xcode_path                                             | /Applications/Xcode_16.1.app                                                                                                                |
build	Build iOS Locally on Free Cloud Mac	2026-08-23T00:17:12.4688960Z [RUN_FASTLANE] +--------------------------------------------------------+---------------------------------------------------------------------------------------------------------------------------------------------+
build	Build iOS Locally on Free Cloud Mac	2026-08-23T00:17:12.4793270Z [RUN_FASTLANE] $ set -o pipefail && xcodebuild -workspace ./Hence.xcworkspace -scheme Hence -configuration Release -derivedDataPath ./build -destination 'generic/platform=iOS' -archivePath /Users/runner/Library/Developer/Xcode/Archives/2026-08-23/Hence\ 2026-08-23\ 00.17.12.xcarchive -resultBundlePath '/var/folders/g3/pffjr_y96bq06blnkf72x_hw0000gn/T/result-bundle-1787444218464.xcresult' archive | tee /var/folders/g3/pffjr_y96bq06blnkf72x_hw0000gn/T/eas-build-local-nodejs/3113b503-fe57-40ab-8a83-a993d2515c76/logs/Hence-Hence.log > /dev/null
build	Build iOS Locally on Free Cloud Mac	2026-08-23T00:17:26.9659620Z [RUN_FASTLANE] › Executing react-native Pods/hermes-engine » [CP-User] [Hermes] Replace Hermes for the right configuration, if needed
build	Build iOS Locally on Free Cloud Mac	2026-08-23T00:17:26.9863020Z [RUN_FASTLANE] › Executing react-native Pods/ReactNativeDependencies » [CP-User] [RNDeps] Replace React Native Dependencies for the right configuration, if needed
build	Build iOS Locally on Free Cloud Mac	2026-08-23T00:17:27.0687310Z [RUN_FASTLANE] › Executing react-native Pods/hermes-engine » [CP] Copy XCFrameworks
build	Build iOS Locally on Free Cloud Mac	2026-08-23T00:17:34.4120350Z [RUN_FASTLANE] › Executing react-native Pods/ReactNativeDependencies » [CP] Copy XCFrameworks
build	Build iOS Locally on Free Cloud Mac	2026-08-23T00:17:34.4122440Z [RUN_FASTLANE] › Preparing Pods/expo-dev-menu-EXDevMenu » ResourceBundle-EXDevMenu-expo-dev-menu-Info.plist
build	Build iOS Locally on Free Cloud Mac	2026-08-23T00:17:34.4224370Z [RUN_FASTLANE] › Preparing Pods/expo-dev-launcher-EXDevLauncher » ResourceBundle-EXDevLauncher-expo-dev-launcher-Info.plist
build	Build iOS Locally on Free Cloud Mac	2026-08-23T00:17:34.5680940Z [RUN_FASTLANE] › Executing react-native Pods/React-Core-prebuilt » [CP-User] [RNCore] Replace React Native Core for the right configuration, if needed
build	Build iOS Locally on Free Cloud Mac	2026-08-23T00:17:38.0107170Z [RUN_FASTLANE] › Copying   ios/build/Build/Intermediates.noindex/ArchiveIntermediates/Hence/IntermediateBuildFilesPath/UninstalledProducts/iphoneos/StripeUICoreBundle.bundle/zh-Hant.lproj ➜ ../../../../../var/folders/g3/pffjr_y96bq06blnkf72x_hw0000gn/T/eas-build-local-nodejs/3113b503-fe57-40ab-8a83-a993d2515c76/build/ios/Pods/StripeUICore/StripeUICore/StripeUICore/Resources/Localizations/zh-Hant.lproj
build	Build iOS Locally on Free Cloud Mac	2026-08-23T00:17:38.0247120Z [RUN_FASTLANE] › Copying   ios/build/Build/Intermediates.noindex/ArchiveIntermediates/Hence/IntermediateBuildFilesPath/UninstalledProducts/iphoneos/StripeUICoreBundle.bundle/zh-Hans.lproj ➜ ../../../../../var/folders/g3/pffjr_y96bq06blnkf72x_hw0000gn/T/eas-build-local-nodejs/3113b503-fe57-40ab-8a83-a993d2515c76/build/ios/Pods/StripeUICore/StripeUICore/StripeUICore/Resources/Localizations/zh-Hans.lproj
build	Build iOS Locally on Free Cloud Mac	2026-08-23T00:17:38.0364860Z [RUN_FASTLANE] › Copying   ios/build/Build/Intermediates.noindex/ArchiveIntermediates/Hence/IntermediateBuildFilesPath/UninstalledProducts/iphoneos/StripeUICoreBundle.bundle/zh-HK.lproj ➜ ../../../../../var/folders/g3/pffjr_y96bq06blnkf72x_hw0000gn/T/eas-build-local-nodejs/3113b503-fe57-40ab-8a83-a993d2515c76/build/ios/Pods/StripeUICore/StripeUICore/StripeUICore/Resources/Localizations/zh-HK.lproj
build	Build iOS Locally on Free Cloud Mac	2026-08-23T00:17:38.0500360Z [RUN_FASTLANE] › Copying   ios/build/Build/Intermediates.noindex/ArchiveIntermediates/Hence/IntermediateBuildFilesPath/UninstalledProducts/iphoneos/StripeUICoreBundle.bundle/vi.lproj ➜ ../../../../../var/folders/g3/pffjr_y96bq06blnkf72x_hw0000gn/T/eas-build-local-nodejs/3113b503-fe57-40ab-8a83-a993d2515c76/build/ios/Pods/StripeUICore/StripeUICore/StripeUICore/Resources/Localizations/vi.lproj
build	Build iOS Locally on Free Cloud Mac	2026-08-23T00:17:38.4360890Z [RUN_FASTLANE] › Copying   ios/build/Build/Intermediates.noindex/ArchiveIntermediates/Hence/IntermediateBuildFilesPath/UninstalledProducts/iphoneos/StripeUICoreBundle.bundle/th.lproj ➜ ../../../../../var/folders/g3/pffjr_y96bq06blnkf72x_hw0000gn/T/eas-build-local-nodejs/3113b503-fe57-40ab-8a83-a993d2515c76/build/ios/Pods/StripeUICore/StripeUICore/StripeUICore/Resources/Localizations/th.lproj
build	Build iOS Locally on Free Cloud Mac	2026-08-23T00:17:38.4470900Z [RUN_FASTLANE] › Copying   ios/build/Build/Intermediates.noindex/ArchiveIntermediates/Hence/IntermediateBuildFilesPath/UninstalledProducts/iphoneos/StripeUICoreBundle.bundle/sv.lproj ➜ ../../../../../var/folders/g3/pffjr_y96bq06blnkf72x_hw0000gn/T/eas-build-local-nodejs/3113b503-fe57-40ab-8a83-a993d2515c76/build/ios/Pods/StripeUICore/StripeUICore/StripeUICore/Resources/Localizations/sv.lproj
build	Build iOS Locally on Free Cloud Mac	2026-08-23T00:17:38.4578710Z [RUN_FASTLANE] › Copying   ios/build/Build/Intermediates.noindex/ArchiveIntermediates/Hence/IntermediateBuildFilesPath/UninstalledProducts/iphoneos/StripeUICoreBundle.bundle/sl-SI.lproj ➜ ../../../../../var/folders/g3/pffjr_y96bq06blnkf72x_hw0000gn/T/eas-build-local-nodejs/3113b503-fe57-40ab-8a83-a993d2515c76/build/ios/Pods/StripeUICore/StripeUICore/StripeUICore/Resources/Localizations/sl-SI.lproj
build	Build iOS Locally on Free Cloud Mac	2026-08-23T00:17:38.4684360Z [RUN_FASTLANE] › Copying   ios/build/Build/Intermediates.noindex/ArchiveIntermediates/Hence/IntermediateBuildFilesPath/UninstalledProducts/iphoneos/StripeUICoreBundle.bundle/sk-SK.lproj ➜ ../../../../../var/folders/g3/pffjr_y96bq06blnkf72x_hw0000gn/T/eas-build-local-nodejs/3113b503-fe57-40ab-8a83-a993d2515c76/build/ios/Pods/StripeUICore/StripeUICore/StripeUICore/Resources/Localizations/sk-SK.lproj
build	Build iOS Locally on Free Cloud Mac	2026-08-23T00:17:38.4789520Z [RUN_FASTLANE] › Copying   ios/build/Build/Intermediates.noindex/ArchiveIntermediates/Hence/IntermediateBuildFilesPath/UninstalledProducts/iphoneos/StripeUICoreBundle.bundle/ru.lproj ➜ ../../../../../var/folders/g3/pffjr_y96bq06blnkf72x_hw0000gn/T/eas-build-local-nodejs/3113b503-fe57-40ab-8a83-a993d2515c76/build/ios/Pods/StripeUICore/StripeUICore/StripeUICore/Resources/Localizations/ru.lproj
build	Build iOS Locally on Free Cloud Mac	2026-08-23T00:17:38.4817960Z [RUN_FASTLANE] › Copying   ios/build/Build/Intermediates.noindex/ArchiveIntermediates/Hence/IntermediateBuildFilesPath/UninstalledProducts/iphoneos/StripeUICoreBundle.bundle/ro-RO.lproj ➜ ../../../../../var/folders/g3/pffjr_y96bq06blnkf72x_hw0000gn/T/eas-build-local-nodejs/3113b503-fe57-40ab-8a83-a993d2515c76/build/ios/Pods/StripeUICore/StripeUICore/StripeUICore/Resources/Localizations/ro-RO.lproj
build	Build iOS Locally on Free Cloud Mac	2026-08-23T00:17:38.4930240Z [RUN_FASTLANE] › Copying   ios/build/Build/Intermediates.noindex/ArchiveIntermediates/Hence/IntermediateBuildFilesPath/UninstalledProducts/iphoneos/StripeUICoreBundle.bundle/pt-PT.lproj ➜ ../../../../../var/folders/g3/pffjr_y96bq06blnkf72x_hw0000gn/T/eas-build-local-nodejs/3113b503-fe57-40ab-8a83-a993d2515c76/build/ios/Pods/StripeUICore/StripeUICore/StripeUICore/Resources/Localizations/pt-PT.lproj
build	Build iOS Locally on Free Cloud Mac	2026-08-23T00:17:38.5037220Z [RUN_FASTLANE] › Copying   ios/build/Build/Intermediates.noindex/ArchiveIntermediates/Hence/IntermediateBuildFilesPath/UninstalledProducts/iphoneos/StripeUICoreBundle.bundle/pt-BR.lproj ➜ ../../../../../var/folders/g3/pffjr_y96bq06blnkf72x_hw0000gn/T/eas-build-local-nodejs/3113b503-fe57-40ab-8a83-a993d2515c76/build/ios/Pods/StripeUICore/StripeUICore/StripeUICore/Resources/Localizations/pt-BR.lproj
build	Build iOS Locally on Free Cloud Mac	2026-08-23T00:17:38.5141770Z [RUN_FASTLANE] › Copying   ios/build/Build/Intermediates.noindex/ArchiveIntermediates/Hence/IntermediateBuildFilesPath/UninstalledProducts/iphoneos/StripeUICoreBundle.bundle/pl-PL.lproj ➜ ../../../../../var/folders/g3/pffjr_y96bq06blnkf72x_hw0000gn/T/eas-build-local-nodejs/3113b503-fe57-40ab-8a83-a993d2515c76/build/ios/Pods/StripeUICore/StripeUICore/StripeUICore/Resources/Localizations/pl-PL.lproj
build	Build iOS Locally on Free Cloud Mac	2026-08-23T00:17:38.5253090Z [RUN_FASTLANE] › Copying   ios/build/Build/Intermediates.noindex/ArchiveIntermediates/Hence/IntermediateBuildFilesPath/UninstalledProducts/iphoneos/StripeUICoreBundle.bundle/nl.lproj ➜ ../../../../../var/folders/g3/pffjr_y96bq06blnkf72x_hw0000gn/T/eas-build-local-nodejs/3113b503-fe57-40ab-8a83-a993d2515c76/build/ios/Pods/StripeUICore/StripeUICore/StripeUICore/Resources/Localizations/nl.lproj
build	Build iOS Locally on Free Cloud Mac	2026-08-23T00:17:38.5461700Z [RUN_FASTLANE] › Copying   ios/build/Build/Intermediates.noindex/ArchiveIntermediates/Hence/IntermediateBuildFilesPath/UninstalledProducts/iphoneos/StripeUICoreBundle.bundle/nb.lproj ➜ ../../../../../var/folders/g3/pffjr_y96bq06blnkf72x_hw0000gn/T/eas-build-local-nodejs/3113b503-fe57-40ab-8a83-a993d2515c76/build/ios/Pods/StripeUICore/StripeUICore/StripeUICore/Resources/Localizations/nb.lproj
build	Build iOS Locally on Free Cloud Mac	2026-08-23T00:17:38.5563700Z [RUN_FASTLANE] › Copying   ios/build/Build/Intermediates.noindex/ArchiveIntermediates/Hence/IntermediateBuildFilesPath/UninstalledProducts/iphoneos/StripeUICoreBundle.bundle/mt.lproj ➜ ../../../../../var/folders/g3/pffjr_y96bq06blnkf72x_hw0000gn/T/eas-build-local-nodejs/3113b503-fe57-40ab-8a83-a993d2515c76/build/ios/Pods/StripeUICore/StripeUICore/StripeUICore/Resources/Localizations/mt.lproj
build	Build iOS Locally on Free Cloud Mac	2026-08-23T00:17:38.5663520Z [RUN_FASTLANE] › Copying   ios/build/Build/Intermediates.noindex/ArchiveIntermediates/Hence/IntermediateBuildFilesPath/UninstalledProducts/iphoneos/StripeUICoreBundle.bundle/ms-MY.lproj ➜ ../../../../../var/folders/g3/pffjr_y96bq06blnkf72x_hw0000gn/T/eas-build-local-nodejs/3113b503-fe57-40ab-8a83-a993d2515c76/build/ios/Pods/StripeUICore/StripeUICore/StripeUICore/Resources/Localizations/ms-MY.lproj
build	Build iOS Locally on Free Cloud Mac	2026-08-23T00:17:38.5766920Z [RUN_FASTLANE] › Copying   ios/build/Build/Intermediates.noindex/ArchiveIntermediates/Hence/IntermediateBuildFilesPath/UninstalledProducts/iphoneos/StripeUICoreBundle.bundle/lv-LV.lproj ➜ ../../../../../var/folders/g3/pffjr_y96bq06blnkf72x_hw0000gn/T/eas-build-local-nodejs/3113b503-fe57-40ab-8a83-a993d2515c76/build/ios/Pods/StripeUICore/StripeUICore/StripeUICore/Resources/Localizations/lv-LV.lproj
build	Build iOS Locally on Free Cloud Mac	2026-08-23T00:17:38.5868660Z [RUN_FASTLANE] › Copying   ios/build/Build/Intermediates.noindex/ArchiveIntermediates/Hence/IntermediateBuildFilesPath/UninstalledProducts/iphoneos/StripeUICoreBundle.bundle/lt-LT.lproj ➜ ../../../../../var/folders/g3/pffjr_y96bq06blnkf72x_hw0000gn/T/eas-build-local-nodejs/3113b503-fe57-40ab-8a83-a993d2515c76/build/ios/Pods/StripeUICore/StripeUICore/StripeUICore/Resources/Localizations/lt-LT.lproj
build	Build iOS Locally on Free Cloud Mac	2026-08-23T00:17:38.5971680Z [RUN_FASTLANE] › Copying   ios/build/Build/Intermediates.noindex/ArchiveIntermediates/Hence/IntermediateBuildFilesPath/UninstalledProducts/iphoneos/StripeUICoreBundle.bundle/localized_address_data.json ➜ ../../../../../var/folders/g3/pffjr_y96bq06blnkf72x_hw0000gn/T/eas-build-local-nodejs/3113b503-fe57-40ab-8a83-a993d2515c76/build/ios/Pods/StripeUICore/StripeUICore/StripeUICore/Resources/JSON/localized_address_data.json
build	Build iOS Locally on Free Cloud Mac	2026-08-23T00:17:38.6073650Z [RUN_FASTLANE] › Copying   ios/build/Build/Intermediates.noindex/ArchiveIntermediates/Hence/IntermediateBuildFilesPath/UninstalledProducts/iphoneos/StripeUICoreBundle.bundle/ko.lproj ➜ ../../../../../var/folders/g3/pffjr_y96bq06blnkf72x_hw0000gn/T/eas-build-local-nodejs/3113b503-fe57-40ab-8a83-a993d2515c76/build/ios/Pods/StripeUICore/StripeUICore/StripeUICore/Resources/Localizations/ko.lproj
build	Build iOS Locally on Free Cloud Mac	2026-08-23T00:17:38.6174680Z [RUN_FASTLANE] › Copying   ios/build/Build/Intermediates.noindex/ArchiveIntermediates/Hence/IntermediateBuildFilesPath/UninstalledProducts/iphoneos/StripeUICoreBundle.bundle/ja.lproj ➜ ../../../../../var/folders/g3/pffjr_y96bq06blnkf72x_hw0000gn/T/eas-build-local-nodejs/3113b503-fe57-40ab-8a83-a993d2515c76/build/ios/Pods/StripeUICore/StripeUICore/StripeUICore/Resources/Localizations/ja.lproj
build	Build iOS Locally on Free Cloud Mac	2026-08-23T00:17:38.6274510Z [RUN_FASTLANE] › Copying   ios/build/Build/Intermediates.noindex/ArchiveIntermediates/Hence/IntermediateBuildFilesPath/UninstalledProducts/iphoneos/StripeUICoreBundle.bundle/it.lproj ➜ ../../../../../var/folders/g3/pffjr_y96bq06blnkf72x_hw0000gn/T/eas-build-local-nodejs/3113b503-fe57-40ab-8a83-a993d2515c76/build/ios/Pods/StripeUICore/StripeUICore/StripeUICore/Resources/Localizations/it.lproj
build	Build iOS Locally on Free Cloud Mac	2026-08-23T00:17:38.6379490Z [RUN_FASTLANE] › Copying   ios/build/Build/Intermediates.noindex/ArchiveIntermediates/Hence/IntermediateBuildFilesPath/UninstalledProducts/iphoneos/StripeUICoreBundle.bundle/id.lproj ➜ ../../../../../var/folders/g3/pffjr_y96bq06blnkf72x_hw0000gn/T/eas-build-local-nodejs/3113b503-fe57-40ab-8a83-a993d2515c76/build/ios/Pods/StripeUICore/StripeUICore/StripeUICore/Resources/Localizations/id.lproj
build	Build iOS Locally on Free Cloud Mac	2026-08-23T00:17:38.6480480Z [RUN_FASTLANE] › Copying   ios/build/Build/Intermediates.noindex/ArchiveIntermediates/Hence/IntermediateBuildFilesPath/UninstalledProducts/iphoneos/StripeUICoreBundle.bundle/hu.lproj ➜ ../../../../../var/folders/g3/pffjr_y96bq06blnkf72x_hw0000gn/T/eas-build-local-nodejs/3113b503-fe57-40ab-8a83-a993d2515c76/build/ios/Pods/StripeUICore/StripeUICore/StripeUICore/Resources/Localizations/hu.lproj
build	Build iOS Locally on Free Cloud Mac	2026-08-23T00:17:38.6581420Z [RUN_FASTLANE] › Copying   ios/build/Build/Intermediates.noindex/ArchiveIntermediates/Hence/IntermediateBuildFilesPath/UninstalledProducts/iphoneos/StripeUICoreBundle.bundle/hr.lproj ➜ ../../../../../var/folders/g3/pffjr_y96bq06blnkf72x_hw0000gn/T/eas-build-local-nodejs/3113b503-fe57-40ab-8a83-a993d2515c76/build/ios/Pods/StripeUICore/StripeUICore/StripeUICore/Resources/Localizations/hr.lproj
build	Build iOS Locally on Free Cloud Mac	2026-08-23T00:17:38.6680820Z [RUN_FASTLANE] › Copying   ios/build/Build/Intermediates.noindex/ArchiveIntermediates/Hence/IntermediateBuildFilesPath/UninstalledProducts/iphoneos/StripeUICoreBundle.bundle/fr.lproj ➜ ../../../../../var/folders/g3/pffjr_y96bq06blnkf72x_hw0000gn/T/eas-build-local-nodejs/3113b503-fe57-40ab-8a83-a993d2515c76/build/ios/Pods/StripeUICore/StripeUICore/StripeUICore/Resources/Localizations/fr.lproj
build	Build iOS Locally on Free Cloud Mac	2026-08-23T00:17:38.6785190Z [RUN_FASTLANE] › Copying   ios/build/Build/Intermediates.noindex/ArchiveIntermediates/Hence/IntermediateBuildFilesPath/UninstalledProducts/iphoneos/StripeUICoreBundle.bundle/fr-CA.lproj ➜ ../../../../../var/folders/g3/pffjr_y96bq06blnkf72x_hw0000gn/T/eas-build-local-nodejs/3113b503-fe57-40ab-8a83-a993d2515c76/build/ios/Pods/StripeUICore/StripeUICore/StripeUICore/Resources/Localizations/fr-CA.lproj
build	Build iOS Locally on Free Cloud Mac	2026-08-23T00:17:38.6887010Z [RUN_FASTLANE] › Copying   ios/build/Build/Intermediates.noindex/ArchiveIntermediates/Hence/IntermediateBuildFilesPath/UninstalledProducts/iphoneos/StripeUICoreBundle.bundle/fil.lproj ➜ ../../../../../var/folders/g3/pffjr_y96bq06blnkf72x_hw0000gn/T/eas-build-local-nodejs/3113b503-fe57-40ab-8a83-a993d2515c76/build/ios/Pods/StripeUICore/StripeUICore/StripeUICore/Resources/Localizations/fil.lproj
build	Build iOS Locally on Free Cloud Mac	2026-08-23T00:17:38.6988800Z [RUN_FASTLANE] › Copying   ios/build/Build/Intermediates.noindex/ArchiveIntermediates/Hence/IntermediateBuildFilesPath/UninstalledProducts/iphoneos/StripeUICoreBundle.bundle/fi.lproj ➜ ../../../../../var/folders/g3/pffjr_y96bq06blnkf72x_hw0000gn/T/eas-build-local-nodejs/3113b503-fe57-40ab-8a83-a993d2515c76/build/ios/Pods/StripeUICore/StripeUICore/StripeUICore/Resources/Localizations/fi.lproj
build	Build iOS Locally on Free Cloud Mac	2026-08-23T00:17:38.7089400Z [RUN_FASTLANE] › Copying   ios/build/Build/Intermediates.noindex/ArchiveIntermediates/Hence/IntermediateBuildFilesPath/UninstalledProducts/iphoneos/StripeUICoreBundle.bundle/et-EE.lproj ➜ ../../../../../var/folders/g3/pffjr_y96bq06blnkf72x_hw0000gn/T/eas-build-local-nodejs/3113b503-fe57-40ab-8a83-a993d2515c76/build/ios/Pods/StripeUICore/StripeUICore/StripeUICore/Resources/Localizations/et-EE.lproj
build	Build iOS Locally on Free Cloud Mac	2026-08-23T00:17:38.7194000Z [RUN_FASTLANE] › Copying   ios/build/Build/Intermediates.noindex/ArchiveIntermediates/Hence/IntermediateBuildFilesPath/UninstalledProducts/iphoneos/StripeUICoreBundle.bundle/es.lproj ➜ ../../../../../var/folders/g3/pffjr_y96bq06blnkf72x_hw0000gn/T/eas-build-local-nodejs/3113b503-fe57-40ab-8a83-a993d2515c76/build/ios/Pods/StripeUICore/StripeUICore/StripeUICore/Resources/Localizations/es.lproj
build	Build iOS Locally on Free Cloud Mac	2026-08-23T00:17:38.7298700Z [RUN_FASTLANE] › Copying   ios/build/Build/Intermediates.noindex/ArchiveIntermediates/Hence/IntermediateBuildFilesPath/UninstalledProducts/iphoneos/StripeUICoreBundle.bundle/es-419.lproj ➜ ../../../../../var/folders/g3/pffjr_y96bq06blnkf72x_hw0000gn/T/eas-build-local-nodejs/3113b503-fe57-40ab-8a83-a993d2515c76/build/ios/Pods/StripeUICore/StripeUICore/StripeUICore/Resources/Localizations/es-419.lproj
build	Build iOS Locally on Free Cloud Mac	2026-08-23T00:17:38.7417760Z [RUN_FASTLANE] › Copying   ios/build/Build/Intermediates.noindex/ArchiveIntermediates/Hence/IntermediateBuildFilesPath/UninstalledProducts/iphoneos/StripeUICoreBundle.bundle/en.lproj ➜ ../../../../../var/folders/g3/pffjr_y96bq06blnkf72x_hw0000gn/T/eas-build-local-nodejs/3113b503-fe57-40ab-8a83-a993d2515c76/build/ios/Pods/StripeUICore/StripeUICore/StripeUICore/Resources/Localizations/en.lproj
build	Build iOS Locally on Free Cloud Mac	2026-08-23T00:17:38.7421240Z [RUN_FASTLANE] › Copying   ios/build/Build/Intermediates.noindex/ArchiveIntermediates/Hence/IntermediateBuildFilesPath/UninstalledProducts/iphoneos/StripeUICoreBundle.bundle/en-GB.lproj ➜ ../../../../../var/folders/g3/pffjr_y96bq06blnkf72x_hw0000gn/T/eas-build-local-nodejs/3113b503-fe57-40ab-8a83-a993d2515c76/build/ios/Pods/StripeUICore/StripeUICore/StripeUICore/Resources/Localizations/en-GB.lproj
build	Build iOS Locally on Free Cloud Mac	2026-08-23T00:17:38.7525530Z [RUN_FASTLANE] › Copying   ios/build/Build/Intermediates.noindex/ArchiveIntermediates/Hence/IntermediateBuildFilesPath/UninstalledProducts/iphoneos/StripeUICoreBundle.bundle/el-GR.lproj ➜ ../../../../../var/folders/g3/pffjr_y96bq06blnkf72x_hw0000gn/T/eas-build-local-nodejs/3113b503-fe57-40ab-8a83-a993d2515c76/build/ios/Pods/StripeUICore/StripeUICore/StripeUICore/Resources/Localizations/el-GR.lproj
build	Build iOS Locally on Free Cloud Mac	2026-08-23T00:17:38.8831190Z [RUN_FASTLANE] › Copying   ios/build/Build/Intermediates.noindex/ArchiveIntermediates/Hence/IntermediateBuildFilesPath/UninstalledProducts/iphoneos/StripeUICoreBundle.bundle/de.lproj ➜ ../../../../../var/folders/g3/pffjr_y96bq06blnkf72x_hw0000gn/T/eas-build-local-nodejs/3113b503-fe57-40ab-8a83-a993d2515c76/build/ios/Pods/StripeUICore/StripeUICore/StripeUICore/Resources/Localizations/de.lproj
build	Build iOS Locally on Free Cloud Mac	2026-08-23T00:17:38.8932170Z [RUN_FASTLANE] › Copying   ios/build/Build/Intermediates.noindex/ArchiveIntermediates/Hence/IntermediateBuildFilesPath/UninstalledProducts/iphoneos/StripeUICoreBundle.bundle/da.lproj ➜ ../../../../../var/folders/g3/pffjr_y96bq06blnkf72x_hw0000gn/T/eas-build-local-nodejs/3113b503-fe57-40ab-8a83-a993d2515c76/build/ios/Pods/StripeUICore/StripeUICore/StripeUICore/Resources/Localizations/da.lproj
build	Build iOS Locally on Free Cloud Mac	2026-08-23T00:17:38.9034910Z [RUN_FASTLANE] › Copying   ios/build/Build/Intermediates.noindex/ArchiveIntermediates/Hence/IntermediateBuildFilesPath/UninstalledProducts/iphoneos/StripeUICoreBundle.bundle/cs-CZ.lproj ➜ ../../../../../var/folders/g3/pffjr_y96bq06blnkf72x_hw0000gn/T/eas-build-local-nodejs/3113b503-fe57-40ab-8a83-a993d2515c76/build/ios/Pods/StripeUICore/StripeUICore/StripeUICore/Resources/Localizations/cs-CZ.lproj
build	Build iOS Locally on Free Cloud Mac	2026-08-23T00:17:38.9139640Z [RUN_FASTLANE] › Copying   ios/build/Build/Intermediates.noindex/ArchiveIntermediates/Hence/IntermediateBuildFilesPath/UninstalledProducts/iphoneos/StripeUICoreBundle.bundle/ca-ES.lproj ➜ ../../../../../var/folders/g3/pffjr_y96bq06blnkf72x_hw0000gn/T/eas-build-local-nodejs/3113b503-fe57-40ab-8a83-a993d2515c76/build/ios/Pods/StripeUICore/StripeUICore/StripeUICore/Resources/Localizations/ca-ES.lproj
build	Build iOS Locally on Free Cloud Mac	2026-08-23T00:17:38.9246020Z [RUN_FASTLANE] › Copying   ios/build/Build/Intermediates.noindex/ArchiveIntermediates/Hence/IntermediateBuildFilesPath/UninstalledProducts/iphoneos/StripeUICoreBundle.bundle/bg-BG.lproj ➜ ../../../../../var/folders/g3/pffjr_y96bq06blnkf72x_hw0000gn/T/eas-build-local-nodejs/3113b503-fe57-40ab-8a83-a993d2515c76/build/ios/Pods/StripeUICore/StripeUICore/StripeUICore/Resources/Localizations/bg-BG.lproj
build	Build iOS Locally on Free Cloud Mac	2026-08-23T00:17:38.9350130Z [RUN_FASTLANE] › Copying   ios/build/Build/Intermediates.noindex/ArchiveIntermediates/Hence/IntermediateBuildFilesPath/UninstalledProducts/iphoneos/StripeUICoreBundle.bundle/au_becs_bsb.json ➜ ../../../../../var/folders/g3/pffjr_y96bq06blnkf72x_hw0000gn/T/eas-build-local-nodejs/3113b503-fe57-40ab-8a83-a993d2515c76/build/ios/Pods/StripeUICore/StripeUICore/StripeUICore/Resources/JSON/au_becs_bsb.json
build	Build iOS Locally on Free Cloud Mac	2026-08-23T00:17:38.9450010Z [RUN_FASTLANE] › Preparing Pods/StripeUICore-StripeUICoreBundle » ResourceBundle-StripeUICoreBundle-StripeUICore-Info.plist
build	Build iOS Locally on Free Cloud Mac	2026-08-23T00:17:39.4166730Z [RUN_FASTLANE] › Executing react-native Pods/React-Core-prebuilt » [CP] Copy XCFrameworks
build	Build iOS Locally on Free Cloud Mac	2026-08-23T00:17:39.5598660Z [RUN_FASTLANE] › Copying   ios/build/Build/Intermediates.noindex/ArchiveIntermediates/Hence/IntermediateBuildFilesPath/UninstalledProducts/iphoneos/StripePaymentsUIBundle.bundle/zh-Hant.lproj ➜ ../../../../../var/folders/g3/pffjr_y96bq06blnkf72x_hw0000gn/T/eas-build-local-nodejs/3113b503-fe57-40ab-8a83-a993d2515c76/build/ios/Pods/StripePaymentsUI/StripePaymentsUI/StripePaymentsUI/Resources/Localizations/zh-Hant.lproj
build	Build iOS Locally on Free Cloud Mac	2026-08-23T00:17:39.5700030Z [RUN_FASTLANE] › Copying   ios/build/Build/Intermediates.noindex/ArchiveIntermediates/Hence/IntermediateBuildFilesPath/UninstalledProducts/iphoneos/StripePaymentsUIBundle.bundle/zh-Hans.lproj ➜ ../../../../../var/folders/g3/pffjr_y96bq06blnkf72x_hw0000gn/T/eas-build-local-nodejs/3113b503-fe57-40ab-8a83-a993d2515c76/build/ios/Pods/StripePaymentsUI/StripePaymentsUI/StripePaymentsUI/Resources/Localizations/zh-Hans.lproj
build	Build iOS Locally on Free Cloud Mac	2026-08-23T00:17:39.5803900Z [RUN_FASTLANE] › Copying   ios/build/Build/Intermediates.noindex/ArchiveIntermediates/Hence/IntermediateBuildFilesPath/UninstalledProducts/iphoneos/StripePaymentsUIBundle.bundle/zh-HK.lproj ➜ ../../../../../var/folders/g3/pffjr_y96bq06blnkf72x_hw0000gn/T/eas-build-local-nodejs/3113b503-fe57-40ab-8a83-a993d2515c76/build/ios/Pods/StripePaymentsUI/StripePaymentsUI/StripePaymentsUI/Resources/Localizations/zh-HK.lproj
build	Build iOS Locally on Free Cloud Mac	2026-08-23T00:17:39.5904750Z [RUN_FASTLANE] › Copying   ios/build/Build/Intermediates.noindex/ArchiveIntermediates/Hence/IntermediateBuildFilesPath/UninstalledProducts/iphoneos/StripePaymentsUIBundle.bundle/vi.lproj ➜ ../../../../../var/folders/g3/pffjr_y96bq06blnkf72x_hw0000gn/T/eas-build-local-nodejs/3113b503-fe57-40ab-8a83-a993d2515c76/build/ios/Pods/StripePaymentsUI/StripePaymentsUI/StripePaymentsUI/Resources/Localizations/vi.lproj
build	Build iOS Locally on Free Cloud Mac	2026-08-23T00:17:39.6009460Z [RUN_FASTLANE] › Copying   ios/build/Build/Intermediates.noindex/ArchiveIntermediates/Hence/IntermediateBuildFilesPath/UninstalledProducts/iphoneos/StripePaymentsUIBundle.bundle/tr.lproj ➜ ../../../../../var/folders/g3/pffjr_y96bq06blnkf72x_hw0000gn/T/eas-build-local-nodejs/3113b503-fe57-40ab-8a83-a993d2515c76/build/ios/Pods/StripePaymentsUI/StripePaymentsUI/StripePaymentsUI/Resources/Localizations/tr.lproj
build	Build iOS Locally on Free Cloud Mac	2026-08-23T00:17:39.6136060Z [RUN_FASTLANE] › Copying   ios/build/Build/Intermediates.noindex/ArchiveIntermediates/Hence/IntermediateBuildFilesPath/UninstalledProducts/iphoneos/StripePaymentsUIBundle.bundle/tk.lproj ➜ ../../../../../var/folders/g3/pffjr_y96bq06blnkf72x_hw0000gn/T/eas-build-local-nodejs/3113b503-fe57-40ab-8a83-a993d2515c76/build/ios/Pods/StripePaymentsUI/StripePaymentsUI/StripePaymentsUI/Resources/Localizations/tk.lproj
build	Build iOS Locally on Free Cloud Mac	2026-08-23T00:17:39.6223010Z [RUN_FASTLANE] › Copying   ios/build/Build/Intermediates.noindex/ArchiveIntermediates/Hence/IntermediateBuildFilesPath/UninstalledProducts/iphoneos/StripePaymentsUIBundle.bundle/th.lproj ➜ ../../../../../var/folders/g3/pffjr_y96bq06blnkf72x_hw0000gn/T/eas-build-local-nodejs/3113b503-fe57-40ab-8a83-a993d2515c76/build/ios/Pods/StripePaymentsUI/StripePaymentsUI/StripePaymentsUI/Resources/Localizations/th.lproj
build	Build iOS Locally on Free Cloud Mac	2026-08-23T00:17:39.6330170Z [RUN_FASTLANE] › Copying   ios/build/Build/Intermediates.noindex/ArchiveIntermediates/Hence/IntermediateBuildFilesPath/UninstalledProducts/iphoneos/StripePaymentsUIBundle.bundle/sv.lproj ➜ ../../../../../var/folders/g3/pffjr_y96bq06blnkf72x_hw0000gn/T/eas-build-local-nodejs/3113b503-fe57-40ab-8a83-a993d2515c76/build/ios/Pods/StripePaymentsUI/StripePaymentsUI/StripePaymentsUI/Resources/Localizations/sv.lproj
build	Build iOS Locally on Free Cloud Mac	2026-08-23T00:17:39.6464730Z [RUN_FASTLANE] › Copying   ios/build/Build/Intermediates.noindex/ArchiveIntermediates/Hence/IntermediateBuildFilesPath/UninstalledProducts/iphoneos/StripePaymentsUIBundle.bundle/sl-SI.lproj ➜ ../../../../../var/folders/g3/pffjr_y96bq06blnkf72x_hw0000gn/T/eas-build-local-nodejs/3113b503-fe57-40ab-8a83-a993d2515c76/build/ios/Pods/StripePaymentsUI/StripePaymentsUI/StripePaymentsUI/Resources/Localizations/sl-SI.lproj
build	Build iOS Locally on Free Cloud Mac	2026-08-23T00:17:39.6472820Z [RUN_FASTLANE] › Copying   ios/build/Build/Intermediates.noindex/ArchiveIntermediates/Hence/IntermediateBuildFilesPath/UninstalledProducts/iphoneos/StripePaymentsUIBundle.bundle/sk-SK.lproj ➜ ../../../../../var/folders/g3/pffjr_y96bq06blnkf72x_hw0000gn/T/eas-build-local-nodejs/3113b503-fe57-40ab-8a83-a993d2515c76/build/ios/Pods/StripePaymentsUI/StripePaymentsUI/StripePaymentsUI/Resources/Localizations/sk-SK.lproj
build	Build iOS Locally on Free Cloud Mac	2026-08-23T00:17:39.6579210Z [RUN_FASTLANE] › Copying   ios/build/Build/Intermediates.noindex/ArchiveIntermediates/Hence/IntermediateBuildFilesPath/UninstalledProducts/iphoneos/StripePaymentsUIBundle.bundle/ru.lproj ➜ ../../../../../var/folders/g3/pffjr_y96bq06blnkf72x_hw0000gn/T/eas-build-local-nodejs/3113b503-fe57-40ab-8a83-a993d2515c76/build/ios/Pods/StripePaymentsUI/StripePaymentsUI/StripePaymentsUI/Resources/Localizations/ru.lproj
build	Build iOS Locally on Free Cloud Mac	2026-08-23T00:17:39.6686970Z [RUN_FASTLANE] › Copying   ios/build/Build/Intermediates.noindex/ArchiveIntermediates/Hence/IntermediateBuildFilesPath/UninstalledProducts/iphoneos/StripePaymentsUIBundle.bundle/ro-RO.lproj ➜ ../../../../../var/folders/g3/pffjr_y96bq06blnkf72x_hw0000gn/T/eas-build-local-nodejs/3113b503-fe57-40ab-8a83-a993d2515c76/build/ios/Pods/StripePaymentsUI/StripePaymentsUI/StripePaymentsUI/Resources/Localizations/ro-RO.lproj
build	Build iOS Locally on Free Cloud Mac	2026-08-23T00:17:39.6796100Z [RUN_FASTLANE] › Copying   ios/build/Build/Intermediates.noindex/ArchiveIntermediates/Hence/IntermediateBuildFilesPath/UninstalledProducts/iphoneos/StripePaymentsUIBundle.bundle/pt-PT.lproj ➜ ../../../../../var/folders/g3/pffjr_y96bq06blnkf72x_hw0000gn/T/eas-build-local-nodejs/3113b503-fe57-40ab-8a83-a993d2515c76/build/ios/Pods/StripePaymentsUI/StripePaymentsUI/StripePaymentsUI/Resources/Localizations/pt-PT.lproj
build	Build iOS Locally on Free Cloud Mac	2026-08-23T00:17:39.6905710Z [RUN_FASTLANE] › Copying   ios/build/Build/Intermediates.noindex/ArchiveIntermediates/Hence/IntermediateBuildFilesPath/UninstalledProducts/iphoneos/StripePaymentsUIBundle.bundle/pt-BR.lproj ➜ ../../../../../var/folders/g3/pffjr_y96bq06blnkf72x_hw0000gn/T/eas-build-local-nodejs/3113b503-fe57-40ab-8a83-a993d2515c76/build/ios/Pods/StripePaymentsUI/StripePaymentsUI/StripePaymentsUI/Resources/Localizations/pt-BR.lproj
build	Build iOS Locally on Free Cloud Mac	2026-08-23T00:17:39.7059260Z [RUN_FASTLANE] › Copying   ios/build/Build/Intermediates.noindex/ArchiveIntermediates/Hence/IntermediateBuildFilesPath/UninstalledProducts/iphoneos/StripePaymentsUIBundle.bundle/pl-PL.lproj ➜ ../../../../../var/folders/g3/pffjr_y96bq06blnkf72x_hw0000gn/T/eas-build-local-nodejs/3113b503-fe57-40ab-8a83-a993d2515c76/build/ios/Pods/StripePaymentsUI/StripePaymentsUI/StripePaymentsUI/Resources/Localizations/pl-PL.lproj
build	Build iOS Locally on Free Cloud Mac	2026-08-23T00:17:39.7166010Z [RUN_FASTLANE] › Copying   ios/build/Build/Intermediates.noindex/ArchiveIntermediates/Hence/IntermediateBuildFilesPath/UninstalledProducts/iphoneos/StripePaymentsUIBundle.bundle/nl.lproj ➜ ../../../../../var/folders/g3/pffjr_y96bq06blnkf72x_hw0000gn/T/eas-build-local-nodejs/3113b503-fe57-40ab-8a83-a993d2515c76/build/ios/Pods/StripePaymentsUI/StripePaymentsUI/StripePaymentsUI/Resources/Localizations/nl.lproj
build	Build iOS Locally on Free Cloud Mac	2026-08-23T00:17:39.7169550Z [RUN_FASTLANE] › Copying   ios/build/Build/Intermediates.noindex/ArchiveIntermediates/Hence/IntermediateBuildFilesPath/UninstalledProducts/iphoneos/StripePaymentsUIBundle.bundle/nb.lproj ➜ ../../../../../var/folders/g3/pffjr_y96bq06blnkf72x_hw0000gn/T/eas-build-local-nodejs/3113b503-fe57-40ab-8a83-a993d2515c76/build/ios/Pods/StripePaymentsUI/StripePaymentsUI/StripePaymentsUI/Resources/Localizations/nb.lproj
build	Build iOS Locally on Free Cloud Mac	2026-08-23T00:17:39.7274190Z [RUN_FASTLANE] › Copying   ios/build/Build/Intermediates.noindex/ArchiveIntermediates/Hence/IntermediateBuildFilesPath/UninstalledProducts/iphoneos/StripePaymentsUIBundle.bundle/mt.lproj ➜ ../../../../../var/folders/g3/pffjr_y96bq06blnkf72x_hw0000gn/T/eas-build-local-nodejs/3113b503-fe57-40ab-8a83-a993d2515c76/build/ios/Pods/StripePaymentsUI/StripePaymentsUI/StripePaymentsUI/Resources/Localizations/mt.lproj
build	Build iOS Locally on Free Cloud Mac	2026-08-23T00:17:39.7379400Z [RUN_FASTLANE] › Copying   ios/build/Build/Intermediates.noindex/ArchiveIntermediates/Hence/IntermediateBuildFilesPath/UninstalledProducts/iphoneos/StripePaymentsUIBundle.bundle/ms-MY.lproj ➜ ../../../../../var/folders/g3/pffjr_y96bq06blnkf72x_hw0000gn/T/eas-build-local-nodejs/3113b503-fe57-40ab-8a83-a993d2515c76/build/ios/Pods/StripePaymentsUI/StripePaymentsUI/StripePaymentsUI/Resources/Localizations/ms-MY.lproj
build	Build iOS Locally on Free Cloud Mac	2026-08-23T00:17:39.7484830Z [RUN_FASTLANE] › Copying   ios/build/Build/Intermediates.noindex/ArchiveIntermediates/Hence/IntermediateBuildFilesPath/UninstalledProducts/iphoneos/StripePaymentsUIBundle.bundle/lv-LV.lproj ➜ ../../../../../var/folders/g3/pffjr_y96bq06blnkf72x_hw0000gn/T/eas-build-local-nodejs/3113b503-fe57-40ab-8a83-a993d2515c76/build/ios/Pods/StripePaymentsUI/StripePaymentsUI/StripePaymentsUI/Resources/Localizations/lv-LV.lproj
build	Build iOS Locally on Free Cloud Mac	2026-08-23T00:17:39.7593060Z [RUN_FASTLANE] › Copying   ios/build/Build/Intermediates.noindex/ArchiveIntermediates/Hence/IntermediateBuildFilesPath/UninstalledProducts/iphoneos/StripePaymentsUIBundle.bundle/lt-LT.lproj ➜ ../../../../../var/folders/g3/pffjr_y96bq06blnkf72x_hw0000gn/T/eas-build-local-nodejs/3113b503-fe57-40ab-8a83-a993d2515c76/build/ios/Pods/StripePaymentsUI/StripePaymentsUI/StripePaymentsUI/Resources/Localizations/lt-LT.lproj
build	Build iOS Locally on Free Cloud Mac	2026-08-23T00:17:39.7698530Z [RUN_FASTLANE] › Copying   ios/build/Build/Intermediates.noindex/ArchiveIntermediates/Hence/IntermediateBuildFilesPath/UninstalledProducts/iphoneos/StripePaymentsUIBundle.bundle/ko.lproj ➜ ../../../../../var/folders/g3/pffjr_y96bq06blnkf72x_hw0000gn/T/eas-build-local-nodejs/3113b503-fe57-40ab-8a83-a993d2515c76/build/ios/Pods/StripePaymentsUI/StripePaymentsUI/StripePaymentsUI/Resources/Localizations/ko.lproj
build	Build iOS Locally on Free Cloud Mac	2026-08-23T00:17:39.7803330Z [RUN_FASTLANE] › Copying   ios/build/Build/Intermediates.noindex/ArchiveIntermediates/Hence/IntermediateBuildFilesPath/UninstalledProducts/iphoneos/StripePaymentsUIBundle.bundle/ja.lproj ➜ ../../../../../var/folders/g3/pffjr_y96bq06blnkf72x_hw0000gn/T/eas-build-local-nodejs/3113b503-fe57-40ab-8a83-a993d2515c76/build/ios/Pods/StripePaymentsUI/StripePaymentsUI/StripePaymentsUI/Resources/Localizations/ja.lproj
build	Build iOS Locally on Free Cloud Mac	2026-08-23T00:17:39.7909740Z [RUN_FASTLANE] › Copying   ios/build/Build/Intermediates.noindex/ArchiveIntermediates/Hence/IntermediateBuildFilesPath/UninstalledProducts/iphoneos/StripePaymentsUIBundle.bundle/it.lproj ➜ ../../../../../var/folders/g3/pffjr_y96bq06blnkf72x_hw0000gn/T/eas-build-local-nodejs/3113b503-fe57-40ab-8a83-a993d2515c76/build/ios/Pods/StripePaymentsUI/StripePaymentsUI/StripePaymentsUI/Resources/Localizations/it.lproj
build	Build iOS Locally on Free Cloud Mac	2026-08-23T00:17:39.8018700Z [RUN_FASTLANE] › Copying   ios/build/Build/Intermediates.noindex/ArchiveIntermediates/Hence/IntermediateBuildFilesPath/UninstalledProducts/iphoneos/StripePaymentsUIBundle.bundle/id.lproj ➜ ../../../../../var/folders/g3/pffjr_y96bq06blnkf72x_hw0000gn/T/eas-build-local-nodejs/3113b503-fe57-40ab-8a83-a993d2515c76/build/ios/Pods/StripePaymentsUI/StripePaymentsUI/StripePaymentsUI/Resources/Localizations/id.lproj
build	Build iOS Locally on Free Cloud Mac	2026-08-23T00:17:39.8126530Z [RUN_FASTLANE] › Copying   ios/build/Build/Intermediates.noindex/ArchiveIntermediates/Hence/IntermediateBuildFilesPath/UninstalledProducts/iphoneos/StripePaymentsUIBundle.bundle/hu.lproj ➜ ../../../../../var/folders/g3/pffjr_y96bq06blnkf72x_hw0000gn/T/eas-build-local-nodejs/3113b503-fe57-40ab-8a83-a993d2515c76/build/ios/Pods/StripePaymentsUI/StripePaymentsUI/StripePaymentsUI/Resources/Localizations/hu.lproj
build	Build iOS Locally on Free Cloud Mac	2026-08-23T00:17:39.8231640Z [RUN_FASTLANE] › Copying   ios/build/Build/Intermediates.noindex/ArchiveIntermediates/Hence/IntermediateBuildFilesPath/UninstalledProducts/iphoneos/StripePaymentsUIBundle.bundle/hr.lproj ➜ ../../../../../var/folders/g3/pffjr_y96bq06blnkf72x_hw0000gn/T/eas-build-local-nodejs/3113b503-fe57-40ab-8a83-a993d2515c76/build/ios/Pods/StripePaymentsUI/StripePaymentsUI/StripePaymentsUI/Resources/Localizations/hr.lproj
build	Build iOS Locally on Free Cloud Mac	2026-08-23T00:17:39.8336740Z [RUN_FASTLANE] › Copying   ios/build/Build/Intermediates.noindex/ArchiveIntermediates/Hence/IntermediateBuildFilesPath/UninstalledProducts/iphoneos/StripePaymentsUIBundle.bundle/fr.lproj ➜ ../../../../../var/folders/g3/pffjr_y96bq06blnkf72x_hw0000gn/T/eas-build-local-nodejs/3113b503-fe57-40ab-8a83-a993d2515c76/build/ios/Pods/StripePaymentsUI/StripePaymentsUI/StripePaymentsUI/Resources/Localizations/fr.lproj
build	Build iOS Locally on Free Cloud Mac	2026-08-23T00:17:39.8441270Z [RUN_FASTLANE] › Copying   ios/build/Build/Intermediates.noindex/ArchiveIntermediates/Hence/IntermediateBuildFilesPath/UninstalledProducts/iphoneos/StripePaymentsUIBundle.bundle/fr-CA.lproj ➜ ../../../../../var/folders/g3/pffjr_y96bq06blnkf72x_hw0000gn/T/eas-build-local-nodejs/3113b503-fe57-40ab-8a83-a993d2515c76/build/ios/Pods/StripePaymentsUI/StripePaymentsUI/StripePaymentsUI/Resources/Localizations/fr-CA.lproj
build	Build iOS Locally on Free Cloud Mac	2026-08-23T00:17:39.8550620Z [RUN_FASTLANE] › Copying   ios/build/Build/Intermediates.noindex/ArchiveIntermediates/Hence/IntermediateBuildFilesPath/UninstalledProducts/iphoneos/StripePaymentsUIBundle.bundle/fil.lproj ➜ ../../../../../var/folders/g3/pffjr_y96bq06blnkf72x_hw0000gn/T/eas-build-local-nodejs/3113b503-fe57-40ab-8a83-a993d2515c76/build/ios/Pods/StripePaymentsUI/StripePaymentsUI/StripePaymentsUI/Resources/Localizations/fil.lproj
build	Build iOS Locally on Free Cloud Mac	2026-08-23T00:17:39.8657990Z [RUN_FASTLANE] › Copying   ios/build/Build/Intermediates.noindex/ArchiveIntermediates/Hence/IntermediateBuildFilesPath/UninstalledProducts/iphoneos/StripePaymentsUIBundle.bundle/fi.lproj ➜ ../../../../../var/folders/g3/pffjr_y96bq06blnkf72x_hw0000gn/T/eas-build-local-nodejs/3113b503-fe57-40ab-8a83-a993d2515c76/build/ios/Pods/StripePaymentsUI/StripePaymentsUI/StripePaymentsUI/Resources/Localizations/fi.lproj
build	Build iOS Locally on Free Cloud Mac	2026-08-23T00:17:39.8762390Z [RUN_FASTLANE] › Copying   ios/build/Build/Intermediates.noindex/ArchiveIntermediates/Hence/IntermediateBuildFilesPath/UninstalledProducts/iphoneos/StripePaymentsUIBundle.bundle/et-EE.lproj ➜ ../../../../../var/folders/g3/pffjr_y96bq06blnkf72x_hw0000gn/T/eas-build-local-nodejs/3113b503-fe57-40ab-8a83-a993d2515c76/build/ios/Pods/StripePaymentsUI/StripePaymentsUI/StripePaymentsUI/Resources/Localizations/et-EE.lproj
build	Build iOS Locally on Free Cloud Mac	2026-08-23T00:17:39.8867410Z [RUN_FASTLANE] › Copying   ios/build/Build/Intermediates.noindex/ArchiveIntermediates/Hence/IntermediateBuildFilesPath/UninstalledProducts/iphoneos/StripePaymentsUIBundle.bundle/es.lproj ➜ ../../../../../var/folders/g3/pffjr_y96bq06blnkf72x_hw0000gn/T/eas-build-local-nodejs/3113b503-fe57-40ab-8a83-a993d2515c76/build/ios/Pods/StripePaymentsUI/StripePaymentsUI/StripePaymentsUI/Resources/Localizations/es.lproj
build	Build iOS Locally on Free Cloud Mac	2026-08-23T00:17:39.8973310Z [RUN_FASTLANE] › Copying   ios/build/Build/Intermediates.noindex/ArchiveIntermediates/Hence/IntermediateBuildFilesPath/UninstalledProducts/iphoneos/StripePaymentsUIBundle.bundle/es-419.lproj ➜ ../../../../../var/folders/g3/pffjr_y96bq06blnkf72x_hw0000gn/T/eas-build-local-nodejs/3113b503-fe57-40ab-8a83-a993d2515c76/build/ios/Pods/StripePaymentsUI/StripePaymentsUI/StripePaymentsUI/Resources/Localizations/es-419.lproj
build	Build iOS Locally on Free Cloud Mac	2026-08-23T00:17:40.0608720Z [RUN_FASTLANE] › Copying   ios/build/Build/Intermediates.noindex/ArchiveIntermediates/Hence/IntermediateBuildFilesPath/UninstalledProducts/iphoneos/StripePaymentsUIBundle.bundle/en.lproj ➜ ../../../../../var/folders/g3/pffjr_y96bq06blnkf72x_hw0000gn/T/eas-build-local-nodejs/3113b503-fe57-40ab-8a83-a993d2515c76/build/ios/Pods/StripePaymentsUI/StripePaymentsUI/StripePaymentsUI/Resources/Localizations/en.lproj
build	Build iOS Locally on Free Cloud Mac	2026-08-23T00:17:40.0713670Z [RUN_FASTLANE] › Copying   ios/build/Build/Intermediates.noindex/ArchiveIntermediates/Hence/IntermediateBuildFilesPath/UninstalledProducts/iphoneos/StripePaymentsUIBundle.bundle/en-GB.lproj ➜ ../../../../../var/folders/g3/pffjr_y96bq06blnkf72x_hw0000gn/T/eas-build-local-nodejs/3113b503-fe57-40ab-8a83-a993d2515c76/build/ios/Pods/StripePaymentsUI/StripePaymentsUI/StripePaymentsUI/Resources/Localizations/en-GB.lproj
build	Build iOS Locally on Free Cloud Mac	2026-08-23T00:17:40.0818440Z [RUN_FASTLANE] › Copying   ios/build/Build/Intermediates.noindex/ArchiveIntermediates/Hence/IntermediateBuildFilesPath/UninstalledProducts/iphoneos/StripePaymentsUIBundle.bundle/el-GR.lproj ➜ ../../../../../var/folders/g3/pffjr_y96bq06blnkf72x_hw0000gn/T/eas-build-local-nodejs/3113b503-fe57-40ab-8a83-a993d2515c76/build/ios/Pods/StripePaymentsUI/StripePaymentsUI/StripePaymentsUI/Resources/Localizations/el-GR.lproj
build	Build iOS Locally on Free Cloud Mac	2026-08-23T00:17:40.0923210Z [RUN_FASTLANE] › Copying   ios/build/Build/Intermediates.noindex/ArchiveIntermediates/Hence/IntermediateBuildFilesPath/UninstalledProducts/iphoneos/StripePaymentsUIBundle.bundle/de.lproj ➜ ../../../../../var/folders/g3/pffjr_y96bq06blnkf72x_hw0000gn/T/eas-build-local-nodejs/3113b503-fe57-40ab-8a83-a993d2515c76/build/ios/Pods/StripePaymentsUI/StripePaymentsUI/StripePaymentsUI/Resources/Localizations/de.lproj
build	Build iOS Locally on Free Cloud Mac	2026-08-23T00:17:40.1028190Z [RUN_FASTLANE] › Copying   ios/build/Build/Intermediates.noindex/ArchiveIntermediates/Hence/IntermediateBuildFilesPath/UninstalledProducts/iphoneos/StripePaymentsUIBundle.bundle/da.lproj ➜ ../../../../../var/folders/g3/pffjr_y96bq06blnkf72x_hw0000gn/T/eas-build-local-nodejs/3113b503-fe57-40ab-8a83-a993d2515c76/build/ios/Pods/StripePaymentsUI/StripePaymentsUI/StripePaymentsUI/Resources/Localizations/da.lproj
build	Build iOS Locally on Free Cloud Mac	2026-08-23T00:17:40.1131560Z [RUN_FASTLANE] › Copying   ios/build/Build/Intermediates.noindex/ArchiveIntermediates/Hence/IntermediateBuildFilesPath/UninstalledProducts/iphoneos/StripePaymentsUIBundle.bundle/cs-CZ.lproj ➜ ../../../../../var/folders/g3/pffjr_y96bq06blnkf72x_hw0000gn/T/eas-build-local-nodejs/3113b503-fe57-40ab-8a83-a993d2515c76/build/ios/Pods/StripePaymentsUI/StripePaymentsUI/StripePaymentsUI/Resources/Localizations/cs-CZ.lproj
build	Build iOS Locally on Free Cloud Mac	2026-08-23T00:17:40.1229560Z [RUN_FASTLANE] › Copying   ios/build/Build/Intermediates.noindex/ArchiveIntermediates/Hence/IntermediateBuildFilesPath/UninstalledProducts/iphoneos/StripePaymentsUIBundle.bundle/ca-ES.lproj ➜ ../../../../../var/folders/g3/pffjr_y96bq06blnkf72x_hw0000gn/T/eas-build-local-nodejs/3113b503-fe57-40ab-8a83-a993d2515c76/build/ios/Pods/StripePaymentsUI/StripePaymentsUI/StripePaymentsUI/Resources/Localizations/ca-ES.lproj
build	Build iOS Locally on Free Cloud Mac	2026-08-23T00:17:40.1334400Z [RUN_FASTLANE] › Copying   ios/build/Build/Intermediates.noindex/ArchiveIntermediates/Hence/IntermediateBuildFilesPath/UninstalledProducts/iphoneos/StripePaymentsUIBundle.bundle/bg-BG.lproj ➜ ../../../../../var/folders/g3/pffjr_y96bq06blnkf72x_hw0000gn/T/eas-build-local-nodejs/3113b503-fe57-40ab-8a83-a993d2515c76/build/ios/Pods/StripePaymentsUI/StripePaymentsUI/StripePaymentsUI/Resources/Localizations/bg-BG.lproj
build	Build iOS Locally on Free Cloud Mac	2026-08-23T00:17:40.1438350Z [RUN_FASTLANE] › Copying   ios/build/Build/Intermediates.noindex/ArchiveIntermediates/Hence/IntermediateBuildFilesPath/UninstalledProducts/iphoneos/StripePaymentsUIBundle.bundle/au_becs_bsb.json ➜ ../../../../../var/folders/g3/pffjr_y96bq06blnkf72x_hw0000gn/T/eas-build-local-nodejs/3113b503-fe57-40ab-8a83-a993d2515c76/build/ios/Pods/StripePaymentsUI/StripePaymentsUI/StripePaymentsUI/Resources/JSON/au_becs_bsb.json
build	Build iOS Locally on Free Cloud Mac	2026-08-23T00:17:40.1538510Z [RUN_FASTLANE] › Creating  Pods/expo-dev-menu-EXDevMenu » EXDevMenu.bundle
build	Build iOS Locally on Free Cloud Mac	2026-08-23T00:17:40.1641150Z [RUN_FASTLANE] › Preparing Pods/StripePayments-StripePaymentsBundle » ResourceBundle-StripePaymentsBundle-StripePayments-Info.plist
build	Build iOS Locally on Free Cloud Mac	2026-08-23T00:17:40.1745530Z [RUN_FASTLANE] › Copying   ios/build/Build/Intermediates.noindex/ArchiveIntermediates/Hence/IntermediateBuildFilesPath/UninstalledProducts/iphoneos/StripePaymentsBundle.bundle/zh-Hant.lproj ➜ ../../../../../var/folders/g3/pffjr_y96bq06blnkf72x_hw0000gn/T/eas-build-local-nodejs/3113b503-fe57-40ab-8a83-a993d2515c76/build/ios/Pods/StripePayments/StripePayments/StripePayments/Resources/Localizations/zh-Hant.lproj
build	Build iOS Locally on Free Cloud Mac	2026-08-23T00:17:40.1850170Z [RUN_FASTLANE] › Copying   ios/build/Build/Intermediates.noindex/ArchiveIntermediates/Hence/IntermediateBuildFilesPath/UninstalledProducts/iphoneos/StripePaymentsBundle.bundle/zh-Hans.lproj ➜ ../../../../../var/folders/g3/pffjr_y96bq06blnkf72x_hw0000gn/T/eas-build-local-nodejs/3113b503-fe57-40ab-8a83-a993d2515c76/build/ios/Pods/StripePayments/StripePayments/StripePayments/Resources/Localizations/zh-Hans.lproj
build	Build iOS Locally on Free Cloud Mac	2026-08-23T00:17:40.1954710Z [RUN_FASTLANE] › Copying   ios/build/Build/Intermediates.noindex/ArchiveIntermediates/Hence/IntermediateBuildFilesPath/UninstalledProducts/iphoneos/StripePaymentsBundle.bundle/zh-HK.lproj ➜ ../../../../../var/folders/g3/pffjr_y96bq06blnkf72x_hw0000gn/T/eas-build-local-nodejs/3113b503-fe57-40ab-8a83-a993d2515c76/build/ios/Pods/StripePayments/StripePayments/StripePayments/Resources/Localizations/zh-HK.lproj
build	Build iOS Locally on Free Cloud Mac	2026-08-23T00:17:40.2058880Z [RUN_FASTLANE] › Compiling expo-dev-menu-interface Pods/expo-dev-menu-interface » expo-dev-menu-interface-dummy.m
build	Build iOS Locally on Free Cloud Mac	2026-08-23T00:17:40.2998450Z [RUN_FASTLANE] › Compiling unimodules-app-loader Pods/UMAppLoader » UMAppLoaderProvider.m
build	Build iOS Locally on Free Cloud Mac	2026-08-23T00:17:40.3119070Z [RUN_FASTLANE] › Compiling unimodules-app-loader Pods/UMAppLoader » UMAppLoader-dummy.m
build	Build iOS Locally on Free Cloud Mac	2026-08-23T00:17:40.3223930Z [RUN_FASTLANE] › Packaging expo-dev-menu-interface Pods/expo-dev-menu-interface » libexpo-dev-menu-interface.a
build	Build iOS Locally on Free Cloud Mac	2026-08-23T00:17:40.3328880Z [RUN_FASTLANE] › Copying   ios/build/Build/Intermediates.noindex/ArchiveIntermediates/Hence/IntermediateBuildFilesPath/UninstalledProducts/iphoneos/StripePaymentsBundle.bundle/vi.lproj ➜ ../../../../../var/folders/g3/pffjr_y96bq06blnkf72x_hw0000gn/T/eas-build-local-nodejs/3113b503-fe57-40ab-8a83-a993d2515c76/build/ios/Pods/StripePayments/StripePayments/StripePayments/Resources/Localizations/vi.lproj
build	Build iOS Locally on Free Cloud Mac	2026-08-23T00:17:40.3431740Z [RUN_FASTLANE] › Packaging unimodules-app-loader Pods/UMAppLoader » libUMAppLoader.a
build	Build iOS Locally on Free Cloud Mac	2026-08-23T00:17:40.3535170Z [RUN_FASTLANE] › Copying   ios/build/Build/Intermediates.noindex/ArchiveIntermediates/Hence/IntermediateBuildFilesPath/UninstalledProducts/iphoneos/StripePaymentsBundle.bundle/tr.lproj ➜ ../../../../../var/folders/g3/pffjr_y96bq06blnkf72x_hw0000gn/T/eas-build-local-nodejs/3113b503-fe57-40ab-8a83-a993d2515c76/build/ios/Pods/StripePayments/StripePayments/StripePayments/Resources/Localizations/tr.lproj
build	Build iOS Locally on Free Cloud Mac	2026-08-23T00:17:40.3639910Z [RUN_FASTLANE] › Copying   ios/build/Build/Intermediates.noindex/ArchiveIntermediates/Hence/IntermediateBuildFilesPath/UninstalledProducts/iphoneos/StripePaymentsBundle.bundle/tk.lproj ➜ ../../../../../var/folders/g3/pffjr_y96bq06blnkf72x_hw0000gn/T/eas-build-local-nodejs/3113b503-fe57-40ab-8a83-a993d2515c76/build/ios/Pods/StripePayments/StripePayments/StripePayments/Resources/Localizations/tk.lproj
build	Build iOS Locally on Free Cloud Mac	2026-08-23T00:17:40.3744350Z [RUN_FASTLANE] › Copying   ios/build/Build/Intermediates.noindex/ArchiveIntermediates/Hence/IntermediateBuildFilesPath/UninstalledProducts/iphoneos/StripePaymentsBundle.bundle/th.lproj ➜ ../../../../../var/folders/g3/pffjr_y96bq06blnkf72x_hw0000gn/T/eas-build-local-nodejs/3113b503-fe57-40ab-8a83-a993d2515c76/build/ios/Pods/StripePayments/StripePayments/StripePayments/Resources/Localizations/th.lproj
build	Build iOS Locally on Free Cloud Mac	2026-08-23T00:17:40.3852160Z [RUN_FASTLANE] › Copying   ios/build/Build/Intermediates.noindex/ArchiveIntermediates/Hence/IntermediateBuildFilesPath/UninstalledProducts/iphoneos/StripePaymentsBundle.bundle/sv.lproj ➜ ../../../../../var/folders/g3/pffjr_y96bq06blnkf72x_hw0000gn/T/eas-build-local-nodejs/3113b503-fe57-40ab-8a83-a993d2515c76/build/ios/Pods/StripePayments/StripePayments/StripePayments/Resources/Localizations/sv.lproj
build	Build iOS Locally on Free Cloud Mac	2026-08-23T00:17:40.3956850Z [RUN_FASTLANE] › Copying   ios/build/Build/Intermediates.noindex/ArchiveIntermediates/Hence/IntermediateBuildFilesPath/UninstalledProducts/iphoneos/StripePaymentsBundle.bundle/sl-SI.lproj ➜ ../../../../../var/folders/g3/pffjr_y96bq06blnkf72x_hw0000gn/T/eas-build-local-nodejs/3113b503-fe57-40ab-8a83-a993d2515c76/build/ios/Pods/StripePayments/StripePayments/StripePayments/Resources/Localizations/sl-SI.lproj
build	Build iOS Locally on Free Cloud Mac	2026-08-23T00:17:40.4061190Z [RUN_FASTLANE] › Copying   ios/build/Build/Intermediates.noindex/ArchiveIntermediates/Hence/IntermediateBuildFilesPath/UninstalledProducts/iphoneos/StripePaymentsBundle.bundle/sk-SK.lproj ➜ ../../../../../var/folders/g3/pffjr_y96bq06blnkf72x_hw0000gn/T/eas-build-local-nodejs/3113b503-fe57-40ab-8a83-a993d2515c76/build/ios/Pods/StripePayments/StripePayments/StripePayments/Resources/Localizations/sk-SK.lproj
build	Build iOS Locally on Free Cloud Mac	2026-08-23T00:17:40.4170380Z [RUN_FASTLANE] › Copying   ios/build/Build/Intermediates.noindex/ArchiveIntermediates/Hence/IntermediateBuildFilesPath/UninstalledProducts/iphoneos/StripePaymentsBundle.bundle/ru.lproj ➜ ../../../../../var/folders/g3/pffjr_y96bq06blnkf72x_hw0000gn/T/eas-build-local-nodejs/3113b503-fe57-40ab-8a83-a993d2515c76/build/ios/Pods/StripePayments/StripePayments/StripePayments/Resources/Localizations/ru.lproj
build	Build iOS Locally on Free Cloud Mac	2026-08-23T00:17:40.4277060Z [RUN_FASTLANE] › Copying   ios/build/Build/Intermediates.noindex/ArchiveIntermediates/Hence/IntermediateBuildFilesPath/UninstalledProducts/iphoneos/StripePaymentsBundle.bundle/ro-RO.lproj ➜ ../../../../../var/folders/g3/pffjr_y96bq06blnkf72x_hw0000gn/T/eas-build-local-nodejs/3113b503-fe57-40ab-8a83-a993d2515c76/build/ios/Pods/StripePayments/StripePayments/StripePayments/Resources/Localizations/ro-RO.lproj
build	Build iOS Locally on Free Cloud Mac	2026-08-23T00:17:40.4381680Z [RUN_FASTLANE] › Copying   ios/build/Build/Intermediates.noindex/ArchiveIntermediates/Hence/IntermediateBuildFilesPath/UninstalledProducts/iphoneos/StripePaymentsBundle.bundle/pt-PT.lproj ➜ ../../../../../var/folders/g3/pffjr_y96bq06blnkf72x_hw0000gn/T/eas-build-local-nodejs/3113b503-fe57-40ab-8a83-a993d2515c76/build/ios/Pods/StripePayments/StripePayments/StripePayments/Resources/Localizations/pt-PT.lproj
build	Build iOS Locally on Free Cloud Mac	2026-08-23T00:17:40.4509010Z [RUN_FASTLANE] › Copying   ios/build/Build/Intermediates.noindex/ArchiveIntermediates/Hence/IntermediateBuildFilesPath/UninstalledProducts/iphoneos/StripePaymentsBundle.bundle/pt-BR.lproj ➜ ../../../../../var/folders/g3/pffjr_y96bq06blnkf72x_hw0000gn/T/eas-build-local-nodejs/3113b503-fe57-40ab-8a83-a993d2515c76/build/ios/Pods/StripePayments/StripePayments/StripePayments/Resources/Localizations/pt-BR.lproj
build	Build iOS Locally on Free Cloud Mac	2026-08-23T00:17:40.4512750Z [RUN_FASTLANE] › Copying   ios/build/Build/Intermediates.noindex/ArchiveIntermediates/Hence/IntermediateBuildFilesPath/UninstalledProducts/iphoneos/StripePaymentsBundle.bundle/pl-PL.lproj ➜ ../../../../../var/folders/g3/pffjr_y96bq06blnkf72x_hw0000gn/T/eas-build-local-nodejs/3113b503-fe57-40ab-8a83-a993d2515c76/build/ios/Pods/StripePayments/StripePayments/StripePayments/Resources/Localizations/pl-PL.lproj
build	Build iOS Locally on Free Cloud Mac	2026-08-23T00:17:40.4517440Z [RUN_FASTLANE] › Copying   ios/build/Build/Intermediates.noindex/ArchiveIntermediates/Hence/IntermediateBuildFilesPath/UninstalledProducts/iphoneos/StripePaymentsBundle.bundle/nl.lproj ➜ ../../../../../var/folders/g3/pffjr_y96bq06blnkf72x_hw0000gn/T/eas-build-local-nodejs/3113b503-fe57-40ab-8a83-a993d2515c76/build/ios/Pods/StripePayments/StripePayments/StripePayments/Resources/Localizations/nl.lproj
build	Build iOS Locally on Free Cloud Mac	2026-08-23T00:17:40.4522650Z [RUN_FASTLANE] › Copying   ios/build/Build/Intermediates.noindex/ArchiveIntermediates/Hence/IntermediateBuildFilesPath/UninstalledProducts/iphoneos/StripePaymentsBundle.bundle/nb.lproj ➜ ../../../../../var/folders/g3/pffjr_y96bq06blnkf72x_hw0000gn/T/eas-build-local-nodejs/3113b503-fe57-40ab-8a83-a993d2515c76/build/ios/Pods/StripePayments/StripePayments/StripePayments/Resources/Localizations/nb.lproj
build	Build iOS Locally on Free Cloud Mac	2026-08-23T00:17:40.4530770Z [RUN_FASTLANE] › Copying   ios/build/Build/Intermediates.noindex/ArchiveIntermediates/Hence/IntermediateBuildFilesPath/UninstalledProducts/iphoneos/StripePaymentsBundle.bundle/mt.lproj ➜ ../../../../../var/folders/g3/pffjr_y96bq06blnkf72x_hw0000gn/T/eas-build-local-nodejs/3113b503-fe57-40ab-8a83-a993d2515c76/build/ios/Pods/StripePayments/StripePayments/StripePayments/Resources/Localizations/mt.lproj
build	Build iOS Locally on Free Cloud Mac	2026-08-23T00:17:40.4537630Z [RUN_FASTLANE] › Copying   ios/build/Build/Intermediates.noindex/ArchiveIntermediates/Hence/IntermediateBuildFilesPath/UninstalledProducts/iphoneos/StripePaymentsBundle.bundle/ms-MY.lproj ➜ ../../../../../var/folders/g3/pffjr_y96bq06blnkf72x_hw0000gn/T/eas-build-local-nodejs/3113b503-fe57-40ab-8a83-a993d2515c76/build/ios/Pods/StripePayments/StripePayments/StripePayments/Resources/Localizations/ms-MY.lproj
build	Build iOS Locally on Free Cloud Mac	2026-08-23T00:17:40.4544430Z [RUN_FASTLANE] › Copying   ios/build/Build/Intermediates.noindex/ArchiveIntermediates/Hence/IntermediateBuildFilesPath/UninstalledProducts/iphoneos/StripePaymentsBundle.bundle/lv-LV.lproj ➜ ../../../../../var/folders/g3/pffjr_y96bq06blnkf72x_hw0000gn/T/eas-build-local-nodejs/3113b503-fe57-40ab-8a83-a993d2515c76/build/ios/Pods/StripePayments/StripePayments/StripePayments/Resources/Localizations/lv-LV.lproj
build	Build iOS Locally on Free Cloud Mac	2026-08-23T00:17:40.4658260Z [RUN_FASTLANE] › Copying   ios/build/Build/Intermediates.noindex/ArchiveIntermediates/Hence/IntermediateBuildFilesPath/UninstalledProducts/iphoneos/StripePaymentsBundle.bundle/lt-LT.lproj ➜ ../../../../../var/folders/g3/pffjr_y96bq06blnkf72x_hw0000gn/T/eas-build-local-nodejs/3113b503-fe57-40ab-8a83-a993d2515c76/build/ios/Pods/StripePayments/StripePayments/StripePayments/Resources/Localizations/lt-LT.lproj
build	Build iOS Locally on Free Cloud Mac	2026-08-23T00:17:40.4753260Z [RUN_FASTLANE] › Copying   ios/build/Build/Intermediates.noindex/ArchiveIntermediates/Hence/IntermediateBuildFilesPath/UninstalledProducts/iphoneos/StripePaymentsBundle.bundle/ko.lproj ➜ ../../../../../var/folders/g3/pffjr_y96bq06blnkf72x_hw0000gn/T/eas-build-local-nodejs/3113b503-fe57-40ab-8a83-a993d2515c76/build/ios/Pods/StripePayments/StripePayments/StripePayments/Resources/Localizations/ko.lproj
build	Build iOS Locally on Free Cloud Mac	2026-08-23T00:17:40.4874590Z [RUN_FASTLANE] › Copying   ios/build/Build/Intermediates.noindex/ArchiveIntermediates/Hence/IntermediateBuildFilesPath/UninstalledProducts/iphoneos/StripePaymentsBundle.bundle/ja.lproj ➜ ../../../../../var/folders/g3/pffjr_y96bq06blnkf72x_hw0000gn/T/eas-build-local-nodejs/3113b503-fe57-40ab-8a83-a993d2515c76/build/ios/Pods/StripePayments/StripePayments/StripePayments/Resources/Localizations/ja.lproj
build	Build iOS Locally on Free Cloud Mac	2026-08-23T00:17:40.4993300Z [RUN_FASTLANE] › Copying   ios/build/Build/Intermediates.noindex/ArchiveIntermediates/Hence/IntermediateBuildFilesPath/UninstalledProducts/iphoneos/StripePaymentsBundle.bundle/it.lproj ➜ ../../../../../var/folders/g3/pffjr_y96bq06blnkf72x_hw0000gn/T/eas-build-local-nodejs/3113b503-fe57-40ab-8a83-a993d2515c76/build/ios/Pods/StripePayments/StripePayments/StripePayments/Resources/Localizations/it.lproj
build	Build iOS Locally on Free Cloud Mac	2026-08-23T00:17:40.5131410Z [RUN_FASTLANE] › Copying   ios/build/Build/Intermediates.noindex/ArchiveIntermediates/Hence/IntermediateBuildFilesPath/UninstalledProducts/iphoneos/StripePaymentsBundle.bundle/id.lproj ➜ ../../../../../var/folders/g3/pffjr_y96bq06blnkf72x_hw0000gn/T/eas-build-local-nodejs/3113b503-fe57-40ab-8a83-a993d2515c76/build/ios/Pods/StripePayments/StripePayments/StripePayments/Resources/Localizations/id.lproj
build	Build iOS Locally on Free Cloud Mac	2026-08-23T00:17:40.5254090Z [RUN_FASTLANE] › Copying   ios/build/Build/Intermediates.noindex/ArchiveIntermediates/Hence/IntermediateBuildFilesPath/UninstalledProducts/iphoneos/StripePaymentsBundle.bundle/hu.lproj ➜ ../../../../../var/folders/g3/pffjr_y96bq06blnkf72x_hw0000gn/T/eas-build-local-nodejs/3113b503-fe57-40ab-8a83-a993d2515c76/build/ios/Pods/StripePayments/StripePayments/StripePayments/Resources/Localizations/hu.lproj
build	Build iOS Locally on Free Cloud Mac	2026-08-23T00:17:40.5373450Z [RUN_FASTLANE] › Copying   ios/build/Build/Intermediates.noindex/ArchiveIntermediates/Hence/IntermediateBuildFilesPath/UninstalledProducts/iphoneos/StripePaymentsBundle.bundle/hr.lproj ➜ ../../../../../var/folders/g3/pffjr_y96bq06blnkf72x_hw0000gn/T/eas-build-local-nodejs/3113b503-fe57-40ab-8a83-a993d2515c76/build/ios/Pods/StripePayments/StripePayments/StripePayments/Resources/Localizations/hr.lproj
build	Build iOS Locally on Free Cloud Mac	2026-08-23T00:17:40.5481730Z [RUN_FASTLANE] › Copying   ios/build/Build/Intermediates.noindex/ArchiveIntermediates/Hence/IntermediateBuildFilesPath/UninstalledProducts/iphoneos/StripePaymentsBundle.bundle/fr.lproj ➜ ../../../../../var/folders/g3/pffjr_y96bq06blnkf72x_hw0000gn/T/eas-build-local-nodejs/3113b503-fe57-40ab-8a83-a993d2515c76/build/ios/Pods/StripePayments/StripePayments/StripePayments/Resources/Localizations/fr.lproj
build	Build iOS Locally on Free Cloud Mac	2026-08-23T00:17:40.5597250Z [RUN_FASTLANE] › Copying   ios/build/Build/Intermediates.noindex/ArchiveIntermediates/Hence/IntermediateBuildFilesPath/UninstalledProducts/iphoneos/StripePaymentsBundle.bundle/fr-CA.lproj ➜ ../../../../../var/folders/g3/pffjr_y96bq06blnkf72x_hw0000gn/T/eas-build-local-nodejs/3113b503-fe57-40ab-8a83-a993d2515c76/build/ios/Pods/StripePayments/StripePayments/StripePayments/Resources/Localizations/fr-CA.lproj
build	Build iOS Locally on Free Cloud Mac	2026-08-23T00:17:40.5723930Z [RUN_FASTLANE] › Copying   ios/build/Build/Intermediates.noindex/ArchiveIntermediates/Hence/IntermediateBuildFilesPath/UninstalledProducts/iphoneos/StripePaymentsBundle.bundle/fil.lproj ➜ ../../../../../var/folders/g3/pffjr_y96bq06blnkf72x_hw0000gn/T/eas-build-local-nodejs/3113b503-fe57-40ab-8a83-a993d2515c76/build/ios/Pods/StripePayments/StripePayments/StripePayments/Resources/Localizations/fil.lproj
build	Build iOS Locally on Free Cloud Mac	2026-08-23T00:17:40.5826670Z [RUN_FASTLANE] › Copying   ios/build/Build/Intermediates.noindex/ArchiveIntermediates/Hence/IntermediateBuildFilesPath/UninstalledProducts/iphoneos/StripePaymentsBundle.bundle/fi.lproj ➜ ../../../../../var/folders/g3/pffjr_y96bq06blnkf72x_hw0000gn/T/eas-build-local-nodejs/3113b503-fe57-40ab-8a83-a993d2515c76/build/ios/Pods/StripePayments/StripePayments/StripePayments/Resources/Localizations/fi.lproj
build	Build iOS Locally on Free Cloud Mac	2026-08-23T00:17:40.5927050Z [RUN_FASTLANE] › Copying   ios/build/Build/Intermediates.noindex/ArchiveIntermediates/Hence/IntermediateBuildFilesPath/UninstalledProducts/iphoneos/StripePaymentsBundle.bundle/et-EE.lproj ➜ ../../../../../var/folders/g3/pffjr_y96bq06blnkf72x_hw0000gn/T/eas-build-local-nodejs/3113b503-fe57-40ab-8a83-a993d2515c76/build/ios/Pods/StripePayments/StripePayments/StripePayments/Resources/Localizations/et-EE.lproj
build	Build iOS Locally on Free Cloud Mac	2026-08-23T00:17:40.6027320Z [RUN_FASTLANE] › Copying   ios/build/Build/Intermediates.noindex/ArchiveIntermediates/Hence/IntermediateBuildFilesPath/UninstalledProducts/iphoneos/StripePaymentsBundle.bundle/es.lproj ➜ ../../../../../var/folders/g3/pffjr_y96bq06blnkf72x_hw0000gn/T/eas-build-local-nodejs/3113b503-fe57-40ab-8a83-a993d2515c76/build/ios/Pods/StripePayments/StripePayments/StripePayments/Resources/Localizations/es.lproj
build	Build iOS Locally on Free Cloud Mac	2026-08-23T00:17:40.6134930Z [RUN_FASTLANE] › Copying   ios/build/Build/Intermediates.noindex/ArchiveIntermediates/Hence/IntermediateBuildFilesPath/UninstalledProducts/iphoneos/StripePaymentsBundle.bundle/es-419.lproj ➜ ../../../../../var/folders/g3/pffjr_y96bq06blnkf72x_hw0000gn/T/eas-build-local-nodejs/3113b503-fe57-40ab-8a83-a993d2515c76/build/ios/Pods/StripePayments/StripePayments/StripePayments/Resources/Localizations/es-419.lproj
build	Build iOS Locally on Free Cloud Mac	2026-08-23T00:17:40.6241470Z [RUN_FASTLANE] › Copying   ios/build/Build/Intermediates.noindex/ArchiveIntermediates/Hence/IntermediateBuildFilesPath/UninstalledProducts/iphoneos/StripePaymentsBundle.bundle/en.lproj ➜ ../../../../../var/folders/g3/pffjr_y96bq06blnkf72x_hw0000gn/T/eas-build-local-nodejs/3113b503-fe57-40ab-8a83-a993d2515c76/build/ios/Pods/StripePayments/StripePayments/StripePayments/Resources/Localizations/en.lproj
build	Build iOS Locally on Free Cloud Mac	2026-08-23T00:17:40.6348110Z [RUN_FASTLANE] › Copying   ios/build/Build/Intermediates.noindex/ArchiveIntermediates/Hence/IntermediateBuildFilesPath/UninstalledProducts/iphoneos/StripePaymentsBundle.bundle/en-GB.lproj ➜ ../../../../../var/folders/g3/pffjr_y96bq06blnkf72x_hw0000gn/T/eas-build-local-nodejs/3113b503-fe57-40ab-8a83-a993d2515c76/build/ios/Pods/StripePayments/StripePayments/StripePayments/Resources/Localizations/en-GB.lproj
build	Build iOS Locally on Free Cloud Mac	2026-08-23T00:17:40.6461370Z [RUN_FASTLANE] › Copying   ios/build/Build/Intermediates.noindex/ArchiveIntermediates/Hence/IntermediateBuildFilesPath/UninstalledProducts/iphoneos/StripePaymentsBundle.bundle/el-GR.lproj ➜ ../../../../../var/folders/g3/pffjr_y96bq06blnkf72x_hw0000gn/T/eas-build-local-nodejs/3113b503-fe57-40ab-8a83-a993d2515c76/build/ios/Pods/StripePayments/StripePayments/StripePayments/Resources/Localizations/el-GR.lproj
build	Build iOS Locally on Free Cloud Mac	2026-08-23T00:17:40.6572380Z [RUN_FASTLANE] › Copying   ios/build/Build/Intermediates.noindex/ArchiveIntermediates/Hence/IntermediateBuildFilesPath/UninstalledProducts/iphoneos/StripePaymentsBundle.bundle/de.lproj ➜ ../../../../../var/folders/g3/pffjr_y96bq06blnkf72x_hw0000gn/T/eas-build-local-nodejs/3113b503-fe57-40ab-8a83-a993d2515c76/build/ios/Pods/StripePayments/StripePayments/StripePayments/Resources/Localizations/de.lproj
build	Build iOS Locally on Free Cloud Mac	2026-08-23T00:17:40.6702530Z [RUN_FASTLANE] › Copying   ios/build/Build/Intermediates.noindex/ArchiveIntermediates/Hence/IntermediateBuildFilesPath/UninstalledProducts/iphoneos/StripePaymentsBundle.bundle/da.lproj ➜ ../../../../../var/folders/g3/pffjr_y96bq06blnkf72x_hw0000gn/T/eas-build-local-nodejs/3113b503-fe57-40ab-8a83-a993d2515c76/build/ios/Pods/StripePayments/StripePayments/StripePayments/Resources/Localizations/da.lproj
build	Build iOS Locally on Free Cloud Mac	2026-08-23T00:17:40.6802940Z [RUN_FASTLANE] › Copying   ios/build/Build/Intermediates.noindex/ArchiveIntermediates/Hence/IntermediateBuildFilesPath/UninstalledProducts/iphoneos/StripePaymentsBundle.bundle/cs-CZ.lproj ➜ ../../../../../var/folders/g3/pffjr_y96bq06blnkf72x_hw0000gn/T/eas-build-local-nodejs/3113b503-fe57-40ab-8a83-a993d2515c76/build/ios/Pods/StripePayments/StripePayments/StripePayments/Resources/Localizations/cs-CZ.lproj
build	Build iOS Locally on Free Cloud Mac	2026-08-23T00:17:40.6907610Z [RUN_FASTLANE] › Copying   ios/build/Build/Intermediates.noindex/ArchiveIntermediates/Hence/IntermediateBuildFilesPath/UninstalledProducts/iphoneos/StripePaymentsBundle.bundle/ca-ES.lproj ➜ ../../../../../var/folders/g3/pffjr_y96bq06blnkf72x_hw0000gn/T/eas-build-local-nodejs/3113b503-fe57-40ab-8a83-a993d2515c76/build/ios/Pods/StripePayments/StripePayments/StripePayments/Resources/Localizations/ca-ES.lproj
build	Build iOS Locally on Free Cloud Mac	2026-08-23T00:17:40.7013080Z [RUN_FASTLANE] › Copying   ios/build/Build/Intermediates.noindex/ArchiveIntermediates/Hence/IntermediateBuildFilesPath/UninstalledProducts/iphoneos/StripePaymentsBundle.bundle/bg-BG.lproj ➜ ../../../../../var/folders/g3/pffjr_y96bq06blnkf72x_hw0000gn/T/eas-build-local-nodejs/3113b503-fe57-40ab-8a83-a993d2515c76/build/ios/Pods/StripePayments/StripePayments/StripePayments/Resources/Localizations/bg-BG.lproj
build	Build iOS Locally on Free Cloud Mac	2026-08-23T00:17:40.7113960Z [RUN_FASTLANE] › Copying   ios/build/Build/Intermediates.noindex/ArchiveIntermediates/Hence/IntermediateBuildFilesPath/UninstalledProducts/iphoneos/Stripe3DS2.bundle/zh-Hant.lproj ➜ ../../../../../var/folders/g3/pffjr_y96bq06blnkf72x_hw0000gn/T/eas-build-local-nodejs/3113b503-fe57-40ab-8a83-a993d2515c76/build/ios/Pods/StripePayments/Stripe3DS2/Stripe3DS2/Resources/zh-Hant.lproj
build	Build iOS Locally on Free Cloud Mac	2026-08-23T00:17:40.7213210Z [RUN_FASTLANE] › Copying   ios/build/Build/Intermediates.noindex/ArchiveIntermediates/Hence/IntermediateBuildFilesPath/UninstalledProducts/iphoneos/Stripe3DS2.bundle/zh-Hans.lproj ➜ ../../../../../var/folders/g3/pffjr_y96bq06blnkf72x_hw0000gn/T/eas-build-local-nodejs/3113b503-fe57-40ab-8a83-a993d2515c76/build/ios/Pods/StripePayments/Stripe3DS2/Stripe3DS2/Resources/zh-Hans.lproj
build	Build iOS Locally on Free Cloud Mac	2026-08-23T00:17:40.7313320Z [RUN_FASTLANE] › Copying   ios/build/Build/Intermediates.noindex/ArchiveIntermediates/Hence/IntermediateBuildFilesPath/UninstalledProducts/iphoneos/Stripe3DS2.bundle/zh-HK.lproj ➜ ../../../../../var/folders/g3/pffjr_y96bq06blnkf72x_hw0000gn/T/eas-build-local-nodejs/3113b503-fe57-40ab-8a83-a993d2515c76/build/ios/Pods/StripePayments/Stripe3DS2/Stripe3DS2/Resources/zh-HK.lproj
build	Build iOS Locally on Free Cloud Mac	2026-08-23T00:17:40.7423820Z [RUN_FASTLANE] › Copying   ios/build/Build/Intermediates.noindex/ArchiveIntermediates/Hence/IntermediateBuildFilesPath/UninstalledProducts/iphoneos/Stripe3DS2.bundle/vi.lproj ➜ ../../../../../var/folders/g3/pffjr_y96bq06blnkf72x_hw0000gn/T/eas-build-local-nodejs/3113b503-fe57-40ab-8a83-a993d2515c76/build/ios/Pods/StripePayments/Stripe3DS2/Stripe3DS2/Resources/vi.lproj
build	Build iOS Locally on Free Cloud Mac	2026-08-23T00:17:40.7528880Z [RUN_FASTLANE] › Copying   ios/build/Build/Intermediates.noindex/ArchiveIntermediates/Hence/IntermediateBuildFilesPath/UninstalledProducts/iphoneos/Stripe3DS2.bundle/tr.lproj ➜ ../../../../../var/folders/g3/pffjr_y96bq06blnkf72x_hw0000gn/T/eas-build-local-nodejs/3113b503-fe57-40ab-8a83-a993d2515c76/build/ios/Pods/StripePayments/Stripe3DS2/Stripe3DS2/Resources/tr.lproj
build	Build iOS Locally on Free Cloud Mac	2026-08-23T00:17:40.7633660Z [RUN_FASTLANE] › Copying   ios/build/Build/Intermediates.noindex/ArchiveIntermediates/Hence/IntermediateBuildFilesPath/UninstalledProducts/iphoneos/Stripe3DS2.bundle/sv.lproj ➜ ../../../../../var/folders/g3/pffjr_y96bq06blnkf72x_hw0000gn/T/eas-build-local-nodejs/3113b503-fe57-40ab-8a83-a993d2515c76/build/ios/Pods/StripePayments/Stripe3DS2/Stripe3DS2/Resources/sv.lproj
build	Build iOS Locally on Free Cloud Mac	2026-08-23T00:17:40.7738150Z [RUN_FASTLANE] › Copying   ios/build/Build/Intermediates.noindex/ArchiveIntermediates/Hence/IntermediateBuildFilesPath/UninstalledProducts/iphoneos/Stripe3DS2.bundle/sl-SI.lproj ➜ ../../../../../var/folders/g3/pffjr_y96bq06blnkf72x_hw0000gn/T/eas-build-local-nodejs/3113b503-fe57-40ab-8a83-a993d2515c76/build/ios/Pods/StripePayments/Stripe3DS2/Stripe3DS2/Resources/sl-SI.lproj
build	Build iOS Locally on Free Cloud Mac	2026-08-23T00:17:40.7839820Z [RUN_FASTLANE] › Copying   ios/build/Build/Intermediates.noindex/ArchiveIntermediates/Hence/IntermediateBuildFilesPath/UninstalledProducts/iphoneos/Stripe3DS2.bundle/sk-SK.lproj ➜ ../../../../../var/folders/g3/pffjr_y96bq06blnkf72x_hw0000gn/T/eas-build-local-nodejs/3113b503-fe57-40ab-8a83-a993d2515c76/build/ios/Pods/StripePayments/Stripe3DS2/Stripe3DS2/Resources/sk-SK.lproj
build	Build iOS Locally on Free Cloud Mac	2026-08-23T00:17:40.7856080Z [RUN_FASTLANE] › Copying   ios/build/Build/Intermediates.noindex/ArchiveIntermediates/Hence/IntermediateBuildFilesPath/UninstalledProducts/iphoneos/Stripe3DS2.bundle/ru.lproj ➜ ../../../../../var/folders/g3/pffjr_y96bq06blnkf72x_hw0000gn/T/eas-build-local-nodejs/3113b503-fe57-40ab-8a83-a993d2515c76/build/ios/Pods/StripePayments/Stripe3DS2/Stripe3DS2/Resources/ru.lproj
build	Build iOS Locally on Free Cloud Mac	2026-08-23T00:17:40.7960650Z [RUN_FASTLANE] › Copying   ios/build/Build/Intermediates.noindex/ArchiveIntermediates/Hence/IntermediateBuildFilesPath/UninstalledProducts/iphoneos/Stripe3DS2.bundle/ro-RO.lproj ➜ ../../../../../var/folders/g3/pffjr_y96bq06blnkf72x_hw0000gn/T/eas-build-local-nodejs/3113b503-fe57-40ab-8a83-a993d2515c76/build/ios/Pods/StripePayments/Stripe3DS2/Stripe3DS2/Resources/ro-RO.lproj
build	Build iOS Locally on Free Cloud Mac	2026-08-23T00:17:40.8065320Z [RUN_FASTLANE] › Copying   ios/build/Build/Intermediates.noindex/ArchiveIntermediates/Hence/IntermediateBuildFilesPath/UninstalledProducts/iphoneos/Stripe3DS2.bundle/pt-PT.lproj ➜ ../../../../../var/folders/g3/pffjr_y96bq06blnkf72x_hw0000gn/T/eas-build-local-nodejs/3113b503-fe57-40ab-8a83-a993d2515c76/build/ios/Pods/StripePayments/Stripe3DS2/Stripe3DS2/Resources/pt-PT.lproj
build	Build iOS Locally on Free Cloud Mac	2026-08-23T00:17:40.8169340Z [RUN_FASTLANE] › Copying   ios/build/Build/Intermediates.noindex/ArchiveIntermediates/Hence/IntermediateBuildFilesPath/UninstalledProducts/iphoneos/Stripe3DS2.bundle/pt-BR.lproj ➜ ../../../../../var/folders/g3/pffjr_y96bq06blnkf72x_hw0000gn/T/eas-build-local-nodejs/3113b503-fe57-40ab-8a83-a993d2515c76/build/ios/Pods/StripePayments/Stripe3DS2/Stripe3DS2/Resources/pt-BR.lproj
build	Build iOS Locally on Free Cloud Mac	2026-08-23T00:17:40.8275080Z [RUN_FASTLANE] › Copying   ios/build/Build/Intermediates.noindex/ArchiveIntermediates/Hence/IntermediateBuildFilesPath/UninstalledProducts/iphoneos/Stripe3DS2.bundle/pl-PL.lproj ➜ ../../../../../var/folders/g3/pffjr_y96bq06blnkf72x_hw0000gn/T/eas-build-local-nodejs/3113b503-fe57-40ab-8a83-a993d2515c76/build/ios/Pods/StripePayments/Stripe3DS2/Stripe3DS2/Resources/pl-PL.lproj
build	Build iOS Locally on Free Cloud Mac	2026-08-23T00:17:40.8383230Z [RUN_FASTLANE] › Copying   ios/build/Build/Intermediates.noindex/ArchiveIntermediates/Hence/IntermediateBuildFilesPath/UninstalledProducts/iphoneos/Stripe3DS2.bundle/nl.lproj ➜ ../../../../../var/folders/g3/pffjr_y96bq06blnkf72x_hw0000gn/T/eas-build-local-nodejs/3113b503-fe57-40ab-8a83-a993d2515c76/build/ios/Pods/StripePayments/Stripe3DS2/Stripe3DS2/Resources/nl.lproj
build	Build iOS Locally on Free Cloud Mac	2026-08-23T00:17:40.8489630Z [RUN_FASTLANE] › Copying   ios/build/Build/Intermediates.noindex/ArchiveIntermediates/Hence/IntermediateBuildFilesPath/UninstalledProducts/iphoneos/Stripe3DS2.bundle/nb.lproj ➜ ../../../../../var/folders/g3/pffjr_y96bq06blnkf72x_hw0000gn/T/eas-build-local-nodejs/3113b503-fe57-40ab-8a83-a993d2515c76/build/ios/Pods/StripePayments/Stripe3DS2/Stripe3DS2/Resources/nb.lproj
build	Build iOS Locally on Free Cloud Mac	2026-08-23T00:17:40.8595350Z [RUN_FASTLANE] › Copying   ios/build/Build/Intermediates.noindex/ArchiveIntermediates/Hence/IntermediateBuildFilesPath/UninstalledProducts/iphoneos/Stripe3DS2.bundle/mt.lproj ➜ ../../../../../var/folders/g3/pffjr_y96bq06blnkf72x_hw0000gn/T/eas-build-local-nodejs/3113b503-fe57-40ab-8a83-a993d2515c76/build/ios/Pods/StripePayments/Stripe3DS2/Stripe3DS2/Resources/mt.lproj
build	Build iOS Locally on Free Cloud Mac	2026-08-23T00:17:40.8700170Z [RUN_FASTLANE] › Copying   ios/build/Build/Intermediates.noindex/ArchiveIntermediates/Hence/IntermediateBuildFilesPath/UninstalledProducts/iphoneos/Stripe3DS2.bundle/ms-MY.lproj ➜ ../../../../../var/folders/g3/pffjr_y96bq06blnkf72x_hw0000gn/T/eas-build-local-nodejs/3113b503-fe57-40ab-8a83-a993d2515c76/build/ios/Pods/StripePayments/Stripe3DS2/Stripe3DS2/Resources/ms-MY.lproj
build	Build iOS Locally on Free Cloud Mac	2026-08-23T00:17:40.8807130Z [RUN_FASTLANE] › Copying   ios/build/Build/Intermediates.noindex/ArchiveIntermediates/Hence/IntermediateBuildFilesPath/UninstalledProducts/iphoneos/Stripe3DS2.bundle/lv-LV.lproj ➜ ../../../../../var/folders/g3/pffjr_y96bq06blnkf72x_hw0000gn/T/eas-build-local-nodejs/3113b503-fe57-40ab-8a83-a993d2515c76/build/ios/Pods/StripePayments/Stripe3DS2/Stripe3DS2/Resources/lv-LV.lproj
build	Build iOS Locally on Free Cloud Mac	2026-08-23T00:17:40.8918050Z [RUN_FASTLANE] › Copying   ios/build/Build/Intermediates.noindex/ArchiveIntermediates/Hence/IntermediateBuildFilesPath/UninstalledProducts/iphoneos/Stripe3DS2.bundle/lt-LT.lproj ➜ ../../../../../var/folders/g3/pffjr_y96bq06blnkf72x_hw0000gn/T/eas-build-local-nodejs/3113b503-fe57-40ab-8a83-a993d2515c76/build/ios/Pods/StripePayments/Stripe3DS2/Stripe3DS2/Resources/lt-LT.lproj
build	Build iOS Locally on Free Cloud Mac	2026-08-23T00:17:40.9024440Z [RUN_FASTLANE] › Copying   ios/build/Build/Intermediates.noindex/ArchiveIntermediates/Hence/IntermediateBuildFilesPath/UninstalledProducts/iphoneos/Stripe3DS2.bundle/ko.lproj ➜ ../../../../../var/folders/g3/pffjr_y96bq06blnkf72x_hw0000gn/T/eas-build-local-nodejs/3113b503-fe57-40ab-8a83-a993d2515c76/build/ios/Pods/StripePayments/Stripe3DS2/Stripe3DS2/Resources/ko.lproj
build	Build iOS Locally on Free Cloud Mac	2026-08-23T00:17:40.9133910Z [RUN_FASTLANE] › Copying   ios/build/Build/Intermediates.noindex/ArchiveIntermediates/Hence/IntermediateBuildFilesPath/UninstalledProducts/iphoneos/Stripe3DS2.bundle/ja.lproj ➜ ../../../../../var/folders/g3/pffjr_y96bq06blnkf72x_hw0000gn/T/eas-build-local-nodejs/3113b503-fe57-40ab-8a83-a993d2515c76/build/ios/Pods/StripePayments/Stripe3DS2/Stripe3DS2/Resources/ja.lproj
build	Build iOS Locally on Free Cloud Mac	2026-08-23T00:17:40.9250460Z [RUN_FASTLANE] › Copying   ios/build/Build/Intermediates.noindex/ArchiveIntermediates/Hence/IntermediateBuildFilesPath/UninstalledProducts/iphoneos/Stripe3DS2.bundle/it.lproj ➜ ../../../../../var/folders/g3/pffjr_y96bq06blnkf72x_hw0000gn/T/eas-build-local-nodejs/3113b503-fe57-40ab-8a83-a993d2515c76/build/ios/Pods/StripePayments/Stripe3DS2/Stripe3DS2/Resources/it.lproj
build	Build iOS Locally on Free Cloud Mac	2026-08-23T00:17:40.9360480Z [RUN_FASTLANE] › Copying   ios/build/Build/Intermediates.noindex/ArchiveIntermediates/Hence/IntermediateBuildFilesPath/UninstalledProducts/iphoneos/Stripe3DS2.bundle/id.lproj ➜ ../../../../../var/folders/g3/pffjr_y96bq06blnkf72x_hw0000gn/T/eas-build-local-nodejs/3113b503-fe57-40ab-8a83-a993d2515c76/build/ios/Pods/StripePayments/Stripe3DS2/Stripe3DS2/Resources/id.lproj
build	Build iOS Locally on Free Cloud Mac	2026-08-23T00:17:40.9466420Z [RUN_FASTLANE] › Copying   ios/build/Build/Intermediates.noindex/ArchiveIntermediates/Hence/IntermediateBuildFilesPath/UninstalledProducts/iphoneos/Stripe3DS2.bundle/hu.lproj ➜ ../../../../../var/folders/g3/pffjr_y96bq06blnkf72x_hw0000gn/T/eas-build-local-nodejs/3113b503-fe57-40ab-8a83-a993d2515c76/build/ios/Pods/StripePayments/Stripe3DS2/Stripe3DS2/Resources/hu.lproj
build	Build iOS Locally on Free Cloud Mac	2026-08-23T00:17:40.9808310Z [RUN_FASTLANE] › Copying   ios/build/Build/Intermediates.noindex/ArchiveIntermediates/Hence/IntermediateBuildFilesPath/UninstalledProducts/iphoneos/Stripe3DS2.bundle/hr.lproj ➜ ../../../../../var/folders/g3/pffjr_y96bq06blnkf72x_hw0000gn/T/eas-build-local-nodejs/3113b503-fe57-40ab-8a83-a993d2515c76/build/ios/Pods/StripePayments/Stripe3DS2/Stripe3DS2/Resources/hr.lproj
build	Build iOS Locally on Free Cloud Mac	2026-08-23T00:17:41.0733210Z [RUN_FASTLANE] › Copying   ios/build/Build/Intermediates.noindex/ArchiveIntermediates/Hence/IntermediateBuildFilesPath/UninstalledProducts/iphoneos/Stripe3DS2.bundle/fr.lproj ➜ ../../../../../var/folders/g3/pffjr_y96bq06blnkf72x_hw0000gn/T/eas-build-local-nodejs/3113b503-fe57-40ab-8a83-a993d2515c76/build/ios/Pods/StripePayments/Stripe3DS2/Stripe3DS2/Resources/fr.lproj
build	Build iOS Locally on Free Cloud Mac	2026-08-23T00:17:41.0737760Z [RUN_FASTLANE] › Copying   ios/build/Build/Intermediates.noindex/ArchiveIntermediates/Hence/IntermediateBuildFilesPath/UninstalledProducts/iphoneos/Stripe3DS2.bundle/fr-CA.lproj ➜ ../../../../../var/folders/g3/pffjr_y96bq06blnkf72x_hw0000gn/T/eas-build-local-nodejs/3113b503-fe57-40ab-8a83-a993d2515c76/build/ios/Pods/StripePayments/Stripe3DS2/Stripe3DS2/Resources/fr-CA.lproj
build	Build iOS Locally on Free Cloud Mac	2026-08-23T00:17:41.0740980Z [RUN_FASTLANE] › Copying   ios/build/Build/Intermediates.noindex/ArchiveIntermediates/Hence/IntermediateBuildFilesPath/UninstalledProducts/iphoneos/Stripe3DS2.bundle/fil.lproj ➜ ../../../../../var/folders/g3/pffjr_y96bq06blnkf72x_hw0000gn/T/eas-build-local-nodejs/3113b503-fe57-40ab-8a83-a993d2515c76/build/ios/Pods/StripePayments/Stripe3DS2/Stripe3DS2/Resources/fil.lproj
build	Build iOS Locally on Free Cloud Mac	2026-08-23T00:17:41.0744950Z [RUN_FASTLANE] › Copying   ios/build/Build/Intermediates.noindex/ArchiveIntermediates/Hence/IntermediateBuildFilesPath/UninstalledProducts/iphoneos/Stripe3DS2.bundle/fi.lproj ➜ ../../../../../var/folders/g3/pffjr_y96bq06blnkf72x_hw0000gn/T/eas-build-local-nodejs/3113b503-fe57-40ab-8a83-a993d2515c76/build/ios/Pods/StripePayments/Stripe3DS2/Stripe3DS2/Resources/fi.lproj
build	Build iOS Locally on Free Cloud Mac	2026-08-23T00:17:41.0748360Z [RUN_FASTLANE] › Copying   ios/build/Build/Intermediates.noindex/ArchiveIntermediates/Hence/IntermediateBuildFilesPath/UninstalledProducts/iphoneos/Stripe3DS2.bundle/et-EE.lproj ➜ ../../../../../var/folders/g3/pffjr_y96bq06blnkf72x_hw0000gn/T/eas-build-local-nodejs/3113b503-fe57-40ab-8a83-a993d2515c76/build/ios/Pods/StripePayments/Stripe3DS2/Stripe3DS2/Resources/et-EE.lproj
build	Build iOS Locally on Free Cloud Mac	2026-08-23T00:17:41.0751490Z [RUN_FASTLANE] › Copying   ios/build/Build/Intermediates.noindex/ArchiveIntermediates/Hence/IntermediateBuildFilesPath/UninstalledProducts/iphoneos/Stripe3DS2.bundle/es.lproj ➜ ../../../../../var/folders/g3/pffjr_y96bq06blnkf72x_hw0000gn/T/eas-build-local-nodejs/3113b503-fe57-40ab-8a83-a993d2515c76/build/ios/Pods/StripePayments/Stripe3DS2/Stripe3DS2/Resources/es.lproj
build	Build iOS Locally on Free Cloud Mac	2026-08-23T00:17:41.0754580Z [RUN_FASTLANE] › Copying   ios/build/Build/Intermediates.noindex/ArchiveIntermediates/Hence/IntermediateBuildFilesPath/UninstalledProducts/iphoneos/Stripe3DS2.bundle/es-419.lproj ➜ ../../../../../var/folders/g3/pffjr_y96bq06blnkf72x_hw0000gn/T/eas-build-local-nodejs/3113b503-fe57-40ab-8a83-a993d2515c76/build/ios/Pods/StripePayments/Stripe3DS2/Stripe3DS2/Resources/es-419.lproj
build	Build iOS Locally on Free Cloud Mac	2026-08-23T00:17:41.0758040Z [RUN_FASTLANE] › Copying   ios/build/Build/Intermediates.noindex/ArchiveIntermediates/Hence/IntermediateBuildFilesPath/UninstalledProducts/iphoneos/Stripe3DS2.bundle/en.lproj ➜ ../../../../../var/folders/g3/pffjr_y96bq06blnkf72x_hw0000gn/T/eas-build-local-nodejs/3113b503-fe57-40ab-8a83-a993d2515c76/build/ios/Pods/StripePayments/Stripe3DS2/Stripe3DS2/Resources/en.lproj
build	Build iOS Locally on Free Cloud Mac	2026-08-23T00:17:41.0761290Z [RUN_FASTLANE] › Copying   ios/build/Build/Intermediates.noindex/ArchiveIntermediates/Hence/IntermediateBuildFilesPath/UninstalledProducts/iphoneos/Stripe3DS2.bundle/en-GB.lproj ➜ ../../../../../var/folders/g3/pffjr_y96bq06blnkf72x_hw0000gn/T/eas-build-local-nodejs/3113b503-fe57-40ab-8a83-a993d2515c76/build/ios/Pods/StripePayments/Stripe3DS2/Stripe3DS2/Resources/en-GB.lproj
build	Build iOS Locally on Free Cloud Mac	2026-08-23T00:17:41.0765610Z [RUN_FASTLANE] › Copying   ios/build/Build/Intermediates.noindex/ArchiveIntermediates/Hence/IntermediateBuildFilesPath/UninstalledProducts/iphoneos/Stripe3DS2.bundle/de.lproj ➜ ../../../../../var/folders/g3/pffjr_y96bq06blnkf72x_hw0000gn/T/eas-build-local-nodejs/3113b503-fe57-40ab-8a83-a993d2515c76/build/ios/Pods/StripePayments/Stripe3DS2/Stripe3DS2/Resources/de.lproj
build	Build iOS Locally on Free Cloud Mac	2026-08-23T00:17:41.0773680Z [RUN_FASTLANE] › Copying   ios/build/Build/Intermediates.noindex/ArchiveIntermediates/Hence/IntermediateBuildFilesPath/UninstalledProducts/iphoneos/Stripe3DS2.bundle/da.lproj ➜ ../../../../../var/folders/g3/pffjr_y96bq06blnkf72x_hw0000gn/T/eas-build-local-nodejs/3113b503-fe57-40ab-8a83-a993d2515c76/build/ios/Pods/StripePayments/Stripe3DS2/Stripe3DS2/Resources/da.lproj
build	Build iOS Locally on Free Cloud Mac	2026-08-23T00:17:41.0780330Z [RUN_FASTLANE] › Copying   ios/build/Build/Intermediates.noindex/ArchiveIntermediates/Hence/IntermediateBuildFilesPath/UninstalledProducts/iphoneos/Stripe3DS2.bundle/cs-CZ.lproj ➜ ../../../../../var/folders/g3/pffjr_y96bq06blnkf72x_hw0000gn/T/eas-build-local-nodejs/3113b503-fe57-40ab-8a83-a993d2515c76/build/ios/Pods/StripePayments/Stripe3DS2/Stripe3DS2/Resources/cs-CZ.lproj
build	Build iOS Locally on Free Cloud Mac	2026-08-23T00:17:41.0801930Z [RUN_FASTLANE] › Copying   ios/build/Build/Intermediates.noindex/ArchiveIntermediates/Hence/IntermediateBuildFilesPath/UninstalledProducts/iphoneos/Stripe3DS2.bundle/ca-ES.lproj ➜ ../../../../../var/folders/g3/pffjr_y96bq06blnkf72x_hw0000gn/T/eas-build-local-nodejs/3113b503-fe57-40ab-8a83-a993d2515c76/build/ios/Pods/StripePayments/Stripe3DS2/Stripe3DS2/Resources/ca-ES.lproj
build	Build iOS Locally on Free Cloud Mac	2026-08-23T00:17:41.0808030Z [RUN_FASTLANE] › Copying   ios/build/Build/Intermediates.noindex/ArchiveIntermediates/Hence/IntermediateBuildFilesPath/UninstalledProducts/iphoneos/Stripe3DS2.bundle/bg-BG.lproj ➜ ../../../../../var/folders/g3/pffjr_y96bq06blnkf72x_hw0000gn/T/eas-build-local-nodejs/3113b503-fe57-40ab-8a83-a993d2515c76/build/ios/Pods/StripePayments/Stripe3DS2/Stripe3DS2/Resources/bg-BG.lproj
build	Build iOS Locally on Free Cloud Mac	2026-08-23T00:17:41.0811770Z [RUN_FASTLANE] › Copying   ios/build/Build/Intermediates.noindex/ArchiveIntermediates/Hence/IntermediateBuildFilesPath/UninstalledProducts/iphoneos/Stripe3DS2.bundle/PrivacyInfo.xcprivacy ➜ ../../../../../var/folders/g3/pffjr_y96bq06blnkf72x_hw0000gn/T/eas-build-local-nodejs/3113b503-fe57-40ab-8a83-a993d2515c76/build/ios/Pods/StripePayments/Stripe3DS2/Stripe3DS2/PrivacyInfo.xcprivacy
build	Build iOS Locally on Free Cloud Mac	2026-08-23T00:17:41.0813970Z [RUN_FASTLANE] › Executing expo-dev-menu-interface Pods/expo-dev-menu-interface » Copy generated compatibility header
build	Build iOS Locally on Free Cloud Mac	2026-08-23T00:17:41.0814920Z [RUN_FASTLANE] › Creating  Pods/expo-dev-launcher-EXDevLauncher » EXDevLauncher.bundle
build	Build iOS Locally on Free Cloud Mac	2026-08-23T00:17:41.0815890Z [RUN_FASTLANE] › Creating  Pods/StripeUICore-StripeUICoreBundle » StripeUICoreBundle.bundle
build	Build iOS Locally on Free Cloud Mac	2026-08-23T00:17:41.0819050Z [RUN_FASTLANE] › Copying   ios/build/Build/Intermediates.noindex/ArchiveIntermediates/Hence/IntermediateBuildFilesPath/UninstalledProducts/iphoneos/StripePaymentSheetBundle.bundle/zh-Hant.lproj ➜ ../../../../../var/folders/g3/pffjr_y96bq06blnkf72x_hw0000gn/T/eas-build-local-nodejs/3113b503-fe57-40ab-8a83-a993d2515c76/build/ios/Pods/StripePaymentSheet/StripePaymentSheet/StripePaymentSheet/Resources/Localizations/zh-Hant.lproj
build	Build iOS Locally on Free Cloud Mac	2026-08-23T00:17:41.0822390Z [RUN_FASTLANE] › Copying   ios/build/Build/Intermediates.noindex/ArchiveIntermediates/Hence/IntermediateBuildFilesPath/UninstalledProducts/iphoneos/StripePaymentSheetBundle.bundle/zh-Hans.lproj ➜ ../../../../../var/folders/g3/pffjr_y96bq06blnkf72x_hw0000gn/T/eas-build-local-nodejs/3113b503-fe57-40ab-8a83-a993d2515c76/build/ios/Pods/StripePaymentSheet/StripePaymentSheet/StripePaymentSheet/Resources/Localizations/zh-Hans.lproj
build	Build iOS Locally on Free Cloud Mac	2026-08-23T00:17:41.0826090Z [RUN_FASTLANE] › Copying   ios/build/Build/Intermediates.noindex/ArchiveIntermediates/Hence/IntermediateBuildFilesPath/UninstalledProducts/iphoneos/StripePaymentSheetBundle.bundle/zh-HK.lproj ➜ ../../../../../var/folders/g3/pffjr_y96bq06blnkf72x_hw0000gn/T/eas-build-local-nodejs/3113b503-fe57-40ab-8a83-a993d2515c76/build/ios/Pods/StripePaymentSheet/StripePaymentSheet/StripePaymentSheet/Resources/Localizations/zh-HK.lproj
build	Build iOS Locally on Free Cloud Mac	2026-08-23T00:17:41.0830100Z [RUN_FASTLANE] › Copying   ios/build/Build/Intermediates.noindex/ArchiveIntermediates/Hence/IntermediateBuildFilesPath/UninstalledProducts/iphoneos/StripePaymentSheetBundle.bundle/vi.lproj ➜ ../../../../../var/folders/g3/pffjr_y96bq06blnkf72x_hw0000gn/T/eas-build-local-nodejs/3113b503-fe57-40ab-8a83-a993d2515c76/build/ios/Pods/StripePaymentSheet/StripePaymentSheet/StripePaymentSheet/Resources/Localizations/vi.lproj
build	Build iOS Locally on Free Cloud Mac	2026-08-23T00:17:41.0833550Z [RUN_FASTLANE] › Copying   ios/build/Build/Intermediates.noindex/ArchiveIntermediates/Hence/IntermediateBuildFilesPath/UninstalledProducts/iphoneos/StripePaymentSheetBundle.bundle/tr.lproj ➜ ../../../../../var/folders/g3/pffjr_y96bq06blnkf72x_hw0000gn/T/eas-build-local-nodejs/3113b503-fe57-40ab-8a83-a993d2515c76/build/ios/Pods/StripePaymentSheet/StripePaymentSheet/StripePaymentSheet/Resources/Localizations/tr.lproj
build	Build iOS Locally on Free Cloud Mac	2026-08-23T00:17:41.0837040Z [RUN_FASTLANE] › Copying   ios/build/Build/Intermediates.noindex/ArchiveIntermediates/Hence/IntermediateBuildFilesPath/UninstalledProducts/iphoneos/StripePaymentSheetBundle.bundle/tk.lproj ➜ ../../../../../var/folders/g3/pffjr_y96bq06blnkf72x_hw0000gn/T/eas-build-local-nodejs/3113b503-fe57-40ab-8a83-a993d2515c76/build/ios/Pods/StripePaymentSheet/StripePaymentSheet/StripePaymentSheet/Resources/Localizations/tk.lproj
build	Build iOS Locally on Free Cloud Mac	2026-08-23T00:17:41.0840660Z [RUN_FASTLANE] › Copying   ios/build/Build/Intermediates.noindex/ArchiveIntermediates/Hence/IntermediateBuildFilesPath/UninstalledProducts/iphoneos/StripePaymentSheetBundle.bundle/th.lproj ➜ ../../../../../var/folders/g3/pffjr_y96bq06blnkf72x_hw0000gn/T/eas-build-local-nodejs/3113b503-fe57-40ab-8a83-a993d2515c76/build/ios/Pods/StripePaymentSheet/StripePaymentSheet/StripePaymentSheet/Resources/Localizations/th.lproj
build	Build iOS Locally on Free Cloud Mac	2026-08-23T00:17:41.0846120Z [RUN_FASTLANE] › Copying   ios/build/Build/Intermediates.noindex/ArchiveIntermediates/Hence/IntermediateBuildFilesPath/UninstalledProducts/iphoneos/StripePaymentSheetBundle.bundle/sv.lproj ➜ ../../../../../var/folders/g3/pffjr_y96bq06blnkf72x_hw0000gn/T/eas-build-local-nodejs/3113b503-fe57-40ab-8a83-a993d2515c76/build/ios/Pods/StripePaymentSheet/StripePaymentSheet/StripePaymentSheet/Resources/Localizations/sv.lproj
build	Build iOS Locally on Free Cloud Mac	2026-08-23T00:17:41.0849600Z [RUN_FASTLANE] › Copying   ios/build/Build/Intermediates.noindex/ArchiveIntermediates/Hence/IntermediateBuildFilesPath/UninstalledProducts/iphoneos/StripePaymentSheetBundle.bundle/sl-SI.lproj ➜ ../../../../../var/folders/g3/pffjr_y96bq06blnkf72x_hw0000gn/T/eas-build-local-nodejs/3113b503-fe57-40ab-8a83-a993d2515c76/build/ios/Pods/StripePaymentSheet/StripePaymentSheet/StripePaymentSheet/Resources/Localizations/sl-SI.lproj
build	Build iOS Locally on Free Cloud Mac	2026-08-23T00:17:41.0853050Z [RUN_FASTLANE] › Copying   ios/build/Build/Intermediates.noindex/ArchiveIntermediates/Hence/IntermediateBuildFilesPath/UninstalledProducts/iphoneos/StripePaymentSheetBundle.bundle/sk-SK.lproj ➜ ../../../../../var/folders/g3/pffjr_y96bq06blnkf72x_hw0000gn/T/eas-build-local-nodejs/3113b503-fe57-40ab-8a83-a993d2515c76/build/ios/Pods/StripePaymentSheet/StripePaymentSheet/StripePaymentSheet/Resources/Localizations/sk-SK.lproj
build	Build iOS Locally on Free Cloud Mac	2026-08-23T00:17:41.0856240Z [RUN_FASTLANE] › Copying   ios/build/Build/Intermediates.noindex/ArchiveIntermediates/Hence/IntermediateBuildFilesPath/UninstalledProducts/iphoneos/StripePaymentSheetBundle.bundle/ru.lproj ➜ ../../../../../var/folders/g3/pffjr_y96bq06blnkf72x_hw0000gn/T/eas-build-local-nodejs/3113b503-fe57-40ab-8a83-a993d2515c76/build/ios/Pods/StripePaymentSheet/StripePaymentSheet/StripePaymentSheet/Resources/Localizations/ru.lproj
build	Build iOS Locally on Free Cloud Mac	2026-08-23T00:17:41.0859420Z [RUN_FASTLANE] › Copying   ios/build/Build/Intermediates.noindex/ArchiveIntermediates/Hence/IntermediateBuildFilesPath/UninstalledProducts/iphoneos/StripePaymentSheetBundle.bundle/ro-RO.lproj ➜ ../../../../../var/folders/g3/pffjr_y96bq06blnkf72x_hw0000gn/T/eas-build-local-nodejs/3113b503-fe57-40ab-8a83-a993d2515c76/build/ios/Pods/StripePaymentSheet/StripePaymentSheet/StripePaymentSheet/Resources/Localizations/ro-RO.lproj
build	Build iOS Locally on Free Cloud Mac	2026-08-23T00:17:41.0862640Z [RUN_FASTLANE] › Copying   ios/build/Build/Intermediates.noindex/ArchiveIntermediates/Hence/IntermediateBuildFilesPath/UninstalledProducts/iphoneos/StripePaymentSheetBundle.bundle/pt-PT.lproj ➜ ../../../../../var/folders/g3/pffjr_y96bq06blnkf72x_hw0000gn/T/eas-build-local-nodejs/3113b503-fe57-40ab-8a83-a993d2515c76/build/ios/Pods/StripePaymentSheet/StripePaymentSheet/StripePaymentSheet/Resources/Localizations/pt-PT.lproj
build	Build iOS Locally on Free Cloud Mac	2026-08-23T00:17:41.0865720Z [RUN_FASTLANE] › Copying   ios/build/Build/Intermediates.noindex/ArchiveIntermediates/Hence/IntermediateBuildFilesPath/UninstalledProducts/iphoneos/StripePaymentSheetBundle.bundle/pt-BR.lproj ➜ ../../../../../var/folders/g3/pffjr_y96bq06blnkf72x_hw0000gn/T/eas-build-local-nodejs/3113b503-fe57-40ab-8a83-a993d2515c76/build/ios/Pods/StripePaymentSheet/StripePaymentSheet/StripePaymentSheet/Resources/Localizations/pt-BR.lproj
build	Build iOS Locally on Free Cloud Mac	2026-08-23T00:17:41.0868970Z [RUN_FASTLANE] › Copying   ios/build/Build/Intermediates.noindex/ArchiveIntermediates/Hence/IntermediateBuildFilesPath/UninstalledProducts/iphoneos/StripePaymentSheetBundle.bundle/pl-PL.lproj ➜ ../../../../../var/folders/g3/pffjr_y96bq06blnkf72x_hw0000gn/T/eas-build-local-nodejs/3113b503-fe57-40ab-8a83-a993d2515c76/build/ios/Pods/StripePaymentSheet/StripePaymentSheet/StripePaymentSheet/Resources/Localizations/pl-PL.lproj
build	Build iOS Locally on Free Cloud Mac	2026-08-23T00:17:41.0872490Z [RUN_FASTLANE] › Copying   ios/build/Build/Intermediates.noindex/ArchiveIntermediates/Hence/IntermediateBuildFilesPath/UninstalledProducts/iphoneos/StripePaymentSheetBundle.bundle/nl.lproj ➜ ../../../../../var/folders/g3/pffjr_y96bq06blnkf72x_hw0000gn/T/eas-build-local-nodejs/3113b503-fe57-40ab-8a83-a993d2515c76/build/ios/Pods/StripePaymentSheet/StripePaymentSheet/StripePaymentSheet/Resources/Localizations/nl.lproj
build	Build iOS Locally on Free Cloud Mac	2026-08-23T00:17:41.0876180Z [RUN_FASTLANE] › Copying   ios/build/Build/Intermediates.noindex/ArchiveIntermediates/Hence/IntermediateBuildFilesPath/UninstalledProducts/iphoneos/StripePaymentSheetBundle.bundle/nb.lproj ➜ ../../../../../var/folders/g3/pffjr_y96bq06blnkf72x_hw0000gn/T/eas-build-local-nodejs/3113b503-fe57-40ab-8a83-a993d2515c76/build/ios/Pods/StripePaymentSheet/StripePaymentSheet/StripePaymentSheet/Resources/Localizations/nb.lproj
build	Build iOS Locally on Free Cloud Mac	2026-08-23T00:17:41.0879860Z [RUN_FASTLANE] › Copying   ios/build/Build/Intermediates.noindex/ArchiveIntermediates/Hence/IntermediateBuildFilesPath/UninstalledProducts/iphoneos/StripePaymentSheetBundle.bundle/mt.lproj ➜ ../../../../../var/folders/g3/pffjr_y96bq06blnkf72x_hw0000gn/T/eas-build-local-nodejs/3113b503-fe57-40ab-8a83-a993d2515c76/build/ios/Pods/StripePaymentSheet/StripePaymentSheet/StripePaymentSheet/Resources/Localizations/mt.lproj
build	Build iOS Locally on Free Cloud Mac	2026-08-23T00:17:41.0884460Z [RUN_FASTLANE] › Copying   ios/build/Build/Intermediates.noindex/ArchiveIntermediates/Hence/IntermediateBuildFilesPath/UninstalledProducts/iphoneos/StripePaymentSheetBundle.bundle/ms-MY.lproj ➜ ../../../../../var/folders/g3/pffjr_y96bq06blnkf72x_hw0000gn/T/eas-build-local-nodejs/3113b503-fe57-40ab-8a83-a993d2515c76/build/ios/Pods/StripePaymentSheet/StripePaymentSheet/StripePaymentSheet/Resources/Localizations/ms-MY.lproj
build	Build iOS Locally on Free Cloud Mac	2026-08-23T00:17:41.0889460Z [RUN_FASTLANE] › Copying   ios/build/Build/Intermediates.noindex/ArchiveIntermediates/Hence/IntermediateBuildFilesPath/UninstalledProducts/iphoneos/StripePaymentSheetBundle.bundle/lv-LV.lproj ➜ ../../../../../var/folders/g3/pffjr_y96bq06blnkf72x_hw0000gn/T/eas-build-local-nodejs/3113b503-fe57-40ab-8a83-a993d2515c76/build/ios/Pods/StripePaymentSheet/StripePaymentSheet/StripePaymentSheet/Resources/Localizations/lv-LV.lproj
build	Build iOS Locally on Free Cloud Mac	2026-08-23T00:17:41.0893510Z [RUN_FASTLANE] › Copying   ios/build/Build/Intermediates.noindex/ArchiveIntermediates/Hence/IntermediateBuildFilesPath/UninstalledProducts/iphoneos/StripePaymentSheetBundle.bundle/lt-LT.lproj ➜ ../../../../../var/folders/g3/pffjr_y96bq06blnkf72x_hw0000gn/T/eas-build-local-nodejs/3113b503-fe57-40ab-8a83-a993d2515c76/build/ios/Pods/StripePaymentSheet/StripePaymentSheet/StripePaymentSheet/Resources/Localizations/lt-LT.lproj
build	Build iOS Locally on Free Cloud Mac	2026-08-23T00:17:41.0897510Z [RUN_FASTLANE] › Copying   ios/build/Build/Intermediates.noindex/ArchiveIntermediates/Hence/IntermediateBuildFilesPath/UninstalledProducts/iphoneos/StripePaymentSheetBundle.bundle/ko.lproj ➜ ../../../../../var/folders/g3/pffjr_y96bq06blnkf72x_hw0000gn/T/eas-build-local-nodejs/3113b503-fe57-40ab-8a83-a993d2515c76/build/ios/Pods/StripePaymentSheet/StripePaymentSheet/StripePaymentSheet/Resources/Localizations/ko.lproj
build	Build iOS Locally on Free Cloud Mac	2026-08-23T00:17:41.0901400Z [RUN_FASTLANE] › Copying   ios/build/Build/Intermediates.noindex/ArchiveIntermediates/Hence/IntermediateBuildFilesPath/UninstalledProducts/iphoneos/StripePaymentSheetBundle.bundle/ja.lproj ➜ ../../../../../var/folders/g3/pffjr_y96bq06blnkf72x_hw0000gn/T/eas-build-local-nodejs/3113b503-fe57-40ab-8a83-a993d2515c76/build/ios/Pods/StripePaymentSheet/StripePaymentSheet/StripePaymentSheet/Resources/Localizations/ja.lproj
build	Build iOS Locally on Free Cloud Mac	2026-08-23T00:17:41.0905240Z [RUN_FASTLANE] › Copying   ios/build/Build/Intermediates.noindex/ArchiveIntermediates/Hence/IntermediateBuildFilesPath/UninstalledProducts/iphoneos/StripePaymentSheetBundle.bundle/it.lproj ➜ ../../../../../var/folders/g3/pffjr_y96bq06blnkf72x_hw0000gn/T/eas-build-local-nodejs/3113b503-fe57-40ab-8a83-a993d2515c76/build/ios/Pods/StripePaymentSheet/StripePaymentSheet/StripePaymentSheet/Resources/Localizations/it.lproj
build	Build iOS Locally on Free Cloud Mac	2026-08-23T00:17:41.0908690Z [RUN_FASTLANE] › Copying   ios/build/Build/Intermediates.noindex/ArchiveIntermediates/Hence/IntermediateBuildFilesPath/UninstalledProducts/iphoneos/StripePaymentSheetBundle.bundle/id.lproj ➜ ../../../../../var/folders/g3/pffjr_y96bq06blnkf72x_hw0000gn/T/eas-build-local-nodejs/3113b503-fe57-40ab-8a83-a993d2515c76/build/ios/Pods/StripePaymentSheet/StripePaymentSheet/StripePaymentSheet/Resources/Localizations/id.lproj
build	Build iOS Locally on Free Cloud Mac	2026-08-23T00:17:41.0912040Z [RUN_FASTLANE] › Copying   ios/build/Build/Intermediates.noindex/ArchiveIntermediates/Hence/IntermediateBuildFilesPath/UninstalledProducts/iphoneos/StripePaymentSheetBundle.bundle/hu.lproj ➜ ../../../../../var/folders/g3/pffjr_y96bq06blnkf72x_hw0000gn/T/eas-build-local-nodejs/3113b503-fe57-40ab-8a83-a993d2515c76/build/ios/Pods/StripePaymentSheet/StripePaymentSheet/StripePaymentSheet/Resources/Localizations/hu.lproj
build	Build iOS Locally on Free Cloud Mac	2026-08-23T00:17:41.0915610Z [RUN_FASTLANE] › Copying   ios/build/Build/Intermediates.noindex/ArchiveIntermediates/Hence/IntermediateBuildFilesPath/UninstalledProducts/iphoneos/StripePaymentSheetBundle.bundle/hr.lproj ➜ ../../../../../var/folders/g3/pffjr_y96bq06blnkf72x_hw0000gn/T/eas-build-local-nodejs/3113b503-fe57-40ab-8a83-a993d2515c76/build/ios/Pods/StripePaymentSheet/StripePaymentSheet/StripePaymentSheet/Resources/Localizations/hr.lproj
build	Build iOS Locally on Free Cloud Mac	2026-08-23T00:17:41.0919480Z [RUN_FASTLANE] › Copying   ios/build/Build/Intermediates.noindex/ArchiveIntermediates/Hence/IntermediateBuildFilesPath/UninstalledProducts/iphoneos/StripePaymentSheetBundle.bundle/fr.lproj ➜ ../../../../../var/folders/g3/pffjr_y96bq06blnkf72x_hw0000gn/T/eas-build-local-nodejs/3113b503-fe57-40ab-8a83-a993d2515c76/build/ios/Pods/StripePaymentSheet/StripePaymentSheet/StripePaymentSheet/Resources/Localizations/fr.lproj
build	Build iOS Locally on Free Cloud Mac	2026-08-23T00:17:41.0923530Z [RUN_FASTLANE] › Copying   ios/build/Build/Intermediates.noindex/ArchiveIntermediates/Hence/IntermediateBuildFilesPath/UninstalledProducts/iphoneos/StripePaymentSheetBundle.bundle/fr-CA.lproj ➜ ../../../../../var/folders/g3/pffjr_y96bq06blnkf72x_hw0000gn/T/eas-build-local-nodejs/3113b503-fe57-40ab-8a83-a993d2515c76/build/ios/Pods/StripePaymentSheet/StripePaymentSheet/StripePaymentSheet/Resources/Localizations/fr-CA.lproj
build	Build iOS Locally on Free Cloud Mac	2026-08-23T00:17:41.0928460Z [RUN_FASTLANE] › Copying   ios/build/Build/Intermediates.noindex/ArchiveIntermediates/Hence/IntermediateBuildFilesPath/UninstalledProducts/iphoneos/StripePaymentSheetBundle.bundle/form_specs.json ➜ ../../../../../var/folders/g3/pffjr_y96bq06blnkf72x_hw0000gn/T/eas-build-local-nodejs/3113b503-fe57-40ab-8a83-a993d2515c76/build/ios/Pods/StripePaymentSheet/StripePaymentSheet/StripePaymentSheet/Resources/JSON/form_specs.json
build	Build iOS Locally on Free Cloud Mac	2026-08-23T00:17:41.0933580Z [RUN_FASTLANE] › Copying   ios/build/Build/Intermediates.noindex/ArchiveIntermediates/Hence/IntermediateBuildFilesPath/UninstalledProducts/iphoneos/StripePaymentSheetBundle.bundle/fil.lproj ➜ ../../../../../var/folders/g3/pffjr_y96bq06blnkf72x_hw0000gn/T/eas-build-local-nodejs/3113b503-fe57-40ab-8a83-a993d2515c76/build/ios/Pods/StripePaymentSheet/StripePaymentSheet/StripePaymentSheet/Resources/Localizations/fil.lproj
build	Build iOS Locally on Free Cloud Mac	2026-08-23T00:17:41.0937060Z [RUN_FASTLANE] › Copying   ios/build/Build/Intermediates.noindex/ArchiveIntermediates/Hence/IntermediateBuildFilesPath/UninstalledProducts/iphoneos/StripePaymentSheetBundle.bundle/fi.lproj ➜ ../../../../../var/folders/g3/pffjr_y96bq06blnkf72x_hw0000gn/T/eas-build-local-nodejs/3113b503-fe57-40ab-8a83-a993d2515c76/build/ios/Pods/StripePaymentSheet/StripePaymentSheet/StripePaymentSheet/Resources/Localizations/fi.lproj
build	Build iOS Locally on Free Cloud Mac	2026-08-23T00:17:41.0941660Z [RUN_FASTLANE] › Copying   ios/build/Build/Intermediates.noindex/ArchiveIntermediates/Hence/IntermediateBuildFilesPath/UninstalledProducts/iphoneos/StripePaymentSheetBundle.bundle/et-EE.lproj ➜ ../../../../../var/folders/g3/pffjr_y96bq06blnkf72x_hw0000gn/T/eas-build-local-nodejs/3113b503-fe57-40ab-8a83-a993d2515c76/build/ios/Pods/StripePaymentSheet/StripePaymentSheet/StripePaymentSheet/Resources/Localizations/et-EE.lproj
build	Build iOS Locally on Free Cloud Mac	2026-08-23T00:17:41.0946440Z [RUN_FASTLANE] › Copying   ios/build/Build/Intermediates.noindex/ArchiveIntermediates/Hence/IntermediateBuildFilesPath/UninstalledProducts/iphoneos/StripePaymentSheetBundle.bundle/es.lproj ➜ ../../../../../var/folders/g3/pffjr_y96bq06blnkf72x_hw0000gn/T/eas-build-local-nodejs/3113b503-fe57-40ab-8a83-a993d2515c76/build/ios/Pods/StripePaymentSheet/StripePaymentSheet/StripePaymentSheet/Resources/Localizations/es.lproj
build	Build iOS Locally on Free Cloud Mac	2026-08-23T00:17:41.0950200Z [RUN_FASTLANE] › Copying   ios/build/Build/Intermediates.noindex/ArchiveIntermediates/Hence/IntermediateBuildFilesPath/UninstalledProducts/iphoneos/StripePaymentSheetBundle.bundle/es-419.lproj ➜ ../../../../../var/folders/g3/pffjr_y96bq06blnkf72x_hw0000gn/T/eas-build-local-nodejs/3113b503-fe57-40ab-8a83-a993d2515c76/build/ios/Pods/StripePaymentSheet/StripePaymentSheet/StripePaymentSheet/Resources/Localizations/es-419.lproj
build	Build iOS Locally on Free Cloud Mac	2026-08-23T00:17:41.0959790Z [RUN_FASTLANE] › Copying   ios/build/Build/Intermediates.noindex/ArchiveIntermediates/Hence/IntermediateBuildFilesPath/UninstalledProducts/iphoneos/StripePaymentSheetBundle.bundle/en.lproj ➜ ../../../../../var/folders/g3/pffjr_y96bq06blnkf72x_hw0000gn/T/eas-build-local-nodejs/3113b503-fe57-40ab-8a83-a993d2515c76/build/ios/Pods/StripePaymentSheet/StripePaymentSheet/StripePaymentSheet/Resources/Localizations/en.lproj
build	Build iOS Locally on Free Cloud Mac	2026-08-23T00:17:41.0967240Z [RUN_FASTLANE] › Copying   ios/build/Build/Intermediates.noindex/ArchiveIntermediates/Hence/IntermediateBuildFilesPath/UninstalledProducts/iphoneos/StripePaymentSheetBundle.bundle/en-GB.lproj ➜ ../../../../../var/folders/g3/pffjr_y96bq06blnkf72x_hw0000gn/T/eas-build-local-nodejs/3113b503-fe57-40ab-8a83-a993d2515c76/build/ios/Pods/StripePaymentSheet/StripePaymentSheet/StripePaymentSheet/Resources/Localizations/en-GB.lproj
build	Build iOS Locally on Free Cloud Mac	2026-08-23T00:17:41.0975860Z [RUN_FASTLANE] › Copying   ios/build/Build/Intermediates.noindex/ArchiveIntermediates/Hence/IntermediateBuildFilesPath/UninstalledProducts/iphoneos/StripePaymentSheetBundle.bundle/el-GR.lproj ➜ ../../../../../var/folders/g3/pffjr_y96bq06blnkf72x_hw0000gn/T/eas-build-local-nodejs/3113b503-fe57-40ab-8a83-a993d2515c76/build/ios/Pods/StripePaymentSheet/StripePaymentSheet/StripePaymentSheet/Resources/Localizations/el-GR.lproj
build	Build iOS Locally on Free Cloud Mac	2026-08-23T00:17:41.0979830Z [RUN_FASTLANE] › Copying   ios/build/Build/Intermediates.noindex/ArchiveIntermediates/Hence/IntermediateBuildFilesPath/UninstalledProducts/iphoneos/StripePaymentSheetBundle.bundle/de.lproj ➜ ../../../../../var/folders/g3/pffjr_y96bq06blnkf72x_hw0000gn/T/eas-build-local-nodejs/3113b503-fe57-40ab-8a83-a993d2515c76/build/ios/Pods/StripePaymentSheet/StripePaymentSheet/StripePaymentSheet/Resources/Localizations/de.lproj
build	Build iOS Locally on Free Cloud Mac	2026-08-23T00:17:41.0986240Z [RUN_FASTLANE] › Copying   ios/build/Build/Intermediates.noindex/ArchiveIntermediates/Hence/IntermediateBuildFilesPath/UninstalledProducts/iphoneos/StripePaymentSheetBundle.bundle/da.lproj ➜ ../../../../../var/folders/g3/pffjr_y96bq06blnkf72x_hw0000gn/T/eas-build-local-nodejs/3113b503-fe57-40ab-8a83-a993d2515c76/build/ios/Pods/StripePaymentSheet/StripePaymentSheet/StripePaymentSheet/Resources/Localizations/da.lproj
build	Build iOS Locally on Free Cloud Mac	2026-08-23T00:17:41.0991330Z [RUN_FASTLANE] › Copying   ios/build/Build/Intermediates.noindex/ArchiveIntermediates/Hence/IntermediateBuildFilesPath/UninstalledProducts/iphoneos/StripePaymentSheetBundle.bundle/cs-CZ.lproj ➜ ../../../../../var/folders/g3/pffjr_y96bq06blnkf72x_hw0000gn/T/eas-build-local-nodejs/3113b503-fe57-40ab-8a83-a993d2515c76/build/ios/Pods/StripePaymentSheet/StripePaymentSheet/StripePaymentSheet/Resources/Localizations/cs-CZ.lproj
build	Build iOS Locally on Free Cloud Mac	2026-08-23T00:17:41.0997470Z [RUN_FASTLANE] › Copying   ios/build/Build/Intermediates.noindex/ArchiveIntermediates/Hence/IntermediateBuildFilesPath/UninstalledProducts/iphoneos/StripePaymentSheetBundle.bundle/ca-ES.lproj ➜ ../../../../../var/folders/g3/pffjr_y96bq06blnkf72x_hw0000gn/T/eas-build-local-nodejs/3113b503-fe57-40ab-8a83-a993d2515c76/build/ios/Pods/StripePaymentSheet/StripePaymentSheet/StripePaymentSheet/Resources/Localizations/ca-ES.lproj
build	Build iOS Locally on Free Cloud Mac	2026-08-23T00:17:41.1015210Z [RUN_FASTLANE] › Copying   ios/build/Build/Intermediates.noindex/ArchiveIntermediates/Hence/IntermediateBuildFilesPath/UninstalledProducts/iphoneos/StripePaymentSheetBundle.bundle/bg-BG.lproj ➜ ../../../../../var/folders/g3/pffjr_y96bq06blnkf72x_hw0000gn/T/eas-build-local-nodejs/3113b503-fe57-40ab-8a83-a993d2515c76/build/ios/Pods/StripePaymentSheet/StripePaymentSheet/StripePaymentSheet/Resources/Localizations/bg-BG.lproj
build	Build iOS Locally on Free Cloud Mac	2026-08-23T00:17:41.1024640Z [RUN_FASTLANE] › Copying   ios/build/Build/Intermediates.noindex/ArchiveIntermediates/Hence/IntermediateBuildFilesPath/UninstalledProducts/iphoneos/StripePaymentSheetBundle.bundle/PrivacyInfo.xcprivacy ➜ ../../../../../var/folders/g3/pffjr_y96bq06blnkf72x_hw0000gn/T/eas-build-local-nodejs/3113b503-fe57-40ab-8a83-a993d2515c76/build/ios/Pods/StripePaymentSheet/StripePaymentSheet/StripePaymentSheet/PrivacyInfo.xcprivacy
build	Build iOS Locally on Free Cloud Mac	2026-08-23T00:17:45.3423510Z [RUN_FASTLANE] › Preparing Pods/StripePaymentsUI-StripePaymentsUIBundle » ResourceBundle-StripePaymentsUIBundle-StripePaymentsUI-Info.plist
build	Build iOS Locally on Free Cloud Mac	2026-08-23T00:17:45.3529200Z [RUN_FASTLANE] › Creating  Pods/StripePayments-StripePaymentsBundle » StripePaymentsBundle.bundle
build	Build iOS Locally on Free Cloud Mac	2026-08-23T00:17:45.3631760Z [RUN_FASTLANE] › Preparing Pods/StripeFinancialConnections-StripeFinancialConnectionsBundle » ResourceBundle-StripeFinancialConnectionsBundle-StripeFinancialConnections-Info.plist
build	Build iOS Locally on Free Cloud Mac	2026-08-23T00:17:45.3733310Z [RUN_FASTLANE] › Copying   ios/build/Build/Intermediates.noindex/ArchiveIntermediates/Hence/IntermediateBuildFilesPath/UninstalledProducts/iphoneos/StripeFinancialConnectionsBundle.bundle/zh-Hant.lproj ➜ ../../../../../var/folders/g3/pffjr_y96bq06blnkf72x_hw0000gn/T/eas-build-local-nodejs/3113b503-fe57-40ab-8a83-a993d2515c76/build/ios/Pods/StripeFinancialConnections/StripeFinancialConnections/StripeFinancialConnections/Resources/Localizations/zh-Hant.lproj
build	Build iOS Locally on Free Cloud Mac	2026-08-23T00:17:45.3838740Z [RUN_FASTLANE] › Copying   ios/build/Build/Intermediates.noindex/ArchiveIntermediates/Hence/IntermediateBuildFilesPath/UninstalledProducts/iphoneos/StripeFinancialConnectionsBundle.bundle/zh-Hans.lproj ➜ ../../../../../var/folders/g3/pffjr_y96bq06blnkf72x_hw0000gn/T/eas-build-local-nodejs/3113b503-fe57-40ab-8a83-a993d2515c76/build/ios/Pods/StripeFinancialConnections/StripeFinancialConnections/StripeFinancialConnections/Resources/Localizations/zh-Hans.lproj
build	Build iOS Locally on Free Cloud Mac	2026-08-23T00:17:45.3938870Z [RUN_FASTLANE] › Copying   ios/build/Build/Intermediates.noindex/ArchiveIntermediates/Hence/IntermediateBuildFilesPath/UninstalledProducts/iphoneos/StripeFinancialConnectionsBundle.bundle/zh-HK.lproj ➜ ../../../../../var/folders/g3/pffjr_y96bq06blnkf72x_hw0000gn/T/eas-build-local-nodejs/3113b503-fe57-40ab-8a83-a993d2515c76/build/ios/Pods/StripeFinancialConnections/StripeFinancialConnections/StripeFinancialConnections/Resources/Localizations/zh-HK.lproj
build	Build iOS Locally on Free Cloud Mac	2026-08-23T00:17:45.4046040Z [RUN_FASTLANE] › Copying   ios/build/Build/Intermediates.noindex/ArchiveIntermediates/Hence/IntermediateBuildFilesPath/UninstalledProducts/iphoneos/StripeFinancialConnectionsBundle.bundle/vi.lproj ➜ ../../../../../var/folders/g3/pffjr_y96bq06blnkf72x_hw0000gn/T/eas-build-local-nodejs/3113b503-fe57-40ab-8a83-a993d2515c76/build/ios/Pods/StripeFinancialConnections/StripeFinancialConnections/StripeFinancialConnections/Resources/Localizations/vi.lproj
build	Build iOS Locally on Free Cloud Mac	2026-08-23T00:17:45.4146850Z [RUN_FASTLANE] › Copying   ios/build/Build/Intermediates.noindex/ArchiveIntermediates/Hence/IntermediateBuildFilesPath/UninstalledProducts/iphoneos/StripeFinancialConnectionsBundle.bundle/tr.lproj ➜ ../../../../../var/folders/g3/pffjr_y96bq06blnkf72x_hw0000gn/T/eas-build-local-nodejs/3113b503-fe57-40ab-8a83-a993d2515c76/build/ios/Pods/StripeFinancialConnections/StripeFinancialConnections/StripeFinancialConnections/Resources/Localizations/tr.lproj
build	Build iOS Locally on Free Cloud Mac	2026-08-23T00:17:45.4251670Z [RUN_FASTLANE] › Copying   ios/build/Build/Intermediates.noindex/ArchiveIntermediates/Hence/IntermediateBuildFilesPath/UninstalledProducts/iphoneos/StripeFinancialConnectionsBundle.bundle/th.lproj ➜ ../../../../../var/folders/g3/pffjr_y96bq06blnkf72x_hw0000gn/T/eas-build-local-nodejs/3113b503-fe57-40ab-8a83-a993d2515c76/build/ios/Pods/StripeFinancialConnections/StripeFinancialConnections/StripeFinancialConnections/Resources/Localizations/th.lproj
build	Build iOS Locally on Free Cloud Mac	2026-08-23T00:17:45.4353320Z [RUN_FASTLANE] › Copying   ios/build/Build/Intermediates.noindex/ArchiveIntermediates/Hence/IntermediateBuildFilesPath/UninstalledProducts/iphoneos/StripeFinancialConnectionsBundle.bundle/sv.lproj ➜ ../../../../../var/folders/g3/pffjr_y96bq06blnkf72x_hw0000gn/T/eas-build-local-nodejs/3113b503-fe57-40ab-8a83-a993d2515c76/build/ios/Pods/StripeFinancialConnections/StripeFinancialConnections/StripeFinancialConnections/Resources/Localizations/sv.lproj
build	Build iOS Locally on Free Cloud Mac	2026-08-23T00:17:45.4456840Z [RUN_FASTLANE] › Copying   ios/build/Build/Intermediates.noindex/ArchiveIntermediates/Hence/IntermediateBuildFilesPath/UninstalledProducts/iphoneos/StripeFinancialConnectionsBundle.bundle/sl-SI.lproj ➜ ../../../../../var/folders/g3/pffjr_y96bq06blnkf72x_hw0000gn/T/eas-build-local-nodejs/3113b503-fe57-40ab-8a83-a993d2515c76/build/ios/Pods/StripeFinancialConnections/StripeFinancialConnections/StripeFinancialConnections/Resources/Localizations/sl-SI.lproj
build	Build iOS Locally on Free Cloud Mac	2026-08-23T00:17:45.4582230Z [RUN_FASTLANE] › Copying   ios/build/Build/Intermediates.noindex/ArchiveIntermediates/Hence/IntermediateBuildFilesPath/UninstalledProducts/iphoneos/StripeFinancialConnectionsBundle.bundle/sk-SK.lproj ➜ ../../../../../var/folders/g3/pffjr_y96bq06blnkf72x_hw0000gn/T/eas-build-local-nodejs/3113b503-fe57-40ab-8a83-a993d2515c76/build/ios/Pods/StripeFinancialConnections/StripeFinancialConnections/StripeFinancialConnections/Resources/Localizations/sk-SK.lproj
build	Build iOS Locally on Free Cloud Mac	2026-08-23T00:17:45.4689920Z [RUN_FASTLANE] › Copying   ios/build/Build/Intermediates.noindex/ArchiveIntermediates/Hence/IntermediateBuildFilesPath/UninstalledProducts/iphoneos/StripeFinancialConnectionsBundle.bundle/ru.lproj ➜ ../../../../../var/folders/g3/pffjr_y96bq06blnkf72x_hw0000gn/T/eas-build-local-nodejs/3113b503-fe57-40ab-8a83-a993d2515c76/build/ios/Pods/StripeFinancialConnections/StripeFinancialConnections/StripeFinancialConnections/Resources/Localizations/ru.lproj
build	Build iOS Locally on Free Cloud Mac	2026-08-23T00:17:45.4786990Z [RUN_FASTLANE] › Copying   ios/build/Build/Intermediates.noindex/ArchiveIntermediates/Hence/IntermediateBuildFilesPath/UninstalledProducts/iphoneos/StripeFinancialConnectionsBundle.bundle/ro-RO.lproj ➜ ../../../../../var/folders/g3/pffjr_y96bq06blnkf72x_hw0000gn/T/eas-build-local-nodejs/3113b503-fe57-40ab-8a83-a993d2515c76/build/ios/Pods/StripeFinancialConnections/StripeFinancialConnections/StripeFinancialConnections/Resources/Localizations/ro-RO.lproj
build	Build iOS Locally on Free Cloud Mac	2026-08-23T00:17:45.4894230Z [RUN_FASTLANE] › Copying   ios/build/Build/Intermediates.noindex/ArchiveIntermediates/Hence/IntermediateBuildFilesPath/UninstalledProducts/iphoneos/StripeFinancialConnectionsBundle.bundle/pt-PT.lproj ➜ ../../../../../var/folders/g3/pffjr_y96bq06blnkf72x_hw0000gn/T/eas-build-local-nodejs/3113b503-fe57-40ab-8a83-a993d2515c76/build/ios/Pods/StripeFinancialConnections/StripeFinancialConnections/StripeFinancialConnections/Resources/Localizations/pt-PT.lproj
build	Build iOS Locally on Free Cloud Mac	2026-08-23T00:17:45.4996970Z [RUN_FASTLANE] › Copying   ios/build/Build/Intermediates.noindex/ArchiveIntermediates/Hence/IntermediateBuildFilesPath/UninstalledProducts/iphoneos/StripeFinancialConnectionsBundle.bundle/pt-BR.lproj ➜ ../../../../../var/folders/g3/pffjr_y96bq06blnkf72x_hw0000gn/T/eas-build-local-nodejs/3113b503-fe57-40ab-8a83-a993d2515c76/build/ios/Pods/StripeFinancialConnections/StripeFinancialConnections/StripeFinancialConnections/Resources/Localizations/pt-BR.lproj
build	Build iOS Locally on Free Cloud Mac	2026-08-23T00:17:45.5103520Z [RUN_FASTLANE] › Copying   ios/build/Build/Intermediates.noindex/ArchiveIntermediates/Hence/IntermediateBuildFilesPath/UninstalledProducts/iphoneos/StripeFinancialConnectionsBundle.bundle/pl-PL.lproj ➜ ../../../../../var/folders/g3/pffjr_y96bq06blnkf72x_hw0000gn/T/eas-build-local-nodejs/3113b503-fe57-40ab-8a83-a993d2515c76/build/ios/Pods/StripeFinancialConnections/StripeFinancialConnections/StripeFinancialConnections/Resources/Localizations/pl-PL.lproj
build	Build iOS Locally on Free Cloud Mac	2026-08-23T00:17:45.5212100Z [RUN_FASTLANE] › Copying   ios/build/Build/Intermediates.noindex/ArchiveIntermediates/Hence/IntermediateBuildFilesPath/UninstalledProducts/iphoneos/StripeFinancialConnectionsBundle.bundle/nn-NO.lproj ➜ ../../../../../var/folders/g3/pffjr_y96bq06blnkf72x_hw0000gn/T/eas-build-local-nodejs/3113b503-fe57-40ab-8a83-a993d2515c76/build/ios/Pods/StripeFinancialConnections/StripeFinancialConnections/StripeFinancialConnections/Resources/Localizations/nn-NO.lproj
build	Build iOS Locally on Free Cloud Mac	2026-08-23T00:17:45.5311590Z [RUN_FASTLANE] › Copying   ios/build/Build/Intermediates.noindex/ArchiveIntermediates/Hence/IntermediateBuildFilesPath/UninstalledProducts/iphoneos/StripeFinancialConnectionsBundle.bundle/nl.lproj ➜ ../../../../../var/folders/g3/pffjr_y96bq06blnkf72x_hw0000gn/T/eas-build-local-nodejs/3113b503-fe57-40ab-8a83-a993d2515c76/build/ios/Pods/StripeFinancialConnections/StripeFinancialConnections/StripeFinancialConnections/Resources/Localizations/nl.lproj
build	Build iOS Locally on Free Cloud Mac	2026-08-23T00:17:45.5416790Z [RUN_FASTLANE] › Copying   ios/build/Build/Intermediates.noindex/ArchiveIntermediates/Hence/IntermediateBuildFilesPath/UninstalledProducts/iphoneos/StripeFinancialConnectionsBundle.bundle/nb.lproj ➜ ../../../../../var/folders/g3/pffjr_y96bq06blnkf72x_hw0000gn/T/eas-build-local-nodejs/3113b503-fe57-40ab-8a83-a993d2515c76/build/ios/Pods/StripeFinancialConnections/StripeFinancialConnections/StripeFinancialConnections/Resources/Localizations/nb.lproj
build	Build iOS Locally on Free Cloud Mac	2026-08-23T00:17:45.5518920Z [RUN_FASTLANE] › Copying   ios/build/Build/Intermediates.noindex/ArchiveIntermediates/Hence/IntermediateBuildFilesPath/UninstalledProducts/iphoneos/StripeFinancialConnectionsBundle.bundle/mt.lproj ➜ ../../../../../var/folders/g3/pffjr_y96bq06blnkf72x_hw0000gn/T/eas-build-local-nodejs/3113b503-fe57-40ab-8a83-a993d2515c76/build/ios/Pods/StripeFinancialConnections/StripeFinancialConnections/StripeFinancialConnections/Resources/Localizations/mt.lproj
build	Build iOS Locally on Free Cloud Mac	2026-08-23T00:17:45.5621010Z [RUN_FASTLANE] › Copying   ios/build/Build/Intermediates.noindex/ArchiveIntermediates/Hence/IntermediateBuildFilesPath/UninstalledProducts/iphoneos/StripeFinancialConnectionsBundle.bundle/ms-MY.lproj ➜ ../../../../../var/folders/g3/pffjr_y96bq06blnkf72x_hw0000gn/T/eas-build-local-nodejs/3113b503-fe57-40ab-8a83-a993d2515c76/build/ios/Pods/StripeFinancialConnections/StripeFinancialConnections/StripeFinancialConnections/Resources/Localizations/ms-MY.lproj
build	Build iOS Locally on Free Cloud Mac	2026-08-23T00:17:45.5728180Z [RUN_FASTLANE] › Copying   ios/build/Build/Intermediates.noindex/ArchiveIntermediates/Hence/IntermediateBuildFilesPath/UninstalledProducts/iphoneos/StripeFinancialConnectionsBundle.bundle/lv-LV.lproj ➜ ../../../../../var/folders/g3/pffjr_y96bq06blnkf72x_hw0000gn/T/eas-build-local-nodejs/3113b503-fe57-40ab-8a83-a993d2515c76/build/ios/Pods/StripeFinancialConnections/StripeFinancialConnections/StripeFinancialConnections/Resources/Localizations/lv-LV.lproj
build	Build iOS Locally on Free Cloud Mac	2026-08-23T00:17:45.5829180Z [RUN_FASTLANE] › Copying   ios/build/Build/Intermediates.noindex/ArchiveIntermediates/Hence/IntermediateBuildFilesPath/UninstalledProducts/iphoneos/StripeFinancialConnectionsBundle.bundle/lt-LT.lproj ➜ ../../../../../var/folders/g3/pffjr_y96bq06blnkf72x_hw0000gn/T/eas-build-local-nodejs/3113b503-fe57-40ab-8a83-a993d2515c76/build/ios/Pods/StripeFinancialConnections/StripeFinancialConnections/StripeFinancialConnections/Resources/Localizations/lt-LT.lproj
build	Build iOS Locally on Free Cloud Mac	2026-08-23T00:17:45.5933540Z [RUN_FASTLANE] › Copying   ios/build/Build/Intermediates.noindex/ArchiveIntermediates/Hence/IntermediateBuildFilesPath/UninstalledProducts/iphoneos/StripeFinancialConnectionsBundle.bundle/ko.lproj ➜ ../../../../../var/folders/g3/pffjr_y96bq06blnkf72x_hw0000gn/T/eas-build-local-nodejs/3113b503-fe57-40ab-8a83-a993d2515c76/build/ios/Pods/StripeFinancialConnections/StripeFinancialConnections/StripeFinancialConnections/Resources/Localizations/ko.lproj
build	Build iOS Locally on Free Cloud Mac	2026-08-23T00:17:45.6036650Z [RUN_FASTLANE] › Copying   ios/build/Build/Intermediates.noindex/ArchiveIntermediates/Hence/IntermediateBuildFilesPath/UninstalledProducts/iphoneos/StripeFinancialConnectionsBundle.bundle/ja.lproj ➜ ../../../../../var/folders/g3/pffjr_y96bq06blnkf72x_hw0000gn/T/eas-build-local-nodejs/3113b503-fe57-40ab-8a83-a993d2515c76/build/ios/Pods/StripeFinancialConnections/StripeFinancialConnections/StripeFinancialConnections/Resources/Localizations/ja.lproj
build	Build iOS Locally on Free Cloud Mac	2026-08-23T00:17:45.6152250Z [RUN_FASTLANE] › Copying   ios/build/Build/Intermediates.noindex/ArchiveIntermediates/Hence/IntermediateBuildFilesPath/UninstalledProducts/iphoneos/StripeFinancialConnectionsBundle.bundle/it.lproj ➜ ../../../../../var/folders/g3/pffjr_y96bq06blnkf72x_hw0000gn/T/eas-build-local-nodejs/3113b503-fe57-40ab-8a83-a993d2515c76/build/ios/Pods/StripeFinancialConnections/StripeFinancialConnections/StripeFinancialConnections/Resources/Localizations/it.lproj
build	Build iOS Locally on Free Cloud Mac	2026-08-23T00:17:45.6156580Z [RUN_FASTLANE] › Copying   ios/build/Build/Intermediates.noindex/ArchiveIntermediates/Hence/IntermediateBuildFilesPath/UninstalledProducts/iphoneos/StripeFinancialConnectionsBundle.bundle/id.lproj ➜ ../../../../../var/folders/g3/pffjr_y96bq06blnkf72x_hw0000gn/T/eas-build-local-nodejs/3113b503-fe57-40ab-8a83-a993d2515c76/build/ios/Pods/StripeFinancialConnections/StripeFinancialConnections/StripeFinancialConnections/Resources/Localizations/id.lproj
build	Build iOS Locally on Free Cloud Mac	2026-08-23T00:17:45.6253410Z [RUN_FASTLANE] › Copying   ios/build/Build/Intermediates.noindex/ArchiveIntermediates/Hence/IntermediateBuildFilesPath/UninstalledProducts/iphoneos/StripeFinancialConnectionsBundle.bundle/hu.lproj ➜ ../../../../../var/folders/g3/pffjr_y96bq06blnkf72x_hw0000gn/T/eas-build-local-nodejs/3113b503-fe57-40ab-8a83-a993d2515c76/build/ios/Pods/StripeFinancialConnections/StripeFinancialConnections/StripeFinancialConnections/Resources/Localizations/hu.lproj
build	Build iOS Locally on Free Cloud Mac	2026-08-23T00:17:45.6379920Z [RUN_FASTLANE] › Copying   ios/build/Build/Intermediates.noindex/ArchiveIntermediates/Hence/IntermediateBuildFilesPath/UninstalledProducts/iphoneos/StripeFinancialConnectionsBundle.bundle/hr.lproj ➜ ../../../../../var/folders/g3/pffjr_y96bq06blnkf72x_hw0000gn/T/eas-build-local-nodejs/3113b503-fe57-40ab-8a83-a993d2515c76/build/ios/Pods/StripeFinancialConnections/StripeFinancialConnections/StripeFinancialConnections/Resources/Localizations/hr.lproj
build	Build iOS Locally on Free Cloud Mac	2026-08-23T00:17:45.6493380Z [RUN_FASTLANE] › Copying   ios/build/Build/Intermediates.noindex/ArchiveIntermediates/Hence/IntermediateBuildFilesPath/UninstalledProducts/iphoneos/StripeFinancialConnectionsBundle.bundle/fr.lproj ➜ ../../../../../var/folders/g3/pffjr_y96bq06blnkf72x_hw0000gn/T/eas-build-local-nodejs/3113b503-fe57-40ab-8a83-a993d2515c76/build/ios/Pods/StripeFinancialConnections/StripeFinancialConnections/StripeFinancialConnections/Resources/Localizations/fr.lproj
build	Build iOS Locally on Free Cloud Mac	2026-08-23T00:17:45.6600520Z [RUN_FASTLANE] › Copying   ios/build/Build/Intermediates.noindex/ArchiveIntermediates/Hence/IntermediateBuildFilesPath/UninstalledProducts/iphoneos/StripeFinancialConnectionsBundle.bundle/fr-CA.lproj ➜ ../../../../../var/folders/g3/pffjr_y96bq06blnkf72x_hw0000gn/T/eas-build-local-nodejs/3113b503-fe57-40ab-8a83-a993d2515c76/build/ios/Pods/StripeFinancialConnections/StripeFinancialConnections/StripeFinancialConnections/Resources/Localizations/fr-CA.lproj
build	Build iOS Locally on Free Cloud Mac	2026-08-23T00:17:45.6698640Z [RUN_FASTLANE] › Copying   ios/build/Build/Intermediates.noindex/ArchiveIntermediates/Hence/IntermediateBuildFilesPath/UninstalledProducts/iphoneos/StripeFinancialConnectionsBundle.bundle/fil.lproj ➜ ../../../../../var/folders/g3/pffjr_y96bq06blnkf72x_hw0000gn/T/eas-build-local-nodejs/3113b503-fe57-40ab-8a83-a993d2515c76/build/ios/Pods/StripeFinancialConnections/StripeFinancialConnections/StripeFinancialConnections/Resources/Localizations/fil.lproj
build	Build iOS Locally on Free Cloud Mac	2026-08-23T00:17:45.6807220Z [RUN_FASTLANE] › Copying   ios/build/Build/Intermediates.noindex/ArchiveIntermediates/Hence/IntermediateBuildFilesPath/UninstalledProducts/iphoneos/StripeFinancialConnectionsBundle.bundle/fi.lproj ➜ ../../../../../var/folders/g3/pffjr_y96bq06blnkf72x_hw0000gn/T/eas-build-local-nodejs/3113b503-fe57-40ab-8a83-a993d2515c76/build/ios/Pods/StripeFinancialConnections/StripeFinancialConnections/StripeFinancialConnections/Resources/Localizations/fi.lproj
build	Build iOS Locally on Free Cloud Mac	2026-08-23T00:17:45.6908840Z [RUN_FASTLANE] › Copying   ios/build/Build/Intermediates.noindex/ArchiveIntermediates/Hence/IntermediateBuildFilesPath/UninstalledProducts/iphoneos/StripeFinancialConnectionsBundle.bundle/et-EE.lproj ➜ ../../../../../var/folders/g3/pffjr_y96bq06blnkf72x_hw0000gn/T/eas-build-local-nodejs/3113b503-fe57-40ab-8a83-a993d2515c76/build/ios/Pods/StripeFinancialConnections/StripeFinancialConnections/StripeFinancialConnections/Resources/Localizations/et-EE.lproj
build	Build iOS Locally on Free Cloud Mac	2026-08-23T00:17:45.7016530Z [RUN_FASTLANE] › Copying   ios/build/Build/Intermediates.noindex/ArchiveIntermediates/Hence/IntermediateBuildFilesPath/UninstalledProducts/iphoneos/StripeFinancialConnectionsBundle.bundle/es.lproj ➜ ../../../../../var/folders/g3/pffjr_y96bq06blnkf72x_hw0000gn/T/eas-build-local-nodejs/3113b503-fe57-40ab-8a83-a993d2515c76/build/ios/Pods/StripeFinancialConnections/StripeFinancialConnections/StripeFinancialConnections/Resources/Localizations/es.lproj
build	Build iOS Locally on Free Cloud Mac	2026-08-23T00:17:45.7123590Z [RUN_FASTLANE] › Copying   ios/build/Build/Intermediates.noindex/ArchiveIntermediates/Hence/IntermediateBuildFilesPath/UninstalledProducts/iphoneos/StripeFinancialConnectionsBundle.bundle/es-419.lproj ➜ ../../../../../var/folders/g3/pffjr_y96bq06blnkf72x_hw0000gn/T/eas-build-local-nodejs/3113b503-fe57-40ab-8a83-a993d2515c76/build/ios/Pods/StripeFinancialConnections/StripeFinancialConnections/StripeFinancialConnections/Resources/Localizations/es-419.lproj
build	Build iOS Locally on Free Cloud Mac	2026-08-23T00:17:45.7240250Z [RUN_FASTLANE] › Copying   ios/build/Build/Intermediates.noindex/ArchiveIntermediates/Hence/IntermediateBuildFilesPath/UninstalledProducts/iphoneos/StripeFinancialConnectionsBundle.bundle/en.lproj ➜ ../../../../../var/folders/g3/pffjr_y96bq06blnkf72x_hw0000gn/T/eas-build-local-nodejs/3113b503-fe57-40ab-8a83-a993d2515c76/build/ios/Pods/StripeFinancialConnections/StripeFinancialConnections/StripeFinancialConnections/Resources/Localizations/en.lproj
build	Build iOS Locally on Free Cloud Mac	2026-08-23T00:17:45.7337740Z [RUN_FASTLANE] › Copying   ios/build/Build/Intermediates.noindex/ArchiveIntermediates/Hence/IntermediateBuildFilesPath/UninstalledProducts/iphoneos/StripeFinancialConnectionsBundle.bundle/en-GB.lproj ➜ ../../../../../var/folders/g3/pffjr_y96bq06blnkf72x_hw0000gn/T/eas-build-local-nodejs/3113b503-fe57-40ab-8a83-a993d2515c76/build/ios/Pods/StripeFinancialConnections/StripeFinancialConnections/StripeFinancialConnections/Resources/Localizations/en-GB.lproj
build	Build iOS Locally on Free Cloud Mac	2026-08-23T00:17:45.7486010Z [RUN_FASTLANE] › Copying   ios/build/Build/Intermediates.noindex/ArchiveIntermediates/Hence/IntermediateBuildFilesPath/UninstalledProducts/iphoneos/StripeFinancialConnectionsBundle.bundle/el-GR.lproj ➜ ../../../../../var/folders/g3/pffjr_y96bq06blnkf72x_hw0000gn/T/eas-build-local-nodejs/3113b503-fe57-40ab-8a83-a993d2515c76/build/ios/Pods/StripeFinancialConnections/StripeFinancialConnections/StripeFinancialConnections/Resources/Localizations/el-GR.lproj
build	Build iOS Locally on Free Cloud Mac	2026-08-23T00:17:45.7498010Z [RUN_FASTLANE] › Copying   ios/build/Build/Intermediates.noindex/ArchiveIntermediates/Hence/IntermediateBuildFilesPath/UninstalledProducts/iphoneos/StripeFinancialConnectionsBundle.bundle/de.lproj ➜ ../../../../../var/folders/g3/pffjr_y96bq06blnkf72x_hw0000gn/T/eas-build-local-nodejs/3113b503-fe57-40ab-8a83-a993d2515c76/build/ios/Pods/StripeFinancialConnections/StripeFinancialConnections/StripeFinancialConnections/Resources/Localizations/de.lproj
build	Build iOS Locally on Free Cloud Mac	2026-08-23T00:17:45.7615380Z [RUN_FASTLANE] › Copying   ios/build/Build/Intermediates.noindex/ArchiveIntermediates/Hence/IntermediateBuildFilesPath/UninstalledProducts/iphoneos/StripeFinancialConnectionsBundle.bundle/da.lproj ➜ ../../../../../var/folders/g3/pffjr_y96bq06blnkf72x_hw0000gn/T/eas-build-local-nodejs/3113b503-fe57-40ab-8a83-a993d2515c76/build/ios/Pods/StripeFinancialConnections/StripeFinancialConnections/StripeFinancialConnections/Resources/Localizations/da.lproj
build	Build iOS Locally on Free Cloud Mac	2026-08-23T00:17:45.7718580Z [RUN_FASTLANE] › Copying   ios/build/Build/Intermediates.noindex/ArchiveIntermediates/Hence/IntermediateBuildFilesPath/UninstalledProducts/iphoneos/StripeFinancialConnectionsBundle.bundle/cs-CZ.lproj ➜ ../../../../../var/folders/g3/pffjr_y96bq06blnkf72x_hw0000gn/T/eas-build-local-nodejs/3113b503-fe57-40ab-8a83-a993d2515c76/build/ios/Pods/StripeFinancialConnections/StripeFinancialConnections/StripeFinancialConnections/Resources/Localizations/cs-CZ.lproj
build	Build iOS Locally on Free Cloud Mac	2026-08-23T00:17:45.7900970Z [RUN_FASTLANE] › Copying   ios/build/Build/Intermediates.noindex/ArchiveIntermediates/Hence/IntermediateBuildFilesPath/UninstalledProducts/iphoneos/StripeFinancialConnectionsBundle.bundle/ca-ES.lproj ➜ ../../../../../var/folders/g3/pffjr_y96bq06blnkf72x_hw0000gn/T/eas-build-local-nodejs/3113b503-fe57-40ab-8a83-a993d2515c76/build/ios/Pods/StripeFinancialConnections/StripeFinancialConnections/StripeFinancialConnections/Resources/Localizations/ca-ES.lproj
build	Build iOS Locally on Free Cloud Mac	2026-08-23T00:17:45.7932480Z [RUN_FASTLANE] › Copying   ios/build/Build/Intermediates.noindex/ArchiveIntermediates/Hence/IntermediateBuildFilesPath/UninstalledProducts/iphoneos/StripeFinancialConnectionsBundle.bundle/bg-BG.lproj ➜ ../../../../../var/folders/g3/pffjr_y96bq06blnkf72x_hw0000gn/T/eas-build-local-nodejs/3113b503-fe57-40ab-8a83-a993d2515c76/build/ios/Pods/StripeFinancialConnections/StripeFinancialConnections/StripeFinancialConnections/Resources/Localizations/bg-BG.lproj
build	Build iOS Locally on Free Cloud Mac	2026-08-23T00:17:45.8018450Z [RUN_FASTLANE] › Copying   ios/build/Build/Intermediates.noindex/ArchiveIntermediates/Hence/IntermediateBuildFilesPath/UninstalledProducts/iphoneos/StripeFinancialConnectionsBundle.bundle/PrivacyInfo.xcprivacy ➜ ../../../../../var/folders/g3/pffjr_y96bq06blnkf72x_hw0000gn/T/eas-build-local-nodejs/3113b503-fe57-40ab-8a83-a993d2515c76/build/ios/Pods/StripeFinancialConnections/StripeFinancialConnections/StripeFinancialConnections/PrivacyInfo.xcprivacy
build	Build iOS Locally on Free Cloud Mac	2026-08-23T00:17:45.8124670Z [RUN_FASTLANE] › Preparing Pods/StripePayments-Stripe3DS2 » ResourceBundle-Stripe3DS2-StripePayments-Info.plist
build	Build iOS Locally on Free Cloud Mac	2026-08-23T00:17:45.8232130Z [RUN_FASTLANE] › Creating  Pods/StripePaymentsUI-StripePaymentsUIBundle » StripePaymentsUIBundle.bundle
build	Build iOS Locally on Free Cloud Mac	2026-08-23T00:17:45.8338990Z [RUN_FASTLANE] › Preparing Pods/StripeCore-StripeCoreBundle » ResourceBundle-StripeCoreBundle-StripeCore-Info.plist
build	Build iOS Locally on Free Cloud Mac	2026-08-23T00:17:45.8488620Z [RUN_FASTLANE] › Copying   ios/build/Build/Intermediates.noindex/ArchiveIntermediates/Hence/IntermediateBuildFilesPath/UninstalledProducts/iphoneos/StripeCoreBundle.bundle/zh-Hant.lproj ➜ ../../../../../var/folders/g3/pffjr_y96bq06blnkf72x_hw0000gn/T/eas-build-local-nodejs/3113b503-fe57-40ab-8a83-a993d2515c76/build/ios/Pods/StripeCore/StripeCore/StripeCore/Resources/Localizations/zh-Hant.lproj
build	Build iOS Locally on Free Cloud Mac	2026-08-23T00:17:45.8594050Z [RUN_FASTLANE] › Copying   ios/build/Build/Intermediates.noindex/ArchiveIntermediates/Hence/IntermediateBuildFilesPath/UninstalledProducts/iphoneos/StripeCoreBundle.bundle/zh-Hans.lproj ➜ ../../../../../var/folders/g3/pffjr_y96bq06blnkf72x_hw0000gn/T/eas-build-local-nodejs/3113b503-fe57-40ab-8a83-a993d2515c76/build/ios/Pods/StripeCore/StripeCore/StripeCore/Resources/Localizations/zh-Hans.lproj
build	Build iOS Locally on Free Cloud Mac	2026-08-23T00:17:45.8785710Z [RUN_FASTLANE] › Copying   ios/build/Build/Intermediates.noindex/ArchiveIntermediates/Hence/IntermediateBuildFilesPath/UninstalledProducts/iphoneos/StripeCoreBundle.bundle/zh-HK.lproj ➜ ../../../../../var/folders/g3/pffjr_y96bq06blnkf72x_hw0000gn/T/eas-build-local-nodejs/3113b503-fe57-40ab-8a83-a993d2515c76/build/ios/Pods/StripeCore/StripeCore/StripeCore/Resources/Localizations/zh-HK.lproj
build	Build iOS Locally on Free Cloud Mac	2026-08-23T00:17:45.8794830Z [RUN_FASTLANE] › Copying   ios/build/Build/Intermediates.noindex/ArchiveIntermediates/Hence/IntermediateBuildFilesPath/UninstalledProducts/iphoneos/StripeCoreBundle.bundle/vi.lproj ➜ ../../../../../var/folders/g3/pffjr_y96bq06blnkf72x_hw0000gn/T/eas-build-local-nodejs/3113b503-fe57-40ab-8a83-a993d2515c76/build/ios/Pods/StripeCore/StripeCore/StripeCore/Resources/Localizations/vi.lproj
build	Build iOS Locally on Free Cloud Mac	2026-08-23T00:17:45.8923680Z [RUN_FASTLANE] › Copying   ios/build/Build/Intermediates.noindex/ArchiveIntermediates/Hence/IntermediateBuildFilesPath/UninstalledProducts/iphoneos/StripeCoreBundle.bundle/tr.lproj ➜ ../../../../../var/folders/g3/pffjr_y96bq06blnkf72x_hw0000gn/T/eas-build-local-nodejs/3113b503-fe57-40ab-8a83-a993d2515c76/build/ios/Pods/StripeCore/StripeCore/StripeCore/Resources/Localizations/tr.lproj
build	Build iOS Locally on Free Cloud Mac	2026-08-23T00:17:45.9184990Z [RUN_FASTLANE] › Copying   ios/build/Build/Intermediates.noindex/ArchiveIntermediates/Hence/IntermediateBuildFilesPath/UninstalledProducts/iphoneos/StripeCoreBundle.bundle/th.lproj ➜ ../../../../../var/folders/g3/pffjr_y96bq06blnkf72x_hw0000gn/T/eas-build-local-nodejs/3113b503-fe57-40ab-8a83-a993d2515c76/build/ios/Pods/StripeCore/StripeCore/StripeCore/Resources/Localizations/th.lproj
build	Build iOS Locally on Free Cloud Mac	2026-08-23T00:17:45.9218840Z [RUN_FASTLANE] › Copying   ios/build/Build/Intermediates.noindex/ArchiveIntermediates/Hence/IntermediateBuildFilesPath/UninstalledProducts/iphoneos/StripeCoreBundle.bundle/sv.lproj ➜ ../../../../../var/folders/g3/pffjr_y96bq06blnkf72x_hw0000gn/T/eas-build-local-nodejs/3113b503-fe57-40ab-8a83-a993d2515c76/build/ios/Pods/StripeCore/StripeCore/StripeCore/Resources/Localizations/sv.lproj
build	Build iOS Locally on Free Cloud Mac	2026-08-23T00:17:45.9354390Z [RUN_FASTLANE] › Copying   ios/build/Build/Intermediates.noindex/ArchiveIntermediates/Hence/IntermediateBuildFilesPath/UninstalledProducts/iphoneos/StripeCoreBundle.bundle/sl-SI.lproj ➜ ../../../../../var/folders/g3/pffjr_y96bq06blnkf72x_hw0000gn/T/eas-build-local-nodejs/3113b503-fe57-40ab-8a83-a993d2515c76/build/ios/Pods/StripeCore/StripeCore/StripeCore/Resources/Localizations/sl-SI.lproj
build	Build iOS Locally on Free Cloud Mac	2026-08-23T00:17:45.9486740Z [RUN_FASTLANE] › Copying   ios/build/Build/Intermediates.noindex/ArchiveIntermediates/Hence/IntermediateBuildFilesPath/UninstalledProducts/iphoneos/StripeCoreBundle.bundle/sk-SK.lproj ➜ ../../../../../var/folders/g3/pffjr_y96bq06blnkf72x_hw0000gn/T/eas-build-local-nodejs/3113b503-fe57-40ab-8a83-a993d2515c76/build/ios/Pods/StripeCore/StripeCore/StripeCore/Resources/Localizations/sk-SK.lproj
build	Build iOS Locally on Free Cloud Mac	2026-08-23T00:17:45.9746500Z [RUN_FASTLANE] › Copying   ios/build/Build/Intermediates.noindex/ArchiveIntermediates/Hence/IntermediateBuildFilesPath/UninstalledProducts/iphoneos/StripeCoreBundle.bundle/ru.lproj ➜ ../../../../../var/folders/g3/pffjr_y96bq06blnkf72x_hw0000gn/T/eas-build-local-nodejs/3113b503-fe57-40ab-8a83-a993d2515c76/build/ios/Pods/StripeCore/StripeCore/StripeCore/Resources/Localizations/ru.lproj
build	Build iOS Locally on Free Cloud Mac	2026-08-23T00:17:45.9825480Z [RUN_FASTLANE] › Copying   ios/build/Build/Intermediates.noindex/ArchiveIntermediates/Hence/IntermediateBuildFilesPath/UninstalledProducts/iphoneos/StripeCoreBundle.bundle/ro-RO.lproj ➜ ../../../../../var/folders/g3/pffjr_y96bq06blnkf72x_hw0000gn/T/eas-build-local-nodejs/3113b503-fe57-40ab-8a83-a993d2515c76/build/ios/Pods/StripeCore/StripeCore/StripeCore/Resources/Localizations/ro-RO.lproj
build	Build iOS Locally on Free Cloud Mac	2026-08-23T00:17:45.9935440Z [RUN_FASTLANE] › Copying   ios/build/Build/Intermediates.noindex/ArchiveIntermediates/Hence/IntermediateBuildFilesPath/UninstalledProducts/iphoneos/StripeCoreBundle.bundle/pt-PT.lproj ➜ ../../../../../var/folders/g3/pffjr_y96bq06blnkf72x_hw0000gn/T/eas-build-local-nodejs/3113b503-fe57-40ab-8a83-a993d2515c76/build/ios/Pods/StripeCore/StripeCore/StripeCore/Resources/Localizations/pt-PT.lproj
build	Build iOS Locally on Free Cloud Mac	2026-08-23T00:17:46.0036570Z [RUN_FASTLANE] › Copying   ios/build/Build/Intermediates.noindex/ArchiveIntermediates/Hence/IntermediateBuildFilesPath/UninstalledProducts/iphoneos/StripeCoreBundle.bundle/pt-BR.lproj ➜ ../../../../../var/folders/g3/pffjr_y96bq06blnkf72x_hw0000gn/T/eas-build-local-nodejs/3113b503-fe57-40ab-8a83-a993d2515c76/build/ios/Pods/StripeCore/StripeCore/StripeCore/Resources/Localizations/pt-BR.lproj
build	Build iOS Locally on Free Cloud Mac	2026-08-23T00:17:46.0142830Z [RUN_FASTLANE] › Copying   ios/build/Build/Intermediates.noindex/ArchiveIntermediates/Hence/IntermediateBuildFilesPath/UninstalledProducts/iphoneos/StripeCoreBundle.bundle/pl-PL.lproj ➜ ../../../../../var/folders/g3/pffjr_y96bq06blnkf72x_hw0000gn/T/eas-build-local-nodejs/3113b503-fe57-40ab-8a83-a993d2515c76/build/ios/Pods/StripeCore/StripeCore/StripeCore/Resources/Localizations/pl-PL.lproj
build	Build iOS Locally on Free Cloud Mac	2026-08-23T00:17:46.0243100Z [RUN_FASTLANE] › Copying   ios/build/Build/Intermediates.noindex/ArchiveIntermediates/Hence/IntermediateBuildFilesPath/UninstalledProducts/iphoneos/StripeCoreBundle.bundle/nl.lproj ➜ ../../../../../var/folders/g3/pffjr_y96bq06blnkf72x_hw0000gn/T/eas-build-local-nodejs/3113b503-fe57-40ab-8a83-a993d2515c76/build/ios/Pods/StripeCore/StripeCore/StripeCore/Resources/Localizations/nl.lproj
build	Build iOS Locally on Free Cloud Mac	2026-08-23T00:17:46.0351380Z [RUN_FASTLANE] › Copying   ios/build/Build/Intermediates.noindex/ArchiveIntermediates/Hence/IntermediateBuildFilesPath/UninstalledProducts/iphoneos/StripeCoreBundle.bundle/nb.lproj ➜ ../../../../../var/folders/g3/pffjr_y96bq06blnkf72x_hw0000gn/T/eas-build-local-nodejs/3113b503-fe57-40ab-8a83-a993d2515c76/build/ios/Pods/StripeCore/StripeCore/StripeCore/Resources/Localizations/nb.lproj
build	Build iOS Locally on Free Cloud Mac	2026-08-23T00:17:46.0454440Z [RUN_FASTLANE] › Copying   ios/build/Build/Intermediates.noindex/ArchiveIntermediates/Hence/IntermediateBuildFilesPath/UninstalledProducts/iphoneos/StripeCoreBundle.bundle/mt.lproj ➜ ../../../../../var/folders/g3/pffjr_y96bq06blnkf72x_hw0000gn/T/eas-build-local-nodejs/3113b503-fe57-40ab-8a83-a993d2515c76/build/ios/Pods/StripeCore/StripeCore/StripeCore/Resources/Localizations/mt.lproj
build	Build iOS Locally on Free Cloud Mac	2026-08-23T00:17:46.0553330Z [RUN_FASTLANE] › Copying   ios/build/Build/Intermediates.noindex/ArchiveIntermediates/Hence/IntermediateBuildFilesPath/UninstalledProducts/iphoneos/StripeCoreBundle.bundle/ms-MY.lproj ➜ ../../../../../var/folders/g3/pffjr_y96bq06blnkf72x_hw0000gn/T/eas-build-local-nodejs/3113b503-fe57-40ab-8a83-a993d2515c76/build/ios/Pods/StripeCore/StripeCore/StripeCore/Resources/Localizations/ms-MY.lproj
build	Build iOS Locally on Free Cloud Mac	2026-08-23T00:17:46.0660930Z [RUN_FASTLANE] › Copying   ios/build/Build/Intermediates.noindex/ArchiveIntermediates/Hence/IntermediateBuildFilesPath/UninstalledProducts/iphoneos/StripeCoreBundle.bundle/lv-LV.lproj ➜ ../../../../../var/folders/g3/pffjr_y96bq06blnkf72x_hw0000gn/T/eas-build-local-nodejs/3113b503-fe57-40ab-8a83-a993d2515c76/build/ios/Pods/StripeCore/StripeCore/StripeCore/Resources/Localizations/lv-LV.lproj
build	Build iOS Locally on Free Cloud Mac	2026-08-23T00:17:46.0765790Z [RUN_FASTLANE] › Copying   ios/build/Build/Intermediates.noindex/ArchiveIntermediates/Hence/IntermediateBuildFilesPath/UninstalledProducts/iphoneos/StripeCoreBundle.bundle/lt-LT.lproj ➜ ../../../../../var/folders/g3/pffjr_y96bq06blnkf72x_hw0000gn/T/eas-build-local-nodejs/3113b503-fe57-40ab-8a83-a993d2515c76/build/ios/Pods/StripeCore/StripeCore/StripeCore/Resources/Localizations/lt-LT.lproj
build	Build iOS Locally on Free Cloud Mac	2026-08-23T00:17:46.0867810Z [RUN_FASTLANE] › Copying   ios/build/Build/Intermediates.noindex/ArchiveIntermediates/Hence/IntermediateBuildFilesPath/UninstalledProducts/iphoneos/StripeCoreBundle.bundle/ko.lproj ➜ ../../../../../var/folders/g3/pffjr_y96bq06blnkf72x_hw0000gn/T/eas-build-local-nodejs/3113b503-fe57-40ab-8a83-a993d2515c76/build/ios/Pods/StripeCore/StripeCore/StripeCore/Resources/Localizations/ko.lproj
build	Build iOS Locally on Free Cloud Mac	2026-08-23T00:17:46.0973280Z [RUN_FASTLANE] › Copying   ios/build/Build/Intermediates.noindex/ArchiveIntermediates/Hence/IntermediateBuildFilesPath/UninstalledProducts/iphoneos/StripeCoreBundle.bundle/ja.lproj ➜ ../../../../../var/folders/g3/pffjr_y96bq06blnkf72x_hw0000gn/T/eas-build-local-nodejs/3113b503-fe57-40ab-8a83-a993d2515c76/build/ios/Pods/StripeCore/StripeCore/StripeCore/Resources/Localizations/ja.lproj
build	Build iOS Locally on Free Cloud Mac	2026-08-23T00:17:46.1083010Z [RUN_FASTLANE] › Copying   ios/build/Build/Intermediates.noindex/ArchiveIntermediates/Hence/IntermediateBuildFilesPath/UninstalledProducts/iphoneos/StripeCoreBundle.bundle/it.lproj ➜ ../../../../../var/folders/g3/pffjr_y96bq06blnkf72x_hw0000gn/T/eas-build-local-nodejs/3113b503-fe57-40ab-8a83-a993d2515c76/build/ios/Pods/StripeCore/StripeCore/StripeCore/Resources/Localizations/it.lproj
build	Build iOS Locally on Free Cloud Mac	2026-08-23T00:17:46.1199080Z [RUN_FASTLANE] › Copying   ios/build/Build/Intermediates.noindex/ArchiveIntermediates/Hence/IntermediateBuildFilesPath/UninstalledProducts/iphoneos/StripeCoreBundle.bundle/id.lproj ➜ ../../../../../var/folders/g3/pffjr_y96bq06blnkf72x_hw0000gn/T/eas-build-local-nodejs/3113b503-fe57-40ab-8a83-a993d2515c76/build/ios/Pods/StripeCore/StripeCore/StripeCore/Resources/Localizations/id.lproj
build	Build iOS Locally on Free Cloud Mac	2026-08-23T00:17:46.1303410Z [RUN_FASTLANE] › Copying   ios/build/Build/Intermediates.noindex/ArchiveIntermediates/Hence/IntermediateBuildFilesPath/UninstalledProducts/iphoneos/StripeCoreBundle.bundle/hu.lproj ➜ ../../../../../var/folders/g3/pffjr_y96bq06blnkf72x_hw0000gn/T/eas-build-local-nodejs/3113b503-fe57-40ab-8a83-a993d2515c76/build/ios/Pods/StripeCore/StripeCore/StripeCore/Resources/Localizations/hu.lproj
build	Build iOS Locally on Free Cloud Mac	2026-08-23T00:17:46.1407900Z [RUN_FASTLANE] › Copying   ios/build/Build/Intermediates.noindex/ArchiveIntermediates/Hence/IntermediateBuildFilesPath/UninstalledProducts/iphoneos/StripeCoreBundle.bundle/hr.lproj ➜ ../../../../../var/folders/g3/pffjr_y96bq06blnkf72x_hw0000gn/T/eas-build-local-nodejs/3113b503-fe57-40ab-8a83-a993d2515c76/build/ios/Pods/StripeCore/StripeCore/StripeCore/Resources/Localizations/hr.lproj
build	Build iOS Locally on Free Cloud Mac	2026-08-23T00:17:46.1508990Z [RUN_FASTLANE] › Copying   ios/build/Build/Intermediates.noindex/ArchiveIntermediates/Hence/IntermediateBuildFilesPath/UninstalledProducts/iphoneos/StripeCoreBundle.bundle/fr.lproj ➜ ../../../../../var/folders/g3/pffjr_y96bq06blnkf72x_hw0000gn/T/eas-build-local-nodejs/3113b503-fe57-40ab-8a83-a993d2515c76/build/ios/Pods/StripeCore/StripeCore/StripeCore/Resources/Localizations/fr.lproj
build	Build iOS Locally on Free Cloud Mac	2026-08-23T00:17:46.1618140Z [RUN_FASTLANE] › Copying   ios/build/Build/Intermediates.noindex/ArchiveIntermediates/Hence/IntermediateBuildFilesPath/UninstalledProducts/iphoneos/StripeCoreBundle.bundle/fil.lproj ➜ ../../../../../var/folders/g3/pffjr_y96bq06blnkf72x_hw0000gn/T/eas-build-local-nodejs/3113b503-fe57-40ab-8a83-a993d2515c76/build/ios/Pods/StripeCore/StripeCore/StripeCore/Resources/Localizations/fil.lproj
build	Build iOS Locally on Free Cloud Mac	2026-08-23T00:17:46.1732420Z [RUN_FASTLANE] › Copying   ios/build/Build/Intermediates.noindex/ArchiveIntermediates/Hence/IntermediateBuildFilesPath/UninstalledProducts/iphoneos/StripeCoreBundle.bundle/fi.lproj ➜ ../../../../../var/folders/g3/pffjr_y96bq06blnkf72x_hw0000gn/T/eas-build-local-nodejs/3113b503-fe57-40ab-8a83-a993d2515c76/build/ios/Pods/StripeCore/StripeCore/StripeCore/Resources/Localizations/fi.lproj
build	Build iOS Locally on Free Cloud Mac	2026-08-23T00:17:46.1765900Z [RUN_FASTLANE] › Copying   ios/build/Build/Intermediates.noindex/ArchiveIntermediates/Hence/IntermediateBuildFilesPath/UninstalledProducts/iphoneos/StripeCoreBundle.bundle/et-EE.lproj ➜ ../../../../../var/folders/g3/pffjr_y96bq06blnkf72x_hw0000gn/T/eas-build-local-nodejs/3113b503-fe57-40ab-8a83-a993d2515c76/build/ios/Pods/StripeCore/StripeCore/StripeCore/Resources/Localizations/et-EE.lproj
build	Build iOS Locally on Free Cloud Mac	2026-08-23T00:17:46.1970330Z [RUN_FASTLANE] › Copying   ios/build/Build/Intermediates.noindex/ArchiveIntermediates/Hence/IntermediateBuildFilesPath/UninstalledProducts/iphoneos/StripeCoreBundle.bundle/es.lproj ➜ ../../../../../var/folders/g3/pffjr_y96bq06blnkf72x_hw0000gn/T/eas-build-local-nodejs/3113b503-fe57-40ab-8a83-a993d2515c76/build/ios/Pods/StripeCore/StripeCore/StripeCore/Resources/Localizations/es.lproj
build	Build iOS Locally on Free Cloud Mac	2026-08-23T00:17:46.1979430Z [RUN_FASTLANE] › Copying   ios/build/Build/Intermediates.noindex/ArchiveIntermediates/Hence/IntermediateBuildFilesPath/UninstalledProducts/iphoneos/StripeCoreBundle.bundle/es-419.lproj ➜ ../../../../../var/folders/g3/pffjr_y96bq06blnkf72x_hw0000gn/T/eas-build-local-nodejs/3113b503-fe57-40ab-8a83-a993d2515c76/build/ios/Pods/StripeCore/StripeCore/StripeCore/Resources/Localizations/es-419.lproj
build	Build iOS Locally on Free Cloud Mac	2026-08-23T00:17:46.2147750Z [RUN_FASTLANE] › Copying   ios/build/Build/Intermediates.noindex/ArchiveIntermediates/Hence/IntermediateBuildFilesPath/UninstalledProducts/iphoneos/StripeCoreBundle.bundle/en.lproj ➜ ../../../../../var/folders/g3/pffjr_y96bq06blnkf72x_hw0000gn/T/eas-build-local-nodejs/3113b503-fe57-40ab-8a83-a993d2515c76/build/ios/Pods/StripeCore/StripeCore/StripeCore/Resources/Localizations/en.lproj
build	Build iOS Locally on Free Cloud Mac	2026-08-23T00:17:46.2248510Z [RUN_FASTLANE] › Copying   ios/build/Build/Intermediates.noindex/ArchiveIntermediates/Hence/IntermediateBuildFilesPath/UninstalledProducts/iphoneos/StripeCoreBundle.bundle/en-GB.lproj ➜ ../../../../../var/folders/g3/pffjr_y96bq06blnkf72x_hw0000gn/T/eas-build-local-nodejs/3113b503-fe57-40ab-8a83-a993d2515c76/build/ios/Pods/StripeCore/StripeCore/StripeCore/Resources/Localizations/en-GB.lproj
build	Build iOS Locally on Free Cloud Mac	2026-08-23T00:17:46.2353250Z [RUN_FASTLANE] › Copying   ios/build/Build/Intermediates.noindex/ArchiveIntermediates/Hence/IntermediateBuildFilesPath/UninstalledProducts/iphoneos/StripeCoreBundle.bundle/el-GR.lproj ➜ ../../../../../var/folders/g3/pffjr_y96bq06blnkf72x_hw0000gn/T/eas-build-local-nodejs/3113b503-fe57-40ab-8a83-a993d2515c76/build/ios/Pods/StripeCore/StripeCore/StripeCore/Resources/Localizations/el-GR.lproj
build	Build iOS Locally on Free Cloud Mac	2026-08-23T00:17:46.2454090Z [RUN_FASTLANE] › Copying   ios/build/Build/Intermediates.noindex/ArchiveIntermediates/Hence/IntermediateBuildFilesPath/UninstalledProducts/iphoneos/StripeCoreBundle.bundle/de.lproj ➜ ../../../../../var/folders/g3/pffjr_y96bq06blnkf72x_hw0000gn/T/eas-build-local-nodejs/3113b503-fe57-40ab-8a83-a993d2515c76/build/ios/Pods/StripeCore/StripeCore/StripeCore/Resources/Localizations/de.lproj
build	Build iOS Locally on Free Cloud Mac	2026-08-23T00:17:46.2565620Z [RUN_FASTLANE] › Copying   ios/build/Build/Intermediates.noindex/ArchiveIntermediates/Hence/IntermediateBuildFilesPath/UninstalledProducts/iphoneos/StripeCoreBundle.bundle/da.lproj ➜ ../../../../../var/folders/g3/pffjr_y96bq06blnkf72x_hw0000gn/T/eas-build-local-nodejs/3113b503-fe57-40ab-8a83-a993d2515c76/build/ios/Pods/StripeCore/StripeCore/StripeCore/Resources/Localizations/da.lproj
build	Build iOS Locally on Free Cloud Mac	2026-08-23T00:17:46.2663120Z [RUN_FASTLANE] › Copying   ios/build/Build/Intermediates.noindex/ArchiveIntermediates/Hence/IntermediateBuildFilesPath/UninstalledProducts/iphoneos/StripeCoreBundle.bundle/cs-CZ.lproj ➜ ../../../../../var/folders/g3/pffjr_y96bq06blnkf72x_hw0000gn/T/eas-build-local-nodejs/3113b503-fe57-40ab-8a83-a993d2515c76/build/ios/Pods/StripeCore/StripeCore/StripeCore/Resources/Localizations/cs-CZ.lproj
build	Build iOS Locally on Free Cloud Mac	2026-08-23T00:17:46.2762710Z [RUN_FASTLANE] › Copying   ios/build/Build/Intermediates.noindex/ArchiveIntermediates/Hence/IntermediateBuildFilesPath/UninstalledProducts/iphoneos/StripeCoreBundle.bundle/ca-ES.lproj ➜ ../../../../../var/folders/g3/pffjr_y96bq06blnkf72x_hw0000gn/T/eas-build-local-nodejs/3113b503-fe57-40ab-8a83-a993d2515c76/build/ios/Pods/StripeCore/StripeCore/StripeCore/Resources/Localizations/ca-ES.lproj
build	Build iOS Locally on Free Cloud Mac	2026-08-23T00:17:46.2871270Z [RUN_FASTLANE] › Copying   ios/build/Build/Intermediates.noindex/ArchiveIntermediates/Hence/IntermediateBuildFilesPath/UninstalledProducts/iphoneos/StripeCoreBundle.bundle/bg-BG.lproj ➜ ../../../../../var/folders/g3/pffjr_y96bq06blnkf72x_hw0000gn/T/eas-build-local-nodejs/3113b503-fe57-40ab-8a83-a993d2515c76/build/ios/Pods/StripeCore/StripeCore/StripeCore/Resources/Localizations/bg-BG.lproj
build	Build iOS Locally on Free Cloud Mac	2026-08-23T00:17:46.2973240Z [RUN_FASTLANE] › Copying   ios/build/Build/Intermediates.noindex/ArchiveIntermediates/Hence/IntermediateBuildFilesPath/UninstalledProducts/iphoneos/StripeCoreBundle.bundle/PrivacyInfo.xcprivacy ➜ ../../../../../var/folders/g3/pffjr_y96bq06blnkf72x_hw0000gn/T/eas-build-local-nodejs/3113b503-fe57-40ab-8a83-a993d2515c76/build/ios/Pods/StripeCore/StripeCore/StripeCore/PrivacyInfo.xcprivacy
build	Build iOS Locally on Free Cloud Mac	2026-08-23T00:17:46.3072670Z [RUN_FASTLANE] › Creating  Pods/StripePayments-Stripe3DS2 » Stripe3DS2.bundle
build	Build iOS Locally on Free Cloud Mac	2026-08-23T00:17:46.3179620Z [RUN_FASTLANE] › Copying   ios/build/Build/Intermediates.noindex/ArchiveIntermediates/Hence/IntermediateBuildFilesPath/UninstalledProducts/iphoneos/StripeBundle.bundle/PrivacyInfo.xcprivacy ➜ ../../../../../var/folders/g3/pffjr_y96bq06blnkf72x_hw0000gn/T/eas-build-local-nodejs/3113b503-fe57-40ab-8a83-a993d2515c76/build/ios/Pods/Stripe/Stripe/StripeiOS/PrivacyInfo.xcprivacy
build	Build iOS Locally on Free Cloud Mac	2026-08-23T00:17:46.3278130Z [RUN_FASTLANE] › Preparing Pods/React-timing-React-timing_privacy » ResourceBundle-React-timing_privacy-React-timing-Info.plist
build	Build iOS Locally on Free Cloud Mac	2026-08-23T00:17:46.6707220Z [RUN_FASTLANE] › Preparing Pods/Stripe-StripeBundle » ResourceBundle-StripeBundle-Stripe-Info.plist
build	Build iOS Locally on Free Cloud Mac	2026-08-23T00:17:46.6858480Z [RUN_FASTLANE] › Copying   ios/build/Build/Intermediates.noindex/ArchiveIntermediates/Hence/IntermediateBuildFilesPath/UninstalledProducts/iphoneos/React-timing_privacy.bundle/PrivacyInfo.xcprivacy ➜ ../../../../../var/folders/g3/pffjr_y96bq06blnkf72x_hw0000gn/T/eas-build-local-nodejs/3113b503-fe57-40ab-8a83-a993d2515c76/build/node_modules/react-native/ReactCommon/react/timing/PrivacyInfo.xcprivacy
build	Build iOS Locally on Free Cloud Mac	2026-08-23T00:17:46.7058880Z [RUN_FASTLANE] › Preparing Pods/React-cxxreact-React-cxxreact_privacy » ResourceBundle-React-cxxreact_privacy-React-cxxreact-Info.plist
build	Build iOS Locally on Free Cloud Mac	2026-08-23T00:17:46.7109080Z [RUN_FASTLANE] › Copying   ios/build/Build/Intermediates.noindex/ArchiveIntermediates/Hence/IntermediateBuildFilesPath/UninstalledProducts/iphoneos/React-cxxreact_privacy.bundle/PrivacyInfo.xcprivacy ➜ ../../../../../var/folders/g3/pffjr_y96bq06blnkf72x_hw0000gn/T/eas-build-local-nodejs/3113b503-fe57-40ab-8a83-a993d2515c76/build/node_modules/react-native/ReactCommon/cxxreact/PrivacyInfo.xcprivacy
build	Build iOS Locally on Free Cloud Mac	2026-08-23T00:17:46.7220170Z [RUN_FASTLANE] › Preparing Pods/React-Core-React-Core_privacy » ResourceBundle-React-Core_privacy-React-Core-Info.plist
build	Build iOS Locally on Free Cloud Mac	2026-08-23T00:17:46.7344120Z [RUN_FASTLANE] › Copying   ios/build/Build/Intermediates.noindex/ArchiveIntermediates/Hence/IntermediateBuildFilesPath/UninstalledProducts/iphoneos/React-Core_privacy.bundle/PrivacyInfo.xcprivacy ➜ ../../../../../var/folders/g3/pffjr_y96bq06blnkf72x_hw0000gn/T/eas-build-local-nodejs/3113b503-fe57-40ab-8a83-a993d2515c76/build/node_modules/react-native/React/Resources/PrivacyInfo.xcprivacy
build	Build iOS Locally on Free Cloud Mac	2026-08-23T00:17:46.7528600Z [RUN_FASTLANE] › Creating  Pods/StripeFinancialConnections-StripeFinancialConnectionsBundle » StripeFinancialConnectionsBundle.bundle
build	Build iOS Locally on Free Cloud Mac	2026-08-23T00:17:46.7645580Z [RUN_FASTLANE] › Creating  Pods/StripeCore-StripeCoreBundle » StripeCoreBundle.bundle
build	Build iOS Locally on Free Cloud Mac	2026-08-23T00:17:46.7754180Z [RUN_FASTLANE] › Creating  Pods/Stripe-StripeBundle » StripeBundle.bundle
build	Build iOS Locally on Free Cloud Mac	2026-08-23T00:17:46.7860150Z [RUN_FASTLANE] › Creating  Pods/React-timing-React-timing_privacy » React-timing_privacy.bundle
build	Build iOS Locally on Free Cloud Mac	2026-08-23T00:17:46.7963800Z [RUN_FASTLANE] › Creating  Pods/React-cxxreact-React-cxxreact_privacy » React-cxxreact_privacy.bundle
build	Build iOS Locally on Free Cloud Mac	2026-08-23T00:17:46.8066230Z [RUN_FASTLANE] › Preparing Pods/RNSVG-RNSVGFilters » ResourceBundle-RNSVGFilters-RNSVG-Info.plist
build	Build iOS Locally on Free Cloud Mac	2026-08-23T00:17:46.8165250Z [RUN_FASTLANE] › Copying   ios/build/Build/Intermediates.noindex/ArchiveIntermediates/Hence/IntermediateBuildFilesPath/UninstalledProducts/iphoneos/RNSVGFilters.bundle/RNSVGCompositeXor.iphoneos.metallib ➜ ../../../../../var/folders/g3/pffjr_y96bq06blnkf72x_hw0000gn/T/eas-build-local-nodejs/3113b503-fe57-40ab-8a83-a993d2515c76/build/node_modules/react-native-svg/apple/Filters/MetalCI/RNSVGCompositeXor.iphoneos.metallib
build	Build iOS Locally on Free Cloud Mac	2026-08-23T00:17:46.8314680Z [RUN_FASTLANE] › Copying   ios/build/Build/Intermediates.noindex/ArchiveIntermediates/Hence/IntermediateBuildFilesPath/UninstalledProducts/iphoneos/RNSVGFilters.bundle/RNSVGArithmeticFilter.iphoneos.metallib ➜ ../../../../../var/folders/g3/pffjr_y96bq06blnkf72x_hw0000gn/T/eas-build-local-nodejs/3113b503-fe57-40ab-8a83-a993d2515c76/build/node_modules/react-native-svg/apple/Filters/MetalCI/RNSVGArithmeticFilter.iphoneos.metallib
build	Build iOS Locally on Free Cloud Mac	2026-08-23T00:17:46.8462170Z [RUN_FASTLANE] › Creating  Pods/React-Core-React-Core_privacy » React-Core_privacy.bundle
build	Build iOS Locally on Free Cloud Mac	2026-08-23T00:17:46.8576130Z [RUN_FASTLANE] › Executing expo-modules-jsi Pods/ExpoModulesJSI » [CP-User] Build ExpoModulesJSI xcframework
build	Build iOS Locally on Free Cloud Mac	2026-08-23T00:17:46.8680270Z [RUN_FASTLANE] › Preparing Pods/StripePaymentSheet-StripePaymentSheetBundle » ResourceBundle-StripePaymentSheetBundle-StripePaymentSheet-Info.plist
build	Build iOS Locally on Free Cloud Mac	2026-08-23T00:17:46.8783610Z [RUN_FASTLANE] › Executing react-native Pods/React-RCTFBReactNativeSpec » [CP-User] [RN]Check FBReactNativeSpec
build	Build iOS Locally on Free Cloud Mac	2026-08-23T00:17:46.8884590Z [RUN_FASTLANE] › Preparing Pods/RNCAsyncStorage-RNCAsyncStorage_resources » ResourceBundle-RNCAsyncStorage_resources-RNCAsyncStorage-Info.plist
build	Build iOS Locally on Free Cloud Mac	2026-08-23T00:17:46.8988490Z [RUN_FASTLANE] › Copying   ios/build/Build/Intermediates.noindex/ArchiveIntermediates/Hence/IntermediateBuildFilesPath/UninstalledProducts/iphoneos/RNCAsyncStorage_resources.bundle/PrivacyInfo.xcprivacy ➜ ../../../../../var/folders/g3/pffjr_y96bq06blnkf72x_hw0000gn/T/eas-build-local-nodejs/3113b503-fe57-40ab-8a83-a993d2515c76/build/node_modules/@react-native-async-storage/async-storage/ios/PrivacyInfo.xcprivacy
build	Build iOS Locally on Free Cloud Mac	2026-08-23T00:17:46.9091610Z [RUN_FASTLANE] › Executing hencelogistics Pods/ReactCodegen » [CP-User] Generate Specs
build	Build iOS Locally on Free Cloud Mac	2026-08-23T00:17:47.0298230Z [RUN_FASTLANE] ⚠️  Script has ambiguous dependencies causing it to run on every build.
build	Build iOS Locally on Free Cloud Mac	2026-08-23T00:17:47.0415500Z    To fix, go to: Xcode » Hence/Hence » Build Phases » '[Expo Dev Launcher] Strip Local Network Keys for Release'
build	Build iOS Locally on Free Cloud Mac	2026-08-23T00:17:47.0539460Z    Either: Uncheck "Based on dependency analysis", or select output files to trigger the script
build	Build iOS Locally on Free Cloud Mac	2026-08-23T00:17:47.0658430Z 
build	Build iOS Locally on Free Cloud Mac	2026-08-23T00:17:47.0781890Z [RUN_FASTLANE] ▸ ** ARCHIVE FAILED **
build	Build iOS Locally on Free Cloud Mac	2026-08-23T00:17:47.0900660Z [RUN_FASTLANE] ▸ The following build commands failed:
build	Build iOS Locally on Free Cloud Mac	2026-08-23T00:17:47.1006570Z [RUN_FASTLANE] ▸ 	PhaseScriptExecution [CP-User]\ Build\ ExpoModulesJSI\ xcframework /var/folders/g3/pffjr_y96bq06blnkf72x_hw0000gn/T/eas-build-local-nodejs/3113b503-fe57-40ab-8a83-a993d2515c76/build/ios/build/Build/Intermediates.noindex/ArchiveIntermediates/Hence/IntermediateBuildFilesPath/Pods.build/Release-iphoneos/ExpoModulesJSI.build/Script-46EB2E0002C920.sh (in target 'ExpoModulesJSI' from project 'Pods')
build	Build iOS Locally on Free Cloud Mac	2026-08-23T00:17:47.1109440Z [RUN_FASTLANE] ▸ 	Archiving workspace Hence with scheme Hence
build	Build iOS Locally on Free Cloud Mac	2026-08-23T00:17:47.1211170Z [RUN_FASTLANE] ▸ (2 failures)
build	Build iOS Locally on Free Cloud Mac	2026-08-23T00:17:47.3773910Z [RUN_FASTLANE] Exit status: 65
build	Build iOS Locally on Free Cloud Mac	2026-08-23T00:17:47.4093570Z [RUN_FASTLANE] Maybe the error shown is caused by using the wrong version of Xcode
build	Build iOS Locally on Free Cloud Mac	2026-08-23T00:17:47.4209660Z [RUN_FASTLANE] Found multiple versions of Xcode in '/Applications/'
build	Build iOS Locally on Free Cloud Mac	2026-08-23T00:17:47.4326900Z [RUN_FASTLANE] [!] Error building the application - see the log above
build	Build iOS Locally on Free Cloud Mac	2026-08-23T00:17:47.4327560Z [RUN_FASTLANE] Make sure you selected the right version for your project
build	Build iOS Locally on Free Cloud Mac	2026-08-23T00:17:47.4437640Z [RUN_FASTLANE] This build process was executed using '/Applications/Xcode_16.1.app'
build	Build iOS Locally on Free Cloud Mac	2026-08-23T00:17:47.4539990Z [RUN_FASTLANE] If you want to update your Xcode path, either
build	Build iOS Locally on Free Cloud Mac	2026-08-23T00:17:47.4651900Z [RUN_FASTLANE] 
build	Build iOS Locally on Free Cloud Mac	2026-08-23T00:17:47.4754010Z [RUN_FASTLANE] - Specify the Xcode version in your Fastfile
build	Build iOS Locally on Free Cloud Mac	2026-08-23T00:17:47.4855940Z [RUN_FASTLANE] ▸ xcversion(version: "8.1") # Selects Xcode 8.1.0
build	Build iOS Locally on Free Cloud Mac	2026-08-23T00:17:47.4968210Z [RUN_FASTLANE] 
build	Build iOS Locally on Free Cloud Mac	2026-08-23T00:17:47.5079430Z [RUN_FASTLANE] - Specify an absolute path to your Xcode installation in your Fastfile
build	Build iOS Locally on Free Cloud Mac	2026-08-23T00:17:47.5181330Z [RUN_FASTLANE] ▸ xcode_select "/Applications/Xcode8.app"
build	Build iOS Locally on Free Cloud Mac	2026-08-23T00:17:47.5281310Z [RUN_FASTLANE] 
build	Build iOS Locally on Free Cloud Mac	2026-08-23T00:17:47.5382010Z [RUN_FASTLANE] Error: The "Run fastlane" step failed because of an error in the Xcode build process. We automatically detected following errors in your Xcode build logs:
build	Build iOS Locally on Free Cloud Mac	2026-08-23T00:17:47.5383220Z [RUN_FASTLANE] - Manually update the path using
build	Build iOS Locally on Free Cloud Mac	2026-08-23T00:17:47.5481770Z - Could not resolve package dependencies:
build	Build iOS Locally on Free Cloud Mac	2026-08-23T00:17:47.5482510Z [RUN_FASTLANE] ▸ sudo xcode-select -s /Applications/Xcode.app
build	Build iOS Locally on Free Cloud Mac	2026-08-23T00:17:47.5582900Z Refer to "Xcode Logs" below for additional, more detailed logs.
build	Build iOS Locally on Free Cloud Mac	2026-08-23T00:17:47.5583310Z [RUN_FASTLANE] 
build	Build iOS Locally on Free Cloud Mac	2026-08-23T00:17:47.5689010Z [RUN_FASTLANE] +--------------------------------------------+
build	Build iOS Locally on Free Cloud Mac	2026-08-23T00:17:47.5786630Z [RUN_FASTLANE] |             Build environment              |
build	Build iOS Locally on Free Cloud Mac	2026-08-23T00:17:47.5886960Z [RUN_FASTLANE] +-------------+------------------------------+
build	Build iOS Locally on Free Cloud Mac	2026-08-23T00:17:47.5987530Z [RUN_FASTLANE] | xcode_path  | /Applications/Xcode_16.1.app |
build	Build iOS Locally on Free Cloud Mac	2026-08-23T00:17:47.6088770Z [RUN_FASTLANE] | gym_version | 2.236.1                      |
build	Build iOS Locally on Free Cloud Mac	2026-08-23T00:17:47.6189250Z [RUN_FASTLANE] | sdk         | iPhoneOS18.1.sdk             |
build	Build iOS Locally on Free Cloud Mac	2026-08-23T00:17:47.6299030Z [RUN_FASTLANE] +-------------+------------------------------+
build	Build iOS Locally on Free Cloud Mac	2026-08-23T00:17:47.6405650Z [RUN_FASTLANE] 
build	Build iOS Locally on Free Cloud Mac	2026-08-23T00:17:47.6508650Z [RUN_FASTLANE] 
build	Build iOS Locally on Free Cloud Mac	2026-08-23T00:17:47.6615820Z [RUN_FASTLANE] Looks like fastlane ran into a build/archive error with your project
build	Build iOS Locally on Free Cloud Mac	2026-08-23T00:17:47.6718100Z [RUN_FASTLANE] It's hard to tell what's causing the error, so we wrote some guides on how
build	Build iOS Locally on Free Cloud Mac	2026-08-23T00:17:47.6820080Z [RUN_FASTLANE] to troubleshoot build and signing issues: https://docs.fastlane.tools/codesigning/getting-started/
build	Build iOS Locally on Free Cloud Mac	2026-08-23T00:17:47.6925510Z [RUN_FASTLANE] Before submitting an issue on GitHub, please follow the guide above and make
build	Build iOS Locally on Free Cloud Mac	2026-08-23T00:17:47.7027010Z [RUN_FASTLANE] sure your project is set up correctly.
build	Build iOS Locally on Free Cloud Mac	2026-08-23T00:17:47.7129440Z [RUN_FASTLANE] fastlane uses `xcodebuild` commands to generate your binary, you can see the
build	Build iOS Locally on Free Cloud Mac	2026-08-23T00:17:47.7230930Z [RUN_FASTLANE] the full commands printed out in yellow in the above log.
build	Build iOS Locally on Free Cloud Mac	2026-08-23T00:17:47.7334510Z [RUN_FASTLANE] Make sure to inspect the output above, as usually you'll find more error information there
build	Build iOS Locally on Free Cloud Mac	2026-08-23T00:17:47.7439480Z [CLEAN_UP_CREDENTIALS] Destroying keychain - /var/folders/g3/pffjr_y96bq06blnkf72x_hw0000gn/T/eas-build-cfe8f36a-dec1-43a2-aed9-d9e5c32a88b3.keychain
build	Build iOS Locally on Free Cloud Mac	2026-08-23T00:17:50.2984480Z 
build	Build iOS Locally on Free Cloud Mac	2026-08-23T00:17:50.2988140Z [CLEAN_UP_CREDENTIALS] Removing provisioning profile
build	Build iOS Locally on Free Cloud Mac	2026-08-23T00:17:50.3089350Z Build failed
build	Build iOS Locally on Free Cloud Mac	2026-08-23T00:18:00.8449740Z The "Run fastlane" step failed because of an error in the Xcode build process. We automatically detected following errors in your Xcode build logs:
build	Build iOS Locally on Free Cloud Mac	2026-08-23T00:18:00.8451660Z Error: The "Run fastlane" step failed because of an error in the Xcode build process. We automatically detected following errors in your Xcode build logs:
build	Build iOS Locally on Free Cloud Mac	2026-08-23T00:18:00.8546410Z - Could not resolve package dependencies:
build	Build iOS Locally on Free Cloud Mac	2026-08-23T00:18:00.8547040Z - Could not resolve package dependencies:
build	Build iOS Locally on Free Cloud Mac	2026-08-23T00:18:00.8649570Z Refer to "Xcode Logs" below for additional, more detailed logs.
build	Build iOS Locally on Free Cloud Mac	2026-08-23T00:18:00.8651010Z Refer to "Xcode Logs" below for additional, more detailed logs.
build	Build iOS Locally on Free Cloud Mac	2026-08-23T00:18:00.8749520Z     at resolveBuildPhaseErrorAsync (/Users/runner/.npm/_npx/cec30832843bb978/node_modules/@expo/build-tools/dist/buildErrors/detectError.js:61:12)
build	Build iOS Locally on Free Cloud Mac	2026-08-23T00:18:00.8850340Z     at async BuildContext.handleBuildPhaseErrorAsync (/Users/runner/.npm/_npx/cec30832843bb978/node_modules/@expo/build-tools/dist/context.js:193:28)
build	Build iOS Locally on Free Cloud Mac	2026-08-23T00:18:00.8952820Z     at async BuildContext.runBuildPhase (/Users/runner/.npm/_npx/cec30832843bb978/node_modules/@expo/build-tools/dist/context.js:138:35)
build	Build iOS Locally on Free Cloud Mac	2026-08-23T00:18:00.9054060Z     at async buildInnerAsync (/Users/runner/.npm/_npx/cec30832843bb978/node_modules/@expo/build-tools/dist/builders/ios.js:152:26)
build	Build iOS Locally on Free Cloud Mac	2026-08-23T00:18:00.9155170Z     at async buildAsync (/Users/runner/.npm/_npx/cec30832843bb978/node_modules/@expo/build-tools/dist/builders/ios.js:56:9)
build	Build iOS Locally on Free Cloud Mac	2026-08-23T00:18:00.9255610Z     at async runBuilderWithHooksAsync (/Users/runner/.npm/_npx/cec30832843bb978/node_modules/@expo/build-tools/dist/builders/common.js:13:13)
build	Build iOS Locally on Free Cloud Mac	2026-08-23T00:18:00.9360140Z     at async Object.iosBuilder (/Users/runner/.npm/_npx/cec30832843bb978/node_modules/@expo/build-tools/dist/builders/ios.js:41:16)
build	Build iOS Locally on Free Cloud Mac	2026-08-23T00:18:00.9460080Z     at async buildIosAsync (/Users/runner/.npm/_npx/cec30832843bb978/node_modules/eas-cli-local-build-plugin/dist/ios.js:43:12)
build	Build iOS Locally on Free Cloud Mac	2026-08-23T00:18:00.9564290Z     at async buildAsync (/Users/runner/.npm/_npx/cec30832843bb978/node_modules/eas-cli-local-build-plugin/dist/build.js:58:29)
build	Build iOS Locally on Free Cloud Mac	2026-08-23T00:18:00.9665810Z     at async main (/Users/runner/.npm/_npx/cec30832843bb978/node_modules/eas-cli-local-build-plugin/dist/main.js:16:9)
build	Build iOS Locally on Free Cloud Mac	2026-08-23T00:18:00.9764350Z 
build	Build iOS Locally on Free Cloud Mac	2026-08-23T00:18:00.9865480Z Build context (for debugging this failed local build):
build	Build iOS Locally on Free Cloud Mac	2026-08-23T00:18:00.9966880Z     Error: build command failed.
build	Build iOS Locally on Free Cloud Mac	2026-08-23T00:18:00.9967350Z   Platform: ios
build	Build iOS Locally on Free Cloud Mac	2026-08-23T00:18:01.0066990Z   Build profile: production
build	Build iOS Locally on Free Cloud Mac	2026-08-23T00:18:01.0168400Z   Workflow: managed
build	Build iOS Locally on Free Cloud Mac	2026-08-23T00:18:01.0268570Z   Distribution: store
build	Build iOS Locally on Free Cloud Mac	2026-08-23T00:18:01.0369890Z   Credentials source: remote
build	Build iOS Locally on Free Cloud Mac	2026-08-23T00:18:01.0470440Z   Project root directory: .
build	Build iOS Locally on Free Cloud Mac	2026-08-23T00:18:01.0571480Z   Required package manager: npm
build	Build iOS Locally on Free Cloud Mac	2026-08-23T00:18:01.0672080Z   eas-cli version: 22.2.0
build	Build iOS Locally on Free Cloud Mac	2026-08-23T00:18:01.0774220Z   SDK version: 57.0.0
build	Build iOS Locally on Free Cloud Mac	2026-08-23T00:18:01.0874510Z   React Native version: 0.86.2
build	Build iOS Locally on Free Cloud Mac	2026-08-23T00:18:01.0974720Z   Expo package version: 57.0.13
build	Build iOS Locally on Free Cloud Mac	2026-08-23T00:18:01.1074630Z   App version: 1.0.0
build	Build iOS Locally on Free Cloud Mac	2026-08-23T00:18:01.1175910Z   Fingerprint hash: 806d5b90352c97dcb178753f72b8097a60240bc4
build	Build iOS Locally on Free Cloud Mac	2026-08-23T00:18:01.1276920Z   Build tracking ID: a3747a92-cdf9-417a-8f99-de5b178061c9
build	Build iOS Locally on Free Cloud Mac	2026-08-23T00:18:01.1377380Z   Project ID: b0ad43f4-c5c8-4274-9639-2f6965170365
build	Build iOS Locally on Free Cloud Mac	2026-08-23T00:18:01.1478410Z npx -y eas-cli-local-build-plugin@22.0.0 exited with non-zero code: 1
build	Build iOS Locally on Free Cloud Mac	2026-08-23T00:18:01.1597110Z ##[error]Process completed with exit code 1.
build	Post Checkout Code	﻿2026-08-23T00:18:01.1877880Z Node 20 is being deprecated. This workflow is running with Node 24 by default. If you need to temporarily use Node 20, you can set the ACTIONS_ALLOW_USE_UNSECURE_NODE_VERSION=true environment variable. For more information see: https://github.blog/changelog/2025-09-19-deprecation-of-node-20-on-github-actions-runners/
build	Post Checkout Code	2026-08-23T00:18:01.1880570Z Post job cleanup.
build	Complete job	﻿2026-08-23T00:18:01.7231730Z Cleaning up orphan processes
build	Complete job	2026-08-23T00:18:02.0550440Z Terminate orphan process: pid (11158) (ibtoold)
build	Complete job	2026-08-23T00:18:02.1133560Z Terminate orphan process: pid (10462) (ibtoold)
build	Complete job	2026-08-23T00:18:02.1749710Z Terminate orphan process: pid (10221) (ibtoold)
build	Complete job	2026-08-23T00:18:04.4131620Z ##[warning]Node.js 20 is deprecated. The following actions target Node.js 20 but are being forced to run on Node.js 24: actions/checkout@v4, actions/setup-node@v4. For more information see: https://github.blog/changelog/2025-09-19-deprecation-of-node-20-on-github-actions-runners/
