build	Set up job	﻿2026-08-22T21:24:46.8121610Z Current runner version: '2.336.0'
build	Set up job	2026-08-22T21:24:46.8137170Z ##[group]Runner Image Provisioner
build	Set up job	2026-08-22T21:24:46.8137710Z Hosted Compute Agent
build	Set up job	2026-08-22T21:24:46.8138080Z Version: 20260624.560
build	Set up job	2026-08-22T21:24:46.8138500Z Commit: 925d229a51159bc391ae97e54a2dd1fe20af789d
build	Set up job	2026-08-22T21:24:46.8138980Z Build Date: 2026-06-24T18:26:47Z
build	Set up job	2026-08-22T21:24:46.8139420Z Worker ID: {9e7dab2f-2690-42c7-8a77-86922c956a0a}
build	Set up job	2026-08-22T21:24:46.8139890Z Azure Region: westus
build	Set up job	2026-08-22T21:24:46.8140260Z ##[endgroup]
build	Set up job	2026-08-22T21:24:46.8141140Z ##[group]Operating System
build	Set up job	2026-08-22T21:24:46.8141550Z macOS
build	Set up job	2026-08-22T21:24:46.8141890Z 14.8.7
build	Set up job	2026-08-22T21:24:46.8142220Z 23J520
build	Set up job	2026-08-22T21:24:46.8142560Z ##[endgroup]
build	Set up job	2026-08-22T21:24:46.8142920Z ##[group]Runner Image
build	Set up job	2026-08-22T21:24:46.8143320Z Image: macos-14-arm64
build	Set up job	2026-08-22T21:24:46.8143700Z Version: 20260629.0180.1
build	Set up job	2026-08-22T21:24:46.8144460Z Included Software: https://github.com/actions/runner-images/blob/macos-14-arm64/20260629.0180/images/macos/macos-14-arm64-Readme.md
build	Set up job	2026-08-22T21:24:46.8145600Z Image Release: https://github.com/actions/runner-images/releases/tag/macos-14-arm64%2F20260629.0180
build	Set up job	2026-08-22T21:24:46.8146270Z ##[endgroup]
build	Set up job	2026-08-22T21:24:46.8147050Z ##[group]GITHUB_TOKEN Permissions
build	Set up job	2026-08-22T21:24:46.8148040Z Contents: read
build	Set up job	2026-08-22T21:24:46.8148410Z Metadata: read
build	Set up job	2026-08-22T21:24:46.8148770Z Packages: read
build	Set up job	2026-08-22T21:24:46.8149150Z ##[endgroup]
build	Set up job	2026-08-22T21:24:46.8150410Z Secret source: Actions
build	Set up job	2026-08-22T21:24:46.8151060Z Prepare workflow directory
build	Set up job	2026-08-22T21:24:46.8377440Z Prepare all required actions
build	Set up job	2026-08-22T21:24:46.8410820Z Getting action download info
build	Set up job	2026-08-22T21:24:46.9719700Z Download action repository 'actions/checkout@v4' (SHA:11d5960a326750d5838078e36cf38b85af677262)
build	Set up job	2026-08-22T21:24:47.9902460Z Download action repository 'actions/setup-node@v4' (SHA:49933ea5288caeca8642d1e84afbd3f7d6820020)
build	Set up job	2026-08-22T21:24:48.1299670Z Download action repository 'maxim-lobanov/setup-xcode@v1' (SHA:ed7a3b1fda3918c0306d1b724322adc0b8cc0a90)
build	Set up job	2026-08-22T21:24:48.7712670Z Download action repository 'actions/upload-artifact@v4' (SHA:ea165f8d65b6e75b540449e92b4886f43607fa02)
build	Set up job	2026-08-22T21:24:48.9500200Z Complete job name: build
build	Checkout Code	﻿2026-08-22T21:24:49.0058250Z Node 20 is being deprecated. This workflow is running with Node 24 by default. If you need to temporarily use Node 20, you can set the ACTIONS_ALLOW_USE_UNSECURE_NODE_VERSION=true environment variable. For more information see: https://github.blog/changelog/2025-09-19-deprecation-of-node-20-on-github-actions-runners/
build	Checkout Code	2026-08-22T21:24:49.0065460Z ##[group]Run actions/checkout@v4
build	Checkout Code	2026-08-22T21:24:49.0066210Z with:
build	Checkout Code	2026-08-22T21:24:49.0066780Z   repository: olamicreas/HenceLogistics
build	Checkout Code	2026-08-22T21:24:49.0072280Z   token: ***
build	Checkout Code	2026-08-22T21:24:49.0072830Z   ssh-strict: true
build	Checkout Code	2026-08-22T21:24:49.0073390Z   ssh-user: git
build	Checkout Code	2026-08-22T21:24:49.0073960Z   persist-credentials: true
build	Checkout Code	2026-08-22T21:24:49.0074580Z   clean: true
build	Checkout Code	2026-08-22T21:24:49.0075160Z   sparse-checkout-cone-mode: true
build	Checkout Code	2026-08-22T21:24:49.0075850Z   fetch-depth: 1
build	Checkout Code	2026-08-22T21:24:49.0076410Z   fetch-tags: false
build	Checkout Code	2026-08-22T21:24:49.0076970Z   show-progress: true
build	Checkout Code	2026-08-22T21:24:49.0077550Z   lfs: false
build	Checkout Code	2026-08-22T21:24:49.0078090Z   submodules: false
build	Checkout Code	2026-08-22T21:24:49.0078710Z   set-safe-directory: true
build	Checkout Code	2026-08-22T21:24:49.0079370Z   allow-unsafe-pr-checkout: false
build	Checkout Code	2026-08-22T21:24:49.0080130Z ##[endgroup]
build	Checkout Code	2026-08-22T21:24:49.2799940Z Syncing repository: olamicreas/HenceLogistics
build	Checkout Code	2026-08-22T21:24:49.2801510Z ##[group]Getting Git version info
build	Checkout Code	2026-08-22T21:24:49.2802010Z Working directory is '/Users/runner/work/HenceLogistics/HenceLogistics'
build	Checkout Code	2026-08-22T21:24:49.2802580Z [command]/opt/homebrew/bin/git version
build	Checkout Code	2026-08-22T21:24:49.3233280Z git version 2.54.0
build	Checkout Code	2026-08-22T21:24:49.3246260Z ##[endgroup]
build	Checkout Code	2026-08-22T21:24:49.3251490Z Copying '/Users/runner/.gitconfig' to '/Users/runner/work/_temp/6eb2cb68-ea35-41d4-8ce2-035d319fb180/.gitconfig'
build	Checkout Code	2026-08-22T21:24:49.3256620Z Temporarily overriding HOME='/Users/runner/work/_temp/6eb2cb68-ea35-41d4-8ce2-035d319fb180' before making global git config changes
build	Checkout Code	2026-08-22T21:24:49.3257930Z Adding repository directory to the temporary git global config as a safe directory
build	Checkout Code	2026-08-22T21:24:49.3259780Z [command]/opt/homebrew/bin/git config --global --add safe.directory /Users/runner/work/HenceLogistics/HenceLogistics
build	Checkout Code	2026-08-22T21:24:49.3344140Z Deleting the contents of '/Users/runner/work/HenceLogistics/HenceLogistics'
build	Checkout Code	2026-08-22T21:24:49.3346930Z ##[group]Initializing the repository
build	Checkout Code	2026-08-22T21:24:49.3350840Z [command]/opt/homebrew/bin/git init /Users/runner/work/HenceLogistics/HenceLogistics
build	Checkout Code	2026-08-22T21:24:49.3501830Z hint: Using 'master' as the name for the initial branch. This default branch name
build	Checkout Code	2026-08-22T21:24:49.3502480Z hint: will change to "main" in Git 3.0. To configure the initial branch name
build	Checkout Code	2026-08-22T21:24:49.3503010Z hint: to use in all of your new repositories, which will suppress this warning,
build	Checkout Code	2026-08-22T21:24:49.3503380Z hint: call:
build	Checkout Code	2026-08-22T21:24:49.3503590Z hint:
build	Checkout Code	2026-08-22T21:24:49.3503910Z hint: 	git config --global init.defaultBranch <name>
build	Checkout Code	2026-08-22T21:24:49.3504240Z hint:
build	Checkout Code	2026-08-22T21:24:49.3504530Z hint: Names commonly chosen instead of 'master' are 'main', 'trunk' and
build	Checkout Code	2026-08-22T21:24:49.3505050Z hint: 'development'. The just-created branch can be renamed via this command:
build	Checkout Code	2026-08-22T21:24:49.3505400Z hint:
build	Checkout Code	2026-08-22T21:24:49.3505600Z hint: 	git branch -m <name>
build	Checkout Code	2026-08-22T21:24:49.3505830Z hint:
build	Checkout Code	2026-08-22T21:24:49.3506170Z hint: Disable this message with "git config set advice.defaultBranchName false"
build	Checkout Code	2026-08-22T21:24:49.3506700Z Initialized empty Git repository in /Users/runner/work/HenceLogistics/HenceLogistics/.git/
build	Checkout Code	2026-08-22T21:24:49.3510900Z [command]/opt/homebrew/bin/git remote add origin https://github.com/olamicreas/HenceLogistics
build	Checkout Code	2026-08-22T21:24:49.3556330Z ##[endgroup]
build	Checkout Code	2026-08-22T21:24:49.3556710Z ##[group]Disabling automatic garbage collection
build	Checkout Code	2026-08-22T21:24:49.3558530Z [command]/opt/homebrew/bin/git config --local gc.auto 0
build	Checkout Code	2026-08-22T21:24:49.3596850Z ##[endgroup]
build	Checkout Code	2026-08-22T21:24:49.3597380Z ##[group]Setting up auth
build	Checkout Code	2026-08-22T21:24:49.3598600Z [command]/opt/homebrew/bin/git config --local --name-only --get-regexp core\.sshCommand
build	Checkout Code	2026-08-22T21:24:49.3635080Z [command]/opt/homebrew/bin/git submodule foreach --recursive sh -c "git config --local --name-only --get-regexp 'core\.sshCommand' && git config --local --unset-all 'core.sshCommand' || :"
build	Checkout Code	2026-08-22T21:24:49.4393210Z [command]/opt/homebrew/bin/git config --local --name-only --get-regexp http\.https\:\/\/github\.com\/\.extraheader
build	Checkout Code	2026-08-22T21:24:49.4428590Z [command]/opt/homebrew/bin/git submodule foreach --recursive sh -c "git config --local --name-only --get-regexp 'http\.https\:\/\/github\.com\/\.extraheader' && git config --local --unset-all 'http.https://github.com/.extraheader' || :"
build	Checkout Code	2026-08-22T21:24:49.4866290Z [command]/opt/homebrew/bin/git config --local --name-only --get-regexp ^includeIf\.gitdir:
build	Checkout Code	2026-08-22T21:24:49.4902790Z [command]/opt/homebrew/bin/git submodule foreach --recursive git config --local --show-origin --name-only --get-regexp remote.origin.url
build	Checkout Code	2026-08-22T21:24:49.5342650Z [command]/opt/homebrew/bin/git config --local http.https://github.com/.extraheader AUTHORIZATION: basic ***
build	Checkout Code	2026-08-22T21:24:49.5381940Z ##[endgroup]
build	Checkout Code	2026-08-22T21:24:49.5382390Z ##[group]Fetching the repository
build	Checkout Code	2026-08-22T21:24:49.5386760Z [command]/opt/homebrew/bin/git -c protocol.version=2 fetch --no-tags --prune --no-recurse-submodules --depth=1 origin +d812b3d093c7432586154c938a124ade86daa212:refs/remotes/origin/main
build	Checkout Code	2026-08-22T21:24:50.4905780Z From https://github.com/olamicreas/HenceLogistics
build	Checkout Code	2026-08-22T21:24:50.4906570Z  * [new ref]         d812b3d093c7432586154c938a124ade86daa212 -> origin/main
build	Checkout Code	2026-08-22T21:24:50.4975330Z ##[endgroup]
build	Checkout Code	2026-08-22T21:24:50.4975900Z ##[group]Determining the checkout info
build	Checkout Code	2026-08-22T21:24:50.4976800Z ##[endgroup]
build	Checkout Code	2026-08-22T21:24:50.4977310Z [command]/opt/homebrew/bin/git sparse-checkout disable
build	Checkout Code	2026-08-22T21:24:50.5036520Z [command]/opt/homebrew/bin/git config --local --unset-all extensions.worktreeConfig
build	Checkout Code	2026-08-22T21:24:50.5085650Z ##[group]Checking out the ref
build	Checkout Code	2026-08-22T21:24:50.5089110Z [command]/opt/homebrew/bin/git checkout --progress --force -B main refs/remotes/origin/main
build	Checkout Code	2026-08-22T21:24:50.5611980Z Switched to a new branch 'main'
build	Checkout Code	2026-08-22T21:24:50.5631300Z branch 'main' set up to track 'origin/main'.
build	Checkout Code	2026-08-22T21:24:50.5654890Z ##[endgroup]
build	Checkout Code	2026-08-22T21:24:50.5692770Z [command]/opt/homebrew/bin/git log -1 --format=%H
build	Checkout Code	2026-08-22T21:24:50.5738130Z d812b3d093c7432586154c938a124ade86daa212
build	Setup Node	﻿2026-08-22T21:24:50.5940760Z Node 20 is being deprecated. This workflow is running with Node 24 by default. If you need to temporarily use Node 20, you can set the ACTIONS_ALLOW_USE_UNSECURE_NODE_VERSION=true environment variable. For more information see: https://github.blog/changelog/2025-09-19-deprecation-of-node-20-on-github-actions-runners/
build	Setup Node	2026-08-22T21:24:50.5942240Z ##[group]Run actions/setup-node@v4
build	Setup Node	2026-08-22T21:24:50.5942530Z with:
build	Setup Node	2026-08-22T21:24:50.5942690Z   node-version: 22.x
build	Setup Node	2026-08-22T21:24:50.5942870Z   cache: npm
build	Setup Node	2026-08-22T21:24:50.5943030Z   always-auth: false
build	Setup Node	2026-08-22T21:24:50.5943180Z   check-latest: false
build	Setup Node	2026-08-22T21:24:50.5945300Z   token: ***
build	Setup Node	2026-08-22T21:24:50.5945440Z ##[endgroup]
build	Setup Node	2026-08-22T21:24:50.7029190Z Found in cache @ /Users/runner/hostedtoolcache/node/22.23.1/arm64
build	Setup Node	2026-08-22T21:24:50.7031700Z (node:2023) [DEP0040] DeprecationWarning: The `punycode` module is deprecated. Please use a userland alternative instead.
build	Setup Node	2026-08-22T21:24:50.7032280Z (Use `node --trace-deprecation ...` to show where the warning was created)
build	Setup Node	2026-08-22T21:24:50.7033110Z ##[group]Environment details
build	Setup Node	2026-08-22T21:24:51.0326560Z node: v22.23.1
build	Setup Node	2026-08-22T21:24:51.0326840Z npm: 10.9.8
build	Setup Node	2026-08-22T21:24:51.0327270Z yarn: 1.22.22
build	Setup Node	2026-08-22T21:24:51.0327860Z ##[endgroup]
build	Setup Node	2026-08-22T21:24:51.0339880Z [command]/Users/runner/hostedtoolcache/node/22.23.1/arm64/bin/npm config get cache
build	Setup Node	2026-08-22T21:24:51.2868050Z /Users/runner/.npm
build	Setup Node	2026-08-22T21:24:51.3860790Z npm cache is not found
build	Force Xcode 16.1 System-Wide	﻿2026-08-22T21:24:51.3919130Z ##[group]Run maxim-lobanov/setup-xcode@v1
build	Force Xcode 16.1 System-Wide	2026-08-22T21:24:51.3919450Z with:
build	Force Xcode 16.1 System-Wide	2026-08-22T21:24:51.3919620Z   xcode-version: 16.1
build	Force Xcode 16.1 System-Wide	2026-08-22T21:24:51.3920010Z ##[endgroup]
build	Force Xcode 16.1 System-Wide	2026-08-22T21:24:51.4454380Z Switching Xcode to version '16.1'...
build	Force Xcode 16.1 System-Wide	2026-08-22T21:24:51.4925910Z Xcode is set to 16.1.0 (16B40)
build	Install Project Dependencies	﻿2026-08-22T21:24:51.4993180Z ##[group]Run npm install
build	Install Project Dependencies	2026-08-22T21:24:51.4993430Z ^[[36;1mnpm install^[[0m
build	Install Project Dependencies	2026-08-22T21:24:51.4993680Z ^[[36;1mnpx expo install react-native-webview^[[0m
build	Install Project Dependencies	2026-08-22T21:24:51.4993960Z ^[[36;1mnpm install -g eas-cli^[[0m
build	Install Project Dependencies	2026-08-22T21:24:51.5056290Z shell: /bin/bash -e {0}
build	Install Project Dependencies	2026-08-22T21:24:51.5056540Z env:
build	Install Project Dependencies	2026-08-22T21:24:51.5056730Z   MD_APPLE_SDK_ROOT: /Applications/Xcode_16.1.app
build	Install Project Dependencies	2026-08-22T21:24:51.5056980Z ##[endgroup]
build	Install Project Dependencies	2026-08-22T21:24:54.0575110Z npm warn deprecated text-encoding@0.7.0: no longer maintained
build	Install Project Dependencies	2026-08-22T21:25:03.0404200Z 
build	Install Project Dependencies	2026-08-22T21:25:03.0405650Z added 742 packages, and audited 743 packages in 11s
build	Install Project Dependencies	2026-08-22T21:25:03.0412590Z 
build	Install Project Dependencies	2026-08-22T21:25:03.0413390Z 102 packages are looking for funding
build	Install Project Dependencies	2026-08-22T21:25:03.0420370Z   run `npm fund` for details
build	Install Project Dependencies	2026-08-22T21:25:03.0885840Z 
build	Install Project Dependencies	2026-08-22T21:25:03.0886840Z 24 vulnerabilities (1 low, 14 moderate, 9 high)
build	Install Project Dependencies	2026-08-22T21:25:03.0887130Z 
build	Install Project Dependencies	2026-08-22T21:25:03.0887520Z To address issues that do not require attention, run:
build	Install Project Dependencies	2026-08-22T21:25:03.0888050Z   npm audit fix
build	Install Project Dependencies	2026-08-22T21:25:03.0888160Z 
build	Install Project Dependencies	2026-08-22T21:25:03.0888440Z To address all issues (including breaking changes), run:
build	Install Project Dependencies	2026-08-22T21:25:03.0888930Z   npm audit fix --force
build	Install Project Dependencies	2026-08-22T21:25:03.0889170Z 
build	Install Project Dependencies	2026-08-22T21:25:03.0889270Z Run `npm audit` for details.
build	Install Project Dependencies	2026-08-22T21:25:03.8232840Z › Installing 1 SDK 57.0.0 compatible native module using npm
build	Install Project Dependencies	2026-08-22T21:25:03.8333110Z > npm install
build	Install Project Dependencies	2026-08-22T21:25:05.8873350Z 
build	Install Project Dependencies	2026-08-22T21:25:05.8874090Z added 1 package, and audited 744 packages in 2s
build	Install Project Dependencies	2026-08-22T21:25:05.8874420Z 
build	Install Project Dependencies	2026-08-22T21:25:05.8874650Z 102 packages are looking for funding
build	Install Project Dependencies	2026-08-22T21:25:05.8875050Z   run `npm fund` for details
build	Install Project Dependencies	2026-08-22T21:25:05.9328000Z 
build	Install Project Dependencies	2026-08-22T21:25:05.9328820Z 24 vulnerabilities (1 low, 14 moderate, 9 high)
build	Install Project Dependencies	2026-08-22T21:25:05.9329330Z 
build	Install Project Dependencies	2026-08-22T21:25:05.9329890Z To address issues that do not require attention, run:
build	Install Project Dependencies	2026-08-22T21:25:05.9330300Z   npm audit fix
build	Install Project Dependencies	2026-08-22T21:25:05.9330590Z 
build	Install Project Dependencies	2026-08-22T21:25:05.9330920Z To address all issues (including breaking changes), run:
build	Install Project Dependencies	2026-08-22T21:25:05.9332370Z   npm audit fix --force
build	Install Project Dependencies	2026-08-22T21:25:05.9332810Z 
build	Install Project Dependencies	2026-08-22T21:25:05.9333020Z Run `npm audit` for details.
build	Install Project Dependencies	2026-08-22T21:25:15.3454140Z npm warn deprecated inflight@1.0.6: This module is not supported, and leaks memory. Do not use it. Check out lru-cache if you want a good and tested way to coalesce async requests by a key value, which is much more comprehensive and powerful.
build	Install Project Dependencies	2026-08-22T21:25:15.5793840Z npm warn deprecated rimraf@2.4.5: Rimraf versions prior to v4 are no longer supported
build	Install Project Dependencies	2026-08-22T21:25:15.5944180Z npm warn deprecated glob@6.0.4: Old versions of glob are not supported, and contain widely publicized security vulnerabilities, which have been fixed in the current version. Please update. Support for old versions may be purchased (at exorbitant rates) by contacting i@izs.me
build	Install Project Dependencies	2026-08-22T21:25:15.6627230Z npm warn deprecated lodash.get@4.4.2: This package is deprecated. Use the optional chaining (?.) operator instead.
build	Install Project Dependencies	2026-08-22T21:25:16.6685440Z npm warn deprecated uuid@7.0.3: uuid@10 and below is no longer supported.  For ESM codebases, update to uuid@latest.  For CommonJS codebases, use uuid@11 (but be aware this version will likely be deprecated in 2028).
build	Install Project Dependencies	2026-08-22T21:25:16.9189330Z npm warn deprecated uuid@8.3.2: uuid@10 and below is no longer supported.  For ESM codebases, update to uuid@latest.  For CommonJS codebases, use uuid@11 (but be aware this version will likely be deprecated in 2028).
build	Install Project Dependencies	2026-08-22T21:25:16.9343620Z npm warn deprecated uuid@8.3.2: uuid@10 and below is no longer supported.  For ESM codebases, update to uuid@latest.  For CommonJS codebases, use uuid@11 (but be aware this version will likely be deprecated in 2028).
build	Install Project Dependencies	2026-08-22T21:25:17.0160180Z npm warn deprecated uuid@9.0.1: uuid@10 and below is no longer supported.  For ESM codebases, update to uuid@latest.  For CommonJS codebases, use uuid@11 (but be aware this version will likely be deprecated in 2028).
build	Install Project Dependencies	2026-08-22T21:25:17.0569870Z npm warn deprecated glob@10.5.0: Old versions of glob are not supported, and contain widely publicized security vulnerabilities, which have been fixed in the current version. Please update. Support for old versions may be purchased (at exorbitant rates) by contacting i@izs.me
build	Install Project Dependencies	2026-08-22T21:25:17.0632530Z npm warn deprecated glob@10.5.0: Old versions of glob are not supported, and contain widely publicized security vulnerabilities, which have been fixed in the current version. Please update. Support for old versions may be purchased (at exorbitant rates) by contacting i@izs.me
build	Install Project Dependencies	2026-08-22T21:25:17.0722290Z npm warn deprecated glob@10.5.0: Old versions of glob are not supported, and contain widely publicized security vulnerabilities, which have been fixed in the current version. Please update. Support for old versions may be purchased (at exorbitant rates) by contacting i@izs.me
build	Install Project Dependencies	2026-08-22T21:25:33.3571850Z 
build	Install Project Dependencies	2026-08-22T21:25:33.3573270Z added 518 packages in 27s
build	Install Project Dependencies	2026-08-22T21:25:33.3573860Z 
build	Install Project Dependencies	2026-08-22T21:25:33.3574460Z 70 packages are looking for funding
build	Install Project Dependencies	2026-08-22T21:25:33.3575670Z   run `npm fund` for details
build	Configure Sandbox Environment & Bypasses	﻿2026-08-22T21:25:33.3732160Z ##[group]Run # 1. Prevent SPM Rate Limiting by Apple/GitHub
build	Configure Sandbox Environment & Bypasses	2026-08-22T21:25:33.3732730Z ^[[36;1m# 1. Prevent SPM Rate Limiting by Apple/GitHub^[[0m
build	Configure Sandbox Environment & Bypasses	2026-08-22T21:25:33.3733060Z ^[[36;1mrm -rf .git^[[0m
build	Configure Sandbox Environment & Bypasses	2026-08-22T21:25:33.3733340Z ^[[36;1m^[[0m
build	Configure Sandbox Environment & Bypasses	2026-08-22T21:25:33.3733580Z ^[[36;1m# 2. Inject Sandbox Variables into eas.json^[[0m
build	Configure Sandbox Environment & Bypasses	2026-08-22T21:25:33.3734020Z ^[[36;1mnode -e "^[[0m
build	Configure Sandbox Environment & Bypasses	2026-08-22T21:25:33.3734290Z ^[[36;1mconst fs = require('fs');^[[0m
build	Configure Sandbox Environment & Bypasses	2026-08-22T21:25:33.3734680Z ^[[36;1mconst eas = JSON.parse(fs.readFileSync('eas.json', 'utf8'));^[[0m
build	Configure Sandbox Environment & Bypasses	2026-08-22T21:25:33.3735030Z ^[[36;1meas.build = eas.build || {};^[[0m
build	Configure Sandbox Environment & Bypasses	2026-08-22T21:25:33.3739030Z ^[[36;1meas.build.production = eas.build.production || {};^[[0m
build	Configure Sandbox Environment & Bypasses	2026-08-22T21:25:33.3739450Z ^[[36;1meas.build.production.env = eas.build.production.env || {};^[[0m
build	Configure Sandbox Environment & Bypasses	2026-08-22T21:25:33.3739910Z ^[[36;1m^[[0m
build	Configure Sandbox Environment & Bypasses	2026-08-22T21:25:33.3740370Z ^[[36;1m// Force everything to build from source (Bypasses ExpoModulesJSI recursive script crash)^[[0m
build	Configure Sandbox Environment & Bypasses	2026-08-22T21:25:33.3740870Z ^[[36;1meas.build.production.env.EXPO_USE_PRECOMPILED_MODULES = '0';^[[0m
build	Configure Sandbox Environment & Bypasses	2026-08-22T21:25:33.3741520Z ^[[36;1meas.build.production.env.RCT_USE_PREBUILT_RNCORE = '0';^[[0m
build	Configure Sandbox Environment & Bypasses	2026-08-22T21:25:33.3741910Z ^[[36;1meas.build.production.env.EXPO_USE_SPM = '0';^[[0m
build	Configure Sandbox Environment & Bypasses	2026-08-22T21:25:33.3742400Z ^[[36;1meas.build.production.env.ENABLE_USER_SCRIPT_SANDBOXING = 'NO';^[[0m
build	Configure Sandbox Environment & Bypasses	2026-08-22T21:25:33.3742870Z ^[[36;1m^[[0m
build	Configure Sandbox Environment & Bypasses	2026-08-22T21:25:33.3743070Z ^[[36;1m// Give Xcode the exact absolute path to Node.js^[[0m
build	Configure Sandbox Environment & Bypasses	2026-08-22T21:25:33.3743400Z ^[[36;1meas.build.production.env.NODE_BINARY = process.execPath;^[[0m
build	Configure Sandbox Environment & Bypasses	2026-08-22T21:25:33.3743730Z ^[[36;1meas.build.production.env.EXPO_DEBUG = '1';^[[0m
build	Configure Sandbox Environment & Bypasses	2026-08-22T21:25:33.3743990Z ^[[36;1m^[[0m
build	Configure Sandbox Environment & Bypasses	2026-08-22T21:25:33.3744220Z ^[[36;1mfs.writeFileSync('eas.json', JSON.stringify(eas, null, 2));^[[0m
build	Configure Sandbox Environment & Bypasses	2026-08-22T21:25:33.3744640Z ^[[36;1mconsole.log('Successfully injected build-from-source flags into eas.json');^[[0m
build	Configure Sandbox Environment & Bypasses	2026-08-22T21:25:33.3744960Z ^[[36;1m"^[[0m
build	Configure Sandbox Environment & Bypasses	2026-08-22T21:25:33.4031740Z shell: /bin/bash -e {0}
build	Configure Sandbox Environment & Bypasses	2026-08-22T21:25:33.4031940Z env:
build	Configure Sandbox Environment & Bypasses	2026-08-22T21:25:33.4032140Z   MD_APPLE_SDK_ROOT: /Applications/Xcode_16.1.app
build	Configure Sandbox Environment & Bypasses	2026-08-22T21:25:33.4032480Z ##[endgroup]
build	Configure Sandbox Environment & Bypasses	2026-08-22T21:25:33.5235850Z Successfully injected build-from-source flags into eas.json
build	Build iOS Locally on Free Cloud Mac	﻿2026-08-22T21:25:33.5322710Z ##[group]Run EAS_NO_VCS=1 eas build --platform ios --local --non-interactive
build	Build iOS Locally on Free Cloud Mac	2026-08-22T21:25:33.5323360Z ^[[36;1mEAS_NO_VCS=1 eas build --platform ios --local --non-interactive^[[0m
build	Build iOS Locally on Free Cloud Mac	2026-08-22T21:25:33.5378720Z shell: /bin/bash -e {0}
build	Build iOS Locally on Free Cloud Mac	2026-08-22T21:25:33.5378990Z env:
build	Build iOS Locally on Free Cloud Mac	2026-08-22T21:25:33.5379310Z   MD_APPLE_SDK_ROOT: /Applications/Xcode_16.1.app
build	Build iOS Locally on Free Cloud Mac	2026-08-22T21:25:33.5379980Z   EXPO_TOKEN: ***
build	Build iOS Locally on Free Cloud Mac	2026-08-22T21:25:33.5380320Z   EXPO_APPLE_ID: info@hencedelivery.com
build	Build iOS Locally on Free Cloud Mac	2026-08-22T21:25:33.5380700Z   EXPO_USE_PRECOMPILED_MODULES: 0
build	Build iOS Locally on Free Cloud Mac	2026-08-22T21:25:33.5380960Z   RCT_USE_PREBUILT_RNCORE: 0
build	Build iOS Locally on Free Cloud Mac	2026-08-22T21:25:33.5381180Z   EXPO_USE_SPM: 0
build	Build iOS Locally on Free Cloud Mac	2026-08-22T21:25:33.5381380Z ##[endgroup]
build	Build iOS Locally on Free Cloud Mac	2026-08-22T21:25:34.8790630Z Using EAS CLI without version control system is not recommended, use this mode only if you know what you are doing.
build	Build iOS Locally on Free Cloud Mac	2026-08-22T21:25:34.8891400Z Failed to get Git root path with `git rev-parse --show-toplevel`. Error: git rev-parse --show-toplevel exited with non-zero code: 128
build	Build iOS Locally on Free Cloud Mac	2026-08-22T21:25:34.8892400Z Falling back to using current working directory as project root.
build	Build iOS Locally on Free Cloud Mac	2026-08-22T21:25:34.8930350Z You can set `EAS_PROJECT_ROOT` environment variable to let eas-cli know where your project is located.
build	Build iOS Locally on Free Cloud Mac	2026-08-22T21:25:35.5664950Z Resolved "production" environment for the build. Learn more: https://docs.expo.dev/eas/environment-variables/#setting-the-environment-for-your-builds
build	Build iOS Locally on Free Cloud Mac	2026-08-22T21:25:35.6170110Z No environment variables with visibility "Plain text" and "Sensitive" found for the "production" environment on EAS.
build	Build iOS Locally on Free Cloud Mac	2026-08-22T21:25:35.6273220Z Environment variables loaded from the "production" build profile "env" configuration: EXPO_USE_PRECOMPILED_MODULES, RCT_USE_PREBUILT_RNCORE, EXPO_USE_SPM, ENABLE_USER_SCRIPT_SANDBOXING, NODE_BINARY, EXPO_DEBUG.
build	Build iOS Locally on Free Cloud Mac	2026-08-22T21:25:35.6374610Z 
build	Build iOS Locally on Free Cloud Mac	2026-08-22T21:25:37.2737980Z - Incrementing buildNumber from 93 to 94.
build	Build iOS Locally on Free Cloud Mac	2026-08-22T21:25:37.3326280Z ✔ Incremented buildNumber from 93 to 94.
build	Build iOS Locally on Free Cloud Mac	2026-08-22T21:25:37.7278770Z ✔ Using remote iOS credentials (Expo server)
build	Build iOS Locally on Free Cloud Mac	2026-08-22T21:25:37.7279490Z 
build	Build iOS Locally on Free Cloud Mac	2026-08-22T21:25:37.8609860Z Distribution Certificate is not validated for non-interactive builds.
build	Build iOS Locally on Free Cloud Mac	2026-08-22T21:25:38.0616390Z Using App Store Connect API Key from EAS credentials service.
build	Build iOS Locally on Free Cloud Mac	2026-08-22T21:25:38.1619620Z - Fetching Apple provisioning profiles
build	Build iOS Locally on Free Cloud Mac	2026-08-22T21:25:39.2309140Z ✔ Fetched Apple provisioning profiles
build	Build iOS Locally on Free Cloud Mac	2026-08-22T21:25:39.2347040Z 
build	Build iOS Locally on Free Cloud Mac	2026-08-22T21:25:39.2351770Z Project Credentials Configuration
build	Build iOS Locally on Free Cloud Mac	2026-08-22T21:25:39.2352140Z 
build	Build iOS Locally on Free Cloud Mac	2026-08-22T21:25:39.2373420Z Project                   @olamicreas/HenceLogistics
build	Build iOS Locally on Free Cloud Mac	2026-08-22T21:25:39.2373980Z Bundle Identifier         com.hence.oyedotun
build	Build iOS Locally on Free Cloud Mac	2026-08-22T21:25:39.2374330Z                           
build	Build iOS Locally on Free Cloud Mac	2026-08-22T21:25:39.2374690Z App Store Configuration   
build	Build iOS Locally on Free Cloud Mac	2026-08-22T21:25:39.2375050Z                           
build	Build iOS Locally on Free Cloud Mac	2026-08-22T21:25:39.2375540Z Distribution Certificate  
build	Build iOS Locally on Free Cloud Mac	2026-08-22T21:25:39.2376120Z Serial Number             EB7B31DE3CF5EF4CA943E062DC1C448
build	Build iOS Locally on Free Cloud Mac	2026-08-22T21:25:39.2392640Z Expiration Date           Sun, 01 Aug 2027 22:14:07 UTC
build	Build iOS Locally on Free Cloud Mac	2026-08-22T21:25:39.2393330Z Apple Team                Q42QY7STMH (HENCE LIMITED (Company/Organization))
build	Build iOS Locally on Free Cloud Mac	2026-08-22T21:25:39.2393790Z Updated                   20 days ago
build	Build iOS Locally on Free Cloud Mac	2026-08-22T21:25:39.2394250Z                           
build	Build iOS Locally on Free Cloud Mac	2026-08-22T21:25:39.2394680Z Provisioning Profile      
build	Build iOS Locally on Free Cloud Mac	2026-08-22T21:25:39.2395050Z Developer Portal ID       XKBD54QKQR
build	Build iOS Locally on Free Cloud Mac	2026-08-22T21:25:39.2395690Z Status                    active
build	Build iOS Locally on Free Cloud Mac	2026-08-22T21:25:39.2396150Z Expiration                Sun, 01 Aug 2027 22:14:07 UTC
build	Build iOS Locally on Free Cloud Mac	2026-08-22T21:25:39.2408030Z Apple Team                Q42QY7STMH (HENCE LIMITED (Company/Organization))
build	Build iOS Locally on Free Cloud Mac	2026-08-22T21:25:39.2410030Z Updated                   20 days ago
build	Build iOS Locally on Free Cloud Mac	2026-08-22T21:25:39.2410770Z                           
build	Build iOS Locally on Free Cloud Mac	2026-08-22T21:25:39.2411710Z All credentials are ready to build @olamicreas/HenceLogistics (com.hence.oyedotun)
build	Build iOS Locally on Free Cloud Mac	2026-08-22T21:25:39.2412430Z 
build	Build iOS Locally on Free Cloud Mac	2026-08-22T21:25:39.4828860Z - Computing project fingerprint
build	Build iOS Locally on Free Cloud Mac	2026-08-22T21:25:42.1660480Z ✔ Computed project fingerprint
build	Build iOS Locally on Free Cloud Mac	2026-08-22T21:25:46.7594870Z npm warn deprecated inflight@1.0.6: This module is not supported, and leaks memory. Do not use it. Check out lru-cache if you want a good and tested way to coalesce async requests by a key value, which is much more comprehensive and powerful.
build	Build iOS Locally on Free Cloud Mac	2026-08-22T21:25:46.8152710Z npm warn deprecated rimraf@2.4.5: Rimraf versions prior to v4 are no longer supported
build	Build iOS Locally on Free Cloud Mac	2026-08-22T21:25:46.8233080Z npm warn deprecated lodash.get@4.4.2: This package is deprecated. Use the optional chaining (?.) operator instead.
build	Build iOS Locally on Free Cloud Mac	2026-08-22T21:25:46.9299270Z npm warn deprecated glob@6.0.4: Old versions of glob are not supported, and contain widely publicized security vulnerabilities, which have been fixed in the current version. Please update. Support for old versions may be purchased (at exorbitant rates) by contacting i@izs.me
build	Build iOS Locally on Free Cloud Mac	2026-08-22T21:25:47.7436460Z npm warn deprecated uuid@7.0.3: uuid@10 and below is no longer supported.  For ESM codebases, update to uuid@latest.  For CommonJS codebases, use uuid@11 (but be aware this version will likely be deprecated in 2028).
build	Build iOS Locally on Free Cloud Mac	2026-08-22T21:25:48.2075960Z npm warn deprecated uuid@9.0.1: uuid@10 and below is no longer supported.  For ESM codebases, update to uuid@latest.  For CommonJS codebases, use uuid@11 (but be aware this version will likely be deprecated in 2028).
build	Build iOS Locally on Free Cloud Mac	2026-08-22T21:25:56.5604720Z [SETUP_WORKINGDIR] Preparing workingdir /var/folders/g3/pffjr_y96bq06blnkf72x_hw0000gn/T/eas-build-local-nodejs/f98a0858-83a6-4ef3-980d-ab6a19d10788
build	Build iOS Locally on Free Cloud Mac	2026-08-22T21:25:56.5644260Z [START_BUILD] Starting build
build	Build iOS Locally on Free Cloud Mac	2026-08-22T21:25:56.5651840Z   "job": {
build	Build iOS Locally on Free Cloud Mac	2026-08-22T21:25:56.5652500Z     "type": "managed",
build	Build iOS Locally on Free Cloud Mac	2026-08-22T21:25:56.5653110Z     "platform": "ios",
build	Build iOS Locally on Free Cloud Mac	2026-08-22T21:25:56.5653770Z     "projectArchive": {
build	Build iOS Locally on Free Cloud Mac	2026-08-22T21:25:56.5654530Z       "type": "PATH",
build	Build iOS Locally on Free Cloud Mac	2026-08-22T21:25:56.5656690Z       "path": "/var/folders/g3/pffjr_y96bq06blnkf72x_hw0000gn/T/eas-cli-nodejs/2aa4be7e-196e-4855-9b0d-e52338bc3490.tar.gz"
build	Build iOS Locally on Free Cloud Mac	2026-08-22T21:25:56.5658130Z     },
build	Build iOS Locally on Free Cloud Mac	2026-08-22T21:25:56.5658890Z     "projectRootDirectory": ".",
build	Build iOS Locally on Free Cloud Mac	2026-08-22T21:25:56.5660540Z     "builderEnvironment": {
build	Build iOS Locally on Free Cloud Mac	2026-08-22T21:25:56.5662150Z       "image": "latest",
build	Build iOS Locally on Free Cloud Mac	2026-08-22T21:25:56.5662600Z       "env": {
build	Build iOS Locally on Free Cloud Mac	2026-08-22T21:25:56.5663740Z         "EXPO_USE_PRECOMPILED_MODULES": "0",
build	Build iOS Locally on Free Cloud Mac	2026-08-22T21:25:56.5665140Z         "RCT_USE_PREBUILT_RNCORE": "0",
build	Build iOS Locally on Free Cloud Mac	2026-08-22T21:25:56.5666130Z         "EXPO_USE_SPM": "0",
build	Build iOS Locally on Free Cloud Mac	2026-08-22T21:25:56.5684660Z         "ENABLE_USER_SCRIPT_SANDBOXING": "NO",
build	Build iOS Locally on Free Cloud Mac	2026-08-22T21:25:56.5686580Z         "NODE_BINARY": "/Users/runner/hostedtoolcache/node/22.23.1/arm64/bin/node",
build	Build iOS Locally on Free Cloud Mac	2026-08-22T21:25:56.5688860Z         "EXPO_DEBUG": "1"
build	Build iOS Locally on Free Cloud Mac	2026-08-22T21:25:56.5689310Z       }
build	Build iOS Locally on Free Cloud Mac	2026-08-22T21:25:56.5691330Z     },
build	Build iOS Locally on Free Cloud Mac	2026-08-22T21:25:56.5692610Z     "cache": {
build	Build iOS Locally on Free Cloud Mac	2026-08-22T21:25:56.5693810Z       "disabled": false,
build	Build iOS Locally on Free Cloud Mac	2026-08-22T21:25:56.5694470Z       "paths": [],
build	Build iOS Locally on Free Cloud Mac	2026-08-22T21:25:56.5695020Z       "clear": false
build	Build iOS Locally on Free Cloud Mac	2026-08-22T21:25:56.5696160Z     },
build	Build iOS Locally on Free Cloud Mac	2026-08-22T21:25:56.5696760Z     "updates": {},
build	Build iOS Locally on Free Cloud Mac	2026-08-22T21:25:56.5697800Z     "scheme": "Hence",
build	Build iOS Locally on Free Cloud Mac	2026-08-22T21:25:56.5701460Z     "username": "olamicreas",
build	Build iOS Locally on Free Cloud Mac	2026-08-22T21:25:56.5702070Z     "version": {
build	Build iOS Locally on Free Cloud Mac	2026-08-22T21:25:56.5702730Z       "buildNumber": "94"
build	Build iOS Locally on Free Cloud Mac	2026-08-22T21:25:56.5703360Z     },
build	Build iOS Locally on Free Cloud Mac	2026-08-22T21:25:56.5704210Z     "experimental": {},
build	Build iOS Locally on Free Cloud Mac	2026-08-22T21:25:56.5705230Z     "mode": "build",
build	Build iOS Locally on Free Cloud Mac	2026-08-22T21:25:56.5707730Z     "triggeredBy": "EAS_CLI",
build	Build iOS Locally on Free Cloud Mac	2026-08-22T21:25:56.5708600Z     "appId": "b0ad43f4-c5c8-4274-9639-2f6965170365",
build	Build iOS Locally on Free Cloud Mac	2026-08-22T21:25:56.5710750Z     "initiatingUserId": "111d6b7c-7a91-4431-8f03-0f2d8ff66bfb"
build	Build iOS Locally on Free Cloud Mac	2026-08-22T21:25:56.5711860Z   }
build	Build iOS Locally on Free Cloud Mac	2026-08-22T21:25:56.5731360Z Local build, skipping project archive refresh
build	Build iOS Locally on Free Cloud Mac	2026-08-22T21:25:56.6199820Z [READ_EAS_JSON] Using eas.json:
build	Build iOS Locally on Free Cloud Mac	2026-08-22T21:25:56.6200570Z [READ_EAS_JSON] {
build	Build iOS Locally on Free Cloud Mac	2026-08-22T21:25:56.6201950Z   "cli": {
build	Build iOS Locally on Free Cloud Mac	2026-08-22T21:25:56.6202990Z     "version": ">= 3.8.2",
build	Build iOS Locally on Free Cloud Mac	2026-08-22T21:25:56.6205550Z     "appVersionSource": "remote"
build	Build iOS Locally on Free Cloud Mac	2026-08-22T21:25:56.6206380Z   },
build	Build iOS Locally on Free Cloud Mac	2026-08-22T21:25:56.6206930Z   "build": {
build	Build iOS Locally on Free Cloud Mac	2026-08-22T21:25:56.6207740Z     "development": {
build	Build iOS Locally on Free Cloud Mac	2026-08-22T21:25:56.6208660Z       "developmentClient": true,
build	Build iOS Locally on Free Cloud Mac	2026-08-22T21:25:56.6217590Z       "distribution": "internal",
build	Build iOS Locally on Free Cloud Mac	2026-08-22T21:25:56.6218240Z       "android": {
build	Build iOS Locally on Free Cloud Mac	2026-08-22T21:25:56.6272500Z         "buildType": "apk"
build	Build iOS Locally on Free Cloud Mac	2026-08-22T21:25:56.6273240Z       }
build	Build iOS Locally on Free Cloud Mac	2026-08-22T21:25:56.6273610Z     },
build	Build iOS Locally on Free Cloud Mac	2026-08-22T21:25:56.6274160Z     "simulator": {
build	Build iOS Locally on Free Cloud Mac	2026-08-22T21:25:56.6274890Z       "developmentClient": true,
build	Build iOS Locally on Free Cloud Mac	2026-08-22T21:25:56.6275550Z       "ios": {
build	Build iOS Locally on Free Cloud Mac	2026-08-22T21:25:56.6276060Z         "simulator": true
build	Build iOS Locally on Free Cloud Mac	2026-08-22T21:25:56.6276580Z       }
build	Build iOS Locally on Free Cloud Mac	2026-08-22T21:25:56.6277020Z     },
build	Build iOS Locally on Free Cloud Mac	2026-08-22T21:25:56.6277790Z     "preview": {
build	Build iOS Locally on Free Cloud Mac	2026-08-22T21:25:56.6278900Z       "android": {
build	Build iOS Locally on Free Cloud Mac	2026-08-22T21:25:56.6279560Z         "buildType": "apk"
build	Build iOS Locally on Free Cloud Mac	2026-08-22T21:25:56.6279950Z       }
build	Build iOS Locally on Free Cloud Mac	2026-08-22T21:25:56.6280230Z     },
build	Build iOS Locally on Free Cloud Mac	2026-08-22T21:25:56.6280490Z     "production": {
build	Build iOS Locally on Free Cloud Mac	2026-08-22T21:25:56.6280920Z       "autoIncrement": true,
build	Build iOS Locally on Free Cloud Mac	2026-08-22T21:25:56.6281710Z       "ios": {
build	Build iOS Locally on Free Cloud Mac	2026-08-22T21:25:56.6281870Z         "image": "latest"
build	Build iOS Locally on Free Cloud Mac	2026-08-22T21:25:56.6282030Z       },
build	Build iOS Locally on Free Cloud Mac	2026-08-22T21:25:56.6282310Z       "env": {
build	Build iOS Locally on Free Cloud Mac	2026-08-22T21:25:56.6282600Z         "EXPO_USE_PRECOMPILED_MODULES": "0",
build	Build iOS Locally on Free Cloud Mac	2026-08-22T21:25:56.6282940Z         "RCT_USE_PREBUILT_RNCORE": "0",
build	Build iOS Locally on Free Cloud Mac	2026-08-22T21:25:56.6283300Z         "EXPO_USE_SPM": "0",
build	Build iOS Locally on Free Cloud Mac	2026-08-22T21:25:56.6283560Z         "ENABLE_USER_SCRIPT_SANDBOXING": "NO",
build	Build iOS Locally on Free Cloud Mac	2026-08-22T21:25:56.6284220Z         "NODE_BINARY": "/Users/runner/hostedtoolcache/node/22.23.1/arm64/bin/node",
build	Build iOS Locally on Free Cloud Mac	2026-08-22T21:25:56.6284630Z         "EXPO_DEBUG": "1"
build	Build iOS Locally on Free Cloud Mac	2026-08-22T21:25:56.6284930Z       }
build	Build iOS Locally on Free Cloud Mac	2026-08-22T21:25:56.6285140Z     }
build	Build iOS Locally on Free Cloud Mac	2026-08-22T21:25:56.6285260Z   },
build	Build iOS Locally on Free Cloud Mac	2026-08-22T21:25:56.6285450Z   "submit": {
build	Build iOS Locally on Free Cloud Mac	2026-08-22T21:25:56.6285720Z     "production": {}
build	Build iOS Locally on Free Cloud Mac	2026-08-22T21:25:56.6285890Z   }
build	Build iOS Locally on Free Cloud Mac	2026-08-22T21:25:56.6286210Z }
build	Build iOS Locally on Free Cloud Mac	2026-08-22T21:25:56.6286530Z [READ_PACKAGE_JSON] Using package.json:
build	Build iOS Locally on Free Cloud Mac	2026-08-22T21:25:56.6286960Z [READ_PACKAGE_JSON] {
build	Build iOS Locally on Free Cloud Mac	2026-08-22T21:25:56.6287220Z   "name": "hencelogistics",
build	Build iOS Locally on Free Cloud Mac	2026-08-22T21:25:56.6287480Z   "version": "1.0.0",
build	Build iOS Locally on Free Cloud Mac	2026-08-22T21:25:56.6287660Z   "main": "index.ts",
build	Build iOS Locally on Free Cloud Mac	2026-08-22T21:25:56.6287920Z   "scripts": {
build	Build iOS Locally on Free Cloud Mac	2026-08-22T21:25:56.6288160Z     "start": "expo start",
build	Build iOS Locally on Free Cloud Mac	2026-08-22T21:25:56.6288480Z     "android": "expo run:android",
build	Build iOS Locally on Free Cloud Mac	2026-08-22T21:25:56.6288810Z     "ios": "expo run:ios",
build	Build iOS Locally on Free Cloud Mac	2026-08-22T21:25:56.6289180Z     "web": "expo start --web"
build	Build iOS Locally on Free Cloud Mac	2026-08-22T21:25:56.6289550Z   },
build	Build iOS Locally on Free Cloud Mac	2026-08-22T21:25:56.6289780Z   "dependencies": {
build	Build iOS Locally on Free Cloud Mac	2026-08-22T21:25:56.6290840Z     "@expo/vector-icons": "^15.0.2",
build	Build iOS Locally on Free Cloud Mac	2026-08-22T21:25:56.6291170Z     "@react-native-async-storage/async-storage": "2.2.0",
build	Build iOS Locally on Free Cloud Mac	2026-08-22T21:25:56.6291650Z     "@react-native-community/datetimepicker": "9.1.0",
build	Build iOS Locally on Free Cloud Mac	2026-08-22T21:25:56.6292110Z     "@react-native-picker/picker": "2.11.4",
build	Build iOS Locally on Free Cloud Mac	2026-08-22T21:25:56.6292450Z     "@react-navigation/bottom-tabs": "^6.5.20",
build	Build iOS Locally on Free Cloud Mac	2026-08-22T21:25:56.6292920Z     "@react-navigation/native": "^6.1.17",
build	Build iOS Locally on Free Cloud Mac	2026-08-22T21:25:56.6293260Z     "@react-navigation/native-stack": "^6.9.26",
build	Build iOS Locally on Free Cloud Mac	2026-08-22T21:25:56.6294240Z     "@stripe/stripe-react-native": "0.64.0",
build	Build iOS Locally on Free Cloud Mac	2026-08-22T21:25:56.6294600Z     "axios": "^1.7.2",
build	Build iOS Locally on Free Cloud Mac	2026-08-22T21:25:56.6294840Z     "expo": "~57.0.13",
build	Build iOS Locally on Free Cloud Mac	2026-08-22T21:25:56.6295070Z     "expo-blur": "~57.0.2",
build	Build iOS Locally on Free Cloud Mac	2026-08-22T21:25:56.6295350Z     "expo-build-properties": "~57.0.13",
build	Build iOS Locally on Free Cloud Mac	2026-08-22T21:25:56.6295580Z     "expo-camera": "~57.0.3",
build	Build iOS Locally on Free Cloud Mac	2026-08-22T21:25:56.6295920Z     "expo-clipboard": "~57.0.1",
build	Build iOS Locally on Free Cloud Mac	2026-08-22T21:25:56.6296140Z     "expo-constants": "~57.0.11",
build	Build iOS Locally on Free Cloud Mac	2026-08-22T21:25:56.6296450Z     "expo-dev-client": "~57.0.12",
build	Build iOS Locally on Free Cloud Mac	2026-08-22T21:25:56.6296820Z     "expo-device": "~57.0.1",
build	Build iOS Locally on Free Cloud Mac	2026-08-22T21:25:56.6297080Z     "expo-font": "~57.0.1",
build	Build iOS Locally on Free Cloud Mac	2026-08-22T21:25:56.6297500Z     "expo-haptics": "~57.0.1",
build	Build iOS Locally on Free Cloud Mac	2026-08-22T21:25:56.6297790Z     "expo-image-picker": "~57.0.10",
build	Build iOS Locally on Free Cloud Mac	2026-08-22T21:25:56.6298120Z     "expo-linear-gradient": "~57.0.1",
build	Build iOS Locally on Free Cloud Mac	2026-08-22T21:25:56.6298510Z     "expo-linking": "~57.0.6",
build	Build iOS Locally on Free Cloud Mac	2026-08-22T21:25:56.6298830Z     "expo-location": "~57.0.10",
build	Build iOS Locally on Free Cloud Mac	2026-08-22T21:25:56.6299180Z     "expo-notifications": "~57.0.11",
build	Build iOS Locally on Free Cloud Mac	2026-08-22T21:25:56.6299500Z     "expo-sharing": "~57.0.12",
build	Build iOS Locally on Free Cloud Mac	2026-08-22T21:25:56.6299750Z     "expo-speech": "~57.0.1",
build	Build iOS Locally on Free Cloud Mac	2026-08-22T21:25:56.6300340Z     "expo-status-bar": "~57.0.1",
build	Build iOS Locally on Free Cloud Mac	2026-08-22T21:25:56.6300630Z     "expo-task-manager": "~57.0.10",
build	Build iOS Locally on Free Cloud Mac	2026-08-22T21:25:56.6300830Z     "react": "19.2.3",
build	Build iOS Locally on Free Cloud Mac	2026-08-22T21:25:56.6301150Z     "react-native": "0.86.2",
build	Build iOS Locally on Free Cloud Mac	2026-08-22T21:25:56.6301460Z     "react-native-chart-kit": "^6.12.0",
build	Build iOS Locally on Free Cloud Mac	2026-08-22T21:25:56.6301890Z     "react-native-maps": "1.27.2",
build	Build iOS Locally on Free Cloud Mac	2026-08-22T21:25:56.6302220Z     "react-native-qrcode-svg": "^6.3.21",
build	Build iOS Locally on Free Cloud Mac	2026-08-22T21:25:56.6302660Z     "react-native-safe-area-context": "~5.7.0",
build	Build iOS Locally on Free Cloud Mac	2026-08-22T21:25:56.6303080Z     "react-native-screens": "~4.26.0",
build	Build iOS Locally on Free Cloud Mac	2026-08-22T21:25:56.6303410Z     "react-native-svg": "15.15.4",
build	Build iOS Locally on Free Cloud Mac	2026-08-22T21:25:56.6303810Z     "react-native-webview": "13.16.1"
build	Build iOS Locally on Free Cloud Mac	2026-08-22T21:25:56.6304160Z   },
build	Build iOS Locally on Free Cloud Mac	2026-08-22T21:25:56.6304390Z   "devDependencies": {
build	Build iOS Locally on Free Cloud Mac	2026-08-22T21:25:56.6304760Z     "@react-native-community/cli": "^20.2.0",
build	Build iOS Locally on Free Cloud Mac	2026-08-22T21:25:56.6305090Z     "@types/react": "~19.2.4",
build	Build iOS Locally on Free Cloud Mac	2026-08-22T21:25:56.6305320Z     "@types/react-native": "~0.72.8",
build	Build iOS Locally on Free Cloud Mac	2026-08-22T21:25:56.6305610Z     "typescript": "~6.0.3"
build	Build iOS Locally on Free Cloud Mac	2026-08-22T21:25:56.6305780Z   },
build	Build iOS Locally on Free Cloud Mac	2026-08-22T21:25:56.6306070Z   "private": true
build	Build iOS Locally on Free Cloud Mac	2026-08-22T21:25:56.6306260Z }
build	Build iOS Locally on Free Cloud Mac	2026-08-22T21:25:56.6307670Z [INSTALL_DEPENDENCIES] Running "npm ci --include=dev" in /var/folders/g3/pffjr_y96bq06blnkf72x_hw0000gn/T/eas-build-local-nodejs/f98a0858-83a6-4ef3-980d-ab6a19d10788/build directory
build	Build iOS Locally on Free Cloud Mac	2026-08-22T21:26:02.7641880Z [INSTALL_DEPENDENCIES] npm warn deprecated text-encoding@0.7.0: no longer maintained
build	Build iOS Locally on Free Cloud Mac	2026-08-22T21:26:15.0119520Z [INSTALL_DEPENDENCIES] added 743 packages, and audited 744 packages in 18s
build	Build iOS Locally on Free Cloud Mac	2026-08-22T21:26:15.0120840Z [INSTALL_DEPENDENCIES] 102 packages are looking for funding
build	Build iOS Locally on Free Cloud Mac	2026-08-22T21:26:15.0121320Z [INSTALL_DEPENDENCIES]   run `npm fund` for details
build	Build iOS Locally on Free Cloud Mac	2026-08-22T21:26:15.0710440Z [INSTALL_DEPENDENCIES] 24 vulnerabilities (1 low, 14 moderate, 9 high)
build	Build iOS Locally on Free Cloud Mac	2026-08-22T21:26:15.0712360Z [INSTALL_DEPENDENCIES] 
build	Build iOS Locally on Free Cloud Mac	2026-08-22T21:26:15.0714250Z [INSTALL_DEPENDENCIES] To address issues that do not require attention, run:
build	Build iOS Locally on Free Cloud Mac	2026-08-22T21:26:15.0718170Z [INSTALL_DEPENDENCIES]   npm audit fix
build	Build iOS Locally on Free Cloud Mac	2026-08-22T21:26:15.0722410Z [INSTALL_DEPENDENCIES] 
build	Build iOS Locally on Free Cloud Mac	2026-08-22T21:26:15.0723890Z [INSTALL_DEPENDENCIES] To address all issues (including breaking changes), run:
build	Build iOS Locally on Free Cloud Mac	2026-08-22T21:26:15.0725160Z [INSTALL_DEPENDENCIES]   npm audit fix --force
build	Build iOS Locally on Free Cloud Mac	2026-08-22T21:26:15.0725900Z [INSTALL_DEPENDENCIES] 
build	Build iOS Locally on Free Cloud Mac	2026-08-22T21:26:15.0745270Z [INSTALL_DEPENDENCIES] Run `npm audit` for details.
build	Build iOS Locally on Free Cloud Mac	2026-08-22T21:26:15.1370220Z The NODE_ENV environment variable is required but was not specified. Ensure the project is bundled with Expo CLI or NODE_ENV is set.
build	Build iOS Locally on Free Cloud Mac	2026-08-22T21:26:15.1473020Z Proceeding without mode-specific .env
build	Build iOS Locally on Free Cloud Mac	2026-08-22T21:26:15.9006820Z [READ_APP_CONFIG] Using app configuration:
build	Build iOS Locally on Free Cloud Mac	2026-08-22T21:26:15.9011720Z [READ_APP_CONFIG] {
build	Build iOS Locally on Free Cloud Mac	2026-08-22T21:26:15.9013270Z   "name": "Hence",
build	Build iOS Locally on Free Cloud Mac	2026-08-22T21:26:15.9014330Z   "slug": "HenceLogistics",
build	Build iOS Locally on Free Cloud Mac	2026-08-22T21:26:15.9015470Z   "scheme": "hencelogistics",
build	Build iOS Locally on Free Cloud Mac	2026-08-22T21:26:15.9016290Z   "version": "1.0.0",
build	Build iOS Locally on Free Cloud Mac	2026-08-22T21:26:15.9017240Z   "orientation": "portrait",
build	Build iOS Locally on Free Cloud Mac	2026-08-22T21:26:15.9018260Z   "icon": "./assets/icon.png",
build	Build iOS Locally on Free Cloud Mac	2026-08-22T21:26:15.9019210Z   "userInterfaceStyle": "light",
build	Build iOS Locally on Free Cloud Mac	2026-08-22T21:26:15.9020840Z   "splash": {
build	Build iOS Locally on Free Cloud Mac	2026-08-22T21:26:15.9021400Z     "image": "./assets/splash-icon.png",
build	Build iOS Locally on Free Cloud Mac	2026-08-22T21:26:15.9021850Z     "resizeMode": "contain",
build	Build iOS Locally on Free Cloud Mac	2026-08-22T21:26:15.9022320Z     "backgroundColor": "#ffffff"
build	Build iOS Locally on Free Cloud Mac	2026-08-22T21:26:15.9022650Z   },
build	Build iOS Locally on Free Cloud Mac	2026-08-22T21:26:15.9022990Z   "ios": {
build	Build iOS Locally on Free Cloud Mac	2026-08-22T21:26:15.9023410Z     "bundleIdentifier": "com.hence.oyedotun",
build	Build iOS Locally on Free Cloud Mac	2026-08-22T21:26:15.9023800Z     "infoPlist": {
build	Build iOS Locally on Free Cloud Mac	2026-08-22T21:26:15.9024170Z       "UIBackgroundModes": [
build	Build iOS Locally on Free Cloud Mac	2026-08-22T21:26:15.9024540Z         "fetch",
build	Build iOS Locally on Free Cloud Mac	2026-08-22T21:26:15.9024840Z         "remote-notification"
build	Build iOS Locally on Free Cloud Mac	2026-08-22T21:26:15.9025250Z       ],
build	Build iOS Locally on Free Cloud Mac	2026-08-22T21:26:15.9025820Z       "NSCameraUsageDescription": "Hence Logistics needs camera access to take photos for proof of delivery.",
build	Build iOS Locally on Free Cloud Mac	2026-08-22T21:26:15.9026790Z       "NSPhotoLibraryUsageDescription": "Hence Logistics needs photo library access to upload profile pictures and delivery receipts.",
build	Build iOS Locally on Free Cloud Mac	2026-08-22T21:26:15.9040240Z       "NSLocationWhenInUseUsageDescription": "Hence Logistics needs your location to provide accurate tracking for deliveries.",
build	Build iOS Locally on Free Cloud Mac	2026-08-22T21:26:15.9043440Z       "NSLocationAlwaysAndWhenInUseUsageDescription": "Hence Logistics needs background location access to update delivery statuses while you are driving.",
build	Build iOS Locally on Free Cloud Mac	2026-08-22T21:26:15.9047050Z       "NSMicrophoneUsageDescription": "Hence Logistics needs microphone access for voice notes and video delivery proof.",
build	Build iOS Locally on Free Cloud Mac	2026-08-22T21:26:15.9049140Z       "NSUserTrackingUsageDescription": "Hence Logistics uses tracking to optimize the delivery experience.",
build	Build iOS Locally on Free Cloud Mac	2026-08-22T21:26:15.9050930Z       "NSFaceIDUsageDescription": "Hence Logistics uses Face ID for secure driver login.",
build	Build iOS Locally on Free Cloud Mac	2026-08-22T21:26:15.9052280Z       "ITSAppUsesNonExemptEncryption": false
build	Build iOS Locally on Free Cloud Mac	2026-08-22T21:26:15.9053040Z     }
build	Build iOS Locally on Free Cloud Mac	2026-08-22T21:26:15.9053650Z   },
build	Build iOS Locally on Free Cloud Mac	2026-08-22T21:26:15.9054280Z   "android": {
build	Build iOS Locally on Free Cloud Mac	2026-08-22T21:26:15.9055140Z     "package": "com.hencelogistics.app",
build	Build iOS Locally on Free Cloud Mac	2026-08-22T21:26:15.9056010Z     "usesCleartextTraffic": true,
build	Build iOS Locally on Free Cloud Mac	2026-08-22T21:26:15.9056710Z     "permissions": [
build	Build iOS Locally on Free Cloud Mac	2026-08-22T21:26:15.9057430Z       "ACCESS_FINE_LOCATION",
build	Build iOS Locally on Free Cloud Mac	2026-08-22T21:26:15.9058320Z       "ACCESS_COARSE_LOCATION",
build	Build iOS Locally on Free Cloud Mac	2026-08-22T21:26:15.9059040Z       "ACCESS_BACKGROUND_LOCATION",
build	Build iOS Locally on Free Cloud Mac	2026-08-22T21:26:15.9059850Z       "CAMERA",
build	Build iOS Locally on Free Cloud Mac	2026-08-22T21:26:15.9060500Z       "FOREGROUND_SERVICE",
build	Build iOS Locally on Free Cloud Mac	2026-08-22T21:26:15.9061280Z       "FOREGROUND_SERVICE_LOCATION",
build	Build iOS Locally on Free Cloud Mac	2026-08-22T21:26:15.9062650Z       "RECORD_AUDIO",
build	Build iOS Locally on Free Cloud Mac	2026-08-22T21:26:15.9064020Z       "android.permission.CAMERA",
build	Build iOS Locally on Free Cloud Mac	2026-08-22T21:26:15.9065360Z       "android.permission.RECORD_AUDIO",
build	Build iOS Locally on Free Cloud Mac	2026-08-22T21:26:15.9067530Z       "android.permission.ACCESS_COARSE_LOCATION",
build	Build iOS Locally on Free Cloud Mac	2026-08-22T21:26:15.9069180Z       "android.permission.ACCESS_FINE_LOCATION"
build	Build iOS Locally on Free Cloud Mac	2026-08-22T21:26:15.9070590Z     ],
build	Build iOS Locally on Free Cloud Mac	2026-08-22T21:26:15.9072920Z     "adaptiveIcon": {
build	Build iOS Locally on Free Cloud Mac	2026-08-22T21:26:15.9074610Z       "foregroundImage": "./assets/adaptive-icon.png",
build	Build iOS Locally on Free Cloud Mac	2026-08-22T21:26:15.9075540Z       "backgroundColor": "#ffffff"
build	Build iOS Locally on Free Cloud Mac	2026-08-22T21:26:15.9076750Z     }
build	Build iOS Locally on Free Cloud Mac	2026-08-22T21:26:15.9078600Z   },
build	Build iOS Locally on Free Cloud Mac	2026-08-22T21:26:15.9080070Z   "web": {
build	Build iOS Locally on Free Cloud Mac	2026-08-22T21:26:15.9081400Z     "favicon": "./assets/favicon.png"
build	Build iOS Locally on Free Cloud Mac	2026-08-22T21:26:15.9083970Z   },
build	Build iOS Locally on Free Cloud Mac	2026-08-22T21:26:15.9084590Z   "plugins": [
build	Build iOS Locally on Free Cloud Mac	2026-08-22T21:26:15.9088280Z     [
build	Build iOS Locally on Free Cloud Mac	2026-08-22T21:26:15.9089840Z       "@stripe/stripe-react-native",
build	Build iOS Locally on Free Cloud Mac	2026-08-22T21:26:15.9092110Z       {
build	Build iOS Locally on Free Cloud Mac	2026-08-22T21:26:15.9093100Z         "merchantIdentifier": "merchant.com.hencelogistics.test",
build	Build iOS Locally on Free Cloud Mac	2026-08-22T21:26:15.9095170Z         "enableGooglePay": false,
build	Build iOS Locally on Free Cloud Mac	2026-08-22T21:26:15.9095520Z         "enableApplePay": true
build	Build iOS Locally on Free Cloud Mac	2026-08-22T21:26:15.9096170Z       }
build	Build iOS Locally on Free Cloud Mac	2026-08-22T21:26:15.9096450Z     ],
build	Build iOS Locally on Free Cloud Mac	2026-08-22T21:26:15.9097310Z     "expo-font",
build	Build iOS Locally on Free Cloud Mac	2026-08-22T21:26:15.9097630Z     [
build	Build iOS Locally on Free Cloud Mac	2026-08-22T21:26:15.9097880Z       "expo-camera",
build	Build iOS Locally on Free Cloud Mac	2026-08-22T21:26:15.9098820Z       {
build	Build iOS Locally on Free Cloud Mac	2026-08-22T21:26:15.9099400Z         "cameraPermission": "Hence needs camera access to scan QR codes and upload delivery proof."
build	Build iOS Locally on Free Cloud Mac	2026-08-22T21:26:15.9099910Z       }
build	Build iOS Locally on Free Cloud Mac	2026-08-22T21:26:15.9100870Z     ],
build	Build iOS Locally on Free Cloud Mac	2026-08-22T21:26:15.9101090Z     [
build	Build iOS Locally on Free Cloud Mac	2026-08-22T21:26:15.9101350Z       "expo-location",
build	Build iOS Locally on Free Cloud Mac	2026-08-22T21:26:15.9101630Z       {
build	Build iOS Locally on Free Cloud Mac	2026-08-22T21:26:15.9102210Z         "locationAlwaysAndWhenInUsePermission": "Allow Hence to use your location to find nearby jobs and track deliveries."
build	Build iOS Locally on Free Cloud Mac	2026-08-22T21:26:15.9104020Z       }
build	Build iOS Locally on Free Cloud Mac	2026-08-22T21:26:15.9105550Z     ],
build	Build iOS Locally on Free Cloud Mac	2026-08-22T21:26:15.9106650Z     [
build	Build iOS Locally on Free Cloud Mac	2026-08-22T21:26:15.9106950Z       "expo-notifications",
build	Build iOS Locally on Free Cloud Mac	2026-08-22T21:26:15.9107230Z       {
build	Build iOS Locally on Free Cloud Mac	2026-08-22T21:26:15.9107460Z         "color": "#1A7A4A"
build	Build iOS Locally on Free Cloud Mac	2026-08-22T21:26:15.9107710Z       }
build	Build iOS Locally on Free Cloud Mac	2026-08-22T21:26:15.9107930Z     ],
build	Build iOS Locally on Free Cloud Mac	2026-08-22T21:26:15.9110390Z     "@react-native-community/datetimepicker",
build	Build iOS Locally on Free Cloud Mac	2026-08-22T21:26:15.9111900Z     "expo-sharing",
build	Build iOS Locally on Free Cloud Mac	2026-08-22T21:26:15.9112280Z     "expo-status-bar",
build	Build iOS Locally on Free Cloud Mac	2026-08-22T21:26:15.9112560Z     [
build	Build iOS Locally on Free Cloud Mac	2026-08-22T21:26:15.9112780Z       "expo-build-properties",
build	Build iOS Locally on Free Cloud Mac	2026-08-22T21:26:15.9114680Z       {
build	Build iOS Locally on Free Cloud Mac	2026-08-22T21:26:15.9118450Z         "ios": {
build	Build iOS Locally on Free Cloud Mac	2026-08-22T21:26:15.9118850Z           "extraXCBuildSettings": {
build	Build iOS Locally on Free Cloud Mac	2026-08-22T21:26:15.9119240Z             "ENABLE_USER_SCRIPT_SANDBOXING": "NO"
build	Build iOS Locally on Free Cloud Mac	2026-08-22T21:26:15.9119670Z           }
build	Build iOS Locally on Free Cloud Mac	2026-08-22T21:26:15.9119970Z         }
build	Build iOS Locally on Free Cloud Mac	2026-08-22T21:26:15.9120230Z       }
build	Build iOS Locally on Free Cloud Mac	2026-08-22T21:26:15.9122400Z     ]
build	Build iOS Locally on Free Cloud Mac	2026-08-22T21:26:15.9123800Z   ],
build	Build iOS Locally on Free Cloud Mac	2026-08-22T21:26:15.9124090Z   "extra": {
build	Build iOS Locally on Free Cloud Mac	2026-08-22T21:26:15.9124470Z     "eas": {
build	Build iOS Locally on Free Cloud Mac	2026-08-22T21:26:15.9125210Z       "projectId": "b0ad43f4-c5c8-4274-9639-2f6965170365"
build	Build iOS Locally on Free Cloud Mac	2026-08-22T21:26:15.9125570Z     }
build	Build iOS Locally on Free Cloud Mac	2026-08-22T21:26:15.9125850Z   },
build	Build iOS Locally on Free Cloud Mac	2026-08-22T21:26:15.9126040Z   "sdkVersion": "57.0.0",
build	Build iOS Locally on Free Cloud Mac	2026-08-22T21:26:15.9126340Z   "platforms": [
build	Build iOS Locally on Free Cloud Mac	2026-08-22T21:26:15.9126830Z     "ios",
build	Build iOS Locally on Free Cloud Mac	2026-08-22T21:26:15.9128430Z     "android"
build	Build iOS Locally on Free Cloud Mac	2026-08-22T21:26:15.9129520Z   ]
build	Build iOS Locally on Free Cloud Mac	2026-08-22T21:26:15.9130930Z }
build	Build iOS Locally on Free Cloud Mac	2026-08-22T21:26:15.9131360Z [RUN_EXPO_DOCTOR] Running "expo doctor"
build	Build iOS Locally on Free Cloud Mac	2026-08-22T21:26:17.9633580Z [RUN_EXPO_DOCTOR] 2026-08-22T21:26:17.961Z expo:env /private/var/folders/g3/pffjr_y96bq06blnkf72x_hw0000gn/T/eas-build-local-nodejs/f98a0858-83a6-4ef3-980d-ab6a19d10788/build/.env does not exist, skipping this env file
build	Build iOS Locally on Free Cloud Mac	2026-08-22T21:26:17.9737340Z [RUN_EXPO_DOCTOR] 2026-08-22T21:26:17.962Z expo:env /private/var/folders/g3/pffjr_y96bq06blnkf72x_hw0000gn/T/eas-build-local-nodejs/f98a0858-83a6-4ef3-980d-ab6a19d10788/build/.env.development does not exist, skipping this env file
build	Build iOS Locally on Free Cloud Mac	2026-08-22T21:26:17.9752910Z [RUN_EXPO_DOCTOR] 2026-08-22T21:26:17.962Z expo:env /private/var/folders/g3/pffjr_y96bq06blnkf72x_hw0000gn/T/eas-build-local-nodejs/f98a0858-83a6-4ef3-980d-ab6a19d10788/build/.env.local does not exist, skipping this env file
build	Build iOS Locally on Free Cloud Mac	2026-08-22T21:26:17.9754560Z [RUN_EXPO_DOCTOR] 2026-08-22T21:26:17.962Z expo:env /private/var/folders/g3/pffjr_y96bq06blnkf72x_hw0000gn/T/eas-build-local-nodejs/f98a0858-83a6-4ef3-980d-ab6a19d10788/build/.env.development.local does not exist, skipping this env file
build	Build iOS Locally on Free Cloud Mac	2026-08-22T21:26:18.4102510Z [RUN_EXPO_DOCTOR] Running 21 checks on your project...
build	Build iOS Locally on Free Cloud Mac	2026-08-22T21:26:18.6815290Z [RUN_EXPO_DOCTOR] Expo Metro config:
build	Build iOS Locally on Free Cloud Mac	2026-08-22T21:26:18.6817630Z [RUN_EXPO_DOCTOR] - Version: 57.0.8
build	Build iOS Locally on Free Cloud Mac	2026-08-22T21:26:18.6818780Z [RUN_EXPO_DOCTOR] - Extensions: ts, tsx, mjs, js, jsx, json, cjs, scss, sass, css
build	Build iOS Locally on Free Cloud Mac	2026-08-22T21:26:18.6821420Z [RUN_EXPO_DOCTOR] - React Native: /private/var/folders/g3/pffjr_y96bq06blnkf72x_hw0000gn/T/eas-build-local-nodejs/f98a0858-83a6-4ef3-980d-ab6a19d10788/build/node_modules/react-native
build	Build iOS Locally on Free Cloud Mac	2026-08-22T21:26:18.6825390Z [RUN_EXPO_DOCTOR] - Watch Folders: 
build	Build iOS Locally on Free Cloud Mac	2026-08-22T21:26:18.6826260Z [RUN_EXPO_DOCTOR] - Node Module Paths: 
build	Build iOS Locally on Free Cloud Mac	2026-08-22T21:26:18.6827310Z [RUN_EXPO_DOCTOR] - Sass: null
build	Build iOS Locally on Free Cloud Mac	2026-08-22T21:26:18.6828020Z [RUN_EXPO_DOCTOR] - Reanimated: null
build	Build iOS Locally on Free Cloud Mac	2026-08-22T21:26:18.6829030Z [RUN_EXPO_DOCTOR] - Worklets: null
build	Build iOS Locally on Free Cloud Mac	2026-08-22T21:26:18.6829890Z [RUN_EXPO_DOCTOR] - Babel Runtime: null
build	Build iOS Locally on Free Cloud Mac	2026-08-22T21:26:19.0828130Z [RUN_EXPO_DOCTOR] Expo Metro config:
build	Build iOS Locally on Free Cloud Mac	2026-08-22T21:26:19.0846340Z [RUN_EXPO_DOCTOR] - Version: 57.0.8
build	Build iOS Locally on Free Cloud Mac	2026-08-22T21:26:19.0847470Z [RUN_EXPO_DOCTOR] - Extensions: ts, tsx, mjs, js, jsx, json, cjs, scss, sass, css
build	Build iOS Locally on Free Cloud Mac	2026-08-22T21:26:19.0851200Z [RUN_EXPO_DOCTOR] - React Native: /private/var/folders/g3/pffjr_y96bq06blnkf72x_hw0000gn/T/eas-build-local-nodejs/f98a0858-83a6-4ef3-980d-ab6a19d10788/build/node_modules/react-native
build	Build iOS Locally on Free Cloud Mac	2026-08-22T21:26:19.0852170Z [RUN_EXPO_DOCTOR] - Watch Folders: 
build	Build iOS Locally on Free Cloud Mac	2026-08-22T21:26:19.0858770Z [RUN_EXPO_DOCTOR] - Node Module Paths: 
build	Build iOS Locally on Free Cloud Mac	2026-08-22T21:26:19.0862160Z [RUN_EXPO_DOCTOR] - Sass: null
build	Build iOS Locally on Free Cloud Mac	2026-08-22T21:26:19.0864250Z [RUN_EXPO_DOCTOR] - Reanimated: null
build	Build iOS Locally on Free Cloud Mac	2026-08-22T21:26:19.0866400Z [RUN_EXPO_DOCTOR] - Worklets: null
build	Build iOS Locally on Free Cloud Mac	2026-08-22T21:26:19.0869160Z [RUN_EXPO_DOCTOR] - Babel Runtime: null
build	Build iOS Locally on Free Cloud Mac	2026-08-22T21:26:19.5082600Z [RUN_EXPO_DOCTOR] 
build	Build iOS Locally on Free Cloud Mac	2026-08-22T21:26:19.5184450Z [RUN_EXPO_DOCTOR] Expo Metro config:
build	Build iOS Locally on Free Cloud Mac	2026-08-22T21:26:19.5292020Z [RUN_EXPO_DOCTOR] - Version: 57.0.8
build	Build iOS Locally on Free Cloud Mac	2026-08-22T21:26:19.5398480Z [RUN_EXPO_DOCTOR] - Extensions: ts, tsx, mjs, js, jsx, json, cjs, scss, sass, css
build	Build iOS Locally on Free Cloud Mac	2026-08-22T21:26:19.5503760Z [RUN_EXPO_DOCTOR] - React Native: /private/var/folders/g3/pffjr_y96bq06blnkf72x_hw0000gn/T/eas-build-local-nodejs/f98a0858-83a6-4ef3-980d-ab6a19d10788/build/node_modules/react-native
build	Build iOS Locally on Free Cloud Mac	2026-08-22T21:26:19.5610100Z [RUN_EXPO_DOCTOR] - Watch Folders: 
build	Build iOS Locally on Free Cloud Mac	2026-08-22T21:26:19.5711430Z [RUN_EXPO_DOCTOR] - Node Module Paths:
build	Build iOS Locally on Free Cloud Mac	2026-08-22T21:26:19.5817290Z [RUN_EXPO_DOCTOR] - Sass: null
build	Build iOS Locally on Free Cloud Mac	2026-08-22T21:26:19.5920090Z [RUN_EXPO_DOCTOR] - Reanimated: null
build	Build iOS Locally on Free Cloud Mac	2026-08-22T21:26:19.6023180Z [RUN_EXPO_DOCTOR] - Worklets: null
build	Build iOS Locally on Free Cloud Mac	2026-08-22T21:26:19.6123690Z [RUN_EXPO_DOCTOR] - Babel Runtime: null
build	Build iOS Locally on Free Cloud Mac	2026-08-22T21:26:19.6226030Z [RUN_EXPO_DOCTOR] 
build	Build iOS Locally on Free Cloud Mac	2026-08-22T21:26:21.6990020Z [RUN_EXPO_DOCTOR] 18/21 checks passed. 3 checks failed. Possible issues detected:
build	Build iOS Locally on Free Cloud Mac	2026-08-22T21:26:21.7023610Z [RUN_EXPO_DOCTOR] 3 checks failed, indicating possible issues with the project.
build	Build iOS Locally on Free Cloud Mac	2026-08-22T21:26:21.7025360Z [RUN_EXPO_DOCTOR] Use the --verbose flag to see more details about passed checks.
build	Build iOS Locally on Free Cloud Mac	2026-08-22T21:26:21.7026800Z [RUN_EXPO_DOCTOR] 
build	Build iOS Locally on Free Cloud Mac	2026-08-22T21:26:21.7029570Z [RUN_EXPO_DOCTOR] ✖ Check Expo config (app.json/ app.config.js) schema
build	Build iOS Locally on Free Cloud Mac	2026-08-22T21:26:21.7032290Z [RUN_EXPO_DOCTOR] Errors validating fields in /private/var/folders/g3/pffjr_y96bq06blnkf72x_hw0000gn/T/eas-build-local-nodejs/f98a0858-83a6-4ef3-980d-ab6a19d10788/build/app.json:
build	Build iOS Locally on Free Cloud Mac	2026-08-22T21:26:21.7035980Z [RUN_EXPO_DOCTOR]  should NOT have additional property 'splash'.
build	Build iOS Locally on Free Cloud Mac	2026-08-22T21:26:21.7038010Z [RUN_EXPO_DOCTOR]  Field: android - should NOT have additional property 'usesCleartextTraffic'.
build	Build iOS Locally on Free Cloud Mac	2026-08-22T21:26:21.7039350Z [RUN_EXPO_DOCTOR] Advice:
build	Build iOS Locally on Free Cloud Mac	2026-08-22T21:26:21.7041040Z [RUN_EXPO_DOCTOR] Resolve schema errors in your app config. Learn more: https://docs.expo.dev/workflow/configuration/
build	Build iOS Locally on Free Cloud Mac	2026-08-22T21:26:21.7042330Z [RUN_EXPO_DOCTOR] 
build	Build iOS Locally on Free Cloud Mac	2026-08-22T21:26:21.7044050Z [RUN_EXPO_DOCTOR] ✖ Check dependencies for packages that should not be installed directly
build	Build iOS Locally on Free Cloud Mac	2026-08-22T21:26:21.7045160Z [RUN_EXPO_DOCTOR] The package  "@types/react-native" should not be installed directly in your project, as types are included with the "react-native" package.
build	Build iOS Locally on Free Cloud Mac	2026-08-22T21:26:21.7045830Z [RUN_EXPO_DOCTOR] Advice:
build	Build iOS Locally on Free Cloud Mac	2026-08-22T21:26:21.7046260Z [RUN_EXPO_DOCTOR] Remove these packages from your package.json.
build	Build iOS Locally on Free Cloud Mac	2026-08-22T21:26:21.7046590Z [RUN_EXPO_DOCTOR] 
build	Build iOS Locally on Free Cloud Mac	2026-08-22T21:26:21.7047210Z [RUN_EXPO_DOCTOR] ✖ Check that packages match versions required by installed Expo SDK
build	Build iOS Locally on Free Cloud Mac	2026-08-22T21:26:21.7048570Z [RUN_EXPO_DOCTOR] 
build	Build iOS Locally on Free Cloud Mac	2026-08-22T21:26:21.7049080Z [RUN_EXPO_DOCTOR] 🔧 Patch version mismatches
build	Build iOS Locally on Free Cloud Mac	2026-08-22T21:26:21.7049540Z [RUN_EXPO_DOCTOR] package             expected  found    
build	Build iOS Locally on Free Cloud Mac	2026-08-22T21:26:21.7049940Z [RUN_EXPO_DOCTOR] expo                ~57.0.15  57.0.13  
build	Build iOS Locally on Free Cloud Mac	2026-08-22T21:26:21.7050400Z [RUN_EXPO_DOCTOR] expo-camera         ~57.0.4   57.0.3   
build	Build iOS Locally on Free Cloud Mac	2026-08-22T21:26:21.7050860Z [RUN_EXPO_DOCTOR] expo-constants      ~57.0.13  57.0.11  
build	Build iOS Locally on Free Cloud Mac	2026-08-22T21:26:21.7051330Z [RUN_EXPO_DOCTOR] expo-dev-client     ~57.0.14  57.0.12  
build	Build iOS Locally on Free Cloud Mac	2026-08-22T21:26:21.7051800Z [RUN_EXPO_DOCTOR] expo-image-picker   ~57.0.12  57.0.10  
build	Build iOS Locally on Free Cloud Mac	2026-08-22T21:26:21.7052260Z [RUN_EXPO_DOCTOR] expo-linking        ~57.0.7   57.0.6   
build	Build iOS Locally on Free Cloud Mac	2026-08-22T21:26:21.7052660Z [RUN_EXPO_DOCTOR] expo-location       ~57.0.12  57.0.10  
build	Build iOS Locally on Free Cloud Mac	2026-08-22T21:26:21.7053120Z [RUN_EXPO_DOCTOR] expo-notifications  ~57.0.13  57.0.11  
build	Build iOS Locally on Free Cloud Mac	2026-08-22T21:26:21.7053540Z [RUN_EXPO_DOCTOR] expo-sharing        ~57.0.14  57.0.12  
build	Build iOS Locally on Free Cloud Mac	2026-08-22T21:26:21.7054030Z [RUN_EXPO_DOCTOR] expo-task-manager   ~57.0.12  57.0.10  
build	Build iOS Locally on Free Cloud Mac	2026-08-22T21:26:21.7054380Z [RUN_EXPO_DOCTOR] 
build	Build iOS Locally on Free Cloud Mac	2026-08-22T21:26:21.7054610Z [RUN_EXPO_DOCTOR] Changelogs:
build	Build iOS Locally on Free Cloud Mac	2026-08-22T21:26:21.7055400Z [RUN_EXPO_DOCTOR] - expo-camera → https://github.com/expo/expo/blob/sdk-57/packages/expo-camera/CHANGELOG.md
build	Build iOS Locally on Free Cloud Mac	2026-08-22T21:26:21.7056330Z [RUN_EXPO_DOCTOR] - expo-constants → https://github.com/expo/expo/blob/sdk-57/packages/expo-constants/CHANGELOG.md
build	Build iOS Locally on Free Cloud Mac	2026-08-22T21:26:21.7057300Z [RUN_EXPO_DOCTOR] - expo-dev-client → https://github.com/expo/expo/blob/sdk-57/packages/expo-dev-client/CHANGELOG.md
build	Build iOS Locally on Free Cloud Mac	2026-08-22T21:26:21.7058330Z [RUN_EXPO_DOCTOR] - expo-image-picker → https://github.com/expo/expo/blob/sdk-57/packages/expo-image-picker/CHANGELOG.md
build	Build iOS Locally on Free Cloud Mac	2026-08-22T21:26:21.7060870Z [RUN_EXPO_DOCTOR] - expo-linking → https://github.com/expo/expo/blob/sdk-57/packages/expo-linking/CHANGELOG.md
build	Build iOS Locally on Free Cloud Mac	2026-08-22T21:26:21.7063730Z [RUN_EXPO_DOCTOR] - expo-location → https://github.com/expo/expo/blob/sdk-57/packages/expo-location/CHANGELOG.md
build	Build iOS Locally on Free Cloud Mac	2026-08-22T21:26:21.7066280Z [RUN_EXPO_DOCTOR] - expo-notifications → https://github.com/expo/expo/blob/sdk-57/packages/expo-notifications/CHANGELOG.md
build	Build iOS Locally on Free Cloud Mac	2026-08-22T21:26:21.7068610Z [RUN_EXPO_DOCTOR] - expo-sharing → https://github.com/expo/expo/blob/sdk-57/packages/expo-sharing/CHANGELOG.md
build	Build iOS Locally on Free Cloud Mac	2026-08-22T21:26:21.7071020Z [RUN_EXPO_DOCTOR] - expo-task-manager → https://github.com/expo/expo/blob/sdk-57/packages/expo-task-manager/CHANGELOG.md
build	Build iOS Locally on Free Cloud Mac	2026-08-22T21:26:21.7072420Z [RUN_EXPO_DOCTOR] 
build	Build iOS Locally on Free Cloud Mac	2026-08-22T21:26:21.7073150Z [RUN_EXPO_DOCTOR] 10 packages out of date.
build	Build iOS Locally on Free Cloud Mac	2026-08-22T21:26:21.7074070Z [RUN_EXPO_DOCTOR] Advice:
build	Build iOS Locally on Free Cloud Mac	2026-08-22T21:26:21.7075340Z [RUN_EXPO_DOCTOR] Use 'npx expo install --check' to review and upgrade your dependencies.
build	Build iOS Locally on Free Cloud Mac	2026-08-22T21:26:21.7077860Z [RUN_EXPO_DOCTOR] To ignore specific packages, add them to "expo.install.exclude" in package.json. Learn more: https://expo.fyi/dependency-validation
build	Build iOS Locally on Free Cloud Mac	2026-08-22T21:26:21.7131420Z [RUN_EXPO_DOCTOR] Command "expo doctor" failed.
build	Build iOS Locally on Free Cloud Mac	2026-08-22T21:26:21.7152200Z Error: npx -y expo-doctor exited with non-zero code: 1
build	Build iOS Locally on Free Cloud Mac	2026-08-22T21:26:21.7153560Z [PREPARE_CREDENTIALS] Preparing credentials
build	Build iOS Locally on Free Cloud Mac	2026-08-22T21:26:21.7155670Z     at ChildProcess.completionListener (/Users/runner/.npm/_npx/cec30832843bb978/node_modules/@expo/spawn-async/build/spawnAsync.js:113:23)
build	Build iOS Locally on Free Cloud Mac	2026-08-22T21:26:21.7157060Z     at Object.onceWrapper (node:events:634:26)
build	Build iOS Locally on Free Cloud Mac	2026-08-22T21:26:21.7157540Z     at ChildProcess.emit (node:events:519:28)
build	Build iOS Locally on Free Cloud Mac	2026-08-22T21:26:21.7157990Z     at ChildProcess.emit (node:domain:489:12)
build	Build iOS Locally on Free Cloud Mac	2026-08-22T21:26:21.7158410Z     at maybeClose (node:internal/child_process:1101:16)
build	Build iOS Locally on Free Cloud Mac	2026-08-22T21:26:21.7159040Z     at Socket.<anonymous> (node:internal/child_process:456:11)
build	Build iOS Locally on Free Cloud Mac	2026-08-22T21:26:21.7159430Z     at Socket.emit (node:events:519:28)
build	Build iOS Locally on Free Cloud Mac	2026-08-22T21:26:21.7159860Z     at Socket.emit (node:domain:489:12)
build	Build iOS Locally on Free Cloud Mac	2026-08-22T21:26:21.7160260Z     at Pipe.<anonymous> (node:net:347:12)
build	Build iOS Locally on Free Cloud Mac	2026-08-22T21:26:21.7160590Z     ...
build	Build iOS Locally on Free Cloud Mac	2026-08-22T21:26:21.7161100Z     at spawnAsync (/Users/runner/.npm/_npx/cec30832843bb978/node_modules/@expo/spawn-async/build/spawnAsync.js:9:23)
build	Build iOS Locally on Free Cloud Mac	2026-08-22T21:26:21.7162240Z     at spawn (/Users/runner/.npm/_npx/cec30832843bb978/node_modules/@expo/turtle-spawn/dist/index.js:16:47)
build	Build iOS Locally on Free Cloud Mac	2026-08-22T21:26:21.7162980Z     at runExpoDoctor (/Users/runner/.npm/_npx/cec30832843bb978/node_modules/@expo/build-tools/dist/common/setup.js:158:52)
build	Build iOS Locally on Free Cloud Mac	2026-08-22T21:26:21.7163650Z     at process.processTicksAndRejections (node:internal/process/task_queues:103:5)
build	Build iOS Locally on Free Cloud Mac	2026-08-22T21:26:21.7164290Z     at async /Users/runner/.npm/_npx/cec30832843bb978/node_modules/@expo/build-tools/dist/common/setup.js:137:17
build	Build iOS Locally on Free Cloud Mac	2026-08-22T21:26:21.7165110Z     at async BuildContext.runBuildPhase (/Users/runner/.npm/_npx/cec30832843bb978/node_modules/@expo/build-tools/dist/context.js:126:28)
build	Build iOS Locally on Free Cloud Mac	2026-08-22T21:26:21.7165960Z     at async setupAsync (/Users/runner/.npm/_npx/cec30832843bb978/node_modules/@expo/build-tools/dist/common/setup.js:135:9)
build	Build iOS Locally on Free Cloud Mac	2026-08-22T21:26:21.7166820Z     at async buildInnerAsync (/Users/runner/.npm/_npx/cec30832843bb978/node_modules/@expo/build-tools/dist/builders/ios.js:66:5)
build	Build iOS Locally on Free Cloud Mac	2026-08-22T21:26:21.7167690Z     at async buildAsync (/Users/runner/.npm/_npx/cec30832843bb978/node_modules/@expo/build-tools/dist/builders/ios.js:56:9)
build	Build iOS Locally on Free Cloud Mac	2026-08-22T21:26:21.7168750Z     at async runBuilderWithHooksAsync (/Users/runner/.npm/_npx/cec30832843bb978/node_modules/@expo/build-tools/dist/builders/common.js:13:13)
build	Build iOS Locally on Free Cloud Mac	2026-08-22T21:26:21.7169360Z [PREPARE_CREDENTIALS] Creating keychain
build	Build iOS Locally on Free Cloud Mac	2026-08-22T21:26:23.3286240Z [PREPARE_CREDENTIALS] Preparing credentials for target 'Hence'
build	Build iOS Locally on Free Cloud Mac	2026-08-22T21:26:23.3326450Z [PREPARE_CREDENTIALS] Getting distribution certificate fingerprint and common name
build	Build iOS Locally on Free Cloud Mac	2026-08-22T21:26:23.3885700Z [PREPARE_CREDENTIALS] Fingerprint = "3B911D328AA09817105F625D0E0A6B7122079BEB", common name = iPhone Distribution: HENCE LIMITED (Q42QY7STMH)
build	Build iOS Locally on Free Cloud Mac	2026-08-22T21:26:23.3895650Z [PREPARE_CREDENTIALS] Writing distribution certificate to /var/folders/g3/pffjr_y96bq06blnkf72x_hw0000gn/T/409f0c23-a3f5-4fad-a1a7-355b519e9c8f.p12
build	Build iOS Locally on Free Cloud Mac	2026-08-22T21:26:23.3898820Z [PREPARE_CREDENTIALS] Importing distribution certificate into the keychain
build	Build iOS Locally on Free Cloud Mac	2026-08-22T21:26:24.9574680Z [PREPARE_CREDENTIALS] Initializing provisioning profile
build	Build iOS Locally on Free Cloud Mac	2026-08-22T21:26:25.0116200Z [PREPARE_CREDENTIALS] Validating whether the distribution certificate has been imported successfully
build	Build iOS Locally on Free Cloud Mac	2026-08-22T21:26:25.0455650Z [PREPARE_CREDENTIALS] Verifying whether the distribution certificate and provisioning profile match
build	Build iOS Locally on Free Cloud Mac	2026-08-22T21:26:25.4535000Z [PREBUILD] 2026-08-22T21:26:25.452Z expo:telemetry Recording 1 event(s)
build	Build iOS Locally on Free Cloud Mac	2026-08-22T21:26:25.4755090Z [PREBUILD] 2026-08-22T21:26:25.474Z expo:env /private/var/folders/g3/pffjr_y96bq06blnkf72x_hw0000gn/T/eas-build-local-nodejs/f98a0858-83a6-4ef3-980d-ab6a19d10788/build/.env does not exist, skipping this env file
build	Build iOS Locally on Free Cloud Mac	2026-08-22T21:26:25.4858710Z [PREBUILD] 2026-08-22T21:26:25.474Z expo:env /private/var/folders/g3/pffjr_y96bq06blnkf72x_hw0000gn/T/eas-build-local-nodejs/f98a0858-83a6-4ef3-980d-ab6a19d10788/build/.env.development does not exist, skipping this env file
build	Build iOS Locally on Free Cloud Mac	2026-08-22T21:26:25.4963080Z [PREBUILD] 2026-08-22T21:26:25.474Z expo:env /private/var/folders/g3/pffjr_y96bq06blnkf72x_hw0000gn/T/eas-build-local-nodejs/f98a0858-83a6-4ef3-980d-ab6a19d10788/build/.env.local does not exist, skipping this env file
build	Build iOS Locally on Free Cloud Mac	2026-08-22T21:26:25.5066970Z [PREBUILD] 2026-08-22T21:26:25.474Z expo:env /private/var/folders/g3/pffjr_y96bq06blnkf72x_hw0000gn/T/eas-build-local-nodejs/f98a0858-83a6-4ef3-980d-ab6a19d10788/build/.env.development.local does not exist, skipping this env file
build	Build iOS Locally on Free Cloud Mac	2026-08-22T21:26:25.6457660Z [PREBUILD] - Creating native directory (./ios)
build	Build iOS Locally on Free Cloud Mac	2026-08-22T21:26:25.6475830Z [PREBUILD] 2026-08-22T21:26:25.646Z expo:prebuild:resolveLocalTemplate Using local template from Expo package: /private/var/folders/g3/pffjr_y96bq06blnkf72x_hw0000gn/T/eas-build-local-nodejs/f98a0858-83a6-4ef3-980d-ab6a19d10788/build/node_modules/expo/template.tgz
build	Build iOS Locally on Free Cloud Mac	2026-08-22T21:26:25.6588420Z [PREBUILD] 2026-08-22T21:26:25.658Z expo:utils:tar write(644): /var/folders/g3/pffjr_y96bq06blnkf72x_hw0000gn/T/5f408017f2f5c19f9afd2ee84b08242e/.gitattributes
build	Build iOS Locally on Free Cloud Mac	2026-08-22T21:26:25.6614480Z [PREBUILD] 2026-08-22T21:26:25.661Z expo:utils:tar mkdir(p): /var/folders/g3/pffjr_y96bq06blnkf72x_hw0000gn/T/5f408017f2f5c19f9afd2ee84b08242e/android
build	Build iOS Locally on Free Cloud Mac	2026-08-22T21:26:25.6619450Z [PREBUILD] 2026-08-22T21:26:25.661Z expo:utils:tar write(644): /var/folders/g3/pffjr_y96bq06blnkf72x_hw0000gn/T/5f408017f2f5c19f9afd2ee84b08242e/android/.gitignore
build	Build iOS Locally on Free Cloud Mac	2026-08-22T21:26:25.6630040Z [PREBUILD] 2026-08-22T21:26:25.662Z expo:utils:tar write(644): /var/folders/g3/pffjr_y96bq06blnkf72x_hw0000gn/T/5f408017f2f5c19f9afd2ee84b08242e/.gitignore
build	Build iOS Locally on Free Cloud Mac	2026-08-22T21:26:25.6636340Z [PREBUILD] 2026-08-22T21:26:25.663Z expo:utils:tar mkdir(p): /var/folders/g3/pffjr_y96bq06blnkf72x_hw0000gn/T/5f408017f2f5c19f9afd2ee84b08242e/ios
build	Build iOS Locally on Free Cloud Mac	2026-08-22T21:26:25.6638700Z [PREBUILD] 2026-08-22T21:26:25.663Z expo:utils:tar write(644): /var/folders/g3/pffjr_y96bq06blnkf72x_hw0000gn/T/5f408017f2f5c19f9afd2ee84b08242e/ios/.gitignore
build	Build iOS Locally on Free Cloud Mac	2026-08-22T21:26:25.6642280Z [PREBUILD] 2026-08-22T21:26:25.663Z expo:utils:tar write(755): /var/folders/g3/pffjr_y96bq06blnkf72x_hw0000gn/T/5f408017f2f5c19f9afd2ee84b08242e/android/gradlew
build	Build iOS Locally on Free Cloud Mac	2026-08-22T21:26:25.6651130Z [PREBUILD] 2026-08-22T21:26:25.664Z expo:utils:tar write(644): /var/folders/g3/pffjr_y96bq06blnkf72x_hw0000gn/T/5f408017f2f5c19f9afd2ee84b08242e/ios/Podfile
build	Build iOS Locally on Free Cloud Mac	2026-08-22T21:26:25.6656960Z [PREBUILD] 2026-08-22T21:26:25.665Z expo:utils:tar write(644): /var/folders/g3/pffjr_y96bq06blnkf72x_hw0000gn/T/5f408017f2f5c19f9afd2ee84b08242e/android/gradlew.bat
build	Build iOS Locally on Free Cloud Mac	2026-08-22T21:26:25.6668310Z [PREBUILD] 2026-08-22T21:26:25.666Z expo:utils:tar write(644): /var/folders/g3/pffjr_y96bq06blnkf72x_hw0000gn/T/5f408017f2f5c19f9afd2ee84b08242e/ios/.xcode.env
build	Build iOS Locally on Free Cloud Mac	2026-08-22T21:26:25.6672090Z [PREBUILD] 2026-08-22T21:26:25.666Z expo:utils:tar mkdir(p): /var/folders/g3/pffjr_y96bq06blnkf72x_hw0000gn/T/5f408017f2f5c19f9afd2ee84b08242e/android/app
build	Build iOS Locally on Free Cloud Mac	2026-08-22T21:26:25.6674820Z [PREBUILD] 2026-08-22T21:26:25.667Z expo:utils:tar write(644): /var/folders/g3/pffjr_y96bq06blnkf72x_hw0000gn/T/5f408017f2f5c19f9afd2ee84b08242e/android/app/build.gradle
build	Build iOS Locally on Free Cloud Mac	2026-08-22T21:26:25.6684250Z [PREBUILD] 2026-08-22T21:26:25.668Z expo:utils:tar write(644): /var/folders/g3/pffjr_y96bq06blnkf72x_hw0000gn/T/5f408017f2f5c19f9afd2ee84b08242e/android/build.gradle
build	Build iOS Locally on Free Cloud Mac	2026-08-22T21:26:25.6694200Z [PREBUILD] 2026-08-22T21:26:25.668Z expo:utils:tar write(644): /var/folders/g3/pffjr_y96bq06blnkf72x_hw0000gn/T/5f408017f2f5c19f9afd2ee84b08242e/android/settings.gradle
build	Build iOS Locally on Free Cloud Mac	2026-08-22T21:26:25.6703740Z [PREBUILD] 2026-08-22T21:26:25.670Z expo:utils:tar mkdir(p): /var/folders/g3/pffjr_y96bq06blnkf72x_hw0000gn/T/5f408017f2f5c19f9afd2ee84b08242e/ios/Hence
build	Build iOS Locally on Free Cloud Mac	2026-08-22T21:26:25.6706540Z [PREBUILD] 2026-08-22T21:26:25.670Z expo:utils:tar write(644): /var/folders/g3/pffjr_y96bq06blnkf72x_hw0000gn/T/5f408017f2f5c19f9afd2ee84b08242e/ios/Hence/Hence-Bridging-Header.h
build	Build iOS Locally on Free Cloud Mac	2026-08-22T21:26:25.6717610Z [PREBUILD] 2026-08-22T21:26:25.671Z expo:utils:tar mkdir(p): /var/folders/g3/pffjr_y96bq06blnkf72x_hw0000gn/T/5f408017f2f5c19f9afd2ee84b08242e/android/gradle/wrapper
build	Build iOS Locally on Free Cloud Mac	2026-08-22T21:26:25.6721650Z [PREBUILD] 2026-08-22T21:26:25.671Z expo:utils:tar write(644): /var/folders/g3/pffjr_y96bq06blnkf72x_hw0000gn/T/5f408017f2f5c19f9afd2ee84b08242e/android/gradle/wrapper/gradle-wrapper.jar
build	Build iOS Locally on Free Cloud Mac	2026-08-22T21:26:25.6737750Z [PREBUILD] 2026-08-22T21:26:25.673Z expo:utils:tar write(644): /var/folders/g3/pffjr_y96bq06blnkf72x_hw0000gn/T/5f408017f2f5c19f9afd2ee84b08242e/App.js
build	Build iOS Locally on Free Cloud Mac	2026-08-22T21:26:25.6740840Z [PREBUILD] 2026-08-22T21:26:25.673Z expo:utils:tar write(644): /var/folders/g3/pffjr_y96bq06blnkf72x_hw0000gn/T/5f408017f2f5c19f9afd2ee84b08242e/index.js
build	Build iOS Locally on Free Cloud Mac	2026-08-22T21:26:25.6749910Z [PREBUILD] 2026-08-22T21:26:25.674Z expo:utils:tar write(644): /var/folders/g3/pffjr_y96bq06blnkf72x_hw0000gn/T/5f408017f2f5c19f9afd2ee84b08242e/metro.config.js
build	Build iOS Locally on Free Cloud Mac	2026-08-22T21:26:25.6751470Z [PREBUILD] 2026-08-22T21:26:25.674Z expo:utils:tar write(644): /var/folders/g3/pffjr_y96bq06blnkf72x_hw0000gn/T/5f408017f2f5c19f9afd2ee84b08242e/app.json
build	Build iOS Locally on Free Cloud Mac	2026-08-22T21:26:25.6760410Z [PREBUILD] 2026-08-22T21:26:25.675Z expo:utils:tar mkdir(p): /var/folders/g3/pffjr_y96bq06blnkf72x_hw0000gn/T/5f408017f2f5c19f9afd2ee84b08242e/ios/Hence/Images.xcassets/AppIcon.appiconset
build	Build iOS Locally on Free Cloud Mac	2026-08-22T21:26:25.6762550Z [PREBUILD] 2026-08-22T21:26:25.675Z expo:utils:tar write(644): /var/folders/g3/pffjr_y96bq06blnkf72x_hw0000gn/T/5f408017f2f5c19f9afd2ee84b08242e/ios/Hence/Images.xcassets/AppIcon.appiconset/Contents.json
build	Build iOS Locally on Free Cloud Mac	2026-08-22T21:26:25.6765700Z [PREBUILD] 2026-08-22T21:26:25.676Z expo:utils:tar write(644): /var/folders/g3/pffjr_y96bq06blnkf72x_hw0000gn/T/5f408017f2f5c19f9afd2ee84b08242e/ios/Hence/Images.xcassets/Contents.json
build	Build iOS Locally on Free Cloud Mac	2026-08-22T21:26:25.6773400Z [PREBUILD] 2026-08-22T21:26:25.676Z expo:utils:tar write(644): /var/folders/g3/pffjr_y96bq06blnkf72x_hw0000gn/T/5f408017f2f5c19f9afd2ee84b08242e/package.json
build	Build iOS Locally on Free Cloud Mac	2026-08-22T21:26:25.6777330Z [PREBUILD] 2026-08-22T21:26:25.677Z expo:utils:tar write(644): /var/folders/g3/pffjr_y96bq06blnkf72x_hw0000gn/T/5f408017f2f5c19f9afd2ee84b08242e/ios/Podfile.properties.json
build	Build iOS Locally on Free Cloud Mac	2026-08-22T21:26:25.6782370Z [PREBUILD] 2026-08-22T21:26:25.677Z expo:utils:tar write(644): /var/folders/g3/pffjr_y96bq06blnkf72x_hw0000gn/T/5f408017f2f5c19f9afd2ee84b08242e/android/app/debug.keystore
build	Build iOS Locally on Free Cloud Mac	2026-08-22T21:26:25.6788690Z [PREBUILD] 2026-08-22T21:26:25.678Z expo:utils:tar mkdir(p): /var/folders/g3/pffjr_y96bq06blnkf72x_hw0000gn/T/5f408017f2f5c19f9afd2ee84b08242e/android/app/src/main/java/com/hence
build	Build iOS Locally on Free Cloud Mac	2026-08-22T21:26:25.6793830Z [PREBUILD] 2026-08-22T21:26:25.679Z expo:utils:tar write(644): /var/folders/g3/pffjr_y96bq06blnkf72x_hw0000gn/T/5f408017f2f5c19f9afd2ee84b08242e/android/app/src/main/java/com/hence/MainActivity.kt
build	Build iOS Locally on Free Cloud Mac	2026-08-22T21:26:25.6796790Z [PREBUILD] 2026-08-22T21:26:25.679Z expo:utils:tar write(644): /var/folders/g3/pffjr_y96bq06blnkf72x_hw0000gn/T/5f408017f2f5c19f9afd2ee84b08242e/android/app/src/main/java/com/hence/MainApplication.kt
build	Build iOS Locally on Free Cloud Mac	2026-08-22T21:26:25.6802390Z [PREBUILD] 2026-08-22T21:26:25.679Z expo:utils:tar mkdir(p): /var/folders/g3/pffjr_y96bq06blnkf72x_hw0000gn/T/5f408017f2f5c19f9afd2ee84b08242e/ios/Hence.xcodeproj
build	Build iOS Locally on Free Cloud Mac	2026-08-22T21:26:25.6804530Z [PREBUILD] 2026-08-22T21:26:25.680Z expo:utils:tar write(644): /var/folders/g3/pffjr_y96bq06blnkf72x_hw0000gn/T/5f408017f2f5c19f9afd2ee84b08242e/ios/Hence.xcodeproj/project.pbxproj
build	Build iOS Locally on Free Cloud Mac	2026-08-22T21:26:25.6811200Z [PREBUILD] 2026-08-22T21:26:25.680Z expo:utils:tar mkdir(p): /var/folders/g3/pffjr_y96bq06blnkf72x_hw0000gn/T/5f408017f2f5c19f9afd2ee84b08242e/ios/Hence/Supporting
build	Build iOS Locally on Free Cloud Mac	2026-08-22T21:26:25.6812650Z [PREBUILD] 2026-08-22T21:26:25.680Z expo:utils:tar write(644): /var/folders/g3/pffjr_y96bq06blnkf72x_hw0000gn/T/5f408017f2f5c19f9afd2ee84b08242e/ios/Hence/Supporting/Expo.plist
build	Build iOS Locally on Free Cloud Mac	2026-08-22T21:26:25.6814760Z [PREBUILD] 2026-08-22T21:26:25.681Z expo:utils:tar mkdir(p): /var/folders/g3/pffjr_y96bq06blnkf72x_hw0000gn/T/5f408017f2f5c19f9afd2ee84b08242e/ios/Hence.xcodeproj/project.xcworkspace/xcshareddata
build	Build iOS Locally on Free Cloud Mac	2026-08-22T21:26:25.6819210Z [PREBUILD] 2026-08-22T21:26:25.681Z expo:utils:tar write(644): /var/folders/g3/pffjr_y96bq06blnkf72x_hw0000gn/T/5f408017f2f5c19f9afd2ee84b08242e/ios/Hence.xcodeproj/project.xcworkspace/xcshareddata/IDEWorkspaceChecks.plist
build	Build iOS Locally on Free Cloud Mac	2026-08-22T21:26:25.6820570Z [PREBUILD] 2026-08-22T21:26:25.681Z expo:utils:tar write(644): /var/folders/g3/pffjr_y96bq06blnkf72x_hw0000gn/T/5f408017f2f5c19f9afd2ee84b08242e/ios/Hence/Info.plist
build	Build iOS Locally on Free Cloud Mac	2026-08-22T21:26:25.6822820Z [PREBUILD] 2026-08-22T21:26:25.682Z expo:utils:tar mkdir(p): /var/folders/g3/pffjr_y96bq06blnkf72x_hw0000gn/T/5f408017f2f5c19f9afd2ee84b08242e/android/app/src/main/res/drawable-hdpi
build	Build iOS Locally on Free Cloud Mac	2026-08-22T21:26:25.6824510Z [PREBUILD] 2026-08-22T21:26:25.682Z expo:utils:tar write(644): /var/folders/g3/pffjr_y96bq06blnkf72x_hw0000gn/T/5f408017f2f5c19f9afd2ee84b08242e/android/app/src/main/res/drawable-hdpi/splashscreen_logo.png
build	Build iOS Locally on Free Cloud Mac	2026-08-22T21:26:25.6838190Z [PREBUILD] 2026-08-22T21:26:25.683Z expo:utils:tar mkdir(p): /var/folders/g3/pffjr_y96bq06blnkf72x_hw0000gn/T/5f408017f2f5c19f9afd2ee84b08242e/android/app/src/main/res/drawable-mdpi
build	Build iOS Locally on Free Cloud Mac	2026-08-22T21:26:25.6842080Z [PREBUILD] 2026-08-22T21:26:25.683Z expo:utils:tar write(644): /var/folders/g3/pffjr_y96bq06blnkf72x_hw0000gn/T/5f408017f2f5c19f9afd2ee84b08242e/android/app/src/main/res/drawable-mdpi/splashscreen_logo.png
build	Build iOS Locally on Free Cloud Mac	2026-08-22T21:26:25.6849010Z [PREBUILD] 2026-08-22T21:26:25.684Z expo:utils:tar mkdir(p): /var/folders/g3/pffjr_y96bq06blnkf72x_hw0000gn/T/5f408017f2f5c19f9afd2ee84b08242e/android/app/src/main/res/drawable-xhdpi
build	Build iOS Locally on Free Cloud Mac	2026-08-22T21:26:25.6852570Z [PREBUILD] 2026-08-22T21:26:25.684Z expo:utils:tar write(644): /var/folders/g3/pffjr_y96bq06blnkf72x_hw0000gn/T/5f408017f2f5c19f9afd2ee84b08242e/android/app/src/main/res/drawable-xhdpi/splashscreen_logo.png
build	Build iOS Locally on Free Cloud Mac	2026-08-22T21:26:25.6858250Z [PREBUILD] 2026-08-22T21:26:25.685Z expo:utils:tar mkdir(p): /var/folders/g3/pffjr_y96bq06blnkf72x_hw0000gn/T/5f408017f2f5c19f9afd2ee84b08242e/android/app/src/main/res/drawable-xxhdpi
build	Build iOS Locally on Free Cloud Mac	2026-08-22T21:26:25.6859990Z [PREBUILD] 2026-08-22T21:26:25.685Z expo:utils:tar write(644): /var/folders/g3/pffjr_y96bq06blnkf72x_hw0000gn/T/5f408017f2f5c19f9afd2ee84b08242e/android/app/src/main/res/drawable-xxhdpi/splashscreen_logo.png
build	Build iOS Locally on Free Cloud Mac	2026-08-22T21:26:25.6877650Z [PREBUILD] 2026-08-22T21:26:25.687Z expo:utils:tar mkdir(p): /var/folders/g3/pffjr_y96bq06blnkf72x_hw0000gn/T/5f408017f2f5c19f9afd2ee84b08242e/android/app/src/main/res/drawable-xxxhdpi
build	Build iOS Locally on Free Cloud Mac	2026-08-22T21:26:25.6881350Z [PREBUILD] 2026-08-22T21:26:25.687Z expo:utils:tar write(644): /var/folders/g3/pffjr_y96bq06blnkf72x_hw0000gn/T/5f408017f2f5c19f9afd2ee84b08242e/android/app/src/main/res/drawable-xxxhdpi/splashscreen_logo.png
build	Build iOS Locally on Free Cloud Mac	2026-08-22T21:26:25.6895710Z [PREBUILD] 2026-08-22T21:26:25.689Z expo:utils:tar write(644): /var/folders/g3/pffjr_y96bq06blnkf72x_hw0000gn/T/5f408017f2f5c19f9afd2ee84b08242e/android/app/proguard-rules.pro
build	Build iOS Locally on Free Cloud Mac	2026-08-22T21:26:25.6899690Z [PREBUILD] 2026-08-22T21:26:25.689Z expo:utils:tar write(644): /var/folders/g3/pffjr_y96bq06blnkf72x_hw0000gn/T/5f408017f2f5c19f9afd2ee84b08242e/android/gradle/wrapper/gradle-wrapper.properties
build	Build iOS Locally on Free Cloud Mac	2026-08-22T21:26:25.6904680Z [PREBUILD] 2026-08-22T21:26:25.689Z expo:utils:tar write(644): /var/folders/g3/pffjr_y96bq06blnkf72x_hw0000gn/T/5f408017f2f5c19f9afd2ee84b08242e/android/gradle.properties
build	Build iOS Locally on Free Cloud Mac	2026-08-22T21:26:25.6906960Z [PREBUILD] 2026-08-22T21:26:25.690Z expo:utils:tar write(644): /var/folders/g3/pffjr_y96bq06blnkf72x_hw0000gn/T/5f408017f2f5c19f9afd2ee84b08242e/ios/Hence/SplashScreen.storyboard
build	Build iOS Locally on Free Cloud Mac	2026-08-22T21:26:25.6908790Z [PREBUILD] 2026-08-22T21:26:25.690Z expo:utils:tar write(644): /var/folders/g3/pffjr_y96bq06blnkf72x_hw0000gn/T/5f408017f2f5c19f9afd2ee84b08242e/ios/Hence/AppDelegate.swift
build	Build iOS Locally on Free Cloud Mac	2026-08-22T21:26:25.6912490Z [PREBUILD] 2026-08-22T21:26:25.691Z expo:utils:tar mkdir(p): /var/folders/g3/pffjr_y96bq06blnkf72x_hw0000gn/T/5f408017f2f5c19f9afd2ee84b08242e/android/app/src/main/res/mipmap-hdpi
build	Build iOS Locally on Free Cloud Mac	2026-08-22T21:26:25.6914810Z [PREBUILD] 2026-08-22T21:26:25.691Z expo:utils:tar write(644): /var/folders/g3/pffjr_y96bq06blnkf72x_hw0000gn/T/5f408017f2f5c19f9afd2ee84b08242e/android/app/src/main/res/mipmap-hdpi/ic_launcher_round.webp
build	Build iOS Locally on Free Cloud Mac	2026-08-22T21:26:25.6919480Z [PREBUILD] 2026-08-22T21:26:25.691Z expo:utils:tar mkdir(p): /var/folders/g3/pffjr_y96bq06blnkf72x_hw0000gn/T/5f408017f2f5c19f9afd2ee84b08242e/android/app/src/main/res/mipmap-mdpi
build	Build iOS Locally on Free Cloud Mac	2026-08-22T21:26:25.6921560Z [PREBUILD] 2026-08-22T21:26:25.691Z expo:utils:tar write(644): /var/folders/g3/pffjr_y96bq06blnkf72x_hw0000gn/T/5f408017f2f5c19f9afd2ee84b08242e/android/app/src/main/res/mipmap-mdpi/ic_launcher_round.webp
build	Build iOS Locally on Free Cloud Mac	2026-08-22T21:26:25.6926180Z [PREBUILD] 2026-08-22T21:26:25.692Z expo:utils:tar mkdir(p): /var/folders/g3/pffjr_y96bq06blnkf72x_hw0000gn/T/5f408017f2f5c19f9afd2ee84b08242e/android/app/src/main/res/mipmap-xhdpi
build	Build iOS Locally on Free Cloud Mac	2026-08-22T21:26:25.6927860Z [PREBUILD] 2026-08-22T21:26:25.692Z expo:utils:tar write(644): /var/folders/g3/pffjr_y96bq06blnkf72x_hw0000gn/T/5f408017f2f5c19f9afd2ee84b08242e/android/app/src/main/res/mipmap-xhdpi/ic_launcher_round.webp
build	Build iOS Locally on Free Cloud Mac	2026-08-22T21:26:25.6938880Z [PREBUILD] 2026-08-22T21:26:25.693Z expo:utils:tar mkdir(p): /var/folders/g3/pffjr_y96bq06blnkf72x_hw0000gn/T/5f408017f2f5c19f9afd2ee84b08242e/android/app/src/main/res/mipmap-xxhdpi
build	Build iOS Locally on Free Cloud Mac	2026-08-22T21:26:25.6940770Z [PREBUILD] 2026-08-22T21:26:25.693Z expo:utils:tar write(644): /var/folders/g3/pffjr_y96bq06blnkf72x_hw0000gn/T/5f408017f2f5c19f9afd2ee84b08242e/android/app/src/main/res/mipmap-xxhdpi/ic_launcher_round.webp
build	Build iOS Locally on Free Cloud Mac	2026-08-22T21:26:25.6943460Z [PREBUILD] 2026-08-22T21:26:25.694Z expo:utils:tar mkdir(p): /var/folders/g3/pffjr_y96bq06blnkf72x_hw0000gn/T/5f408017f2f5c19f9afd2ee84b08242e/android/app/src/main/res/mipmap-xxxhdpi
build	Build iOS Locally on Free Cloud Mac	2026-08-22T21:26:25.6944840Z [PREBUILD] 2026-08-22T21:26:25.694Z expo:utils:tar write(644): /var/folders/g3/pffjr_y96bq06blnkf72x_hw0000gn/T/5f408017f2f5c19f9afd2ee84b08242e/android/app/src/main/res/mipmap-xxxhdpi/ic_launcher_round.webp
build	Build iOS Locally on Free Cloud Mac	2026-08-22T21:26:25.6948170Z [PREBUILD] 2026-08-22T21:26:25.694Z expo:utils:tar write(644): /var/folders/g3/pffjr_y96bq06blnkf72x_hw0000gn/T/5f408017f2f5c19f9afd2ee84b08242e/android/app/src/main/res/mipmap-hdpi/ic_launcher.webp
build	Build iOS Locally on Free Cloud Mac	2026-08-22T21:26:25.6950700Z [PREBUILD] 2026-08-22T21:26:25.694Z expo:utils:tar write(644): /var/folders/g3/pffjr_y96bq06blnkf72x_hw0000gn/T/5f408017f2f5c19f9afd2ee84b08242e/android/app/src/main/res/mipmap-mdpi/ic_launcher.webp
build	Build iOS Locally on Free Cloud Mac	2026-08-22T21:26:25.6953360Z [PREBUILD] 2026-08-22T21:26:25.695Z expo:utils:tar write(644): /var/folders/g3/pffjr_y96bq06blnkf72x_hw0000gn/T/5f408017f2f5c19f9afd2ee84b08242e/android/app/src/main/res/mipmap-xhdpi/ic_launcher.webp
build	Build iOS Locally on Free Cloud Mac	2026-08-22T21:26:25.6956280Z [PREBUILD] 2026-08-22T21:26:25.695Z expo:utils:tar write(644): /var/folders/g3/pffjr_y96bq06blnkf72x_hw0000gn/T/5f408017f2f5c19f9afd2ee84b08242e/android/app/src/main/res/mipmap-xxhdpi/ic_launcher.webp
build	Build iOS Locally on Free Cloud Mac	2026-08-22T21:26:25.6964890Z [PREBUILD] 2026-08-22T21:26:25.696Z expo:utils:tar write(644): /var/folders/g3/pffjr_y96bq06blnkf72x_hw0000gn/T/5f408017f2f5c19f9afd2ee84b08242e/android/app/src/main/res/mipmap-xxxhdpi/ic_launcher.webp
build	Build iOS Locally on Free Cloud Mac	2026-08-22T21:26:25.6967560Z [PREBUILD] 2026-08-22T21:26:25.696Z expo:utils:tar mkdir(p): /var/folders/g3/pffjr_y96bq06blnkf72x_hw0000gn/T/5f408017f2f5c19f9afd2ee84b08242e/ios/Hence.xcodeproj/xcshareddata/xcschemes
build	Build iOS Locally on Free Cloud Mac	2026-08-22T21:26:25.6969110Z [PREBUILD] 2026-08-22T21:26:25.696Z expo:utils:tar write(644): /var/folders/g3/pffjr_y96bq06blnkf72x_hw0000gn/T/5f408017f2f5c19f9afd2ee84b08242e/ios/Hence.xcodeproj/xcshareddata/xcschemes/Hence.xcscheme
build	Build iOS Locally on Free Cloud Mac	2026-08-22T21:26:25.6971520Z [PREBUILD] 2026-08-22T21:26:25.697Z expo:utils:tar write(644): /var/folders/g3/pffjr_y96bq06blnkf72x_hw0000gn/T/5f408017f2f5c19f9afd2ee84b08242e/ios/Hence.xcodeproj/project.xcworkspace/contents.xcworkspacedata
build	Build iOS Locally on Free Cloud Mac	2026-08-22T21:26:25.6973940Z [PREBUILD] 2026-08-22T21:26:25.697Z expo:utils:tar mkdir(p): /var/folders/g3/pffjr_y96bq06blnkf72x_hw0000gn/T/5f408017f2f5c19f9afd2ee84b08242e/android/app/src/debug
build	Build iOS Locally on Free Cloud Mac	2026-08-22T21:26:25.6975240Z [PREBUILD] 2026-08-22T21:26:25.697Z expo:utils:tar write(644): /var/folders/g3/pffjr_y96bq06blnkf72x_hw0000gn/T/5f408017f2f5c19f9afd2ee84b08242e/android/app/src/debug/AndroidManifest.xml
build	Build iOS Locally on Free Cloud Mac	2026-08-22T21:26:25.6978020Z [PREBUILD] 2026-08-22T21:26:25.697Z expo:utils:tar mkdir(p): /var/folders/g3/pffjr_y96bq06blnkf72x_hw0000gn/T/5f408017f2f5c19f9afd2ee84b08242e/android/app/src/debugOptimized
build	Build iOS Locally on Free Cloud Mac	2026-08-22T21:26:25.6982800Z [PREBUILD] 2026-08-22T21:26:25.697Z expo:utils:tar write(644): /var/folders/g3/pffjr_y96bq06blnkf72x_hw0000gn/T/5f408017f2f5c19f9afd2ee84b08242e/android/app/src/debugOptimized/AndroidManifest.xml
build	Build iOS Locally on Free Cloud Mac	2026-08-22T21:26:25.6985840Z [PREBUILD] 2026-08-22T21:26:25.698Z expo:utils:tar write(644): /var/folders/g3/pffjr_y96bq06blnkf72x_hw0000gn/T/5f408017f2f5c19f9afd2ee84b08242e/android/app/src/main/AndroidManifest.xml
build	Build iOS Locally on Free Cloud Mac	2026-08-22T21:26:25.6989270Z [PREBUILD] 2026-08-22T21:26:25.698Z expo:utils:tar mkdir(p): /var/folders/g3/pffjr_y96bq06blnkf72x_hw0000gn/T/5f408017f2f5c19f9afd2ee84b08242e/android/app/src/main/res/values
build	Build iOS Locally on Free Cloud Mac	2026-08-22T21:26:25.6992590Z [PREBUILD] 2026-08-22T21:26:25.698Z expo:utils:tar write(644): /var/folders/g3/pffjr_y96bq06blnkf72x_hw0000gn/T/5f408017f2f5c19f9afd2ee84b08242e/android/app/src/main/res/values/colors.xml
build	Build iOS Locally on Free Cloud Mac	2026-08-22T21:26:25.6995890Z [PREBUILD] 2026-08-22T21:26:25.698Z expo:utils:tar mkdir(p): /var/folders/g3/pffjr_y96bq06blnkf72x_hw0000gn/T/5f408017f2f5c19f9afd2ee84b08242e/android/app/src/main/res/drawable
build	Build iOS Locally on Free Cloud Mac	2026-08-22T21:26:25.7001300Z [PREBUILD] 2026-08-22T21:26:25.698Z expo:utils:tar write(644): /var/folders/g3/pffjr_y96bq06blnkf72x_hw0000gn/T/5f408017f2f5c19f9afd2ee84b08242e/android/app/src/main/res/drawable/ic_launcher_background.xml
build	Build iOS Locally on Free Cloud Mac	2026-08-22T21:26:25.7005200Z [PREBUILD] 2026-08-22T21:26:25.699Z expo:utils:tar write(644): /var/folders/g3/pffjr_y96bq06blnkf72x_hw0000gn/T/5f408017f2f5c19f9afd2ee84b08242e/android/app/src/main/res/drawable/rn_edit_text_material.xml
build	Build iOS Locally on Free Cloud Mac	2026-08-22T21:26:25.7006570Z [PREBUILD] 2026-08-22T21:26:25.699Z expo:utils:tar write(644): /var/folders/g3/pffjr_y96bq06blnkf72x_hw0000gn/T/5f408017f2f5c19f9afd2ee84b08242e/android/app/src/main/res/values/strings.xml
build	Build iOS Locally on Free Cloud Mac	2026-08-22T21:26:25.7007890Z [PREBUILD] 2026-08-22T21:26:25.699Z expo:utils:tar write(644): /var/folders/g3/pffjr_y96bq06blnkf72x_hw0000gn/T/5f408017f2f5c19f9afd2ee84b08242e/android/app/src/main/res/values/styles.xml
build	Build iOS Locally on Free Cloud Mac	2026-08-22T21:26:25.7062770Z [PREBUILD] 2026-08-22T21:26:25.705Z expo:utils:tar write(644): /var/folders/g3/pffjr_y96bq06blnkf72x_hw0000gn/T/5f408017f2f5c19f9afd2ee84b08242e/LICENSE
build	Build iOS Locally on Free Cloud Mac	2026-08-22T21:26:25.7104430Z [PREBUILD] 2026-08-22T21:26:25.709Z expo:prebuild:copyTemplateFiles All platforms have an internal gitignore: true
build	Build iOS Locally on Free Cloud Mac	2026-08-22T21:26:25.9515730Z [PREBUILD] 2026-08-22T21:26:25.950Z expo:prebuild:copyTemplateFiles Got files to transform: ["ios/Podfile","app.json","ios/Hence.xcodeproj/project.pbxproj","ios/Hence.xcodeproj/xcshareddata/xcschemes/Hence.xcscheme","ios/Hence.xcodeproj/project.xcworkspace/contents.xcworkspacedata","node_modules/react-native-qrcode-svg/Example/app.json","node_modules/expo/node_modules/@expo/log-box/app.json"]
build	Build iOS Locally on Free Cloud Mac	2026-08-22T21:26:25.9615890Z [PREBUILD] 2026-08-22T21:26:25.952Z expo:prebuild:copyTemplateFiles Renaming app name in file: /private/var/folders/g3/pffjr_y96bq06blnkf72x_hw0000gn/T/eas-build-local-nodejs/f98a0858-83a6-4ef3-980d-ab6a19d10788/build/ios/Podfile
build	Build iOS Locally on Free Cloud Mac	2026-08-22T21:26:25.9617890Z [PREBUILD] ✔ Created native directory
build	Build iOS Locally on Free Cloud Mac	2026-08-22T21:26:25.9719430Z [PREBUILD] 2026-08-22T21:26:25.953Z expo:prebuild:copyTemplateFiles Renaming app name in file: /private/var/folders/g3/pffjr_y96bq06blnkf72x_hw0000gn/T/eas-build-local-nodejs/f98a0858-83a6-4ef3-980d-ab6a19d10788/build/app.json
build	Build iOS Locally on Free Cloud Mac	2026-08-22T21:26:25.9720390Z [PREBUILD] - Updating package.json
build	Build iOS Locally on Free Cloud Mac	2026-08-22T21:26:25.9822440Z [PREBUILD] 2026-08-22T21:26:25.953Z expo:prebuild:copyTemplateFiles Renaming app name in file: /private/var/folders/g3/pffjr_y96bq06blnkf72x_hw0000gn/T/eas-build-local-nodejs/f98a0858-83a6-4ef3-980d-ab6a19d10788/build/ios/Hence.xcodeproj/project.pbxproj
build	Build iOS Locally on Free Cloud Mac	2026-08-22T21:26:25.9823970Z [PREBUILD] ✔ Updated package.json | no changes
build	Build iOS Locally on Free Cloud Mac	2026-08-22T21:26:25.9922870Z [PREBUILD] 2026-08-22T21:26:25.953Z expo:prebuild:copyTemplateFiles Renaming app name in file: /private/var/folders/g3/pffjr_y96bq06blnkf72x_hw0000gn/T/eas-build-local-nodejs/f98a0858-83a6-4ef3-980d-ab6a19d10788/build/ios/Hence.xcodeproj/xcshareddata/xcschemes/Hence.xcscheme
build	Build iOS Locally on Free Cloud Mac	2026-08-22T21:26:26.0025920Z [PREBUILD] 2026-08-22T21:26:25.953Z expo:prebuild:copyTemplateFiles Renaming app name in file: /private/var/folders/g3/pffjr_y96bq06blnkf72x_hw0000gn/T/eas-build-local-nodejs/f98a0858-83a6-4ef3-980d-ab6a19d10788/build/ios/Hence.xcodeproj/project.xcworkspace/contents.xcworkspacedata
build	Build iOS Locally on Free Cloud Mac	2026-08-22T21:26:26.0126230Z [PREBUILD] 2026-08-22T21:26:25.954Z expo:prebuild:copyTemplateFiles Renaming app name in file: /private/var/folders/g3/pffjr_y96bq06blnkf72x_hw0000gn/T/eas-build-local-nodejs/f98a0858-83a6-4ef3-980d-ab6a19d10788/build/node_modules/expo/node_modules/@expo/log-box/app.json
build	Build iOS Locally on Free Cloud Mac	2026-08-22T21:26:26.0226800Z [PREBUILD] 2026-08-22T21:26:25.954Z expo:prebuild:copyTemplateFiles Renaming app name in file: /private/var/folders/g3/pffjr_y96bq06blnkf72x_hw0000gn/T/eas-build-local-nodejs/f98a0858-83a6-4ef3-980d-ab6a19d10788/build/node_modules/react-native-qrcode-svg/Example/app.json
build	Build iOS Locally on Free Cloud Mac	2026-08-22T21:26:26.1467130Z [PREBUILD] 2026-08-22T21:26:26.146Z expo:config-plugins:ios:maps Google Maps API Key: null
build	Build iOS Locally on Free Cloud Mac	2026-08-22T21:26:26.1523860Z [PREBUILD] 2026-08-22T21:26:26.150Z expo:prebuild-config Skipping unlinked auto plugin: expo-firebase-analytics
build	Build iOS Locally on Free Cloud Mac	2026-08-22T21:26:26.1525620Z [PREBUILD] 2026-08-22T21:26:26.151Z expo:prebuild-config Skipping unlinked auto plugin: expo-firebase-core
build	Build iOS Locally on Free Cloud Mac	2026-08-22T21:26:26.1526550Z [PREBUILD] 2026-08-22T21:26:26.151Z expo:prebuild-config Skipping unlinked auto plugin: expo-google-sign-in
build	Build iOS Locally on Free Cloud Mac	2026-08-22T21:26:26.1527260Z [PREBUILD] 2026-08-22T21:26:26.151Z expo:prebuild-config Skipping unlinked auto plugin: expo-app-auth
build	Build iOS Locally on Free Cloud Mac	2026-08-22T21:26:26.1527900Z [PREBUILD] 2026-08-22T21:26:26.151Z expo:prebuild-config Skipping unlinked auto plugin: expo-av
build	Build iOS Locally on Free Cloud Mac	2026-08-22T21:26:26.1528590Z [PREBUILD] 2026-08-22T21:26:26.151Z expo:prebuild-config Skipping unlinked auto plugin: expo-background-fetch
build	Build iOS Locally on Free Cloud Mac	2026-08-22T21:26:26.1529290Z [PREBUILD] 2026-08-22T21:26:26.151Z expo:prebuild-config Skipping unlinked auto plugin: expo-brightness
build	Build iOS Locally on Free Cloud Mac	2026-08-22T21:26:26.1529950Z [PREBUILD] 2026-08-22T21:26:26.151Z expo:prebuild-config Skipping unlinked auto plugin: expo-calendar
build	Build iOS Locally on Free Cloud Mac	2026-08-22T21:26:26.1530600Z [PREBUILD] 2026-08-22T21:26:26.151Z expo:prebuild-config Skipping unlinked auto plugin: expo-cellular
build	Build iOS Locally on Free Cloud Mac	2026-08-22T21:26:26.1598710Z [PREBUILD] 2026-08-22T21:26:26.159Z expo:prebuild-config Skipping unlinked auto plugin: expo-media-library
build	Build iOS Locally on Free Cloud Mac	2026-08-22T21:26:26.1599580Z [PREBUILD] 2026-08-22T21:26:26.159Z expo:prebuild-config Skipping unlinked auto plugin: expo-screen-orientation
build	Build iOS Locally on Free Cloud Mac	2026-08-22T21:26:26.1600280Z [PREBUILD] 2026-08-22T21:26:26.159Z expo:prebuild-config Skipping unlinked auto plugin: expo-sensors
build	Build iOS Locally on Free Cloud Mac	2026-08-22T21:26:26.1607130Z [PREBUILD] 2026-08-22T21:26:26.160Z expo:prebuild-config Skipping unlinked auto plugin: expo-local-authentication
build	Build iOS Locally on Free Cloud Mac	2026-08-22T21:26:26.1709390Z [PREBUILD] 2026-08-22T21:26:26.170Z expo:config-plugins:mod-compiler run in order: dangerous, xcodeproj, entitlements, infoPlist, podfileProperties, podfile, appDelegate, expoPlist
build	Build iOS Locally on Free Cloud Mac	2026-08-22T21:26:26.1742170Z [PREBUILD] ios.dangerous: withDefaultBaseMods ➜ withIosBaseMods ➜ withGeneratedBaseMods ➜ withIosDangerousBaseMod
build	Build iOS Locally on Free Cloud Mac	2026-08-22T21:26:26.1744250Z [PREBUILD] 2026-08-22T21:26:26.173Z expo:config-plugins:base-mods mods.ios.dangerous: file path: [skipped]
build	Build iOS Locally on Free Cloud Mac	2026-08-22T21:26:26.1746310Z [PREBUILD] ios.dangerous: withIosExpoPlugins ➜ withPlugins ➜ withStaticPlugin ➜ withIosIcons ➜ withDangerousMod
build	Build iOS Locally on Free Cloud Mac	2026-08-22T21:26:26.5777210Z [PREBUILD] ios.xcodeproj: withDefaultBaseMods ➜ withIosBaseMods ➜ withGeneratedBaseMods ➜ withIosXcodeprojBaseMod
build	Build iOS Locally on Free Cloud Mac	2026-08-22T21:26:26.5789140Z [PREBUILD] 2026-08-22T21:26:26.578Z expo:config-plugins:base-mods mods.ios.xcodeproj: file path: /private/var/folders/g3/pffjr_y96bq06blnkf72x_hw0000gn/T/eas-build-local-nodejs/f98a0858-83a6-4ef3-980d-ab6a19d10788/build/ios/Hence.xcodeproj/project.pbxproj
build	Build iOS Locally on Free Cloud Mac	2026-08-22T21:26:26.5890380Z [PREBUILD] ios.xcodeproj: withIosExpoPlugins ➜ withPlugins ➜ withStaticPlugin ➜ withIosIcons ➜ withXcodeProject
build	Build iOS Locally on Free Cloud Mac	2026-08-22T21:26:26.5902590Z [PREBUILD] ios.xcodeproj: withIosExpoPlugins ➜ withPlugins ➜ withStaticPlugin ➜ withDevelopmentTeam ➜ withXcodeProject
build	Build iOS Locally on Free Cloud Mac	2026-08-22T21:26:26.5905880Z [PREBUILD] ios.xcodeproj: withIosExpoPlugins ➜ withPlugins ➜ withStaticPlugin ➜ withLocales ➜ withXcodeProject
build	Build iOS Locally on Free Cloud Mac	2026-08-22T21:26:26.6014350Z [PREBUILD] ios.xcodeproj: withIosExpoPlugins ➜ withPlugins ➜ withStaticPlugin ➜ withBitcode ➜ withXcodeProject
build	Build iOS Locally on Free Cloud Mac	2026-08-22T21:26:26.6144210Z [PREBUILD] ios.xcodeproj: withIosExpoPlugins ➜ withPlugins ➜ withStaticPlugin ➜ withDeviceFamily ➜ withXcodeProject
build	Build iOS Locally on Free Cloud Mac	2026-08-22T21:26:26.6155370Z [PREBUILD] ios.xcodeproj: withIosExpoPlugins ➜ withPlugins ➜ withStaticPlugin ➜ withDeploymentTarget ➜ withXcodeProject
build	Build iOS Locally on Free Cloud Mac	2026-08-22T21:26:26.6176650Z [PREBUILD] ios.xcodeproj: withIosExpoPlugins ➜ withPlugins ➜ withStaticPlugin ➜ withGoogleServicesFile ➜ withXcodeProject
build	Build iOS Locally on Free Cloud Mac	2026-08-22T21:26:26.6179580Z [PREBUILD] ios.xcodeproj: withIosExpoPlugins ➜ withPlugins ➜ withStaticPlugin ➜ withProductName ➜ withXcodeProject
build	Build iOS Locally on Free Cloud Mac	2026-08-22T21:26:26.6182300Z [PREBUILD] ios.xcodeproj: withIosExpoPlugins ➜ withPlugins ➜ withStaticPlugin ➜ withBundleIdentifier ➜ withXcodeProject
build	Build iOS Locally on Free Cloud Mac	2026-08-22T21:26:26.6184180Z [PREBUILD] ios.xcodeproj: withStaticPlugin ➜ withRunOnce ➜ withStripLocalNetworkKeysForRelease ➜ withXcodeProject
build	Build iOS Locally on Free Cloud Mac	2026-08-22T21:26:26.6185460Z [PREBUILD] ios.xcodeproj: withStaticPlugin ➜ withRunOnce ➜ withNotifications ➜ withNotificationsIOS ➜ withNotificationSounds ➜ withXcodeProject
build	Build iOS Locally on Free Cloud Mac	2026-08-22T21:26:26.6186460Z [PREBUILD] ios.xcodeproj: withStaticPlugin ➜ withRunOnce ➜ withStripe ➜ withNoopSwiftFile ➜ withBuildSourceFile ➜ withXcodeProject
build	Build iOS Locally on Free Cloud Mac	2026-08-22T21:26:26.6187480Z [PREBUILD] ios.entitlements: withDefaultBaseMods ➜ withIosBaseMods ➜ withGeneratedBaseMods ➜ withIosEntitlementsBaseMod
build	Build iOS Locally on Free Cloud Mac	2026-08-22T21:26:26.6212510Z [PREBUILD] 2026-08-22T21:26:26.620Z expo:config-plugins:base-mods mods.ios.entitlements: file path: /private/var/folders/g3/pffjr_y96bq06blnkf72x_hw0000gn/T/eas-build-local-nodejs/f98a0858-83a6-4ef3-980d-ab6a19d10788/build/ios/Hence/Hence.entitlements
build	Build iOS Locally on Free Cloud Mac	2026-08-22T21:26:26.6291830Z [PREBUILD] ios.entitlements: withIosExpoPlugins ➜ withPlugins ➜ withStaticPlugin ➜ withAssociatedDomains ➜ withEntitlementsPlist
build	Build iOS Locally on Free Cloud Mac	2026-08-22T21:26:26.6294780Z [PREBUILD] ios.entitlements: withStaticPlugin ➜ withExpoContacts ➜ withRunOnce ➜ withAccessesContactNotes ➜ withEntitlementsPlist
build	Build iOS Locally on Free Cloud Mac	2026-08-22T21:26:26.6297690Z [PREBUILD] ios.entitlements: withStaticPlugin ➜ withExpoAppleAuthentication ➜ withRunOnce ➜ withAppleSignInWarning ➜ withEntitlementsPlist
build	Build iOS Locally on Free Cloud Mac	2026-08-22T21:26:26.6300370Z [PREBUILD] ios.entitlements: withStaticPlugin ➜ withRunOnce ➜ withNotifications ➜ withNotificationsIOS ➜ withEntitlementsPlist
build	Build iOS Locally on Free Cloud Mac	2026-08-22T21:26:26.6302930Z [PREBUILD] ios.entitlements: withStaticPlugin ➜ withRunOnce ➜ withStripe ➜ withStripeIos ➜ withEntitlementsPlist
build	Build iOS Locally on Free Cloud Mac	2026-08-22T21:26:26.6329370Z [PREBUILD] ios.infoPlist: withDefaultBaseMods ➜ withIosBaseMods ➜ withGeneratedBaseMods ➜ withIosInfoPlistBaseMod
build	Build iOS Locally on Free Cloud Mac	2026-08-22T21:26:26.6395250Z [PREBUILD] 2026-08-22T21:26:26.638Z expo:config-plugins:base-mods mods.ios.infoPlist: file path: /private/var/folders/g3/pffjr_y96bq06blnkf72x_hw0000gn/T/eas-build-local-nodejs/f98a0858-83a6-4ef3-980d-ab6a19d10788/build/ios/Hence/Info.plist
build	Build iOS Locally on Free Cloud Mac	2026-08-22T21:26:26.6409900Z [PREBUILD] ios.infoPlist: withIosExpoPlugins ➜ withPlugins ➜ withStaticPlugin ➜ withVersion ➜ withInfoPlist
build	Build iOS Locally on Free Cloud Mac	2026-08-22T21:26:26.6412220Z [PREBUILD] ios.infoPlist: withIosExpoPlugins ➜ withPlugins ➜ withStaticPlugin ➜ withBuildNumber ➜ withInfoPlist
build	Build iOS Locally on Free Cloud Mac	2026-08-22T21:26:26.6433870Z [PREBUILD] 2026-08-22T21:26:26.641Z expo:config-plugins:ios:permissions Setting "NSPhotoLibraryUsageDescription" to "Hence Logistics needs photo library access to upload profile pictures and delivery receipts."
build	Build iOS Locally on Free Cloud Mac	2026-08-22T21:26:26.6437110Z [PREBUILD] ios.infoPlist: withIosExpoPlugins ➜ withPlugins ➜ withStaticPlugin ➜ withUsesNonExemptEncryption ➜ withInfoPlist
build	Build iOS Locally on Free Cloud Mac	2026-08-22T21:26:26.6440330Z [PREBUILD] 2026-08-22T21:26:26.641Z expo:config-plugins:ios:permissions Setting "NSCameraUsageDescription" to "Hence Logistics needs camera access to take photos for proof of delivery."
build	Build iOS Locally on Free Cloud Mac	2026-08-22T21:26:26.6443050Z [PREBUILD] ios.infoPlist: withIosExpoPlugins ➜ withPlugins ➜ withStaticPlugin ➜ withMetroPort ➜ withInfoPlist
build	Build iOS Locally on Free Cloud Mac	2026-08-22T21:26:26.6445050Z [PREBUILD] 2026-08-22T21:26:26.641Z expo:config-plugins:ios:permissions Setting "NSMicrophoneUsageDescription" to "Hence Logistics needs microphone access for voice notes and video delivery proof."
build	Build iOS Locally on Free Cloud Mac	2026-08-22T21:26:26.6446450Z [PREBUILD] 2026-08-22T21:26:26.642Z expo:config-plugins:ios:permissions Setting "NSLocationAlwaysAndWhenInUseUsageDescription" to "Allow Hence to use your location to find nearby jobs and track deliveries."
build	Build iOS Locally on Free Cloud Mac	2026-08-22T21:26:26.6447660Z [PREBUILD] 2026-08-22T21:26:26.642Z expo:config-plugins:ios:permissions Setting "NSLocationAlwaysUsageDescription" to "Allow $(PRODUCT_NAME) to access your location"
build	Build iOS Locally on Free Cloud Mac	2026-08-22T21:26:26.6448930Z [PREBUILD] 2026-08-22T21:26:26.642Z expo:config-plugins:ios:permissions Setting "NSLocationWhenInUseUsageDescription" to "Hence Logistics needs your location to provide accurate tracking for deliveries."
build	Build iOS Locally on Free Cloud Mac	2026-08-22T21:26:26.6450140Z [PREBUILD] 2026-08-22T21:26:26.642Z expo:config-plugins:ios:permissions Setting "NSMotionUsageDescription" to "Allow $(PRODUCT_NAME) to detect your current motion activity"
build	Build iOS Locally on Free Cloud Mac	2026-08-22T21:26:26.6451550Z [PREBUILD] 2026-08-22T21:26:26.642Z expo:config-plugins:ios:permissions Setting "NSCameraUsageDescription" to "Hence needs camera access to scan QR codes and upload delivery proof."
build	Build iOS Locally on Free Cloud Mac	2026-08-22T21:26:26.6452800Z [PREBUILD] 2026-08-22T21:26:26.642Z expo:config-plugins:ios:permissions Setting "NSMicrophoneUsageDescription" to "Hence Logistics needs microphone access for voice notes and video delivery proof."
build	Build iOS Locally on Free Cloud Mac	2026-08-22T21:26:26.6454350Z [PREBUILD] 2026-08-22T21:26:26.644Z expo:config-plugins:base-mods mods.ios.podfileProperties: file path: /private/var/folders/g3/pffjr_y96bq06blnkf72x_hw0000gn/T/eas-build-local-nodejs/f98a0858-83a6-4ef3-980d-ab6a19d10788/build/ios/Podfile.properties.json
build	Build iOS Locally on Free Cloud Mac	2026-08-22T21:26:26.6455620Z [PREBUILD] ios.infoPlist: withIosExpoPlugins ➜ withPlugins ➜ withStaticPlugin ➜ withScheme ➜ withInfoPlist
build	Build iOS Locally on Free Cloud Mac	2026-08-22T21:26:26.6456460Z [PREBUILD] ios.infoPlist: withIosExpoPlugins ➜ withPlugins ➜ withStaticPlugin ➜ withRequiresFullScreen ➜ withInfoPlist
build	Build iOS Locally on Free Cloud Mac	2026-08-22T21:26:26.6457280Z [PREBUILD] ios.infoPlist: withIosExpoPlugins ➜ withPlugins ➜ withStaticPlugin ➜ withOrientation ➜ withInfoPlist
build	Build iOS Locally on Free Cloud Mac	2026-08-22T21:26:26.6458090Z [PREBUILD] ios.infoPlist: withIosExpoPlugins ➜ withPlugins ➜ withStaticPlugin ➜ withDisplayName ➜ withInfoPlist
build	Build iOS Locally on Free Cloud Mac	2026-08-22T21:26:26.6458930Z [PREBUILD] ios.infoPlist: withIosExpoPlugins ➜ withPlugins ➜ withStaticPlugin ➜ withGoogle ➜ withInfoPlist
build	Build iOS Locally on Free Cloud Mac	2026-08-22T21:26:26.6459630Z [PREBUILD] ios.infoPlist: withStaticPlugin ➜ withRunOnce ➜ withTaskManager ➜ withInfoPlist
build	Build iOS Locally on Free Cloud Mac	2026-08-22T21:26:26.6460380Z [PREBUILD] ios.infoPlist: withStaticPlugin ➜ withRunOnce ➜ withImagePicker ➜ withIosPermissions ➜ withInfoPlist
build	Build iOS Locally on Free Cloud Mac	2026-08-22T21:26:26.6461510Z [PREBUILD] ios.infoPlist: withStaticPlugin ➜ withRunOnce ➜ withDevClient ➜ withGeneratedIosScheme ➜ withInfoPlist
build	Build iOS Locally on Free Cloud Mac	2026-08-22T21:26:26.6462280Z [PREBUILD] ios.infoPlist: withStaticPlugin ➜ withRunOnce ➜ withLocalNetworkPermission ➜ withInfoPlist
build	Build iOS Locally on Free Cloud Mac	2026-08-22T21:26:26.6462900Z [PREBUILD] ios.infoPlist: withStaticPlugin ➜ withRunOnce ➜ withInfoPlist
build	Build iOS Locally on Free Cloud Mac	2026-08-22T21:26:26.6463620Z [PREBUILD] ios.infoPlist: withFallback ➜ withPlugins ➜ withStaticPlugin ➜ withIosUserInterfaceStyle ➜ withInfoPlist
build	Build iOS Locally on Free Cloud Mac	2026-08-22T21:26:26.6464470Z [PREBUILD] ios.infoPlist: withFallback ➜ withPlugins ➜ withStaticPlugin ➜ withIosRootViewBackgroundColor ➜ withInfoPlist
build	Build iOS Locally on Free Cloud Mac	2026-08-22T21:26:26.6465310Z [PREBUILD] ios.infoPlist: withFallback ➜ withPlugins ➜ withStaticPlugin ➜ withMaps ➜ withGoogleMapsKey ➜ withInfoPlist
build	Build iOS Locally on Free Cloud Mac	2026-08-22T21:26:26.6466110Z [PREBUILD] ios.infoPlist: withStaticPlugin ➜ withRunOnce ➜ withLocation ➜ withIosPermissions ➜ withInfoPlist
build	Build iOS Locally on Free Cloud Mac	2026-08-22T21:26:26.6466890Z [PREBUILD] ios.infoPlist: withStaticPlugin ➜ withRunOnce ➜ withCamera ➜ withIosPermissions ➜ withInfoPlist
build	Build iOS Locally on Free Cloud Mac	2026-08-22T21:26:26.6467770Z [PREBUILD] ios.podfileProperties: withDefaultBaseMods ➜ withIosBaseMods ➜ withGeneratedBaseMods ➜ withIosPodfilePropertiesBaseMod
build	Build iOS Locally on Free Cloud Mac	2026-08-22T21:26:26.6468800Z [PREBUILD] ios.podfileProperties: withIosExpoPlugins ➜ withPlugins ➜ withStaticPlugin ➜ withDeploymentTargetPodfileProps ➜ withPodfileProperties
build	Build iOS Locally on Free Cloud Mac	2026-08-22T21:26:26.6469950Z [PREBUILD] ios.podfileProperties: withVersionedExpoSDKPlugins ➜ withPlugins ➜ withStaticPlugin ➜ withInlineModules ➜ withIosInlineModules ➜ withPodfileProperties
build	Build iOS Locally on Free Cloud Mac	2026-08-22T21:26:26.6471150Z [PREBUILD] ios.podfileProperties: withUnversionedUpdates ➜ withUpdates ➜ withPlugins ➜ withStaticPlugin ➜ withUpdatesNativeDebugPodfileProps ➜ withPodfileProperties
build	Build iOS Locally on Free Cloud Mac	2026-08-22T21:26:26.6472300Z [PREBUILD] ios.podfileProperties: withConfigPlugins ➜ withPlugins ➜ withStaticPlugin ➜ withBuildProperties ➜ withIosBuildProperties ➜ withPodfileProperties
build	Build iOS Locally on Free Cloud Mac	2026-08-22T21:26:26.6473210Z [PREBUILD] ios.podfileProperties: withStaticPlugin ➜ withRunOnce ➜ withCamera ➜ withPodfileProperties
build	Build iOS Locally on Free Cloud Mac	2026-08-22T21:26:26.6473990Z [PREBUILD] ios.podfile: withDefaultBaseMods ➜ withIosBaseMods ➜ withGeneratedBaseMods ➜ withIosPodfileBaseMod
build	Build iOS Locally on Free Cloud Mac	2026-08-22T21:26:26.6480380Z [PREBUILD] 2026-08-22T21:26:26.647Z expo:config-plugins:base-mods mods.ios.podfile: file path: /private/var/folders/g3/pffjr_y96bq06blnkf72x_hw0000gn/T/eas-build-local-nodejs/f98a0858-83a6-4ef3-980d-ab6a19d10788/build/ios/Podfile
build	Build iOS Locally on Free Cloud Mac	2026-08-22T21:26:26.6483640Z [PREBUILD] 2026-08-22T21:26:26.648Z expo:config-plugins:ios:maps Is Expo Autolinked: true
build	Build iOS Locally on Free Cloud Mac	2026-08-22T21:26:26.6485260Z [PREBUILD] 2026-08-22T21:26:26.648Z expo:config-plugins:ios:maps react-native-maps path: /private/var/folders/g3/pffjr_y96bq06blnkf72x_hw0000gn/T/eas-build-local-nodejs/f98a0858-83a6-4ef3-980d-ab6a19d10788/build/node_modules/react-native-maps
build	Build iOS Locally on Free Cloud Mac	2026-08-22T21:26:26.6486600Z [PREBUILD] ios.podfile: withFallback ➜ withPlugins ➜ withStaticPlugin ➜ withMaps ➜ withMapsCocoaPods ➜ withPodfile
build	Build iOS Locally on Free Cloud Mac	2026-08-22T21:26:26.6498290Z [PREBUILD] ios.appDelegate: withDefaultBaseMods ➜ withIosBaseMods ➜ withGeneratedBaseMods ➜ withIosAppDelegateBaseMod
build	Build iOS Locally on Free Cloud Mac	2026-08-22T21:26:26.6503420Z [PREBUILD] 2026-08-22T21:26:26.649Z expo:config-plugins:base-mods mods.ios.appDelegate: file path: /private/var/folders/g3/pffjr_y96bq06blnkf72x_hw0000gn/T/eas-build-local-nodejs/f98a0858-83a6-4ef3-980d-ab6a19d10788/build/ios/Hence/AppDelegate.swift
build	Build iOS Locally on Free Cloud Mac	2026-08-22T21:26:26.6507240Z [PREBUILD] ios.appDelegate: withFallback ➜ withPlugins ➜ withStaticPlugin ➜ withMaps ➜ withGoogleMapsAppDelegate ➜ withAppDelegate
build	Build iOS Locally on Free Cloud Mac	2026-08-22T21:26:26.6509620Z [PREBUILD] ios.expoPlist: withDefaultBaseMods ➜ withIosBaseMods ➜ withGeneratedBaseMods ➜ withIosExpoPlistBaseMod
build	Build iOS Locally on Free Cloud Mac	2026-08-22T21:26:26.6513200Z [PREBUILD] 2026-08-22T21:26:26.650Z expo:config-plugins:base-mods mods.ios.expoPlist: file path: /private/var/folders/g3/pffjr_y96bq06blnkf72x_hw0000gn/T/eas-build-local-nodejs/f98a0858-83a6-4ef3-980d-ab6a19d10788/build/ios/Hence/Supporting/Expo.plist
build	Build iOS Locally on Free Cloud Mac	2026-08-22T21:26:26.6518140Z [PREBUILD] ios.expoPlist: withUnversionedUpdates ➜ withUpdates ➜ withPlugins ➜ withStaticPlugin ➜ withUpdatesPlist ➜ withExpoPlist
build	Build iOS Locally on Free Cloud Mac	2026-08-22T21:26:26.6532710Z [PREBUILD] 2026-08-22T21:26:26.652Z expo:config-plugins:mod-compiler skip platform: android
build	Build iOS Locally on Free Cloud Mac	2026-08-22T21:26:26.6533830Z [PREBUILD] Evaluated config:
build	Build iOS Locally on Free Cloud Mac	2026-08-22T21:26:26.6544040Z [PREBUILD] {
build	Build iOS Locally on Free Cloud Mac	2026-08-22T21:26:26.6547020Z [PREBUILD]   name: ^[[32m'Hence'^[[39m,
build	Build iOS Locally on Free Cloud Mac	2026-08-22T21:26:26.6564710Z [PREBUILD]   slug: ^[[32m'HenceLogistics'^[[39m,
build	Build iOS Locally on Free Cloud Mac	2026-08-22T21:26:26.6565210Z [PREBUILD]   scheme: ^[[32m'hencelogistics'^[[39m,
build	Build iOS Locally on Free Cloud Mac	2026-08-22T21:26:26.6565600Z [PREBUILD]   version: ^[[32m'1.0.0'^[[39m,
build	Build iOS Locally on Free Cloud Mac	2026-08-22T21:26:26.6566030Z [PREBUILD]   orientation: ^[[32m'portrait'^[[39m,
build	Build iOS Locally on Free Cloud Mac	2026-08-22T21:26:26.6575230Z [PREBUILD]   icon: ^[[32m'./assets/icon.png'^[[39m,
build	Build iOS Locally on Free Cloud Mac	2026-08-22T21:26:26.6575660Z [PREBUILD]   userInterfaceStyle: ^[[32m'light'^[[39m,
build	Build iOS Locally on Free Cloud Mac	2026-08-22T21:26:26.6575970Z [PREBUILD]   plugins: [
build	Build iOS Locally on Free Cloud Mac	2026-08-22T21:26:26.6576190Z [PREBUILD]     [
build	Build iOS Locally on Free Cloud Mac	2026-08-22T21:26:26.6576790Z [PREBUILD]       ^[[32m'@stripe/stripe-react-native'^[[39m,
build	Build iOS Locally on Free Cloud Mac	2026-08-22T21:26:26.6577150Z [PREBUILD]       {
build	Build iOS Locally on Free Cloud Mac	2026-08-22T21:26:26.6577630Z [PREBUILD]         merchantIdentifier: ^[[32m'merchant.com.hencelogistics.test'^[[39m,
build	Build iOS Locally on Free Cloud Mac	2026-08-22T21:26:26.6578150Z [PREBUILD]         enableGooglePay: ^[[33mfalse^[[39m,
build	Build iOS Locally on Free Cloud Mac	2026-08-22T21:26:26.6578570Z [PREBUILD]         enableApplePay: ^[[33mtrue^[[39m
build	Build iOS Locally on Free Cloud Mac	2026-08-22T21:26:26.6578860Z [PREBUILD]       }
build	Build iOS Locally on Free Cloud Mac	2026-08-22T21:26:26.6579070Z [PREBUILD]     ],
build	Build iOS Locally on Free Cloud Mac	2026-08-22T21:26:26.6579360Z [PREBUILD]     ^[[32m'expo-font'^[[39m,
build	Build iOS Locally on Free Cloud Mac	2026-08-22T21:26:26.6579610Z [PREBUILD]     [
build	Build iOS Locally on Free Cloud Mac	2026-08-22T21:26:26.6579900Z [PREBUILD]       ^[[32m'expo-camera'^[[39m,
build	Build iOS Locally on Free Cloud Mac	2026-08-22T21:26:26.6580170Z [PREBUILD]       {
build	Build iOS Locally on Free Cloud Mac	2026-08-22T21:26:26.6580790Z [PREBUILD]         cameraPermission: ^[[32m'Hence needs camera access to scan QR codes and upload delivery proof.'^[[39m
build	Build iOS Locally on Free Cloud Mac	2026-08-22T21:26:26.6581250Z [PREBUILD]       }
build	Build iOS Locally on Free Cloud Mac	2026-08-22T21:26:26.6581460Z [PREBUILD]     ],
build	Build iOS Locally on Free Cloud Mac	2026-08-22T21:26:26.6581660Z [PREBUILD]     [
build	Build iOS Locally on Free Cloud Mac	2026-08-22T21:26:26.6581970Z [PREBUILD]       ^[[32m'expo-location'^[[39m,
build	Build iOS Locally on Free Cloud Mac	2026-08-22T21:26:26.6582250Z [PREBUILD]       {
build	Build iOS Locally on Free Cloud Mac	2026-08-22T21:26:26.6582990Z [PREBUILD]         locationAlwaysAndWhenInUsePermission: ^[[32m'Allow Hence to use your location to find nearby jobs and track deliveries.'^[[39m
build	Build iOS Locally on Free Cloud Mac	2026-08-22T21:26:26.6583740Z [PREBUILD]       }
build	Build iOS Locally on Free Cloud Mac	2026-08-22T21:26:26.6583950Z [PREBUILD]     ],
build	Build iOS Locally on Free Cloud Mac	2026-08-22T21:26:26.6584140Z [PREBUILD]     [
build	Build iOS Locally on Free Cloud Mac	2026-08-22T21:26:26.6584470Z [PREBUILD]       ^[[32m'expo-notifications'^[[39m,
build	Build iOS Locally on Free Cloud Mac	2026-08-22T21:26:26.6584760Z [PREBUILD]       {
build	Build iOS Locally on Free Cloud Mac	2026-08-22T21:26:26.6585070Z [PREBUILD]         color: ^[[32m'#1A7A4A'^[[39m
build	Build iOS Locally on Free Cloud Mac	2026-08-22T21:26:26.6585340Z [PREBUILD]       }
build	Build iOS Locally on Free Cloud Mac	2026-08-22T21:26:26.6585560Z [PREBUILD]     ],
build	Build iOS Locally on Free Cloud Mac	2026-08-22T21:26:26.6585960Z [PREBUILD]     ^[[32m'@react-native-community/datetimepicker'^[[39m,
build	Build iOS Locally on Free Cloud Mac	2026-08-22T21:26:26.6586380Z [PREBUILD]     ^[[32m'expo-sharing'^[[39m,
build	Build iOS Locally on Free Cloud Mac	2026-08-22T21:26:26.6586730Z [PREBUILD]     ^[[32m'expo-status-bar'^[[39m,
build	Build iOS Locally on Free Cloud Mac	2026-08-22T21:26:26.6586990Z [PREBUILD]     [
build	Build iOS Locally on Free Cloud Mac	2026-08-22T21:26:26.6587330Z [PREBUILD]       ^[[32m'expo-build-properties'^[[39m,
build	Build iOS Locally on Free Cloud Mac	2026-08-22T21:26:26.6587620Z [PREBUILD]       {
build	Build iOS Locally on Free Cloud Mac	2026-08-22T21:26:26.6587840Z [PREBUILD]         ios: {
build	Build iOS Locally on Free Cloud Mac	2026-08-22T21:26:26.6588150Z [PREBUILD]           extraXCBuildSettings: {
build	Build iOS Locally on Free Cloud Mac	2026-08-22T21:26:26.6588600Z [PREBUILD]             ENABLE_USER_SCRIPT_SANDBOXING: ^[[32m'NO'^[[39m
build	Build iOS Locally on Free Cloud Mac	2026-08-22T21:26:26.6588930Z [PREBUILD]           }
build	Build iOS Locally on Free Cloud Mac	2026-08-22T21:26:26.6589150Z [PREBUILD]         }
build	Build iOS Locally on Free Cloud Mac	2026-08-22T21:26:26.6589370Z [PREBUILD]       }
build	Build iOS Locally on Free Cloud Mac	2026-08-22T21:26:26.6589570Z [PREBUILD]     ]
build	Build iOS Locally on Free Cloud Mac	2026-08-22T21:26:26.6590520Z [PREBUILD]   ],
build	Build iOS Locally on Free Cloud Mac	2026-08-22T21:26:26.6591670Z [PREBUILD]   description: ^[[90mundefined^[[39m,
build	Build iOS Locally on Free Cloud Mac	2026-08-22T21:26:26.6592590Z [PREBUILD]   sdkVersion: ^[[32m'57.0.0'^[[39m,
build	Build iOS Locally on Free Cloud Mac	2026-08-22T21:26:26.6593370Z [PREBUILD]   platforms: [
build	Build iOS Locally on Free Cloud Mac	2026-08-22T21:26:26.6594200Z [PREBUILD]     ^[[32m'ios'^[[39m,
build	Build iOS Locally on Free Cloud Mac	2026-08-22T21:26:26.6595010Z [PREBUILD]     ^[[32m'android'^[[39m
build	Build iOS Locally on Free Cloud Mac	2026-08-22T21:26:26.6595640Z [PREBUILD]   ],
build	Build iOS Locally on Free Cloud Mac	2026-08-22T21:26:26.6596210Z [PREBUILD]   splash: {
build	Build iOS Locally on Free Cloud Mac	2026-08-22T21:26:26.6627860Z [PREBUILD] 2026-08-22T21:26:26.654Z expo:prebuild Skipped pod install
build	Build iOS Locally on Free Cloud Mac	2026-08-22T21:26:26.6628700Z [PREBUILD]     image: ^[[32m'./assets/splash-icon.png'^[[39m,
build	Build iOS Locally on Free Cloud Mac	2026-08-22T21:26:26.6630310Z [PREBUILD] 2026-08-22T21:26:26.659Z expo:telemetry:client:detached Detached flush started
build	Build iOS Locally on Free Cloud Mac	2026-08-22T21:26:26.6630810Z [PREBUILD]     resizeMode: ^[[32m'contain'^[[39m,
build	Build iOS Locally on Free Cloud Mac	2026-08-22T21:26:26.6631290Z [PREBUILD]     backgroundColor: ^[[32m'#ffffff'^[[39m
build	Build iOS Locally on Free Cloud Mac	2026-08-22T21:26:26.6631570Z [PREBUILD]   },
build	Build iOS Locally on Free Cloud Mac	2026-08-22T21:26:26.6631790Z [PREBUILD]   ios: {
build	Build iOS Locally on Free Cloud Mac	2026-08-22T21:26:26.6632200Z [PREBUILD]     bundleIdentifier: ^[[32m'com.hence.oyedotun'^[[39m,
build	Build iOS Locally on Free Cloud Mac	2026-08-22T21:26:26.6632540Z [PREBUILD]     infoPlist: {
build	Build iOS Locally on Free Cloud Mac	2026-08-22T21:26:26.6632990Z [PREBUILD]       CADisableMinimumFrameDurationOnPhone: ^[[33mtrue^[[39m,
build	Build iOS Locally on Free Cloud Mac	2026-08-22T21:26:26.6633600Z [PREBUILD]       CFBundleDevelopmentRegion: ^[[32m'$(DEVELOPMENT_LANGUAGE)'^[[39m,
build	Build iOS Locally on Free Cloud Mac	2026-08-22T21:26:26.6634220Z [PREBUILD]       CFBundleExecutable: ^[[32m'$(EXECUTABLE_NAME)'^[[39m,
build	Build iOS Locally on Free Cloud Mac	2026-08-22T21:26:26.6634800Z [PREBUILD]       CFBundleIdentifier: ^[[32m'$(PRODUCT_BUNDLE_IDENTIFIER)'^[[39m,
build	Build iOS Locally on Free Cloud Mac	2026-08-22T21:26:26.6635330Z [PREBUILD]       CFBundleInfoDictionaryVersion: ^[[32m'6.0'^[[39m,
build	Build iOS Locally on Free Cloud Mac	2026-08-22T21:26:26.6635820Z [PREBUILD]       CFBundleName: ^[[32m'$(PRODUCT_NAME)'^[[39m,
build	Build iOS Locally on Free Cloud Mac	2026-08-22T21:26:26.6636380Z [PREBUILD]       CFBundlePackageType: ^[[32m'$(PRODUCT_BUNDLE_PACKAGE_TYPE)'^[[39m,
build	Build iOS Locally on Free Cloud Mac	2026-08-22T21:26:26.6636940Z [PREBUILD]       CFBundleShortVersionString: ^[[32m'1.0.0'^[[39m,
build	Build iOS Locally on Free Cloud Mac	2026-08-22T21:26:26.6637400Z [PREBUILD]       CFBundleSignature: ^[[32m'????'^[[39m,
build	Build iOS Locally on Free Cloud Mac	2026-08-22T21:26:26.6637810Z [PREBUILD]       CFBundleVersion: ^[[32m'1'^[[39m,
build	Build iOS Locally on Free Cloud Mac	2026-08-22T21:26:26.6638230Z [PREBUILD]       LSRequiresIPhoneOS: ^[[33mtrue^[[39m,
build	Build iOS Locally on Free Cloud Mac	2026-08-22T21:26:26.6638680Z [PREBUILD]       LSMinimumSystemVersion: ^[[32m'12.0'^[[39m,
build	Build iOS Locally on Free Cloud Mac	2026-08-22T21:26:26.6639150Z [PREBUILD]       NSAppTransportSecurity: [Object: null prototype] {
build	Build iOS Locally on Free Cloud Mac	2026-08-22T21:26:26.6639640Z [PREBUILD]         NSAllowsArbitraryLoads: ^[[33mfalse^[[39m,
build	Build iOS Locally on Free Cloud Mac	2026-08-22T21:26:26.6640120Z [PREBUILD]         NSAllowsLocalNetworking: ^[[33mtrue^[[39m
build	Build iOS Locally on Free Cloud Mac	2026-08-22T21:26:26.6640420Z [PREBUILD]       },
build	Build iOS Locally on Free Cloud Mac	2026-08-22T21:26:26.6640830Z [PREBUILD]       UILaunchStoryboardName: ^[[32m'SplashScreen'^[[39m,
build	Build iOS Locally on Free Cloud Mac	2026-08-22T21:26:26.6641260Z [PREBUILD]       UIRequiredDeviceCapabilities: [
build	Build iOS Locally on Free Cloud Mac	2026-08-22T21:26:26.6641620Z [PREBUILD]         ^[[32m'arm64'^[[39m
build	Build iOS Locally on Free Cloud Mac	2026-08-22T21:26:26.6642210Z [PREBUILD]       ],
build	Build iOS Locally on Free Cloud Mac	2026-08-22T21:26:26.6643590Z [PREBUILD]       UIStatusBarStyle: ^[[32m'UIStatusBarStyleDefault'^[[39m,
build	Build iOS Locally on Free Cloud Mac	2026-08-22T21:26:26.6645140Z [PREBUILD]       UISupportedInterfaceOrientations: [
build	Build iOS Locally on Free Cloud Mac	2026-08-22T21:26:26.6646490Z [PREBUILD]         ^[[32m'UIInterfaceOrientationPortrait'^[[39m,
build	Build iOS Locally on Free Cloud Mac	2026-08-22T21:26:26.6647850Z [PREBUILD]         ^[[32m'UIInterfaceOrientationPortraitUpsideDown'^[[39m
build	Build iOS Locally on Free Cloud Mac	2026-08-22T21:26:26.6648780Z [PREBUILD]       ],
build	Build iOS Locally on Free Cloud Mac	2026-08-22T21:26:26.6649930Z [PREBUILD]       UIViewControllerBasedStatusBarAppearance: ^[[33mfalse^[[39m,
build	Build iOS Locally on Free Cloud Mac	2026-08-22T21:26:26.6651030Z [PREBUILD]       UIBackgroundModes: [
build	Build iOS Locally on Free Cloud Mac	2026-08-22T21:26:26.6651940Z [PREBUILD]         ^[[32m'fetch'^[[39m,
build	Build iOS Locally on Free Cloud Mac	2026-08-22T21:26:26.6652920Z [PREBUILD]         ^[[32m'remote-notification'^[[39m
build	Build iOS Locally on Free Cloud Mac	2026-08-22T21:26:26.6653680Z [PREBUILD]       ],
build	Build iOS Locally on Free Cloud Mac	2026-08-22T21:26:26.6655370Z [PREBUILD]       NSCameraUsageDescription: ^[[32m'Hence needs camera access to scan QR codes and upload delivery proof.'^[[39m,
build	Build iOS Locally on Free Cloud Mac	2026-08-22T21:26:26.6658350Z [PREBUILD]       NSPhotoLibraryUsageDescription: ^[[32m'Hence Logistics needs photo library access to upload profile pictures and delivery receipts.'^[[39m,
build	Build iOS Locally on Free Cloud Mac	2026-08-22T21:26:26.6661420Z [PREBUILD]       NSLocationWhenInUseUsageDescription: ^[[32m'Hence Logistics needs your location to provide accurate tracking for deliveries.'^[[39m,
build	Build iOS Locally on Free Cloud Mac	2026-08-22T21:26:26.6664980Z [PREBUILD]       NSLocationAlwaysAndWhenInUseUsageDescription: ^[[32m'Allow Hence to use your location to find nearby jobs and track deliveries.'^[[39m,
build	Build iOS Locally on Free Cloud Mac	2026-08-22T21:26:26.6667910Z [PREBUILD]       NSMicrophoneUsageDescription: ^[[32m'Hence Logistics needs microphone access for voice notes and video delivery proof.'^[[39m,
build	Build iOS Locally on Free Cloud Mac	2026-08-22T21:26:26.6670880Z [PREBUILD]       NSUserTrackingUsageDescription: ^[[32m'Hence Logistics uses tracking to optimize the delivery experience.'^[[39m,
build	Build iOS Locally on Free Cloud Mac	2026-08-22T21:26:26.6673030Z [PREBUILD]       NSFaceIDUsageDescription: ^[[32m'Hence Logistics uses Face ID for secure driver login.'^[[39m,
build	Build iOS Locally on Free Cloud Mac	2026-08-22T21:26:26.6675670Z [PREBUILD]       ITSAppUsesNonExemptEncryption: ^[[33mfalse^[[39m,
build	Build iOS Locally on Free Cloud Mac	2026-08-22T21:26:26.6676900Z [PREBUILD]       RCTMetroPort: ^[[32m'$(RCT_METRO_PORT)'^[[39m,
build	Build iOS Locally on Free Cloud Mac	2026-08-22T21:26:26.6677980Z [PREBUILD]       CFBundleURLTypes: [
build	Build iOS Locally on Free Cloud Mac	2026-08-22T21:26:26.6678640Z [PREBUILD]         {
build	Build iOS Locally on Free Cloud Mac	2026-08-22T21:26:26.6679290Z [PREBUILD]           CFBundleURLSchemes: [
build	Build iOS Locally on Free Cloud Mac	2026-08-22T21:26:26.6680200Z [PREBUILD]             ^[[32m'hencelogistics'^[[39m,
build	Build iOS Locally on Free Cloud Mac	2026-08-22T21:26:26.6681140Z [PREBUILD]             ^[[32m'com.hence.oyedotun'^[[39m
build	Build iOS Locally on Free Cloud Mac	2026-08-22T21:26:26.6681810Z [PREBUILD]           ]
build	Build iOS Locally on Free Cloud Mac	2026-08-22T21:26:26.6682300Z [PREBUILD]         },
build	Build iOS Locally on Free Cloud Mac	2026-08-22T21:26:26.6682780Z [PREBUILD]         {
build	Build iOS Locally on Free Cloud Mac	2026-08-22T21:26:26.6683420Z [PREBUILD]           CFBundleURLSchemes: [
build	Build iOS Locally on Free Cloud Mac	2026-08-22T21:26:26.6684330Z [PREBUILD]             ^[[32m'exp+hencelogistics'^[[39m
build	Build iOS Locally on Free Cloud Mac	2026-08-22T21:26:26.6684990Z [PREBUILD]           ]
build	Build iOS Locally on Free Cloud Mac	2026-08-22T21:26:26.6685470Z [PREBUILD]         }
build	Build iOS Locally on Free Cloud Mac	2026-08-22T21:26:26.6685980Z [PREBUILD]       ],
build	Build iOS Locally on Free Cloud Mac	2026-08-22T21:26:26.6686820Z [PREBUILD]       UIRequiresFullScreen: ^[[33mfalse^[[39m,
build	Build iOS Locally on Free Cloud Mac	2026-08-22T21:26:26.6687850Z [PREBUILD]       CFBundleDisplayName: ^[[32m'Hence'^[[39m,
build	Build iOS Locally on Free Cloud Mac	2026-08-22T21:26:26.6688700Z [PREBUILD]       NSBonjourServices: [
build	Build iOS Locally on Free Cloud Mac	2026-08-22T21:26:26.6689550Z [PREBUILD]         ^[[32m'_expo._tcp'^[[39m
build	Build iOS Locally on Free Cloud Mac	2026-08-22T21:26:26.6690180Z [PREBUILD]       ],
build	Build iOS Locally on Free Cloud Mac	2026-08-22T21:26:26.6692420Z [PREBUILD]       NSLocalNetworkUsageDescription: ^[[32m'Expo Dev Launcher uses the local network to discover and connect to development servers running on your computer.'^[[39m,
build	Build iOS Locally on Free Cloud Mac	2026-08-22T21:26:26.6694340Z [PREBUILD]       UIUserInterfaceStyle: ^[[32m'Light'^[[39m,
build	Build iOS Locally on Free Cloud Mac	2026-08-22T21:26:26.6695970Z [PREBUILD]       NSLocationAlwaysUsageDescription: ^[[32m'Allow $(PRODUCT_NAME) to access your location'^[[39m,
build	Build iOS Locally on Free Cloud Mac	2026-08-22T21:26:26.6698070Z [PREBUILD]       NSMotionUsageDescription: ^[[32m'Allow $(PRODUCT_NAME) to detect your current motion activity'^[[39m
build	Build iOS Locally on Free Cloud Mac	2026-08-22T21:26:26.6699200Z [PREBUILD]     },
build	Build iOS Locally on Free Cloud Mac	2026-08-22T21:26:26.6699740Z [PREBUILD]     entitlements: {
build	Build iOS Locally on Free Cloud Mac	2026-08-22T21:26:26.6701240Z [PREBUILD]       ^[[32m'aps-environment'^[[39m: ^[[32m'development'^[[39m,
build	Build iOS Locally on Free Cloud Mac	2026-08-22T21:26:26.6702490Z [PREBUILD]       ^[[32m'com.apple.developer.in-app-payments'^[[39m: [
build	Build iOS Locally on Free Cloud Mac	2026-08-22T21:26:26.6704640Z [PREBUILD]         ^[[32m'merchant.com.hencelogistics.test'^[[39m
build	Build iOS Locally on Free Cloud Mac	2026-08-22T21:26:26.6705450Z [PREBUILD]       ]
build	Build iOS Locally on Free Cloud Mac	2026-08-22T21:26:26.6705990Z [PREBUILD]     }
build	Build iOS Locally on Free Cloud Mac	2026-08-22T21:26:26.6706480Z [PREBUILD]   },
build	Build iOS Locally on Free Cloud Mac	2026-08-22T21:26:26.6706970Z [PREBUILD]   android: {
build	Build iOS Locally on Free Cloud Mac	2026-08-22T21:26:26.6708390Z [PREBUILD]     package: ^[[32m'com.hencelogistics.app'^[[39m,
build	Build iOS Locally on Free Cloud Mac	2026-08-22T21:26:26.6709860Z [PREBUILD]     usesCleartextTraffic: ^[[33mtrue^[[39m,
build	Build iOS Locally on Free Cloud Mac	2026-08-22T21:26:26.6724250Z [PREBUILD]     permissions: [
build	Build iOS Locally on Free Cloud Mac	2026-08-22T21:26:26.6725440Z [PREBUILD]       ^[[32m'android.permission.ACCESS_FINE_LOCATION'^[[39m,
build	Build iOS Locally on Free Cloud Mac	2026-08-22T21:26:26.6727040Z [PREBUILD]       ^[[32m'android.permission.ACCESS_COARSE_LOCATION'^[[39m,
build	Build iOS Locally on Free Cloud Mac	2026-08-22T21:26:26.6728360Z [PREBUILD]       ^[[32m'android.permission.ACCESS_BACKGROUND_LOCATION'^[[39m,
build	Build iOS Locally on Free Cloud Mac	2026-08-22T21:26:26.6729540Z [PREBUILD]       ^[[32m'android.permission.CAMERA'^[[39m,
build	Build iOS Locally on Free Cloud Mac	2026-08-22T21:26:26.6730730Z [PREBUILD]       ^[[32m'android.permission.FOREGROUND_SERVICE'^[[39m,
build	Build iOS Locally on Free Cloud Mac	2026-08-22T21:26:26.6732070Z [PREBUILD]       ^[[32m'android.permission.FOREGROUND_SERVICE_LOCATION'^[[39m,
build	Build iOS Locally on Free Cloud Mac	2026-08-22T21:26:26.6733370Z [PREBUILD]       ^[[32m'android.permission.RECORD_AUDIO'^[[39m,
build	Build iOS Locally on Free Cloud Mac	2026-08-22T21:26:26.6734470Z [PREBUILD]       ^[[32m'android.permission.CAMERA'^[[39m,
build	Build iOS Locally on Free Cloud Mac	2026-08-22T21:26:26.6735590Z [PREBUILD]       ^[[32m'android.permission.RECORD_AUDIO'^[[39m,
build	Build iOS Locally on Free Cloud Mac	2026-08-22T21:26:26.6736860Z [PREBUILD]       ^[[32m'android.permission.ACCESS_COARSE_LOCATION'^[[39m,
build	Build iOS Locally on Free Cloud Mac	2026-08-22T21:26:26.6738200Z [PREBUILD]       ^[[32m'android.permission.ACCESS_FINE_LOCATION'^[[39m
build	Build iOS Locally on Free Cloud Mac	2026-08-22T21:26:26.6739310Z [PREBUILD]     ],
build	Build iOS Locally on Free Cloud Mac	2026-08-22T21:26:26.6739870Z [PREBUILD]     adaptiveIcon: {
build	Build iOS Locally on Free Cloud Mac	2026-08-22T21:26:26.6741020Z [PREBUILD]       foregroundImage: ^[[32m'./assets/adaptive-icon.png'^[[39m,
build	Build iOS Locally on Free Cloud Mac	2026-08-22T21:26:26.6742190Z [PREBUILD]       backgroundColor: ^[[32m'#ffffff'^[[39m
build	Build iOS Locally on Free Cloud Mac	2026-08-22T21:26:26.6742860Z [PREBUILD]     }
build	Build iOS Locally on Free Cloud Mac	2026-08-22T21:26:26.6743350Z [PREBUILD]   },
build	Build iOS Locally on Free Cloud Mac	2026-08-22T21:26:26.6743830Z [PREBUILD]   web: {
build	Build iOS Locally on Free Cloud Mac	2026-08-22T21:26:26.6744670Z [PREBUILD]     favicon: ^[[32m'./assets/favicon.png'^[[39m
build	Build iOS Locally on Free Cloud Mac	2026-08-22T21:26:26.6745380Z [PREBUILD]   },
build	Build iOS Locally on Free Cloud Mac	2026-08-22T21:26:26.6745880Z [PREBUILD]   extra: {
build	Build iOS Locally on Free Cloud Mac	2026-08-22T21:26:26.6746450Z [PREBUILD]     eas: {
build	Build iOS Locally on Free Cloud Mac	2026-08-22T21:26:26.6747540Z [PREBUILD]       projectId: ^[[32m'b0ad43f4-c5c8-4274-9639-2f6965170365'^[[39m
build	Build iOS Locally on Free Cloud Mac	2026-08-22T21:26:26.6748340Z [PREBUILD]     }
build	Build iOS Locally on Free Cloud Mac	2026-08-22T21:26:26.6748780Z [PREBUILD]   },
build	Build iOS Locally on Free Cloud Mac	2026-08-22T21:26:26.6749270Z [PREBUILD]   _internal: {
build	Build iOS Locally on Free Cloud Mac	2026-08-22T21:26:26.6751710Z [PREBUILD]     isDebug: ^[[33mtrue^[[39m,
build	Build iOS Locally on Free Cloud Mac	2026-08-22T21:26:26.6752840Z [PREBUILD]     projectRoot: ^[[32m'/private/var/folders/g3/pffjr_y96bq06blnkf72x_hw0000gn/T/eas-build-local-nodejs/f98a0858-83a6-4ef3-980d-ab6a19d10788/build'^[[39m,
build	Build iOS Locally on Free Cloud Mac	2026-08-22T21:26:26.6754160Z [PREBUILD]     staticConfigPath: ^[[32m'/private/var/folders/g3/pffjr_y96bq06blnkf72x_hw0000gn/T/eas-build-local-nodejs/f98a0858-83a6-4ef3-980d-ab6a19d10788/build/app.json'^[[39m,
build	Build iOS Locally on Free Cloud Mac	2026-08-22T21:26:26.6755500Z [PREBUILD]     packageJsonPath: ^[[32m'/private/var/folders/g3/pffjr_y96bq06blnkf72x_hw0000gn/T/eas-build-local-nodejs/f98a0858-83a6-4ef3-980d-ab6a19d10788/build/package.json'^[[39m,
build	Build iOS Locally on Free Cloud Mac	2026-08-22T21:26:26.6756130Z [PREBUILD]     autolinkedModules: [
build	Build iOS Locally on Free Cloud Mac	2026-08-22T21:26:26.6756460Z [PREBUILD]       ^[[32m'@expo/dom-webview'^[[39m,
build	Build iOS Locally on Free Cloud Mac	2026-08-22T21:26:26.6756790Z [PREBUILD]       ^[[32m'@expo/log-box'^[[39m,
build	Build iOS Locally on Free Cloud Mac	2026-08-22T21:26:26.6757090Z [PREBUILD]       ^[[32m'expo'^[[39m,
build	Build iOS Locally on Free Cloud Mac	2026-08-22T21:26:26.6757400Z [PREBUILD]       ^[[32m'expo-application'^[[39m,
build	Build iOS Locally on Free Cloud Mac	2026-08-22T21:26:26.6757710Z [PREBUILD]       ^[[32m'expo-asset'^[[39m,
build	Build iOS Locally on Free Cloud Mac	2026-08-22T21:26:26.6758010Z [PREBUILD]       ^[[32m'expo-blur'^[[39m,
build	Build iOS Locally on Free Cloud Mac	2026-08-22T21:26:26.6758340Z [PREBUILD]       ^[[32m'expo-camera'^[[39m,
build	Build iOS Locally on Free Cloud Mac	2026-08-22T21:26:26.6758680Z [PREBUILD]       ^[[32m'expo-clipboard'^[[39m,
build	Build iOS Locally on Free Cloud Mac	2026-08-22T21:26:26.6759020Z [PREBUILD]       ^[[32m'expo-constants'^[[39m,
build	Build iOS Locally on Free Cloud Mac	2026-08-22T21:26:26.6759370Z [PREBUILD]       ^[[32m'expo-dev-client'^[[39m,
build	Build iOS Locally on Free Cloud Mac	2026-08-22T21:26:26.6760010Z [PREBUILD]       ^[[32m'expo-dev-launcher'^[[39m,
build	Build iOS Locally on Free Cloud Mac	2026-08-22T21:26:26.6760330Z [PREBUILD]       ^[[32m'expo-dev-menu'^[[39m,
build	Build iOS Locally on Free Cloud Mac	2026-08-22T21:26:26.6760690Z [PREBUILD]       ^[[32m'expo-dev-menu-interface'^[[39m,
build	Build iOS Locally on Free Cloud Mac	2026-08-22T21:26:26.6761020Z [PREBUILD]       ^[[32m'expo-device'^[[39m,
build	Build iOS Locally on Free Cloud Mac	2026-08-22T21:26:26.6761350Z [PREBUILD]       ^[[32m'expo-file-system'^[[39m,
build	Build iOS Locally on Free Cloud Mac	2026-08-22T21:26:26.6761660Z [PREBUILD]       ^[[32m'expo-font'^[[39m,
build	Build iOS Locally on Free Cloud Mac	2026-08-22T21:26:26.6761960Z [PREBUILD]       ^[[32m'expo-haptics'^[[39m,
build	Build iOS Locally on Free Cloud Mac	2026-08-22T21:26:26.6762300Z [PREBUILD]       ^[[32m'expo-image-picker'^[[39m,
build	Build iOS Locally on Free Cloud Mac	2026-08-22T21:26:26.6762630Z [PREBUILD]       ^[[32m'expo-json-utils'^[[39m,
build	Build iOS Locally on Free Cloud Mac	2026-08-22T21:26:26.6763020Z [PREBUILD]       ^[[32m'expo-keep-awake'^[[39m,
build	Build iOS Locally on Free Cloud Mac	2026-08-22T21:26:26.6763380Z [PREBUILD]       ^[[32m'expo-linear-gradient'^[[39m,
build	Build iOS Locally on Free Cloud Mac	2026-08-22T21:26:26.6763700Z [PREBUILD]       ^[[32m'expo-linking'^[[39m,
build	Build iOS Locally on Free Cloud Mac	2026-08-22T21:26:26.6764030Z [PREBUILD]       ^[[32m'expo-location'^[[39m,
build	Build iOS Locally on Free Cloud Mac	2026-08-22T21:26:26.6764390Z [PREBUILD]       ^[[32m'expo-manifests'^[[39m,
build	Build iOS Locally on Free Cloud Mac	2026-08-22T21:26:26.6764710Z [PREBUILD]       ^[[32m'expo-modules-core'^[[39m,
build	Build iOS Locally on Free Cloud Mac	2026-08-22T21:26:26.6765050Z [PREBUILD]       ^[[32m'expo-modules-jsi'^[[39m,
build	Build iOS Locally on Free Cloud Mac	2026-08-22T21:26:26.6765390Z [PREBUILD]       ^[[32m'expo-notifications'^[[39m,
build	Build iOS Locally on Free Cloud Mac	2026-08-22T21:26:26.6765710Z [PREBUILD]       ^[[32m'expo-sharing'^[[39m,
build	Build iOS Locally on Free Cloud Mac	2026-08-22T21:26:26.6766040Z [PREBUILD]       ^[[32m'expo-speech'^[[39m,
build	Build iOS Locally on Free Cloud Mac	2026-08-22T21:26:26.6766400Z [PREBUILD]       ^[[32m'expo-task-manager'^[[39m,
build	Build iOS Locally on Free Cloud Mac	2026-08-22T21:26:26.6766810Z [PREBUILD]       ^[[32m'expo-updates-interface'^[[39m,
build	Build iOS Locally on Free Cloud Mac	2026-08-22T21:26:26.6767190Z [PREBUILD]       ^[[32m'unimodules-app-loader'^[[39m
build	Build iOS Locally on Free Cloud Mac	2026-08-22T21:26:26.6767570Z [PREBUILD]     ],
build	Build iOS Locally on Free Cloud Mac	2026-08-22T21:26:26.6767980Z [PREBUILD]     templateChecksum: ^[[32m'afd5d1cf8464f7c0d801f03c638c3c51'^[[39m,
build	Build iOS Locally on Free Cloud Mac	2026-08-22T21:26:26.6768360Z [PREBUILD]     dynamicConfigPath: {},
build	Build iOS Locally on Free Cloud Mac	2026-08-22T21:26:26.6768630Z [PREBUILD]     pluginHistory: {
build	Build iOS Locally on Free Cloud Mac	2026-08-22T21:26:26.6769010Z [PREBUILD]       ^[[32m'@stripe/stripe-react-native'^[[39m: {
build	Build iOS Locally on Free Cloud Mac	2026-08-22T21:26:26.6769460Z [PREBUILD]         name: ^[[32m'@stripe/stripe-react-native'^[[39m,
build	Build iOS Locally on Free Cloud Mac	2026-08-22T21:26:26.6769850Z [PREBUILD]         version: ^[[32m'0.64.0'^[[39m
build	Build iOS Locally on Free Cloud Mac	2026-08-22T21:26:26.6770080Z [PREBUILD]       },
build	Build iOS Locally on Free Cloud Mac	2026-08-22T21:26:26.6770330Z [PREBUILD]       ^[[32m'expo-font'^[[39m: {
build	Build iOS Locally on Free Cloud Mac	2026-08-22T21:26:26.6772830Z [PREBUILD]         name: ^[[32m'expo-font'^[[39m,
build	Build iOS Locally on Free Cloud Mac	2026-08-22T21:26:26.6773980Z [PREBUILD]         version: ^[[32m'57.0.1'^[[39m
build	Build iOS Locally on Free Cloud Mac	2026-08-22T21:26:26.6774610Z [PREBUILD]       },
build	Build iOS Locally on Free Cloud Mac	2026-08-22T21:26:26.6775300Z [PREBUILD]       ^[[32m'expo-camera'^[[39m: {
build	Build iOS Locally on Free Cloud Mac	2026-08-22T21:26:26.6776190Z [PREBUILD]         name: ^[[32m'expo-camera'^[[39m,
build	Build iOS Locally on Free Cloud Mac	2026-08-22T21:26:26.6777100Z [PREBUILD]         version: ^[[32m'57.0.3'^[[39m
build	Build iOS Locally on Free Cloud Mac	2026-08-22T21:26:26.6777740Z [PREBUILD]       },
build	Build iOS Locally on Free Cloud Mac	2026-08-22T21:26:26.6778460Z [PREBUILD]       ^[[32m'expo-location'^[[39m: {
build	Build iOS Locally on Free Cloud Mac	2026-08-22T21:26:26.6779380Z [PREBUILD]         name: ^[[32m'expo-location'^[[39m,
build	Build iOS Locally on Free Cloud Mac	2026-08-22T21:26:26.6780300Z [PREBUILD]         version: ^[[32m'57.0.10'^[[39m
build	Build iOS Locally on Free Cloud Mac	2026-08-22T21:26:26.6780950Z [PREBUILD]       },
build	Build iOS Locally on Free Cloud Mac	2026-08-22T21:26:26.6781710Z [PREBUILD]       ^[[32m'expo-notifications'^[[39m: {
build	Build iOS Locally on Free Cloud Mac	2026-08-22T21:26:26.6782710Z [PREBUILD]         name: ^[[32m'expo-notifications'^[[39m,
build	Build iOS Locally on Free Cloud Mac	2026-08-22T21:26:26.6783660Z [PREBUILD]         version: ^[[32m'57.0.11'^[[39m
build	Build iOS Locally on Free Cloud Mac	2026-08-22T21:26:26.6784350Z [PREBUILD]       },
build	Build iOS Locally on Free Cloud Mac	2026-08-22T21:26:26.6785150Z [PREBUILD]       ^[[32m'expo-sharing'^[[39m: {
build	Build iOS Locally on Free Cloud Mac	2026-08-22T21:26:26.6786090Z [PREBUILD]         name: ^[[32m'expo-sharing'^[[39m,
build	Build iOS Locally on Free Cloud Mac	2026-08-22T21:26:26.6787010Z [PREBUILD]         version: ^[[32m'57.0.12'^[[39m
build	Build iOS Locally on Free Cloud Mac	2026-08-22T21:26:26.6787660Z [PREBUILD]       },
build	Build iOS Locally on Free Cloud Mac	2026-08-22T21:26:26.6788440Z [PREBUILD]       ^[[32m'expo-status-bar'^[[39m: {
build	Build iOS Locally on Free Cloud Mac	2026-08-22T21:26:26.6789400Z [PREBUILD]         name: ^[[32m'expo-status-bar'^[[39m,
build	Build iOS Locally on Free Cloud Mac	2026-08-22T21:26:26.6790350Z [PREBUILD]         version: ^[[32m'57.0.1'^[[39m
build	Build iOS Locally on Free Cloud Mac	2026-08-22T21:26:26.6791010Z [PREBUILD]       },
build	Build iOS Locally on Free Cloud Mac	2026-08-22T21:26:26.6791830Z [PREBUILD]       ^[[32m'react-native-maps'^[[39m: {
build	Build iOS Locally on Free Cloud Mac	2026-08-22T21:26:26.6793030Z [PREBUILD]         name: ^[[32m'react-native-maps'^[[39m,
build	Build iOS Locally on Free Cloud Mac	2026-08-22T21:26:26.6796650Z [PREBUILD]         version: ^[[32m'UNVERSIONED'^[[39m
build	Build iOS Locally on Free Cloud Mac	2026-08-22T21:26:26.6796960Z [PREBUILD]       },
build	Build iOS Locally on Free Cloud Mac	2026-08-22T21:26:26.6797350Z [PREBUILD]       ^[[32m'expo-apple-authentication'^[[39m: {
build	Build iOS Locally on Free Cloud Mac	2026-08-22T21:26:26.6797780Z [PREBUILD]         name: ^[[32m'expo-apple-authentication'^[[39m,
build	Build iOS Locally on Free Cloud Mac	2026-08-22T21:26:26.6798180Z [PREBUILD]         version: ^[[32m'UNVERSIONED'^[[39m
build	Build iOS Locally on Free Cloud Mac	2026-08-22T21:26:26.6798420Z [PREBUILD]       },
build	Build iOS Locally on Free Cloud Mac	2026-08-22T21:26:26.6798690Z [PREBUILD]       ^[[32m'expo-contacts'^[[39m: {
build	Build iOS Locally on Free Cloud Mac	2026-08-22T21:26:26.6799080Z [PREBUILD]         name: ^[[32m'expo-contacts'^[[39m,
build	Build iOS Locally on Free Cloud Mac	2026-08-22T21:26:26.6799430Z [PREBUILD]         version: ^[[32m'UNVERSIONED'^[[39m
build	Build iOS Locally on Free Cloud Mac	2026-08-22T21:26:26.6799680Z [PREBUILD]       },
build	Build iOS Locally on Free Cloud Mac	2026-08-22T21:26:26.6799950Z [PREBUILD]       ^[[32m'expo-updates'^[[39m: {
build	Build iOS Locally on Free Cloud Mac	2026-08-22T21:26:26.6800290Z [PREBUILD]         name: ^[[32m'expo-updates'^[[39m,
build	Build iOS Locally on Free Cloud Mac	2026-08-22T21:26:26.6800640Z [PREBUILD]         version: ^[[32m'UNVERSIONED'^[[39m
build	Build iOS Locally on Free Cloud Mac	2026-08-22T21:26:26.6800880Z [PREBUILD]       },
build	Build iOS Locally on Free Cloud Mac	2026-08-22T21:26:26.6801170Z [PREBUILD]       ^[[32m'expo-document-picker'^[[39m: {
build	Build iOS Locally on Free Cloud Mac	2026-08-22T21:26:26.6801560Z [PREBUILD]         name: ^[[32m'expo-document-picker'^[[39m,
build	Build iOS Locally on Free Cloud Mac	2026-08-22T21:26:26.6801930Z [PREBUILD]         version: ^[[32m'UNVERSIONED'^[[39m
build	Build iOS Locally on Free Cloud Mac	2026-08-22T21:26:26.6802160Z [PREBUILD]       },
build	Build iOS Locally on Free Cloud Mac	2026-08-22T21:26:26.6802430Z [PREBUILD]       ^[[32m'expo-system-ui'^[[39m: {
build	Build iOS Locally on Free Cloud Mac	2026-08-22T21:26:26.6802790Z [PREBUILD]         name: ^[[32m'expo-system-ui'^[[39m,
build	Build iOS Locally on Free Cloud Mac	2026-08-22T21:26:26.6803140Z [PREBUILD]         version: ^[[32m'UNVERSIONED'^[[39m
build	Build iOS Locally on Free Cloud Mac	2026-08-22T21:26:26.6803380Z [PREBUILD]       },
build	Build iOS Locally on Free Cloud Mac	2026-08-22T21:26:26.6803640Z [PREBUILD]       ^[[32m'expo-dev-menu'^[[39m: {
build	Build iOS Locally on Free Cloud Mac	2026-08-22T21:26:26.6804250Z [PREBUILD]         name: ^[[32m'expo-dev-menu'^[[39m,
build	Build iOS Locally on Free Cloud Mac	2026-08-22T21:26:26.6804590Z [PREBUILD]         version: ^[[32m'57.0.12'^[[39m
build	Build iOS Locally on Free Cloud Mac	2026-08-22T21:26:26.6804810Z [PREBUILD]       },
build	Build iOS Locally on Free Cloud Mac	2026-08-22T21:26:26.6805090Z [PREBUILD]       ^[[32m'expo-dev-launcher'^[[39m: {
build	Build iOS Locally on Free Cloud Mac	2026-08-22T21:26:26.6805460Z [PREBUILD]         name: ^[[32m'expo-dev-launcher'^[[39m,
build	Build iOS Locally on Free Cloud Mac	2026-08-22T21:26:26.6805820Z [PREBUILD]         version: ^[[32m'57.0.12'^[[39m
build	Build iOS Locally on Free Cloud Mac	2026-08-22T21:26:26.6806040Z [PREBUILD]       },
build	Build iOS Locally on Free Cloud Mac	2026-08-22T21:26:26.6806300Z [PREBUILD]       ^[[32m'expo-dev-client'^[[39m: {
build	Build iOS Locally on Free Cloud Mac	2026-08-22T21:26:26.6806670Z [PREBUILD]         name: ^[[32m'expo-dev-client'^[[39m,
build	Build iOS Locally on Free Cloud Mac	2026-08-22T21:26:26.6807010Z [PREBUILD]         version: ^[[32m'57.0.12'^[[39m
build	Build iOS Locally on Free Cloud Mac	2026-08-22T21:26:26.6807240Z [PREBUILD]       },
build	Build iOS Locally on Free Cloud Mac	2026-08-22T21:26:26.6807510Z [PREBUILD]       ^[[32m'expo-image-picker'^[[39m: {
build	Build iOS Locally on Free Cloud Mac	2026-08-22T21:26:26.6807910Z [PREBUILD]         name: ^[[32m'expo-image-picker'^[[39m,
build	Build iOS Locally on Free Cloud Mac	2026-08-22T21:26:26.6808280Z [PREBUILD]         version: ^[[32m'57.0.10'^[[39m
build	Build iOS Locally on Free Cloud Mac	2026-08-22T21:26:26.6808510Z [PREBUILD]       },
build	Build iOS Locally on Free Cloud Mac	2026-08-22T21:26:26.6808780Z [PREBUILD]       ^[[32m'expo-task-manager'^[[39m: {
build	Build iOS Locally on Free Cloud Mac	2026-08-22T21:26:26.6809150Z [PREBUILD]         name: ^[[32m'expo-task-manager'^[[39m,
build	Build iOS Locally on Free Cloud Mac	2026-08-22T21:26:26.6809500Z [PREBUILD]         version: ^[[32m'57.0.10'^[[39m
build	Build iOS Locally on Free Cloud Mac	2026-08-22T21:26:26.6809720Z [PREBUILD]       }
build	Build iOS Locally on Free Cloud Mac	2026-08-22T21:26:26.6809890Z [PREBUILD]     }
build	Build iOS Locally on Free Cloud Mac	2026-08-22T21:26:26.6810030Z [PREBUILD]   },
build	Build iOS Locally on Free Cloud Mac	2026-08-22T21:26:26.6810190Z [PREBUILD]   mods: {
build	Build iOS Locally on Free Cloud Mac	2026-08-22T21:26:26.6810360Z [PREBUILD]     ios: {
build	Build iOS Locally on Free Cloud Mac	2026-08-22T21:26:26.6810680Z [PREBUILD]       entitlements: [AsyncFunction: interceptingMod] {
build	Build iOS Locally on Free Cloud Mac	2026-08-22T21:26:26.6811070Z [PREBUILD]         isProvider: ^[[33mtrue^[[39m,
build	Build iOS Locally on Free Cloud Mac	2026-08-22T21:26:26.6811480Z [PREBUILD]         isIntrospective: ^[[33mtrue^[[39m
build	Build iOS Locally on Free Cloud Mac	2026-08-22T21:26:26.6811720Z [PREBUILD]       },
build	Build iOS Locally on Free Cloud Mac	2026-08-22T21:26:26.6812020Z [PREBUILD]       xcodeproj: [AsyncFunction: interceptingMod] {
build	Build iOS Locally on Free Cloud Mac	2026-08-22T21:26:26.6812380Z [PREBUILD]         isProvider: ^[[33mtrue^[[39m
build	Build iOS Locally on Free Cloud Mac	2026-08-22T21:26:26.6812610Z [PREBUILD]       },
build	Build iOS Locally on Free Cloud Mac	2026-08-22T21:26:26.6812910Z [PREBUILD]       infoPlist: [AsyncFunction: interceptingMod] {
build	Build iOS Locally on Free Cloud Mac	2026-08-22T21:26:26.6813280Z [PREBUILD]         isProvider: ^[[33mtrue^[[39m,
build	Build iOS Locally on Free Cloud Mac	2026-08-22T21:26:26.6813620Z [PREBUILD]         isIntrospective: ^[[33mtrue^[[39m
build	Build iOS Locally on Free Cloud Mac	2026-08-22T21:26:26.6813850Z [PREBUILD]       },
build	Build iOS Locally on Free Cloud Mac	2026-08-22T21:26:26.6814330Z [PREBUILD]       podfileProperties: [AsyncFunction: interceptingMod] {
build	Build iOS Locally on Free Cloud Mac	2026-08-22T21:26:26.6814740Z [PREBUILD]         isProvider: ^[[33mtrue^[[39m,
build	Build iOS Locally on Free Cloud Mac	2026-08-22T21:26:26.6815080Z [PREBUILD]         isIntrospective: ^[[33mtrue^[[39m
build	Build iOS Locally on Free Cloud Mac	2026-08-22T21:26:26.6815310Z [PREBUILD]       },
build	Build iOS Locally on Free Cloud Mac	2026-08-22T21:26:26.6815600Z [PREBUILD]       podfile: [AsyncFunction: interceptingMod] {
build	Build iOS Locally on Free Cloud Mac	2026-08-22T21:26:26.6815970Z [PREBUILD]         isProvider: ^[[33mtrue^[[39m
build	Build iOS Locally on Free Cloud Mac	2026-08-22T21:26:26.6816190Z [PREBUILD]       },
build	Build iOS Locally on Free Cloud Mac	2026-08-22T21:26:26.6816500Z [PREBUILD]       appDelegate: [AsyncFunction: interceptingMod] {
build	Build iOS Locally on Free Cloud Mac	2026-08-22T21:26:26.6816870Z [PREBUILD]         isProvider: ^[[33mtrue^[[39m
build	Build iOS Locally on Free Cloud Mac	2026-08-22T21:26:26.6817100Z [PREBUILD]       },
build	Build iOS Locally on Free Cloud Mac	2026-08-22T21:26:26.6817400Z [PREBUILD]       expoPlist: [AsyncFunction: interceptingMod] {
build	Build iOS Locally on Free Cloud Mac	2026-08-22T21:26:26.6817770Z [PREBUILD]         isProvider: ^[[33mtrue^[[39m,
build	Build iOS Locally on Free Cloud Mac	2026-08-22T21:26:26.6818110Z [PREBUILD]         isIntrospective: ^[[33mtrue^[[39m
build	Build iOS Locally on Free Cloud Mac	2026-08-22T21:26:26.6818360Z [PREBUILD]       },
build	Build iOS Locally on Free Cloud Mac	2026-08-22T21:26:26.6818670Z [PREBUILD]       dangerous: [AsyncFunction: interceptingMod] {
build	Build iOS Locally on Free Cloud Mac	2026-08-22T21:26:26.6819040Z [PREBUILD]         isProvider: ^[[33mtrue^[[39m
build	Build iOS Locally on Free Cloud Mac	2026-08-22T21:26:26.6819270Z [PREBUILD]       }
build	Build iOS Locally on Free Cloud Mac	2026-08-22T21:26:26.6819420Z [PREBUILD]     },
build	Build iOS Locally on Free Cloud Mac	2026-08-22T21:26:26.6819600Z [PREBUILD]     android: {
build	Build iOS Locally on Free Cloud Mac	2026-08-22T21:26:26.6819910Z [PREBUILD]       manifest: [AsyncFunction: interceptingMod] {
build	Build iOS Locally on Free Cloud Mac	2026-08-22T21:26:26.6820270Z [PREBUILD]         isProvider: ^[[33mtrue^[[39m,
build	Build iOS Locally on Free Cloud Mac	2026-08-22T21:26:26.6820690Z [PREBUILD]         isIntrospective: ^[[33mtrue^[[39m
build	Build iOS Locally on Free Cloud Mac	2026-08-22T21:26:26.6820930Z [PREBUILD]       },
build	Build iOS Locally on Free Cloud Mac	2026-08-22T21:26:26.6821250Z [PREBUILD]       gradleProperties: [AsyncFunction: interceptingMod] {
build	Build iOS Locally on Free Cloud Mac	2026-08-22T21:26:26.6821810Z [PREBUILD]         isProvider: ^[[33mtrue^[[39m,
build	Build iOS Locally on Free Cloud Mac	2026-08-22T21:26:26.6822150Z [PREBUILD]         isIntrospective: ^[[33mtrue^[[39m
build	Build iOS Locally on Free Cloud Mac	2026-08-22T21:26:26.6822390Z [PREBUILD]       },
build	Build iOS Locally on Free Cloud Mac	2026-08-22T21:26:26.6822680Z [PREBUILD]       dangerous: [AsyncFunction: interceptingMod] {
build	Build iOS Locally on Free Cloud Mac	2026-08-22T21:26:26.6823050Z [PREBUILD]         isProvider: ^[[33mtrue^[[39m
build	Build iOS Locally on Free Cloud Mac	2026-08-22T21:26:26.6823270Z [PREBUILD]       },
build	Build iOS Locally on Free Cloud Mac	2026-08-22T21:26:26.6823570Z [PREBUILD]       colors: [AsyncFunction: interceptingMod] {
build	Build iOS Locally on Free Cloud Mac	2026-08-22T21:26:26.6823950Z [PREBUILD]         isProvider: ^[[33mtrue^[[39m,
build	Build iOS Locally on Free Cloud Mac	2026-08-22T21:26:26.6824300Z [PREBUILD]         isIntrospective: ^[[33mtrue^[[39m
build	Build iOS Locally on Free Cloud Mac	2026-08-22T21:26:26.6824530Z [PREBUILD]       },
build	Build iOS Locally on Free Cloud Mac	2026-08-22T21:26:26.6824840Z [PREBUILD]       colorsNight: [AsyncFunction: interceptingMod] {
build	Build iOS Locally on Free Cloud Mac	2026-08-22T21:26:26.6825210Z [PREBUILD]         isProvider: ^[[33mtrue^[[39m,
build	Build iOS Locally on Free Cloud Mac	2026-08-22T21:26:26.6825550Z [PREBUILD]         isIntrospective: ^[[33mtrue^[[39m
build	Build iOS Locally on Free Cloud Mac	2026-08-22T21:26:26.6825790Z [PREBUILD]       },
build	Build iOS Locally on Free Cloud Mac	2026-08-22T21:26:26.6826080Z [PREBUILD]       styles: [AsyncFunction: interceptingMod] {
build	Build iOS Locally on Free Cloud Mac	2026-08-22T21:26:26.6826440Z [PREBUILD]         isProvider: ^[[33mtrue^[[39m,
build	Build iOS Locally on Free Cloud Mac	2026-08-22T21:26:26.6826790Z [PREBUILD]         isIntrospective: ^[[33mtrue^[[39m
build	Build iOS Locally on Free Cloud Mac	2026-08-22T21:26:26.6827020Z [PREBUILD]       },
build	Build iOS Locally on Free Cloud Mac	2026-08-22T21:26:26.6827370Z [PREBUILD]       settingsGradle: [AsyncFunction: interceptingMod] {
build	Build iOS Locally on Free Cloud Mac	2026-08-22T21:26:26.6827790Z [PREBUILD]         isProvider: ^[[33mtrue^[[39m
build	Build iOS Locally on Free Cloud Mac	2026-08-22T21:26:26.6828020Z [PREBUILD]       },
build	Build iOS Locally on Free Cloud Mac	2026-08-22T21:26:26.6828330Z [PREBUILD]       strings: [AsyncFunction: interceptingMod] {
build	Build iOS Locally on Free Cloud Mac	2026-08-22T21:26:26.6828730Z [PREBUILD]         isProvider: ^[[33mtrue^[[39m,
build	Build iOS Locally on Free Cloud Mac	2026-08-22T21:26:26.6829090Z [PREBUILD]         isIntrospective: ^[[33mtrue^[[39m
build	Build iOS Locally on Free Cloud Mac	2026-08-22T21:26:26.6829320Z [PREBUILD]       }
build	Build iOS Locally on Free Cloud Mac	2026-08-22T21:26:26.6829470Z [PREBUILD]     }
build	Build iOS Locally on Free Cloud Mac	2026-08-22T21:26:26.6829610Z [PREBUILD]   }
build	Build iOS Locally on Free Cloud Mac	2026-08-22T21:26:26.6829770Z [PREBUILD] }
build	Build iOS Locally on Free Cloud Mac	2026-08-22T21:26:26.6829940Z [PREBUILD] Finished prebuild
build	Build iOS Locally on Free Cloud Mac	2026-08-22T21:26:26.6831020Z [PREBUILD] Running "npm install --include=dev" in /var/folders/g3/pffjr_y96bq06blnkf72x_hw0000gn/T/eas-build-local-nodejs/f98a0858-83a6-4ef3-980d-ab6a19d10788/build directory
build	Build iOS Locally on Free Cloud Mac	2026-08-22T21:26:28.0088600Z [PREBUILD] up to date, audited 744 packages in 1s
build	Build iOS Locally on Free Cloud Mac	2026-08-22T21:26:28.0089970Z [PREBUILD] 102 packages are looking for funding
build	Build iOS Locally on Free Cloud Mac	2026-08-22T21:26:28.0091250Z [PREBUILD]   run `npm fund` for details
build	Build iOS Locally on Free Cloud Mac	2026-08-22T21:26:28.0521730Z [PREBUILD] 24 vulnerabilities (1 low, 14 moderate, 9 high)
build	Build iOS Locally on Free Cloud Mac	2026-08-22T21:26:28.0526190Z [PREBUILD] 
build	Build iOS Locally on Free Cloud Mac	2026-08-22T21:26:28.0527220Z [PREBUILD] To address issues that do not require attention, run:
build	Build iOS Locally on Free Cloud Mac	2026-08-22T21:26:28.0528540Z [PREBUILD]   npm audit fix
build	Build iOS Locally on Free Cloud Mac	2026-08-22T21:26:28.0528770Z [PREBUILD] 
build	Build iOS Locally on Free Cloud Mac	2026-08-22T21:26:28.0529570Z [PREBUILD] To address all issues (including breaking changes), run:
build	Build iOS Locally on Free Cloud Mac	2026-08-22T21:26:28.0529940Z [PREBUILD]   npm audit fix --force
build	Build iOS Locally on Free Cloud Mac	2026-08-22T21:26:28.0530150Z [PREBUILD] 
build	Build iOS Locally on Free Cloud Mac	2026-08-22T21:26:28.0530360Z [PREBUILD] Run `npm audit` for details.
build	Build iOS Locally on Free Cloud Mac	2026-08-22T21:26:28.0602870Z [RESTORE_CACHE] Local builds do not support restoring cache
build	Build iOS Locally on Free Cloud Mac	2026-08-22T21:26:28.0610350Z [INSTALL_PODS] EXPO_USE_PRECOMPILED_MODULES=0 is set; not enabling precompiled modules use.
build	Build iOS Locally on Free Cloud Mac	2026-08-22T21:26:29.3898730Z [INSTALL_PODS] Using Expo modules
build	Build iOS Locally on Free Cloud Mac	2026-08-22T21:26:29.3901570Z [INSTALL_PODS] [Expo] Enabling modular headers for pod ExpoModulesCore
build	Build iOS Locally on Free Cloud Mac	2026-08-22T21:26:29.3902570Z [INSTALL_PODS] [Expo] Enabling modular headers for pod ExpoModulesJSI
build	Build iOS Locally on Free Cloud Mac	2026-08-22T21:26:29.3903440Z [INSTALL_PODS] [Expo] Enabling modular headers for pod React-RCTAppDelegate
build	Build iOS Locally on Free Cloud Mac	2026-08-22T21:26:29.3904220Z [INSTALL_PODS] [Expo] Enabling modular headers for pod React-RCTFabric
build	Build iOS Locally on Free Cloud Mac	2026-08-22T21:26:29.3905350Z [INSTALL_PODS] [Expo] Enabling modular headers for pod ReactAppDependencyProvider
build	Build iOS Locally on Free Cloud Mac	2026-08-22T21:26:29.3906170Z [INSTALL_PODS] [Expo] Enabling modular headers for pod React-Core
build	Build iOS Locally on Free Cloud Mac	2026-08-22T21:26:29.3906840Z [INSTALL_PODS] [Expo] Enabling modular headers for pod ReactCodegen
build	Build iOS Locally on Free Cloud Mac	2026-08-22T21:26:29.3907480Z [INSTALL_PODS] [Expo] Enabling modular headers for pod RCTRequired
build	Build iOS Locally on Free Cloud Mac	2026-08-22T21:26:29.3908380Z [INSTALL_PODS] [Expo] Enabling modular headers for pod RCTTypeSafety
build	Build iOS Locally on Free Cloud Mac	2026-08-22T21:26:29.3909020Z [INSTALL_PODS] [Expo] Enabling modular headers for pod ReactCommon
build	Build iOS Locally on Free Cloud Mac	2026-08-22T21:26:29.3909760Z [INSTALL_PODS] [Expo] Enabling modular headers for pod React-NativeModulesApple
build	Build iOS Locally on Free Cloud Mac	2026-08-22T21:26:29.3914000Z [INSTALL_PODS] [Expo] Enabling modular headers for pod Yoga
build	Build iOS Locally on Free Cloud Mac	2026-08-22T21:26:29.3914660Z [INSTALL_PODS] [Expo] Enabling modular headers for pod React-Fabric
build	Build iOS Locally on Free Cloud Mac	2026-08-22T21:26:29.3915240Z [INSTALL_PODS] [Expo] Enabling modular headers for pod React-graphics
build	Build iOS Locally on Free Cloud Mac	2026-08-22T21:26:29.3915790Z [INSTALL_PODS] [Expo] Enabling modular headers for pod React-utils
build	Build iOS Locally on Free Cloud Mac	2026-08-22T21:26:29.3916340Z [INSTALL_PODS] [Expo] Enabling modular headers for pod React-featureflags
build	Build iOS Locally on Free Cloud Mac	2026-08-22T21:26:29.3916870Z [INSTALL_PODS] [Expo] Enabling modular headers for pod React-debug
build	Build iOS Locally on Free Cloud Mac	2026-08-22T21:26:29.3917410Z [INSTALL_PODS] [Expo] Enabling modular headers for pod React-ImageManager
build	Build iOS Locally on Free Cloud Mac	2026-08-22T21:26:29.3917960Z [INSTALL_PODS] [Expo] Enabling modular headers for pod React-rendererdebug
build	Build iOS Locally on Free Cloud Mac	2026-08-22T21:26:29.3918410Z [INSTALL_PODS] [Expo] Enabling modular headers for pod React-jsi
build	Build iOS Locally on Free Cloud Mac	2026-08-22T21:26:29.3918890Z [INSTALL_PODS] [Expo] Enabling modular headers for pod React-renderercss
build	Build iOS Locally on Free Cloud Mac	2026-08-22T21:26:29.3919340Z [INSTALL_PODS] [Expo] Enabling modular headers for pod hermes-engine
build	Build iOS Locally on Free Cloud Mac	2026-08-22T21:26:29.3919760Z [INSTALL_PODS] [Expo] Enabling modular headers for pod glog
build	Build iOS Locally on Free Cloud Mac	2026-08-22T21:26:29.3920150Z [INSTALL_PODS] [Expo] Enabling modular headers for pod boost
build	Build iOS Locally on Free Cloud Mac	2026-08-22T21:26:29.3920580Z [INSTALL_PODS] [Expo] Enabling modular headers for pod DoubleConversion
build	Build iOS Locally on Free Cloud Mac	2026-08-22T21:26:29.3921020Z [INSTALL_PODS] [Expo] Enabling modular headers for pod fast_float
build	Build iOS Locally on Free Cloud Mac	2026-08-22T21:26:29.3921420Z [INSTALL_PODS] [Expo] Enabling modular headers for pod fmt
build	Build iOS Locally on Free Cloud Mac	2026-08-22T21:26:29.3921820Z [INSTALL_PODS] [Expo] Enabling modular headers for pod RCT-Folly
build	Build iOS Locally on Free Cloud Mac	2026-08-22T21:26:29.3922240Z [INSTALL_PODS] [Expo] Enabling modular headers for pod SocketRocket
build	Build iOS Locally on Free Cloud Mac	2026-08-22T21:26:29.3922730Z [INSTALL_PODS] [Expo] Enabling modular headers for pod expo-dev-menu-interface
build	Build iOS Locally on Free Cloud Mac	2026-08-22T21:26:29.3923220Z [INSTALL_PODS] [Expo] Enabling modular headers for pod EXManifests
build	Build iOS Locally on Free Cloud Mac	2026-08-22T21:26:29.3923780Z [INSTALL_PODS] [Expo] Enabling modular headers for pod EXUpdatesInterface
build	Build iOS Locally on Free Cloud Mac	2026-08-22T21:26:29.3924580Z [INSTALL_PODS] [Expo] Enabling modular headers for pod expo-dev-menu
build	Build iOS Locally on Free Cloud Mac	2026-08-22T21:26:29.3925050Z [INSTALL_PODS] [Expo] Enabling modular headers for pod React-jsinspector
build	Build iOS Locally on Free Cloud Mac	2026-08-22T21:26:29.3925510Z [INSTALL_PODS] [Expo] Enabling modular headers for pod expo-dev-launcher
build	Build iOS Locally on Free Cloud Mac	2026-08-22T21:26:29.3925950Z [INSTALL_PODS] [Expo] Enabling modular headers for pod UMAppLoader
build	Build iOS Locally on Free Cloud Mac	2026-08-22T21:26:30.4537270Z [INSTALL_PODS] Found 10 modules for target `Hence`
build	Build iOS Locally on Free Cloud Mac	2026-08-22T21:26:30.4566230Z [INSTALL_PODS] link_native_modules! {:ios_packages=>[{:configurations=>[], :name=>"@react-native-async-storage/async-storage", :root=>"/private/var/folders/g3/pffjr_y96bq06blnkf72x_hw0000gn/T/eas-build-local-nodejs/f98a0858-83a6-4ef3-980d-ab6a19d10788/build/node_modules/@react-native-async-storage/async-storage", :path=>"../node_modules/@react-native-async-storage/async-storage", :podspec_path=>"/private/var/folders/g3/pffjr_y96bq06blnkf72x_hw0000gn/T/eas-build-local-nodejs/f98a0858-83a6-4ef3-980d-ab6a19d10788/build/node_modules/@react-native-async-storage/async-storage/RNCAsyncStorage.podspec", :script_phases=>[]}, {:configurations=>[], :name=>"@react-native-community/datetimepicker", :root=>"/private/var/folders/g3/pffjr_y96bq06blnkf72x_hw0000gn/T/eas-build-local-nodejs/f98a0858-83a6-4ef3-980d-ab6a19d10788/build/node_modules/@react-native-community/datetimepicker", :path=>"../node_modules/@react-native-community/datetimepicker", :podspec_path=>"/private/var/folders/g3/pffjr_y96bq06blnkf72x_hw0000gn/T/eas-build-local-nodejs/f98a0858-83a6-4ef3-980d-ab6a19d10788/build/node_modules/@react-native-community/datetimepicker/RNDateTimePicker.podspec", :script_phases=>[]}, {:configurations=>[], :name=>"@react-native-picker/picker", :root=>"/private/var/folders/g3/pffjr_y96bq06blnkf72x_hw0000gn/T/eas-build-local-nodejs/f98a0858-83a6-4ef3-980d-ab6a19d10788/build/node_modules/@react-native-picker/picker", :path=>"../node_modules/@react-native-picker/picker", :podspec_path=>"/private/var/folders/g3/pffjr_y96bq06blnkf72x_hw0000gn/T/eas-build-local-nodejs/f98a0858-83a6-4ef3-980d-ab6a19d10788/build/node_modules/@react-native-picker/picker/RNCPicker.podspec", :script_phases=>[]}, {:configurations=>[], :name=>"@stripe/stripe-react-native", :root=>"/private/var/folders/g3/pffjr_y96bq06blnkf72x_hw0000gn/T/eas-build-local-nodejs/f98a0858-83a6-4ef3-980d-ab6a19d10788/build/node_modules/@stripe/stripe-react-native", :path=>"../node_modules/@stripe/stripe-react-native", :podspec_path=>"/private/var/folders/g3/pffjr_y96bq06blnkf72x_hw0000gn/T/eas-build-local-nodejs/f98a0858-83a6-4ef3-980d-ab6a19d10788/build/node_modules/@stripe/stripe-react-native/stripe-react-native.podspec", :script_phases=>[]}, {:configurations=>[], :name=>"expo", :root=>"/private/var/folders/g3/pffjr_y96bq06blnkf72x_hw0000gn/T/eas-build-local-nodejs/f98a0858-83a6-4ef3-980d-ab6a19d10788/build/node_modules/expo", :path=>"../node_modules/expo", :podspec_path=>"/private/var/folders/g3/pffjr_y96bq06blnkf72x_hw0000gn/T/eas-build-local-nodejs/f98a0858-83a6-4ef3-980d-ab6a19d10788/build/node_modules/expo/Expo.podspec", :script_phases=>[]}, {:configurations=>[], :name=>"react-native-maps", :root=>"/private/var/folders/g3/pffjr_y96bq06blnkf72x_hw0000gn/T/eas-build-local-nodejs/f98a0858-83a6-4ef3-980d-ab6a19d10788/build/node_modules/react-native-maps", :path=>"../node_modules/react-native-maps", :podspec_path=>"/private/var/folders/g3/pffjr_y96bq06blnkf72x_hw0000gn/T/eas-build-local-nodejs/f98a0858-83a6-4ef3-980d-ab6a19d10788/build/node_modules/react-native-maps/react-native-maps.podspec", :script_phases=>[]}, {:configurations=>[], :name=>"react-native-safe-area-context", :root=>"/private/var/folders/g3/pffjr_y96bq06blnkf72x_hw0000gn/T/eas-build-local-nodejs/f98a0858-83a6-4ef3-980d-ab6a19d10788/build/node_modules/react-native-safe-area-context", :path=>"../node_modules/react-native-safe-area-context", :podspec_path=>"/private/var/folders/g3/pffjr_y96bq06blnkf72x_hw0000gn/T/eas-build-local-nodejs/f98a0858-83a6-4ef3-980d-ab6a19d10788/build/node_modules/react-native-safe-area-context/react-native-safe-area-context.podspec", :script_phases=>[]}, {:configurations=>[], :name=>"react-native-screens", :root=>"/private/var/folders/g3/pffjr_y96bq06blnkf72x_hw0000gn/T/eas-build-local-nodejs/f98a0858-83a6-4ef3-980d-ab6a19d10788/build/node_modules/react-native-screens", :path=>"../node_modules/react-native-screens", :podspec_path=>"/private/var/folders/g3/pffjr_y96bq06blnkf72x_hw0000gn/T/eas-build-local-nodejs/f98a0858-83a6-4ef3-980d-ab6a19d10788/build/node_modules/react-native-screens/RNScreens.podspec", :script_phases=>[]}, {:configurations=>[], :name=>"react-native-svg", :root=>"/private/var/folders/g3/pffjr_y96bq06blnkf72x_hw0000gn/T/eas-build-local-nodejs/f98a0858-83a6-4ef3-980d-ab6a19d10788/build/node_modules/react-native-svg", :path=>"../node_modules/react-native-svg", :podspec_path=>"/private/var/folders/g3/pffjr_y96bq06blnkf72x_hw0000gn/T/eas-build-local-nodejs/f98a0858-83a6-4ef3-980d-ab6a19d10788/build/node_modules/react-native-svg/RNSVG.podspec", :script_phases=>[]}, {:configurations=>[], :name=>"react-native-webview", :root=>"/private/var/folders/g3/pffjr_y96bq06blnkf72x_hw0000gn/T/eas-build-local-nodejs/f98a0858-83a6-4ef3-980d-ab6a19d10788/build/node_modules/react-native-webview", :path=>"../node_modules/react-native-webview", :podspec_path=>"/private/var/folders/g3/pffjr_y96bq06blnkf72x_hw0000gn/T/eas-build-local-nodejs/f98a0858-83a6-4ef3-980d-ab6a19d10788/build/node_modules/react-native-webview/react-native-webview.podspec", :script_phases=>[]}], :ios_project_root_path=>"/private/var/folders/g3/pffjr_y96bq06blnkf72x_hw0000gn/T/eas-build-local-nodejs/f98a0858-83a6-4ef3-980d-ab6a19d10788/build/ios", :react_native_path=>"../node_modules/react-native"}
build	Build iOS Locally on Free Cloud Mac	2026-08-22T21:26:30.5836500Z [INSTALL_PODS] Auto-linking React Native modules for target `Hence`: RNCAsyncStorage, RNCPicker, RNDateTimePicker, RNSVG, RNScreens, react-native-maps, react-native-safe-area-context, react-native-webview, and stripe-react-native
build	Build iOS Locally on Free Cloud Mac	2026-08-22T21:26:30.6741390Z [INSTALL_PODS] Framework build type is static library
build	Build iOS Locally on Free Cloud Mac	2026-08-22T21:26:30.6818370Z [INSTALL_PODS] [ReactNativeDependencies] Setting up ReactNativeDependencies...
build	Build iOS Locally on Free Cloud Mac	2026-08-22T21:26:30.7321640Z [INSTALL_PODS] [ReactNativeDependencies] Building from source: false
build	Build iOS Locally on Free Cloud Mac	2026-08-22T21:26:30.7325000Z [INSTALL_PODS] [ReactNativeDependencies] Using tarball from URL: https://repo1.maven.org/maven2/com/facebook/react/react-native-artifacts/0.86.2/react-native-artifacts-0.86.2-reactnative-dependencies-debug.tar.gz
build	Build iOS Locally on Free Cloud Mac	2026-08-22T21:26:30.7400830Z [INSTALL_PODS] [ReactNativeDependencies] Cache miss: downloading reactnative-dependencies-0.86.2-debug.tar.gz from https://repo1.maven.org/maven2/com/facebook/react/react-native-artifacts/0.86.2/react-native-artifacts-0.86.2-reactnative-dependencies-debug.tar.gz
build	Build iOS Locally on Free Cloud Mac	2026-08-22T21:26:30.7524570Z [INSTALL_PODS] % Total    % Received % Xferd  Average Speed   Time    Time     Time  Current
build	Build iOS Locally on Free Cloud Mac	2026-08-22T21:26:30.7526820Z [INSTALL_PODS]                                  Dload  Upload   Total   S
build	Build iOS Locally on Free Cloud Mac	2026-08-22T21:26:30.7527950Z [INSTALL_PODS] pent    Left  Speed
build	Build iOS Locally on Free Cloud Mac	2026-08-22T21:26:30.7528640Z [INSTALL_PODS] 
build	Build iOS Locally on Free Cloud Mac	2026-08-22T21:26:30.7529460Z   0     0    0     0    0     0      0      0 --:--:-- --:--:-- --:--:--     0
build	Build iOS Locally on Free Cloud Mac	2026-08-22T21:26:30.9070980Z [INSTALL_PODS] 100 17.8M  100 17.8M    0     0   115M      0 --:--:-- --:--:-- --:--:--  116M
build	Build iOS Locally on Free Cloud Mac	2026-08-22T21:26:30.9143440Z [INSTALL_PODS] [ReactNativeDependencies] Verifying checksum for downloaded reactnative-dependencies-0.86.2-debug.tar.gz...
build	Build iOS Locally on Free Cloud Mac	2026-08-22T21:26:30.9842120Z [INSTALL_PODS] [Cache] SHA1 verified for reactnative-dependencies-0.86.2-debug.tar.gz
build	Build iOS Locally on Free Cloud Mac	2026-08-22T21:26:30.9978980Z [INSTALL_PODS] [ReactNativeDependencies] Saved reactnative-dependencies-0.86.2-debug.tar.gz to shared cache (/Users/runner/Library/Caches/ReactNative)
build	Build iOS Locally on Free Cloud Mac	2026-08-22T21:26:31.0066260Z [INSTALL_PODS] [ReactNativeDependencies] Cache miss: downloading reactnative-dependencies-0.86.2-release.tar.gz from https://repo1.maven.org/maven2/com/facebook/react/react-native-artifacts/0.86.2/react-native-artifacts-0.86.2-reactnative-dependencies-release.tar.gz
build	Build iOS Locally on Free Cloud Mac	2026-08-22T21:26:31.0208820Z [INSTALL_PODS] % Total    % Received % Xferd  Average Speed   Time    Time     Time  Current
build	Build iOS Locally on Free Cloud Mac	2026-08-22T21:26:31.0210310Z [INSTALL_PODS]                                  Dload  Upl
build	Build iOS Locally on Free Cloud Mac	2026-08-22T21:26:31.0211330Z [INSTALL_PODS] oad   Total   Spent    Left  Speed
build	Build iOS Locally on Free Cloud Mac	2026-08-22T21:26:31.0212060Z [INSTALL_PODS] 
build	Build iOS Locally on Free Cloud Mac	2026-08-22T21:26:31.0212860Z   0     0    0     0    0     0      0      0 --:--:-- --:--:-- --:--:--     0
build	Build iOS Locally on Free Cloud Mac	2026-08-22T21:26:31.1548340Z [INSTALL_PODS] 100  9.9M  100  9.9M    0     0  74.1M      0 --:--:-- --:--:-- --:--:-- 74.1M
build	Build iOS Locally on Free Cloud Mac	2026-08-22T21:26:31.1652610Z [INSTALL_PODS] [ReactNativeDependencies] Verifying checksum for downloaded reactnative-dependencies-0.86.2-release.tar.gz...
build	Build iOS Locally on Free Cloud Mac	2026-08-22T21:26:31.2199140Z [INSTALL_PODS] [Cache] SHA1 verified for reactnative-dependencies-0.86.2-release.tar.gz
build	Build iOS Locally on Free Cloud Mac	2026-08-22T21:26:31.2317170Z [INSTALL_PODS] [ReactNativeDependencies] Saved reactnative-dependencies-0.86.2-release.tar.gz to shared cache (/Users/runner/Library/Caches/ReactNative)
build	Build iOS Locally on Free Cloud Mac	2026-08-22T21:26:31.2321400Z [INSTALL_PODS] [ReactNativeDependencies] Source: {:http=>"https://repo1.maven.org/maven2/com/facebook/react/react-native-artifacts/0.86.2/react-native-artifacts-0.86.2-reactnative-dependencies-debug.tar.gz"}
build	Build iOS Locally on Free Cloud Mac	2026-08-22T21:26:31.2324130Z [INSTALL_PODS] [ReactNativeCore] Setting up ReactNativeCore...
build	Build iOS Locally on Free Cloud Mac	2026-08-22T21:26:31.2325800Z [INSTALL_PODS] [ReactNativeCore] No prebuilt artifacts found, reverting to building from source.
build	Build iOS Locally on Free Cloud Mac	2026-08-22T21:26:31.2327350Z [INSTALL_PODS] [ReactNativeCore] Building from source: true
build	Build iOS Locally on Free Cloud Mac	2026-08-22T21:26:31.2328640Z [INSTALL_PODS] Configuring the target with the New Architecture
build	Build iOS Locally on Free Cloud Mac	2026-08-22T21:26:31.2330540Z [INSTALL_PODS] [ReactNativeCore] Using React Native Core and React Native Dependencies prebuilt versions.
build	Build iOS Locally on Free Cloud Mac	2026-08-22T21:26:31.7637500Z [INSTALL_PODS] ^[[36m^[[1m[Codegen]^[[0m Analyzing /private/var/folders/g3/pffjr_y96bq06blnkf72x_hw0000gn/T/eas-build-local-nodejs/f98a0858-83a6-4ef3-980d-ab6a19d10788/build/package.json^[[0m
build	Build iOS Locally on Free Cloud Mac	2026-08-22T21:26:31.7640560Z [INSTALL_PODS] ^[[36m^[[1m[Codegen]^[[0m ^[[33mSearching for codegen-enabled libraries in the app.^[[0m
build	Build iOS Locally on Free Cloud Mac	2026-08-22T21:26:31.7643380Z [INSTALL_PODS] ^[[36m^[[1m[Codegen]^[[0m ^[[33mThe "codegenConfig" field is not defined in package.json. Assuming there is nothing to generate at the app level.^[[0m
build	Build iOS Locally on Free Cloud Mac	2026-08-22T21:26:31.7646130Z [INSTALL_PODS] ^[[36m^[[1m[Codegen]^[[0m ^[[33mSearching for codegen-enabled libraries in react-native.config.js^[[0m
build	Build iOS Locally on Free Cloud Mac	2026-08-22T21:26:31.7669460Z [INSTALL_PODS] ^[[36m^[[1m[Codegen]^[[0m Found @react-native-async-storage/async-storage^[[0m
build	Build iOS Locally on Free Cloud Mac	2026-08-22T21:26:31.7671370Z [INSTALL_PODS] ^[[36m^[[1m[Codegen]^[[0m Found @react-native-community/datetimepicker^[[0m
build	Build iOS Locally on Free Cloud Mac	2026-08-22T21:26:31.7673030Z [INSTALL_PODS] ^[[36m^[[1m[Codegen]^[[0m Found @react-native-picker/picker^[[0m
build	Build iOS Locally on Free Cloud Mac	2026-08-22T21:26:31.7674730Z [INSTALL_PODS] ^[[36m^[[1m[Codegen]^[[0m Found @stripe/stripe-react-native^[[0m
build	Build iOS Locally on Free Cloud Mac	2026-08-22T21:26:31.7676240Z [INSTALL_PODS] ^[[36m^[[1m[Codegen]^[[0m Found react-native-maps^[[0m
build	Build iOS Locally on Free Cloud Mac	2026-08-22T21:26:31.7677950Z [INSTALL_PODS] ^[[36m^[[1m[Codegen]^[[0m Found react-native-safe-area-context^[[0m
build	Build iOS Locally on Free Cloud Mac	2026-08-22T21:26:31.7679500Z [INSTALL_PODS] ^[[36m^[[1m[Codegen]^[[0m Found react-native-screens^[[0m
build	Build iOS Locally on Free Cloud Mac	2026-08-22T21:26:31.7681880Z [INSTALL_PODS] ^[[36m^[[1m[Codegen]^[[0m Found react-native-svg^[[0m
build	Build iOS Locally on Free Cloud Mac	2026-08-22T21:26:31.7683790Z [INSTALL_PODS] ^[[36m^[[1m[Codegen]^[[0m Found react-native-webview^[[0m
build	Build iOS Locally on Free Cloud Mac	2026-08-22T21:26:31.7729760Z [INSTALL_PODS] ^[[36m^[[1m[Codegen]^[[0m Processing rnasyncstorage^[[0m
build	Build iOS Locally on Free Cloud Mac	2026-08-22T21:26:31.7733860Z [INSTALL_PODS] ^[[36m^[[1m[Codegen]^[[0m ^[[33mSearching for podspec in the project dependencies.^[[0m
build	Build iOS Locally on Free Cloud Mac	2026-08-22T21:26:31.7736470Z [INSTALL_PODS] ^[[36m^[[1m[Codegen]^[[0m Supported Apple platforms: ios, macos, tvos, visionos for rnasyncstorage^[[0m
build	Build iOS Locally on Free Cloud Mac	2026-08-22T21:26:31.7739220Z [INSTALL_PODS] ^[[36m^[[1m[Codegen]^[[0m Processing RNDateTimePickerCGen^[[0m
build	Build iOS Locally on Free Cloud Mac	2026-08-22T21:26:31.7741430Z [INSTALL_PODS] ^[[36m^[[1m[Codegen]^[[0m ^[[33mSearching for podspec in the project dependencies.^[[0m
build	Build iOS Locally on Free Cloud Mac	2026-08-22T21:26:31.7744080Z [INSTALL_PODS] ^[[36m^[[1m[Codegen]^[[0m Supported Apple platforms: ios, visionos for RNDateTimePickerCGen^[[0m
build	Build iOS Locally on Free Cloud Mac	2026-08-22T21:26:31.7747050Z [INSTALL_PODS] ^[[36m^[[1m[Codegen]^[[0m Processing rnpicker^[[0m
build	Build iOS Locally on Free Cloud Mac	2026-08-22T21:26:31.7747930Z [INSTALL_PODS] ^[[36m^[[1m[Codegen]^[[0m ^[[33mSearching for podspec in the project dependencies.^[[0m
build	Build iOS Locally on Free Cloud Mac	2026-08-22T21:26:31.7748760Z [INSTALL_PODS] ^[[36m^[[1m[Codegen]^[[0m Supported Apple platforms: ios, macos, tvos for rnpicker^[[0m
build	Build iOS Locally on Free Cloud Mac	2026-08-22T21:26:31.7749450Z [INSTALL_PODS] ^[[36m^[[1m[Codegen]^[[0m Processing rnstripe^[[0m
build	Build iOS Locally on Free Cloud Mac	2026-08-22T21:26:31.7750190Z [INSTALL_PODS] ^[[36m^[[1m[Codegen]^[[0m ^[[33mSearching for podspec in the project dependencies.^[[0m
build	Build iOS Locally on Free Cloud Mac	2026-08-22T21:26:31.7751000Z [INSTALL_PODS] ^[[36m^[[1m[Codegen]^[[0m Supported Apple platforms: ios for rnstripe^[[0m
build	Build iOS Locally on Free Cloud Mac	2026-08-22T21:26:31.7751730Z [INSTALL_PODS] ^[[36m^[[1m[Codegen]^[[0m Processing RNMapsSpecs^[[0m
build	Build iOS Locally on Free Cloud Mac	2026-08-22T21:26:31.7753360Z [INSTALL_PODS] ^[[36m^[[1m[Codegen]^[[0m ^[[33mSearching for podspec in the project dependencies.^[[0m
build	Build iOS Locally on Free Cloud Mac	2026-08-22T21:26:31.7754130Z [INSTALL_PODS] ^[[36m^[[1m[Codegen]^[[0m Supported Apple platforms: ios for RNMapsSpecs^[[0m
build	Build iOS Locally on Free Cloud Mac	2026-08-22T21:26:31.7754810Z [INSTALL_PODS] ^[[36m^[[1m[Codegen]^[[0m Processing safeareacontext^[[0m
build	Build iOS Locally on Free Cloud Mac	2026-08-22T21:26:31.7755570Z [INSTALL_PODS] ^[[36m^[[1m[Codegen]^[[0m ^[[33mSearching for podspec in the project dependencies.^[[0m
build	Build iOS Locally on Free Cloud Mac	2026-08-22T21:26:31.7756480Z [INSTALL_PODS] ^[[36m^[[1m[Codegen]^[[0m Supported Apple platforms: ios, macos, tvos, visionos for safeareacontext^[[0m
build	Build iOS Locally on Free Cloud Mac	2026-08-22T21:26:31.7757180Z [INSTALL_PODS] ^[[36m^[[1m[Codegen]^[[0m Processing rnscreens^[[0m
build	Build iOS Locally on Free Cloud Mac	2026-08-22T21:26:31.7757930Z [INSTALL_PODS] ^[[36m^[[1m[Codegen]^[[0m ^[[33mSearching for podspec in the project dependencies.^[[0m
build	Build iOS Locally on Free Cloud Mac	2026-08-22T21:26:31.7758680Z [INSTALL_PODS] ^[[36m^[[1m[Codegen]^[[0m Supported Apple platforms: ios, tvos, visionos for rnscreens^[[0m
build	Build iOS Locally on Free Cloud Mac	2026-08-22T21:26:31.7759570Z [INSTALL_PODS] ^[[36m^[[1m[Codegen]^[[0m Processing rnsvg^[[0m
build	Build iOS Locally on Free Cloud Mac	2026-08-22T21:26:31.7760230Z [INSTALL_PODS] ^[[36m^[[1m[Codegen]^[[0m ^[[33mSearching for podspec in the project dependencies.^[[0m
build	Build iOS Locally on Free Cloud Mac	2026-08-22T21:26:31.7761000Z [INSTALL_PODS] ^[[36m^[[1m[Codegen]^[[0m Supported Apple platforms: ios, macos, tvos, visionos for rnsvg^[[0m
build	Build iOS Locally on Free Cloud Mac	2026-08-22T21:26:31.7761650Z [INSTALL_PODS] ^[[36m^[[1m[Codegen]^[[0m Processing RNCWebViewSpec^[[0m
build	Build iOS Locally on Free Cloud Mac	2026-08-22T21:26:31.7762280Z [INSTALL_PODS] ^[[36m^[[1m[Codegen]^[[0m ^[[33mSearching for podspec in the project dependencies.^[[0m
build	Build iOS Locally on Free Cloud Mac	2026-08-22T21:26:31.7763050Z [INSTALL_PODS] ^[[36m^[[1m[Codegen]^[[0m Supported Apple platforms: ios, macos, visionos for RNCWebViewSpec^[[0m
build	Build iOS Locally on Free Cloud Mac	2026-08-22T21:26:31.7763760Z [INSTALL_PODS] ^[[36m^[[1m[Codegen]^[[0m Generating Native Code for rnasyncstorage - ios^[[0m
build	Build iOS Locally on Free Cloud Mac	2026-08-22T21:26:31.7765130Z [INSTALL_PODS] ^[[36m^[[1m[Codegen]^[[0m Generated artifacts: /private/var/folders/g3/pffjr_y96bq06blnkf72x_hw0000gn/T/eas-build-local-nodejs/f98a0858-83a6-4ef3-980d-ab6a19d10788/build/ios/build/generated/ios/ReactCodegen^[[0m
build	Build iOS Locally on Free Cloud Mac	2026-08-22T21:26:31.7766200Z [INSTALL_PODS] ^[[36m^[[1m[Codegen]^[[0m Generating Native Code for RNDateTimePickerCGen - ios^[[0m
build	Build iOS Locally on Free Cloud Mac	2026-08-22T21:26:31.7767510Z [INSTALL_PODS] ^[[36m^[[1m[Codegen]^[[0m Generated artifacts: /private/var/folders/g3/pffjr_y96bq06blnkf72x_hw0000gn/T/eas-build-local-nodejs/f98a0858-83a6-4ef3-980d-ab6a19d10788/build/ios/build/generated/ios/ReactCodegen^[[0m
build	Build iOS Locally on Free Cloud Mac	2026-08-22T21:26:31.7768630Z [INSTALL_PODS] ^[[36m^[[1m[Codegen]^[[0m Generating Native Code for rnpicker - ios^[[0m
build	Build iOS Locally on Free Cloud Mac	2026-08-22T21:26:31.7769870Z [INSTALL_PODS] ^[[36m^[[1m[Codegen]^[[0m Generated artifacts: /private/var/folders/g3/pffjr_y96bq06blnkf72x_hw0000gn/T/eas-build-local-nodejs/f98a0858-83a6-4ef3-980d-ab6a19d10788/build/ios/build/generated/ios/ReactCodegen^[[0m
build	Build iOS Locally on Free Cloud Mac	2026-08-22T21:26:31.7770880Z [INSTALL_PODS] ^[[36m^[[1m[Codegen]^[[0m Generating Native Code for rnstripe - ios^[[0m
build	Build iOS Locally on Free Cloud Mac	2026-08-22T21:26:31.7772160Z [INSTALL_PODS] ^[[36m^[[1m[Codegen]^[[0m Generated artifacts: /private/var/folders/g3/pffjr_y96bq06blnkf72x_hw0000gn/T/eas-build-local-nodejs/f98a0858-83a6-4ef3-980d-ab6a19d10788/build/ios/build/generated/ios/ReactCodegen^[[0m
build	Build iOS Locally on Free Cloud Mac	2026-08-22T21:26:31.7773190Z [INSTALL_PODS] ^[[36m^[[1m[Codegen]^[[0m Generating Native Code for safeareacontext - ios^[[0m
build	Build iOS Locally on Free Cloud Mac	2026-08-22T21:26:31.7775030Z [INSTALL_PODS] ^[[36m^[[1m[Codegen]^[[0m Generated artifacts: /private/var/folders/g3/pffjr_y96bq06blnkf72x_hw0000gn/T/eas-build-local-nodejs/f98a0858-83a6-4ef3-980d-ab6a19d10788/build/ios/build/generated/ios/ReactCodegen^[[0m
build	Build iOS Locally on Free Cloud Mac	2026-08-22T21:26:31.7776150Z [INSTALL_PODS] ^[[36m^[[1m[Codegen]^[[0m Generating Native Code for rnscreens - ios^[[0m
build	Build iOS Locally on Free Cloud Mac	2026-08-22T21:26:31.7777470Z [INSTALL_PODS] ^[[36m^[[1m[Codegen]^[[0m Generated artifacts: /private/var/folders/g3/pffjr_y96bq06blnkf72x_hw0000gn/T/eas-build-local-nodejs/f98a0858-83a6-4ef3-980d-ab6a19d10788/build/ios/build/generated/ios/ReactCodegen^[[0m
build	Build iOS Locally on Free Cloud Mac	2026-08-22T21:26:31.7778510Z [INSTALL_PODS] ^[[36m^[[1m[Codegen]^[[0m Generating Native Code for rnsvg - ios^[[0m
build	Build iOS Locally on Free Cloud Mac	2026-08-22T21:26:31.7779830Z [INSTALL_PODS] ^[[36m^[[1m[Codegen]^[[0m Generated artifacts: /private/var/folders/g3/pffjr_y96bq06blnkf72x_hw0000gn/T/eas-build-local-nodejs/f98a0858-83a6-4ef3-980d-ab6a19d10788/build/ios/build/generated/ios/ReactCodegen^[[0m
build	Build iOS Locally on Free Cloud Mac	2026-08-22T21:26:31.7780880Z [INSTALL_PODS] ^[[36m^[[1m[Codegen]^[[0m Generating Native Code for RNCWebViewSpec - ios^[[0m
build	Build iOS Locally on Free Cloud Mac	2026-08-22T21:26:31.7782220Z [INSTALL_PODS] ^[[36m^[[1m[Codegen]^[[0m Generated artifacts: /private/var/folders/g3/pffjr_y96bq06blnkf72x_hw0000gn/T/eas-build-local-nodejs/f98a0858-83a6-4ef3-980d-ab6a19d10788/build/ios/build/generated/ios/ReactCodegen^[[0m
build	Build iOS Locally on Free Cloud Mac	2026-08-22T21:26:31.7783220Z [INSTALL_PODS] ^[[36m^[[1m[Codegen]^[[0m Generating RCTThirdPartyComponentsProvider.h^[[0m
build	Build iOS Locally on Free Cloud Mac	2026-08-22T21:26:31.7784790Z [INSTALL_PODS] ^[[36m^[[1m[Codegen]^[[0m Generated artifact: /private/var/folders/g3/pffjr_y96bq06blnkf72x_hw0000gn/T/eas-build-local-nodejs/f98a0858-83a6-4ef3-980d-ab6a19d10788/build/ios/build/generated/ios/ReactCodegen/RCTThirdPartyComponentsProvider.h^[[0m
build	Build iOS Locally on Free Cloud Mac	2026-08-22T21:26:31.7786260Z [INSTALL_PODS] ^[[36m^[[1m[Codegen]^[[0m Generating RCTThirdPartyComponentsProvider.mm^[[0m
build	Build iOS Locally on Free Cloud Mac	2026-08-22T21:26:31.7787990Z [INSTALL_PODS] ^[[36m^[[1m[Codegen]^[[0m Generated artifact: /private/var/folders/g3/pffjr_y96bq06blnkf72x_hw0000gn/T/eas-build-local-nodejs/f98a0858-83a6-4ef3-980d-ab6a19d10788/build/ios/build/generated/ios/ReactCodegen/RCTThirdPartyComponentsProvider.mm^[[0m
build	Build iOS Locally on Free Cloud Mac	2026-08-22T21:26:31.7792270Z [INSTALL_PODS] ^[[36m^[[1m[Codegen]^[[0m Generating RCTModulesProvider.h^[[0m
build	Build iOS Locally on Free Cloud Mac	2026-08-22T21:26:31.7794610Z [INSTALL_PODS] ^[[36m^[[1m[Codegen]^[[0m Generated artifact: /private/var/folders/g3/pffjr_y96bq06blnkf72x_hw0000gn/T/eas-build-local-nodejs/f98a0858-83a6-4ef3-980d-ab6a19d10788/build/ios/build/generated/ios/ReactCodegen/RCTModuleProviders.h^[[0m
build	Build iOS Locally on Free Cloud Mac	2026-08-22T21:26:31.7796170Z [INSTALL_PODS] ^[[36m^[[1m[Codegen]^[[0m Generating RCTModuleProviders.mm^[[0m
build	Build iOS Locally on Free Cloud Mac	2026-08-22T21:26:31.7797720Z [INSTALL_PODS] ^[[36m^[[1m[Codegen]^[[0m Generated artifact: /private/var/folders/g3/pffjr_y96bq06blnkf72x_hw0000gn/T/eas-build-local-nodejs/f98a0858-83a6-4ef3-980d-ab6a19d10788/build/ios/build/generated/ios/ReactCodegen/RCTModuleProviders.mm^[[0m
build	Build iOS Locally on Free Cloud Mac	2026-08-22T21:26:31.7798920Z [INSTALL_PODS] ^[[36m^[[1m[Codegen]^[[0m Generating RCTAppDependencyProvider^[[0m
build	Build iOS Locally on Free Cloud Mac	2026-08-22T21:26:31.7800470Z [INSTALL_PODS] ^[[36m^[[1m[Codegen]^[[0m Generated artifact: /private/var/folders/g3/pffjr_y96bq06blnkf72x_hw0000gn/T/eas-build-local-nodejs/f98a0858-83a6-4ef3-980d-ab6a19d10788/build/ios/build/generated/ios/ReactAppDependencyProvider/RCTAppDependencyProvider.h^[[0m
build	Build iOS Locally on Free Cloud Mac	2026-08-22T21:26:31.7803320Z [INSTALL_PODS] ^[[36m^[[1m[Codegen]^[[0m Generated artifact: /private/var/folders/g3/pffjr_y96bq06blnkf72x_hw0000gn/T/eas-build-local-nodejs/f98a0858-83a6-4ef3-980d-ab6a19d10788/build/ios/build/generated/ios/ReactAppDependencyProvider/RCTAppDependencyProvider.mm^[[0m
build	Build iOS Locally on Free Cloud Mac	2026-08-22T21:26:31.7811040Z [INSTALL_PODS] ^[[36m^[[1m[Codegen]^[[0m Generated podspec: /private/var/folders/g3/pffjr_y96bq06blnkf72x_hw0000gn/T/eas-build-local-nodejs/f98a0858-83a6-4ef3-980d-ab6a19d10788/build/ios/build/generated/ios/ReactAppDependencyProvider/ReactAppDependencyProvider.podspec^[[0m
build	Build iOS Locally on Free Cloud Mac	2026-08-22T21:26:31.7817280Z [INSTALL_PODS] ^[[36m^[[1m[Codegen]^[[0m Generated podspec: /private/var/folders/g3/pffjr_y96bq06blnkf72x_hw0000gn/T/eas-build-local-nodejs/f98a0858-83a6-4ef3-980d-ab6a19d10788/build/ios/build/generated/ios/ReactCodegen/ReactCodegen.podspec^[[0m
build	Build iOS Locally on Free Cloud Mac	2026-08-22T21:26:31.7820880Z [INSTALL_PODS] ^[[36m^[[1m[Codegen]^[[0m Generating Package.swift^[[0m
build	Build iOS Locally on Free Cloud Mac	2026-08-22T21:26:31.7824180Z [INSTALL_PODS] ^[[36m^[[1m[Codegen]^[[0m Generated artifact: /private/var/folders/g3/pffjr_y96bq06blnkf72x_hw0000gn/T/eas-build-local-nodejs/f98a0858-83a6-4ef3-980d-ab6a19d10788/build/ios/build/generated/ios/Package.swift^[[0m
build	Build iOS Locally on Free Cloud Mac	2026-08-22T21:26:31.7826640Z [INSTALL_PODS] ^[[36m^[[1m[Codegen]^[[0m ^[[33mDone.^[[0m
build	Build iOS Locally on Free Cloud Mac	2026-08-22T21:26:31.7827530Z [INSTALL_PODS] Analyzing dependencies
build	Build iOS Locally on Free Cloud Mac	2026-08-22T21:26:32.0813110Z [INSTALL_PODS] Fetching podspec for `ReactNativeDependencies` from `../node_modules/react-native/third-party-podspecs/ReactNativeDependencies.podspec`
build	Build iOS Locally on Free Cloud Mac	2026-08-22T21:26:32.1523860Z [INSTALL_PODS] [ReactNativeDependencies] Using tarball from URL: https://repo1.maven.org/maven2/com/facebook/react/react-native-artifacts/0.86.2/react-native-artifacts-0.86.2-reactnative-dependencies-debug.tar.gz
build	Build iOS Locally on Free Cloud Mac	2026-08-22T21:26:32.1527810Z [INSTALL_PODS] [ReactNativeDependencies] Tarball reactnative-dependencies-0.86.2-debug.tar.gz already exists in Pods. Skipping download.
build	Build iOS Locally on Free Cloud Mac	2026-08-22T21:26:32.1528950Z [INSTALL_PODS] [ReactNativeDependencies] Tarball reactnative-dependencies-0.86.2-release.tar.gz already exists in Pods. Skipping download.
build	Build iOS Locally on Free Cloud Mac	2026-08-22T21:26:32.2447680Z [INSTALL_PODS] Fetching podspec for `hermes-engine` from `../node_modules/react-native/sdks/hermes-engine/hermes-engine.podspec`
build	Build iOS Locally on Free Cloud Mac	2026-08-22T21:26:32.3384400Z [INSTALL_PODS] [Hermes] Using release tarball from URL: https://repo1.maven.org/maven2/com/facebook/hermes/hermes-ios/250829098.0.16/hermes-ios-250829098.0.16-hermes-ios-debug.tar.gz
build	Build iOS Locally on Free Cloud Mac	2026-08-22T21:26:32.3447910Z [INSTALL_PODS] [Hermes] Cache miss: downloading hermes-ios-250829098.0.16-debug.tar.gz from https://repo1.maven.org/maven2/com/facebook/hermes/hermes-ios/250829098.0.16/hermes-ios-250829098.0.16-hermes-ios-debug.tar.gz
build	Build iOS Locally on Free Cloud Mac	2026-08-22T21:26:32.3608740Z [INSTALL_PODS] % Total    % Received % Xferd  Average Speed   Time
build	Build iOS Locally on Free Cloud Mac	2026-08-22T21:26:32.3708530Z [INSTALL_PODS] Time     Time  Current
build	Build iOS Locally on Free Cloud Mac	2026-08-22T21:26:32.3809930Z [INSTALL_PODS]                                  Dload  Upload   Total   Spent    Left  Speed
build	Build iOS Locally on Free Cloud Mac	2026-08-22T21:26:32.3849910Z [INSTALL_PODS] 
build	Build iOS Locally on Free Cloud Mac	2026-08-22T21:26:32.3850620Z   0     0    0     0    0     0      0      0 --:--:-- --:--:-- --:--:--     0
build	Build iOS Locally on Free Cloud Mac	2026-08-22T21:26:32.5875110Z [INSTALL_PODS] 100 31.1M  100 31.1M    0     0   137M      0 -
build	Build iOS Locally on Free Cloud Mac	2026-08-22T21:26:32.5975720Z [INSTALL_PODS] -:--:-- --:--:-- --:--:--  138M
build	Build iOS Locally on Free Cloud Mac	2026-08-22T21:26:32.6078970Z [INSTALL_PODS] [Hermes] Verifying checksum for downloaded hermes-ios-250829098.0.16-debug.tar.gz...
build	Build iOS Locally on Free Cloud Mac	2026-08-22T21:26:32.6729910Z [INSTALL_PODS] [Hermes] SHA1 verified for hermes-ios-250829098.0.16-debug.tar.gz
build	Build iOS Locally on Free Cloud Mac	2026-08-22T21:26:32.6884430Z [INSTALL_PODS] [Hermes] Saved hermes-ios-250829098.0.16-debug.tar.gz to shared cache (/Users/runner/Library/Caches/ReactNative)
build	Build iOS Locally on Free Cloud Mac	2026-08-22T21:26:32.6962860Z [INSTALL_PODS] [Hermes] Cache miss: downloading hermes-ios-250829098.0.16-release.tar.gz from https://repo1.maven.org/maven2/com/facebook/hermes/hermes-ios/250829098.0.16/hermes-ios-250829098.0.16-hermes-ios-release.tar.gz
build	Build iOS Locally on Free Cloud Mac	2026-08-22T21:26:32.7068270Z [INSTALL_PODS] % Total    % Received % Xferd  Average Speed   Time    Time     Time  Current
build	Build iOS Locally on Free Cloud Mac	2026-08-22T21:26:32.7076540Z [INSTALL_PODS]                                  Dload  Upload   Total   Spent    Left  Speed
build	Build iOS Locally on Free Cloud Mac	2026-08-22T21:26:32.7077610Z [INSTALL_PODS] 
build	Build iOS Locally on Free Cloud Mac	2026-08-22T21:26:32.7077940Z   0     0    0     0    0     0      0      0 --:--:-- --:--:-- --:--:--     0
build	Build iOS Locally on Free Cloud Mac	2026-08-22T21:26:32.8895630Z [INSTALL_PODS] 100 24.3M  100 24.3M    0     0   133M      0 --:-
build	Build iOS Locally on Free Cloud Mac	2026-08-22T21:26:32.8995300Z [INSTALL_PODS] -:-- --:--:-- --:--:--  133M
build	Build iOS Locally on Free Cloud Mac	2026-08-22T21:26:32.8996020Z [INSTALL_PODS] [Hermes] Verifying checksum for downloaded hermes-ios-250829098.0.16-release.tar.gz...
build	Build iOS Locally on Free Cloud Mac	2026-08-22T21:26:32.9649470Z [INSTALL_PODS] [Hermes] SHA1 verified for hermes-ios-250829098.0.16-release.tar.gz
build	Build iOS Locally on Free Cloud Mac	2026-08-22T21:26:32.9852350Z [INSTALL_PODS] [Hermes] Saved hermes-ios-250829098.0.16-release.tar.gz to shared cache (/Users/runner/Library/Caches/ReactNative)
build	Build iOS Locally on Free Cloud Mac	2026-08-22T21:26:38.2133850Z [INSTALL_PODS] Adding spec repo `trunk` with CDN `https://cdn.cocoapods.org/`
build	Build iOS Locally on Free Cloud Mac	2026-08-22T21:26:38.2135930Z [INSTALL_PODS] Downloading dependencies
build	Build iOS Locally on Free Cloud Mac	2026-08-22T21:26:38.2137280Z [INSTALL_PODS] Installing EXApplication (57.0.2)
build	Build iOS Locally on Free Cloud Mac	2026-08-22T21:26:38.2139930Z [INSTALL_PODS] Installing EXConstants (57.0.11)
build	Build iOS Locally on Free Cloud Mac	2026-08-22T21:26:38.2141180Z [INSTALL_PODS] Installing EXJSONUtils (57.0.1)
build	Build iOS Locally on Free Cloud Mac	2026-08-22T21:26:38.2142030Z [INSTALL_PODS] Installing EXManifests (57.0.1)
build	Build iOS Locally on Free Cloud Mac	2026-08-22T21:26:38.2142930Z [INSTALL_PODS] Installing EXUpdatesInterface (57.0.1)
build	Build iOS Locally on Free Cloud Mac	2026-08-22T21:26:38.2143730Z [INSTALL_PODS] Installing Expo (57.0.13)
build	Build iOS Locally on Free Cloud Mac	2026-08-22T21:26:38.2144300Z [INSTALL_PODS] Installing ExpoAsset (57.0.11)
build	Build iOS Locally on Free Cloud Mac	2026-08-22T21:26:38.2153830Z [INSTALL_PODS] Installing ExpoBlur (57.0.2)
build	Build iOS Locally on Free Cloud Mac	2026-08-22T21:26:38.2154840Z [INSTALL_PODS] Installing ExpoCamera (57.0.3)
build	Build iOS Locally on Free Cloud Mac	2026-08-22T21:26:38.2155500Z [INSTALL_PODS] Installing ExpoCameraBarcodeScanning (57.0.3)
build	Build iOS Locally on Free Cloud Mac	2026-08-22T21:26:38.2156730Z [INSTALL_PODS] Installing ExpoClipboard (57.0.1)
build	Build iOS Locally on Free Cloud Mac	2026-08-22T21:26:38.2157360Z [INSTALL_PODS] Installing ExpoDevice (57.0.1)
build	Build iOS Locally on Free Cloud Mac	2026-08-22T21:26:38.2157870Z [INSTALL_PODS] Installing ExpoDomWebView (57.0.1)
build	Build iOS Locally on Free Cloud Mac	2026-08-22T21:26:38.2158470Z [INSTALL_PODS] Installing ExpoFileSystem (57.0.4)
build	Build iOS Locally on Free Cloud Mac	2026-08-22T21:26:38.2159030Z [INSTALL_PODS] Installing ExpoFont (57.0.1)
build	Build iOS Locally on Free Cloud Mac	2026-08-22T21:26:38.2159580Z [INSTALL_PODS] Installing ExpoHaptics (57.0.1)
build	Build iOS Locally on Free Cloud Mac	2026-08-22T21:26:38.2160050Z [INSTALL_PODS] Installing ExpoImagePicker (57.0.10)
build	Build iOS Locally on Free Cloud Mac	2026-08-22T21:26:38.2160650Z [INSTALL_PODS] Installing ExpoKeepAwake (57.0.1)
build	Build iOS Locally on Free Cloud Mac	2026-08-22T21:26:38.2161200Z [INSTALL_PODS] Installing ExpoLinearGradient (57.0.1)
build	Build iOS Locally on Free Cloud Mac	2026-08-22T21:26:38.2162450Z [INSTALL_PODS] Installing ExpoLinking (57.0.6)
build	Build iOS Locally on Free Cloud Mac	2026-08-22T21:26:38.2163260Z [INSTALL_PODS] Installing ExpoLocation (57.0.10)
build	Build iOS Locally on Free Cloud Mac	2026-08-22T21:26:38.2163700Z [INSTALL_PODS] Installing ExpoLogBox (57.0.2)
build	Build iOS Locally on Free Cloud Mac	2026-08-22T21:26:38.2164140Z [INSTALL_PODS] Installing ExpoModulesCore (57.0.11)
build	Build iOS Locally on Free Cloud Mac	2026-08-22T21:26:38.2164580Z [INSTALL_PODS] Installing ExpoModulesJSI (57.0.4)
build	Build iOS Locally on Free Cloud Mac	2026-08-22T21:26:38.6193610Z [INSTALL_PODS] Installing ExpoModulesWorklets (57.0.11)
build	Build iOS Locally on Free Cloud Mac	2026-08-22T21:26:38.6195420Z [INSTALL_PODS] Installing ExpoNotifications (57.0.11)
build	Build iOS Locally on Free Cloud Mac	2026-08-22T21:26:38.6195910Z [INSTALL_PODS] Installing ExpoSharing (57.0.12)
build	Build iOS Locally on Free Cloud Mac	2026-08-22T21:26:38.6196410Z [INSTALL_PODS] Installing ExpoSpeech (57.0.1)
build	Build iOS Locally on Free Cloud Mac	2026-08-22T21:26:38.6196920Z [INSTALL_PODS] Installing ExpoTaskManager (57.0.10)
build	Build iOS Locally on Free Cloud Mac	2026-08-22T21:26:38.6197420Z [INSTALL_PODS] Installing FBLazyVector (0.86.2)
build	Build iOS Locally on Free Cloud Mac	2026-08-22T21:26:38.6197920Z [INSTALL_PODS] Installing RCTDeprecation (0.86.2)
build	Build iOS Locally on Free Cloud Mac	2026-08-22T21:26:38.6198390Z [INSTALL_PODS] Installing RCTRequired (0.86.2)
build	Build iOS Locally on Free Cloud Mac	2026-08-22T21:26:38.6198890Z [INSTALL_PODS] Installing RCTSwiftUI (0.86.2)
build	Build iOS Locally on Free Cloud Mac	2026-08-22T21:26:38.6199400Z [INSTALL_PODS] Installing RCTSwiftUIWrapper (0.86.2)
build	Build iOS Locally on Free Cloud Mac	2026-08-22T21:26:38.6199880Z [INSTALL_PODS] Installing RCTTypeSafety (0.86.2)
build	Build iOS Locally on Free Cloud Mac	2026-08-22T21:26:38.6200390Z [INSTALL_PODS] Installing RNCAsyncStorage (2.2.0)
build	Build iOS Locally on Free Cloud Mac	2026-08-22T21:26:38.6200790Z [INSTALL_PODS] Installing RNCPicker (2.11.4)
build	Build iOS Locally on Free Cloud Mac	2026-08-22T21:26:38.6201200Z [INSTALL_PODS] Installing RNDateTimePicker (9.1.0)
build	Build iOS Locally on Free Cloud Mac	2026-08-22T21:26:38.6201590Z [INSTALL_PODS] Installing RNSVG (15.15.4)
build	Build iOS Locally on Free Cloud Mac	2026-08-22T21:26:38.6202060Z [INSTALL_PODS] Installing RNScreens (4.26.2)
build	Build iOS Locally on Free Cloud Mac	2026-08-22T21:26:38.6202540Z [INSTALL_PODS] Installing React (0.86.2)
build	Build iOS Locally on Free Cloud Mac	2026-08-22T21:26:38.6203010Z [INSTALL_PODS] Installing React-Core (0.86.2)
build	Build iOS Locally on Free Cloud Mac	2026-08-22T21:26:38.6211410Z [INSTALL_PODS] Installing React-CoreModules (0.86.2)
build	Build iOS Locally on Free Cloud Mac	2026-08-22T21:26:38.6212060Z [INSTALL_PODS] Installing React-Fabric (0.86.2)
build	Build iOS Locally on Free Cloud Mac	2026-08-22T21:26:38.6212490Z [INSTALL_PODS] Installing React-FabricComponents (0.86.2)
build	Build iOS Locally on Free Cloud Mac	2026-08-22T21:26:38.6213010Z [INSTALL_PODS] Installing React-FabricImage (0.86.2)
build	Build iOS Locally on Free Cloud Mac	2026-08-22T21:26:38.6213420Z [INSTALL_PODS] Installing React-ImageManager (0.86.2)
build	Build iOS Locally on Free Cloud Mac	2026-08-22T21:26:38.6213850Z [INSTALL_PODS] Installing React-Mapbuffer (0.86.2)
build	Build iOS Locally on Free Cloud Mac	2026-08-22T21:26:38.6214350Z [INSTALL_PODS] Installing React-NativeModulesApple (0.86.2)
build	Build iOS Locally on Free Cloud Mac	2026-08-22T21:26:38.6214810Z [INSTALL_PODS] Installing React-RCTActionSheet (0.86.2)
build	Build iOS Locally on Free Cloud Mac	2026-08-22T21:26:38.6215680Z [INSTALL_PODS] Installing React-RCTAnimation (0.86.2)
build	Build iOS Locally on Free Cloud Mac	2026-08-22T21:26:38.6216100Z [INSTALL_PODS] Installing React-RCTAppDelegate (0.86.2)
build	Build iOS Locally on Free Cloud Mac	2026-08-22T21:26:38.6216550Z [INSTALL_PODS] Installing React-RCTBlob (0.86.2)
build	Build iOS Locally on Free Cloud Mac	2026-08-22T21:26:38.6217000Z [INSTALL_PODS] Installing React-RCTFBReactNativeSpec (0.86.2)
build	Build iOS Locally on Free Cloud Mac	2026-08-22T21:26:38.6217420Z [INSTALL_PODS] Installing React-RCTFabric (0.86.2)
build	Build iOS Locally on Free Cloud Mac	2026-08-22T21:26:38.6217800Z [INSTALL_PODS] Installing React-RCTImage (0.86.2)
build	Build iOS Locally on Free Cloud Mac	2026-08-22T21:26:38.6219170Z [INSTALL_PODS] Installing React-RCTLinking (0.86.2)
build	Build iOS Locally on Free Cloud Mac	2026-08-22T21:26:38.6220420Z [INSTALL_PODS] Installing React-RCTNetwork (0.86.2)
build	Build iOS Locally on Free Cloud Mac	2026-08-22T21:26:38.6221490Z [INSTALL_PODS] Installing React-RCTRuntime (0.86.2)
build	Build iOS Locally on Free Cloud Mac	2026-08-22T21:26:38.6222500Z [INSTALL_PODS] Installing React-RCTSettings (0.86.2)
build	Build iOS Locally on Free Cloud Mac	2026-08-22T21:26:38.6240680Z [INSTALL_PODS] Installing React-RCTText (0.86.2)
build	Build iOS Locally on Free Cloud Mac	2026-08-22T21:26:38.6242690Z [INSTALL_PODS] Installing React-RCTVibration (0.86.2)
build	Build iOS Locally on Free Cloud Mac	2026-08-22T21:26:38.6244110Z [INSTALL_PODS] Installing React-RuntimeApple (0.86.2)
build	Build iOS Locally on Free Cloud Mac	2026-08-22T21:26:38.6245240Z [INSTALL_PODS] Installing React-RuntimeCore (0.86.2)
build	Build iOS Locally on Free Cloud Mac	2026-08-22T21:26:38.6246350Z [INSTALL_PODS] Installing React-RuntimeHermes (0.86.2)
build	Build iOS Locally on Free Cloud Mac	2026-08-22T21:26:38.6247370Z [INSTALL_PODS] Installing React-callinvoker (0.86.2)
build	Build iOS Locally on Free Cloud Mac	2026-08-22T21:26:38.6248550Z [INSTALL_PODS] Installing React-cxxreact (0.86.2)
build	Build iOS Locally on Free Cloud Mac	2026-08-22T21:26:38.6249690Z [INSTALL_PODS] Installing React-debug (0.86.2)
build	Build iOS Locally on Free Cloud Mac	2026-08-22T21:26:38.6250720Z [INSTALL_PODS] Installing React-defaultsnativemodule (0.86.2)
build	Build iOS Locally on Free Cloud Mac	2026-08-22T21:26:38.6251900Z [INSTALL_PODS] Installing React-domnativemodule (0.86.2)
build	Build iOS Locally on Free Cloud Mac	2026-08-22T21:26:38.6253450Z [INSTALL_PODS] Installing React-featureflags (0.86.2)
build	Build iOS Locally on Free Cloud Mac	2026-08-22T21:26:38.6254630Z [INSTALL_PODS] Installing React-featureflagsnativemodule (0.86.2)
build	Build iOS Locally on Free Cloud Mac	2026-08-22T21:26:38.6255800Z [INSTALL_PODS] Installing React-graphics (0.86.2)
build	Build iOS Locally on Free Cloud Mac	2026-08-22T21:26:38.6256710Z [INSTALL_PODS] Installing React-hermes (0.86.2)
build	Build iOS Locally on Free Cloud Mac	2026-08-22T21:26:38.6257880Z [INSTALL_PODS] Installing React-idlecallbacksnativemodule (0.86.2)
build	Build iOS Locally on Free Cloud Mac	2026-08-22T21:26:38.6259210Z [INSTALL_PODS] Installing React-intersectionobservernativemodule (0.86.2)
build	Build iOS Locally on Free Cloud Mac	2026-08-22T21:26:38.6260680Z [INSTALL_PODS] Installing React-jserrorhandler (0.86.2)
build	Build iOS Locally on Free Cloud Mac	2026-08-22T21:26:38.6261760Z [INSTALL_PODS] Installing React-jsi (0.86.2)
build	Build iOS Locally on Free Cloud Mac	2026-08-22T21:26:38.6262640Z [INSTALL_PODS] Installing React-jsiexecutor (0.86.2)
build	Build iOS Locally on Free Cloud Mac	2026-08-22T21:26:38.6263630Z [INSTALL_PODS] Installing React-jsinspector (0.86.2)
build	Build iOS Locally on Free Cloud Mac	2026-08-22T21:26:38.6264590Z [INSTALL_PODS] Installing React-jsinspectorcdp (0.86.2)
build	Build iOS Locally on Free Cloud Mac	2026-08-22T21:26:38.6265600Z [INSTALL_PODS] Installing React-jsinspectornetwork (0.86.2)
build	Build iOS Locally on Free Cloud Mac	2026-08-22T21:26:38.6266670Z [INSTALL_PODS] Installing React-jsinspectortracing (0.86.2)
build	Build iOS Locally on Free Cloud Mac	2026-08-22T21:26:38.6268390Z [INSTALL_PODS] Installing React-jsitooling (0.86.2)
build	Build iOS Locally on Free Cloud Mac	2026-08-22T21:26:38.6269500Z [INSTALL_PODS] Installing React-jsitracing (0.86.2)
build	Build iOS Locally on Free Cloud Mac	2026-08-22T21:26:38.6270420Z [INSTALL_PODS] Installing React-logger (0.86.2)
build	Build iOS Locally on Free Cloud Mac	2026-08-22T21:26:38.6271480Z [INSTALL_PODS] Installing React-microtasksnativemodule (0.86.2)
build	Build iOS Locally on Free Cloud Mac	2026-08-22T21:26:38.6272890Z [INSTALL_PODS] Installing React-mutationobservernativemodule (0.86.2)
build	Build iOS Locally on Free Cloud Mac	2026-08-22T21:26:38.6273470Z [INSTALL_PODS] Installing React-networking (0.86.2)
build	Build iOS Locally on Free Cloud Mac	2026-08-22T21:26:38.6273820Z [INSTALL_PODS] Installing React-oscompat (0.86.2)
build	Build iOS Locally on Free Cloud Mac	2026-08-22T21:26:38.6274170Z [INSTALL_PODS] Installing React-perflogger (0.86.2)
build	Build iOS Locally on Free Cloud Mac	2026-08-22T21:26:38.6275180Z [INSTALL_PODS] Installing React-performancecdpmetrics (0.86.2)
build	Build iOS Locally on Free Cloud Mac	2026-08-22T21:26:38.6275860Z [INSTALL_PODS] Installing React-performancetimeline (0.86.2)
build	Build iOS Locally on Free Cloud Mac	2026-08-22T21:26:38.6276280Z [INSTALL_PODS] Installing React-rendererconsistency (0.86.2)
build	Build iOS Locally on Free Cloud Mac	2026-08-22T21:26:38.6276670Z [INSTALL_PODS] Installing React-renderercss (0.86.2)
build	Build iOS Locally on Free Cloud Mac	2026-08-22T21:26:38.6277080Z [INSTALL_PODS] Installing React-rendererdebug (0.86.2)
build	Build iOS Locally on Free Cloud Mac	2026-08-22T21:26:38.6277450Z [INSTALL_PODS] Installing React-runtimeexecutor (0.86.2)
build	Build iOS Locally on Free Cloud Mac	2026-08-22T21:26:38.6277850Z [INSTALL_PODS] Installing React-runtimescheduler (0.86.2)
build	Build iOS Locally on Free Cloud Mac	2026-08-22T21:26:38.6278550Z [INSTALL_PODS] Installing React-timing (0.86.2)
build	Build iOS Locally on Free Cloud Mac	2026-08-22T21:26:38.6278880Z [INSTALL_PODS] Installing React-utils (0.86.2)
build	Build iOS Locally on Free Cloud Mac	2026-08-22T21:26:38.6279280Z [INSTALL_PODS] Installing React-viewtransitionnativemodule (0.86.2)
build	Build iOS Locally on Free Cloud Mac	2026-08-22T21:26:38.6279760Z [INSTALL_PODS] Installing React-webperformancenativemodule (0.86.2)
build	Build iOS Locally on Free Cloud Mac	2026-08-22T21:26:38.6280200Z [INSTALL_PODS] Installing ReactAppDependencyProvider (0.86.2)
build	Build iOS Locally on Free Cloud Mac	2026-08-22T21:26:38.6280570Z [INSTALL_PODS] Installing ReactCodegen (0.86.2)
build	Build iOS Locally on Free Cloud Mac	2026-08-22T21:26:38.6280920Z [INSTALL_PODS] Installing ReactCommon (0.86.2)
build	Build iOS Locally on Free Cloud Mac	2026-08-22T21:26:38.6281280Z [INSTALL_PODS] Installing ReactNativeDependencies (0.86.2)
build	Build iOS Locally on Free Cloud Mac	2026-08-22T21:26:43.9394790Z [INSTALL_PODS] Installing Stripe (25.11.0)
build	Build iOS Locally on Free Cloud Mac	2026-08-22T21:26:59.8052980Z [INSTALL_PODS] Installing StripeApplePay (25.11.0)
build	Build iOS Locally on Free Cloud Mac	2026-08-22T21:27:13.8673380Z [INSTALL_PODS] Installing StripeCore (25.11.0)
build	Build iOS Locally on Free Cloud Mac	2026-08-22T21:27:25.8146410Z [INSTALL_PODS] Installing StripeFinancialConnections (25.11.0)
build	Build iOS Locally on Free Cloud Mac	2026-08-22T21:27:44.1144310Z [INSTALL_PODS] Installing StripeIssuing (25.11.0)
build	Build iOS Locally on Free Cloud Mac	2026-08-22T21:27:57.4609800Z [INSTALL_PODS] Installing StripePaymentSheet (25.11.0)
build	Build iOS Locally on Free Cloud Mac	2026-08-22T21:28:13.4796370Z [INSTALL_PODS] Installing StripePayments (25.11.0)
build	Build iOS Locally on Free Cloud Mac	2026-08-22T21:28:26.0488590Z [INSTALL_PODS] Installing StripePaymentsUI (25.11.0)
build	Build iOS Locally on Free Cloud Mac	2026-08-22T21:28:39.2230810Z [INSTALL_PODS] Installing StripeUICore (25.11.0)
build	Build iOS Locally on Free Cloud Mac	2026-08-22T21:28:48.9813420Z [INSTALL_PODS] Installing UMAppLoader (57.0.1)
build	Build iOS Locally on Free Cloud Mac	2026-08-22T21:28:48.9816110Z [INSTALL_PODS] Installing Yoga (0.0.0)
build	Build iOS Locally on Free Cloud Mac	2026-08-22T21:28:48.9816750Z [INSTALL_PODS] Installing ZXingObjC (3.6.9)
build	Build iOS Locally on Free Cloud Mac	2026-08-22T21:28:56.8627860Z [INSTALL_PODS] Installing expo-dev-client (57.0.12)
build	Build iOS Locally on Free Cloud Mac	2026-08-22T21:28:56.8629420Z [INSTALL_PODS] Installing expo-dev-launcher (57.0.12)
build	Build iOS Locally on Free Cloud Mac	2026-08-22T21:28:56.8630270Z [INSTALL_PODS] Installing expo-dev-menu (57.0.12)
build	Build iOS Locally on Free Cloud Mac	2026-08-22T21:28:56.8630820Z [INSTALL_PODS] Installing expo-dev-menu-interface (57.0.0)
build	Build iOS Locally on Free Cloud Mac	2026-08-22T21:28:56.8631460Z [INSTALL_PODS] Installing hermes-engine (250829098.0.16)
build	Build iOS Locally on Free Cloud Mac	2026-08-22T21:28:58.2018700Z [INSTALL_PODS] Installing react-native-maps (1.27.2)
build	Build iOS Locally on Free Cloud Mac	2026-08-22T21:28:58.2021850Z [INSTALL_PODS] Installing react-native-safe-area-context (5.7.0)
build	Build iOS Locally on Free Cloud Mac	2026-08-22T21:28:58.2023040Z [INSTALL_PODS] Installing react-native-webview (13.16.1)
build	Build iOS Locally on Free Cloud Mac	2026-08-22T21:28:58.2024490Z [INSTALL_PODS] Installing stripe-react-native (0.64.0)
build	Build iOS Locally on Free Cloud Mac	2026-08-22T21:28:58.2164190Z [INSTALL_PODS] [Expo] Ensuring required slices in ExpoModulesJSI.xcframework
build	Build iOS Locally on Free Cloud Mac	2026-08-22T21:29:12.5244370Z [INSTALL_PODS] Generating Pods project
build	Build iOS Locally on Free Cloud Mac	2026-08-22T21:29:12.5245080Z [INSTALL_PODS] Setting USE_HERMES build settings
build	Build iOS Locally on Free Cloud Mac	2026-08-22T21:29:12.5245810Z [INSTALL_PODS] Setting REACT_NATIVE_PATH build settings
build	Build iOS Locally on Free Cloud Mac	2026-08-22T21:29:12.5246460Z [INSTALL_PODS] Setting SWIFT_ACTIVE_COMPILATION_CONDITIONS build settings
build	Build iOS Locally on Free Cloud Mac	2026-08-22T21:29:13.4180490Z [INSTALL_PODS] [Ccache]: Removing Ccache from CC, LD, CXX & LDPLUSPLUS build settings
build	Build iOS Locally on Free Cloud Mac	2026-08-22T21:29:13.4182550Z [INSTALL_PODS] [SPM] Cleaning old SPM dependencies from Pods project
build	Build iOS Locally on Free Cloud Mac	2026-08-22T21:29:13.4183260Z [INSTALL_PODS] [SPM] Adding SPM dependencies to Pods project
build	Build iOS Locally on Free Cloud Mac	2026-08-22T21:29:13.4184110Z [INSTALL_PODS] [Privacy Manifest Aggregation] No existing PrivacyInfo.xcprivacy file found, creating a new one.
build	Build iOS Locally on Free Cloud Mac	2026-08-22T21:29:13.4185030Z [INSTALL_PODS] [Privacy Manifest Aggregation] Reading .xcprivacy files to aggregate all used Required Reason APIs.
build	Build iOS Locally on Free Cloud Mac	2026-08-22T21:29:13.4186070Z [INSTALL_PODS] file_root: Hence
build	Build iOS Locally on Free Cloud Mac	2026-08-22T21:29:13.4187300Z [INSTALL_PODS] Setting CLANG_CXX_LANGUAGE_STANDARD to c++20 on /private/var/folders/g3/pffjr_y96bq06blnkf72x_hw0000gn/T/eas-build-local-nodejs/f98a0858-83a6-4ef3-980d-ab6a19d10788/build/ios/Hence.xcodeproj
build	Build iOS Locally on Free Cloud Mac	2026-08-22T21:29:15.1711180Z [INSTALL_PODS] ==================== DEPRECATION NOTICE =====================
build	Build iOS Locally on Free Cloud Mac	2026-08-22T21:29:15.1714710Z [INSTALL_PODS] Calling `pod install` directly is deprecated in React Native
build	Build iOS Locally on Free Cloud Mac	2026-08-22T21:29:15.1715480Z [INSTALL_PODS] because we are moving away from Cocoapods toward alternative
build	Build iOS Locally on Free Cloud Mac	2026-08-22T21:29:15.1716010Z [INSTALL_PODS] solutions to build the project.
build	Build iOS Locally on Free Cloud Mac	2026-08-22T21:29:15.1723980Z [INSTALL_PODS] * If you are using Expo, please run:
build	Build iOS Locally on Free Cloud Mac	2026-08-22T21:29:15.1724430Z [INSTALL_PODS] `npx expo run:ios`
build	Build iOS Locally on Free Cloud Mac	2026-08-22T21:29:15.1724880Z [INSTALL_PODS] * If you are using the Community CLI, please run:
build	Build iOS Locally on Free Cloud Mac	2026-08-22T21:29:15.1725320Z [INSTALL_PODS] `yarn ios`
build	Build iOS Locally on Free Cloud Mac	2026-08-22T21:29:15.1725720Z [INSTALL_PODS] =============================================================
build	Build iOS Locally on Free Cloud Mac	2026-08-22T21:29:15.1726190Z [INSTALL_PODS] Pod install took 165 [s] to run
build	Build iOS Locally on Free Cloud Mac	2026-08-22T21:29:15.1726630Z [INSTALL_PODS] Integrating client project
build	Build iOS Locally on Free Cloud Mac	2026-08-22T21:29:15.1727260Z [INSTALL_PODS] [!] Please close any current Xcode sessions and use `Hence.xcworkspace` for this project from now on.
build	Build iOS Locally on Free Cloud Mac	2026-08-22T21:29:15.4748420Z [INSTALL_PODS] [Expo] Installing the build script for target Hence
build	Build iOS Locally on Free Cloud Mac	2026-08-22T21:29:16.4974840Z [INSTALL_PODS] [!] ReactNativeDependencies has added 1 script phase. Please inspect before executing a build. See `https://guides.cocoapods.org/syntax/podspec.html#script_phases` for more information.
build	Build iOS Locally on Free Cloud Mac	2026-08-22T21:29:16.4976240Z [INSTALL_PODS] Pod installation complete! There are 118 dependencies from the Podfile and 127 total pods installed.
build	Build iOS Locally on Free Cloud Mac	2026-08-22T21:29:16.5076540Z [INSTALL_PODS] [!] hermes-engine has added 1 script phase. Please inspect before executing a build. See `https://guides.cocoapods.org/syntax/podspec.html#script_phases` for more information.
build	Build iOS Locally on Free Cloud Mac	2026-08-22T21:29:16.5080020Z [INSTALL_PODS] [Expo] Raised resource bundle deployment targets to match their pods: RNCAsyncStorage-RNCAsyncStorage_resources, RNSVG-RNSVGFilters, Stripe-StripeBundle, StripeCore-StripeCoreBundle, StripeFinancialConnections-StripeFinancialConnectionsBundle, StripePaymentSheet-StripePaymentSheetBundle, StripePayments-StripePaymentsBundle, StripePayments-Stripe3DS2, StripePaymentsUI-StripePaymentsUIBundle, StripeUICore-StripeUICoreBundle
build	Build iOS Locally on Free Cloud Mac	2026-08-22T21:29:16.5283080Z [CONFIGURE_XCODE_PROJECT] Configuring Xcode project
build	Build iOS Locally on Free Cloud Mac	2026-08-22T21:29:16.5290320Z [CONFIGURE_XCODE_PROJECT] Assigning provisioning profile '*[expo] com.hence.oyedotun AppStore 2026-08-02T10:43:24.097Z' (Apple Team ID: Q42QY7STMH) to target 'Hence'
build	Build iOS Locally on Free Cloud Mac	2026-08-22T21:29:16.5997700Z [CONFIGURE_XCODE_PROJECT] Updating versions in /var/folders/g3/pffjr_y96bq06blnkf72x_hw0000gn/T/eas-build-local-nodejs/f98a0858-83a6-4ef3-980d-ab6a19d10788/build/ios/Hence/Info.plist
build	Build iOS Locally on Free Cloud Mac	2026-08-22T21:29:17.1316850Z [EAGER_BUNDLE] 2026-08-22T21:29:17.130Z expo:telemetry Switching strategy from detached to instant
build	Build iOS Locally on Free Cloud Mac	2026-08-22T21:29:17.1317590Z [EAGER_BUNDLE] 2026-08-22T21:29:17.131Z expo:telemetry Recording 1 event(s)
build	Build iOS Locally on Free Cloud Mac	2026-08-22T21:29:17.2777170Z [EAGER_BUNDLE] 2026-08-22T21:29:17.277Z expo:env /private/var/folders/g3/pffjr_y96bq06blnkf72x_hw0000gn/T/eas-build-local-nodejs/f98a0858-83a6-4ef3-980d-ab6a19d10788/build/.env does not exist, skipping this env file
build	Build iOS Locally on Free Cloud Mac	2026-08-22T21:29:17.2778920Z [EAGER_BUNDLE] 2026-08-22T21:29:17.277Z expo:env /private/var/folders/g3/pffjr_y96bq06blnkf72x_hw0000gn/T/eas-build-local-nodejs/f98a0858-83a6-4ef3-980d-ab6a19d10788/build/.env.production does not exist, skipping this env file
build	Build iOS Locally on Free Cloud Mac	2026-08-22T21:29:17.2781080Z [EAGER_BUNDLE] 2026-08-22T21:29:17.277Z expo:env /private/var/folders/g3/pffjr_y96bq06blnkf72x_hw0000gn/T/eas-build-local-nodejs/f98a0858-83a6-4ef3-980d-ab6a19d10788/build/.env.local does not exist, skipping this env file
build	Build iOS Locally on Free Cloud Mac	2026-08-22T21:29:17.2782740Z [EAGER_BUNDLE] 2026-08-22T21:29:17.277Z expo:env /private/var/folders/g3/pffjr_y96bq06blnkf72x_hw0000gn/T/eas-build-local-nodejs/f98a0858-83a6-4ef3-980d-ab6a19d10788/build/.env.production.local does not exist, skipping this env file
build	Build iOS Locally on Free Cloud Mac	2026-08-22T21:29:17.2834220Z [EAGER_BUNDLE] 2026-08-22T21:29:17.281Z expo:export:embed Bundling to non-standard location: /var/folders/g3/pffjr_y96bq06blnkf72x_hw0000gn/T/0z5sh0geqj38/main.jsbundle
build	Build iOS Locally on Free Cloud Mac	2026-08-22T21:29:17.4522110Z [EAGER_BUNDLE] 2026-08-22T21:29:17.451Z expo:start:server:devServer Stopping dev server (bundler: metro)
build	Build iOS Locally on Free Cloud Mac	2026-08-22T21:29:17.4523270Z [EAGER_BUNDLE] 2026-08-22T21:29:17.451Z expo:start:server:devServer Stopped dev server (bundler: metro)
build	Build iOS Locally on Free Cloud Mac	2026-08-22T21:29:17.4587490Z [EAGER_BUNDLE] 2026-08-22T21:29:17.457Z expo:start:server:metro:router Using app as the root directory for Expo Router.
build	Build iOS Locally on Free Cloud Mac	2026-08-22T21:29:17.5675460Z [EAGER_BUNDLE] 
build	Build iOS Locally on Free Cloud Mac	2026-08-22T21:29:17.5675990Z [EAGER_BUNDLE] Expo Metro config:
build	Build iOS Locally on Free Cloud Mac	2026-08-22T21:29:17.5676740Z [EAGER_BUNDLE] - Version: 57.0.8
build	Build iOS Locally on Free Cloud Mac	2026-08-22T21:29:17.5677460Z [EAGER_BUNDLE] - Extensions: ts, tsx, mjs, js, jsx, json, cjs, scss, sass, css
build	Build iOS Locally on Free Cloud Mac	2026-08-22T21:29:17.5678730Z [EAGER_BUNDLE] - React Native: /private/var/folders/g3/pffjr_y96bq06blnkf72x_hw0000gn/T/eas-build-local-nodejs/f98a0858-83a6-4ef3-980d-ab6a19d10788/build/node_modules/react-native
build	Build iOS Locally on Free Cloud Mac	2026-08-22T21:29:17.7298850Z [EAGER_BUNDLE] - Watch Folders: 
build	Build iOS Locally on Free Cloud Mac	2026-08-22T21:29:17.7299370Z [EAGER_BUNDLE] - Node Module Paths: 
build	Build iOS Locally on Free Cloud Mac	2026-08-22T21:29:17.7299700Z [EAGER_BUNDLE] - Sass: null
build	Build iOS Locally on Free Cloud Mac	2026-08-22T21:29:17.7300110Z [EAGER_BUNDLE] - Reanimated: null
build	Build iOS Locally on Free Cloud Mac	2026-08-22T21:29:17.7300430Z [EAGER_BUNDLE] - Worklets: null
build	Build iOS Locally on Free Cloud Mac	2026-08-22T21:29:17.7300830Z [EAGER_BUNDLE] - Babel Runtime: null
build	Build iOS Locally on Free Cloud Mac	2026-08-22T21:29:17.7301230Z [EAGER_BUNDLE] Expo Metro config:
build	Build iOS Locally on Free Cloud Mac	2026-08-22T21:29:17.7306860Z [EAGER_BUNDLE] - Version: 57.0.8
build	Build iOS Locally on Free Cloud Mac	2026-08-22T21:29:17.7307540Z [EAGER_BUNDLE] - Extensions: ts, tsx, mjs, js, jsx, json, cjs, scss, sass, css
build	Build iOS Locally on Free Cloud Mac	2026-08-22T21:29:17.7308800Z [EAGER_BUNDLE] - React Native: /private/var/folders/g3/pffjr_y96bq06blnkf72x_hw0000gn/T/eas-build-local-nodejs/f98a0858-83a6-4ef3-980d-ab6a19d10788/build/node_modules/react-native
build	Build iOS Locally on Free Cloud Mac	2026-08-22T21:29:17.7309660Z [EAGER_BUNDLE] - Watch Folders: 
build	Build iOS Locally on Free Cloud Mac	2026-08-22T21:29:17.7310080Z [EAGER_BUNDLE] - Node Module Paths:
build	Build iOS Locally on Free Cloud Mac	2026-08-22T21:29:17.7310590Z [EAGER_BUNDLE] - Sass: null
build	Build iOS Locally on Free Cloud Mac	2026-08-22T21:29:17.7310940Z [EAGER_BUNDLE] - Reanimated: null
build	Build iOS Locally on Free Cloud Mac	2026-08-22T21:29:17.7311220Z [EAGER_BUNDLE] - Worklets: null
build	Build iOS Locally on Free Cloud Mac	2026-08-22T21:29:17.7311990Z [EAGER_BUNDLE] - Babel Runtime: null
build	Build iOS Locally on Free Cloud Mac	2026-08-22T21:29:17.7325210Z [EAGER_BUNDLE] 2026-08-22T21:29:17.732Z expo:metro:withMetroResolvers Appending 8 custom resolvers to Metro config. (has custom resolver: false)
build	Build iOS Locally on Free Cloud Mac	2026-08-22T21:29:17.7331600Z [EAGER_BUNDLE] 2026-08-22T21:29:17.732Z expo:start:server:urlCreator URL: http://127.0.0.1:8081
build	Build iOS Locally on Free Cloud Mac	2026-08-22T21:29:17.8332230Z [EAGER_BUNDLE] Starting Metro Bundler
build	Build iOS Locally on Free Cloud Mac	2026-08-22T21:29:17.8547000Z [EAGER_BUNDLE] 2026-08-22T21:29:17.854Z expo:metro:options Disabling lazy bundling for export build
build	Build iOS Locally on Free Cloud Mac	2026-08-22T21:29:18.0214680Z [EAGER_BUNDLE] 2026-08-22T21:29:18.019Z expo:start:server:metro:multi-platform Enabling alias: react-native-vector-icons -> @expo/vector-icons
build	Build iOS Locally on Free Cloud Mac	2026-08-22T21:29:18.4874170Z [EAGER_BUNDLE] | 2026-08-22T21:29:18.486Z expo:babel:exports Found assignment to module.exports or exports at 4
build	Build iOS Locally on Free Cloud Mac	2026-08-22T21:29:18.8283820Z [EAGER_BUNDLE] | 2026-08-22T21:29:18.827Z expo:babel:exports Found assignment to module.exports or exports at 4
build	Build iOS Locally on Free Cloud Mac	2026-08-22T21:29:18.9794270Z [EAGER_BUNDLE] | 2026-08-22T21:29:18.885Z expo:babel:exports Found assignment to module.exports or exports at 345
build	Build iOS Locally on Free Cloud Mac	2026-08-22T21:29:19.3112600Z [EAGER_BUNDLE] | 2026-08-22T21:29:19.278Z expo:babel:exports Found assignment to module.exports or exports at 32
build	Build iOS Locally on Free Cloud Mac	2026-08-22T21:29:20.3346870Z [EAGER_BUNDLE] | 2026-08-22T21:29:20.331Z expo:babel:exports Found assignment to module.exports or exports at 32
build	Build iOS Locally on Free Cloud Mac	2026-08-22T21:29:20.9830320Z [EAGER_BUNDLE] | 2026-08-22T21:29:20.979Z expo:babel:exports Found assignment to module.exports or exports at 49
build	Build iOS Locally on Free Cloud Mac	2026-08-22T21:29:22.0733830Z [EAGER_BUNDLE] | 2026-08-22T21:29:22.072Z expo:babel:exports Found assignment to module.exports or exports at 5
build	Build iOS Locally on Free Cloud Mac	2026-08-22T21:29:22.0795420Z [EAGER_BUNDLE] | 2026-08-22T21:29:22.076Z expo:babel:exports Found assignment to module.exports or exports at 69
build	Build iOS Locally on Free Cloud Mac	2026-08-22T21:29:22.0807100Z [EAGER_BUNDLE] | 2026-08-22T21:29:22.079Z expo:babel:exports Found assignment to module.exports or exports at 24
build	Build iOS Locally on Free Cloud Mac	2026-08-22T21:29:22.0896840Z [EAGER_BUNDLE] | 2026-08-22T21:29:22.082Z expo:babel:exports Found assignment to module.exports or exports at 45
build	Build iOS Locally on Free Cloud Mac	2026-08-22T21:29:22.2835920Z [EAGER_BUNDLE] | 2026-08-22T21:29:22.249Z expo:babel:exports Found assignment to module.exports or exports at 2
build	Build iOS Locally on Free Cloud Mac	2026-08-22T21:29:22.3474200Z [EAGER_BUNDLE] | 2026-08-22T21:29:22.339Z expo:babel:exports Found assignment to module.exports or exports at 51
build	Build iOS Locally on Free Cloud Mac	2026-08-22T21:29:22.4426420Z [EAGER_BUNDLE] | 2026-08-22T21:29:22.442Z expo:babel:exports Found assignment to module.exports or exports at 12
build	Build iOS Locally on Free Cloud Mac	2026-08-22T21:29:22.5087370Z [EAGER_BUNDLE] | 2026-08-22T21:29:22.508Z expo:babel:exports Found assignment to module.exports or exports at 115
build	Build iOS Locally on Free Cloud Mac	2026-08-22T21:29:22.6812550Z [EAGER_BUNDLE] | 2026-08-22T21:29:22.678Z expo:babel:exports Found assignment to module.exports or exports at 1
build	Build iOS Locally on Free Cloud Mac	2026-08-22T21:29:22.9368540Z [EAGER_BUNDLE] | 2026-08-22T21:29:22.933Z expo:babel:exports Found assignment to module.exports or exports at 4
build	Build iOS Locally on Free Cloud Mac	2026-08-22T21:29:22.9610800Z [EAGER_BUNDLE] | 2026-08-22T21:29:22.956Z expo:babel:exports Found assignment to module.exports or exports at 20
build	Build iOS Locally on Free Cloud Mac	2026-08-22T21:29:22.9912850Z [EAGER_BUNDLE] | 2026-08-22T21:29:22.984Z expo:babel:exports Found assignment to module.exports or exports at 172
build	Build iOS Locally on Free Cloud Mac	2026-08-22T21:29:23.1243960Z [EAGER_BUNDLE] | 2026-08-22T21:29:23.123Z expo:babel:exports Found assignment to module.exports or exports at 55
build	Build iOS Locally on Free Cloud Mac	2026-08-22T21:29:23.5211830Z [EAGER_BUNDLE] | 2026-08-22T21:29:23.515Z expo:babel:exports Found assignment to module.exports or exports at 484
build	Build iOS Locally on Free Cloud Mac	2026-08-22T21:29:23.6607600Z [EAGER_BUNDLE] | 2026-08-22T21:29:23.659Z expo:babel:exports Found assignment to module.exports or exports at 26
build	Build iOS Locally on Free Cloud Mac	2026-08-22T21:29:23.7520900Z [EAGER_BUNDLE] | 2026-08-22T21:29:23.745Z expo:babel:exports Found assignment to module.exports or exports at 92
build	Build iOS Locally on Free Cloud Mac	2026-08-22T21:29:23.7767300Z [EAGER_BUNDLE] 2026-08-22T21:29:23.763Z expo:metro:withMetroResolvers Custom resolver (requestPostRewrites) threw: FailedToResolveNameError. (module: expo-asset, platform: ios, env: undefined, origin: /private/var/folders/g3/pffjr_y96bq06blnkf72x_hw0000gn/T/eas-build-local-nodejs/f98a0858-83a6-4ef3-980d-ab6a19d10788/build/node_modules/expo-font/build/FontLoader.js)
build	Build iOS Locally on Free Cloud Mac	2026-08-22T21:29:23.7901280Z [EAGER_BUNDLE] 2026-08-22T21:29:23.764Z expo:start:server:metro:fallback-resolver Fallback resolution for ios: expo-asset -> from origin: expo
build	Build iOS Locally on Free Cloud Mac	2026-08-22T21:29:23.9975080Z [EAGER_BUNDLE] | 2026-08-22T21:29:23.996Z expo:babel:exports Found assignment to module.exports or exports at 3
build	Build iOS Locally on Free Cloud Mac	2026-08-22T21:29:24.3253810Z [EAGER_BUNDLE] | 2026-08-22T21:29:24.317Z expo:babel:exports Found assignment to module.exports or exports at 10518
build	Build iOS Locally on Free Cloud Mac	2026-08-22T21:29:24.3635620Z [EAGER_BUNDLE] | 2026-08-22T21:29:24.362Z expo:babel:exports Found assignment to module.exports or exports at 170
build	Build iOS Locally on Free Cloud Mac	2026-08-22T21:29:24.3731760Z [EAGER_BUNDLE] | 2026-08-22T21:29:24.372Z expo:babel:exports Found assignment to module.exports or exports at 102
build	Build iOS Locally on Free Cloud Mac	2026-08-22T21:29:24.4494880Z [EAGER_BUNDLE] | 2026-08-22T21:29:24.448Z expo:babel:exports Found assignment to module.exports or exports at 69
build	Build iOS Locally on Free Cloud Mac	2026-08-22T21:29:24.4554370Z [EAGER_BUNDLE] | 2026-08-22T21:29:24.454Z expo:babel:exports Found assignment to module.exports or exports at 3
build	Build iOS Locally on Free Cloud Mac	2026-08-22T21:29:24.9221650Z [EAGER_BUNDLE] | 2026-08-22T21:29:24.921Z expo:babel:exports Found assignment to module.exports or exports at 3
build	Build iOS Locally on Free Cloud Mac	2026-08-22T21:29:24.9680180Z [EAGER_BUNDLE] | 2026-08-22T21:29:24.967Z expo:babel:exports Found assignment to module.exports or exports at 21
build	Build iOS Locally on Free Cloud Mac	2026-08-22T21:29:24.9815740Z [EAGER_BUNDLE] | 2026-08-22T21:29:24.978Z expo:babel:exports Found assignment to module.exports or exports at 55
build	Build iOS Locally on Free Cloud Mac	2026-08-22T21:29:24.9884800Z [EAGER_BUNDLE] | 2026-08-22T21:29:24.987Z expo:babel:exports Found assignment to module.exports or exports at 5
build	Build iOS Locally on Free Cloud Mac	2026-08-22T21:29:25.0071880Z [EAGER_BUNDLE] | 2026-08-22T21:29:25.006Z expo:babel:exports Found assignment to module.exports or exports at 474
build	Build iOS Locally on Free Cloud Mac	2026-08-22T21:29:25.0618550Z [EAGER_BUNDLE] | 2026-08-22T21:29:25.061Z expo:babel:exports Found assignment to module.exports or exports at 140
build	Build iOS Locally on Free Cloud Mac	2026-08-22T21:29:25.0993200Z [EAGER_BUNDLE] | 2026-08-22T21:29:25.098Z expo:babel:exports Found assignment to module.exports or exports at 4
build	Build iOS Locally on Free Cloud Mac	2026-08-22T21:29:25.3092590Z [EAGER_BUNDLE] | 2026-08-22T21:29:25.308Z expo:babel:exports Found assignment to module.exports or exports at 50
build	Build iOS Locally on Free Cloud Mac	2026-08-22T21:29:25.3589930Z [EAGER_BUNDLE] | 2026-08-22T21:29:25.357Z expo:babel:exports Found assignment to module.exports or exports at 36
build	Build iOS Locally on Free Cloud Mac	2026-08-22T21:29:25.3690340Z [EAGER_BUNDLE] | 2026-08-22T21:29:25.362Z expo:babel:exports Found assignment to module.exports or exports at 1
build	Build iOS Locally on Free Cloud Mac	2026-08-22T21:29:25.3792180Z [EAGER_BUNDLE] | 2026-08-22T21:29:25.365Z expo:babel:exports Found assignment to module.exports or exports at 37
build	Build iOS Locally on Free Cloud Mac	2026-08-22T21:29:25.3892460Z [EAGER_BUNDLE] | 2026-08-22T21:29:25.366Z expo:babel:exports Found assignment to module.exports or exports at 65
build	Build iOS Locally on Free Cloud Mac	2026-08-22T21:29:25.3992600Z [EAGER_BUNDLE] | 2026-08-22T21:29:25.370Z expo:babel:exports Found assignment to module.exports or exports at 27
build	Build iOS Locally on Free Cloud Mac	2026-08-22T21:29:25.4074310Z [EAGER_BUNDLE] | 2026-08-22T21:29:25.372Z expo:babel:exports Found assignment to module.exports or exports at 5
build	Build iOS Locally on Free Cloud Mac	2026-08-22T21:29:25.4075430Z [EAGER_BUNDLE] | 2026-08-22T21:29:25.374Z expo:babel:exports Found assignment to module.exports or exports at 11
build	Build iOS Locally on Free Cloud Mac	2026-08-22T21:29:25.4092410Z [EAGER_BUNDLE] | 2026-08-22T21:29:25.377Z expo:babel:exports Found assignment to module.exports or exports at 99
build	Build iOS Locally on Free Cloud Mac	2026-08-22T21:29:25.4096860Z [EAGER_BUNDLE] | 2026-08-22T21:29:25.384Z expo:babel:exports Found assignment to module.exports or exports at 16
build	Build iOS Locally on Free Cloud Mac	2026-08-22T21:29:25.4097860Z [EAGER_BUNDLE] | 2026-08-22T21:29:25.386Z expo:babel:exports Found assignment to module.exports or exports at 56
build	Build iOS Locally on Free Cloud Mac	2026-08-22T21:29:25.4114850Z [EAGER_BUNDLE] | 2026-08-22T21:29:25.387Z expo:babel:exports Found assignment to module.exports or exports at 17
build	Build iOS Locally on Free Cloud Mac	2026-08-22T21:29:25.4115870Z [EAGER_BUNDLE] | 2026-08-22T21:29:25.390Z expo:babel:exports Found assignment to module.exports or exports at 56
build	Build iOS Locally on Free Cloud Mac	2026-08-22T21:29:25.4116770Z [EAGER_BUNDLE] | 2026-08-22T21:29:25.394Z expo:babel:exports Found assignment to module.exports or exports at 11
build	Build iOS Locally on Free Cloud Mac	2026-08-22T21:29:25.4118130Z [EAGER_BUNDLE] | 2026-08-22T21:29:25.398Z expo:babel:exports Found assignment to module.exports or exports at 1
build	Build iOS Locally on Free Cloud Mac	2026-08-22T21:29:25.4119090Z [EAGER_BUNDLE] | 2026-08-22T21:29:25.401Z expo:babel:exports Found assignment to module.exports or exports at 281
build	Build iOS Locally on Free Cloud Mac	2026-08-22T21:29:25.4228030Z [EAGER_BUNDLE] | 2026-08-22T21:29:25.422Z expo:babel:exports Found assignment to module.exports or exports at 312
build	Build iOS Locally on Free Cloud Mac	2026-08-22T21:29:25.4769790Z [EAGER_BUNDLE] | 2026-08-22T21:29:25.475Z expo:babel:exports Found assignment to module.exports or exports at 1563
build	Build iOS Locally on Free Cloud Mac	2026-08-22T21:29:25.4864410Z [EAGER_BUNDLE] | 2026-08-22T21:29:25.485Z expo:babel:exports Found assignment to module.exports or exports at 1316
build	Build iOS Locally on Free Cloud Mac	2026-08-22T21:29:25.5513910Z [EAGER_BUNDLE] | 2026-08-22T21:29:25.550Z expo:babel:exports Found assignment to module.exports or exports at 18
build	Build iOS Locally on Free Cloud Mac	2026-08-22T21:29:25.5625460Z [EAGER_BUNDLE] | 2026-08-22T21:29:25.552Z expo:babel:exports Found assignment to module.exports or exports at 5
build	Build iOS Locally on Free Cloud Mac	2026-08-22T21:29:25.5727430Z [EAGER_BUNDLE] | 2026-08-22T21:29:25.557Z expo:babel:exports Found assignment to module.exports or exports at 7
build	Build iOS Locally on Free Cloud Mac	2026-08-22T21:29:25.6152720Z [EAGER_BUNDLE] | 2026-08-22T21:29:25.614Z expo:babel:exports Found assignment to module.exports or exports at 518
build	Build iOS Locally on Free Cloud Mac	2026-08-22T21:29:25.6490560Z [EAGER_BUNDLE] | 2026-08-22T21:29:25.648Z expo:babel:exports Found assignment to module.exports or exports at 7
build	Build iOS Locally on Free Cloud Mac	2026-08-22T21:29:25.6595430Z [EAGER_BUNDLE] | 2026-08-22T21:29:25.651Z expo:babel:exports Found assignment to module.exports or exports at 10
build	Build iOS Locally on Free Cloud Mac	2026-08-22T21:29:25.6699050Z [EAGER_BUNDLE] | 2026-08-22T21:29:25.655Z expo:babel:exports Found assignment to module.exports or exports at 11
build	Build iOS Locally on Free Cloud Mac	2026-08-22T21:29:25.6814910Z [EAGER_BUNDLE] | 2026-08-22T21:29:25.656Z expo:babel:exports Found assignment to module.exports or exports at 14
build	Build iOS Locally on Free Cloud Mac	2026-08-22T21:29:25.6922800Z [EAGER_BUNDLE] | 2026-08-22T21:29:25.660Z expo:babel:exports Found assignment to module.exports or exports at 1
build	Build iOS Locally on Free Cloud Mac	2026-08-22T21:29:25.7032950Z [EAGER_BUNDLE] | 2026-08-22T21:29:25.677Z expo:babel:exports Found assignment to module.exports or exports at 59
build	Build iOS Locally on Free Cloud Mac	2026-08-22T21:29:25.7134810Z [EAGER_BUNDLE] | 2026-08-22T21:29:25.684Z expo:babel:exports Found assignment to module.exports or exports at 43
build	Build iOS Locally on Free Cloud Mac	2026-08-22T21:29:25.7190750Z [EAGER_BUNDLE] | 2026-08-22T21:29:25.687Z expo:babel:exports Found assignment to module.exports or exports at 30
build	Build iOS Locally on Free Cloud Mac	2026-08-22T21:29:25.7192360Z [EAGER_BUNDLE] | 2026-08-22T21:29:25.688Z expo:babel:exports Found assignment to module.exports or exports at 54
build	Build iOS Locally on Free Cloud Mac	2026-08-22T21:29:25.7193310Z [EAGER_BUNDLE] | 2026-08-22T21:29:25.692Z expo:babel:exports Found assignment to module.exports or exports at 164
build	Build iOS Locally on Free Cloud Mac	2026-08-22T21:29:25.7194220Z [EAGER_BUNDLE] | 2026-08-22T21:29:25.693Z expo:babel:exports Found assignment to module.exports or exports at 52
build	Build iOS Locally on Free Cloud Mac	2026-08-22T21:29:25.7331800Z [EAGER_BUNDLE] | 2026-08-22T21:29:25.732Z expo:babel:exports Found assignment to module.exports or exports at 41
build	Build iOS Locally on Free Cloud Mac	2026-08-22T21:29:25.7419950Z [EAGER_BUNDLE] | 2026-08-22T21:29:25.740Z expo:babel:exports Found assignment to module.exports or exports at 1
build	Build iOS Locally on Free Cloud Mac	2026-08-22T21:29:25.7492970Z [EAGER_BUNDLE] | 2026-08-22T21:29:25.744Z expo:babel:exports Found assignment to module.exports or exports at 75
build	Build iOS Locally on Free Cloud Mac	2026-08-22T21:29:25.7495660Z [EAGER_BUNDLE] | 2026-08-22T21:29:25.745Z expo:babel:exports Found assignment to module.exports or exports at 1
build	Build iOS Locally on Free Cloud Mac	2026-08-22T21:29:25.7536380Z [EAGER_BUNDLE] | 2026-08-22T21:29:25.752Z expo:babel:exports Found assignment to module.exports or exports at 3
build	Build iOS Locally on Free Cloud Mac	2026-08-22T21:29:25.8141790Z [EAGER_BUNDLE] | 2026-08-22T21:29:25.813Z expo:babel:exports Found assignment to module.exports or exports at 17
build	Build iOS Locally on Free Cloud Mac	2026-08-22T21:29:25.8324410Z [EAGER_BUNDLE] | 2026-08-22T21:29:25.831Z expo:babel:exports Found assignment to module.exports or exports at 1
build	Build iOS Locally on Free Cloud Mac	2026-08-22T21:29:25.8686330Z [EAGER_BUNDLE] | 2026-08-22T21:29:25.868Z expo:babel:exports Found assignment to module.exports or exports at 219
build	Build iOS Locally on Free Cloud Mac	2026-08-22T21:29:25.8788080Z [EAGER_BUNDLE] | 2026-08-22T21:29:25.870Z expo:babel:exports Found assignment to module.exports or exports at 576
build	Build iOS Locally on Free Cloud Mac	2026-08-22T21:29:25.8796780Z [EAGER_BUNDLE] | 2026-08-22T21:29:25.877Z expo:babel:exports Found assignment to module.exports or exports at 1
build	Build iOS Locally on Free Cloud Mac	2026-08-22T21:29:25.8887900Z [EAGER_BUNDLE] | 2026-08-22T21:29:25.885Z expo:babel:exports Found assignment to module.exports or exports at 82
build	Build iOS Locally on Free Cloud Mac	2026-08-22T21:29:25.9041260Z [EAGER_BUNDLE] | 2026-08-22T21:29:25.902Z expo:babel:exports Found assignment to module.exports or exports at 22
build	Build iOS Locally on Free Cloud Mac	2026-08-22T21:29:25.9125270Z [EAGER_BUNDLE] | 2026-08-22T21:29:25.908Z expo:babel:exports Found assignment to module.exports or exports at 591
build	Build iOS Locally on Free Cloud Mac	2026-08-22T21:29:25.9225830Z [EAGER_BUNDLE] | 2026-08-22T21:29:25.921Z expo:babel:exports Found assignment to module.exports or exports at 3
build	Build iOS Locally on Free Cloud Mac	2026-08-22T21:29:25.9310930Z [EAGER_BUNDLE] | 2026-08-22T21:29:25.930Z expo:babel:exports Found assignment to module.exports or exports at 466
build	Build iOS Locally on Free Cloud Mac	2026-08-22T21:29:25.9370620Z [EAGER_BUNDLE] | 2026-08-22T21:29:25.936Z expo:babel:exports Found assignment to module.exports or exports at 87
build	Build iOS Locally on Free Cloud Mac	2026-08-22T21:29:25.9565840Z [EAGER_BUNDLE] | 2026-08-22T21:29:25.955Z expo:babel:exports Found assignment to module.exports or exports at 3
build	Build iOS Locally on Free Cloud Mac	2026-08-22T21:29:25.9677180Z [EAGER_BUNDLE] | 2026-08-22T21:29:25.966Z expo:babel:exports Found assignment to module.exports or exports at 99
build	Build iOS Locally on Free Cloud Mac	2026-08-22T21:29:25.9727470Z [EAGER_BUNDLE] | 2026-08-22T21:29:25.971Z expo:babel:exports Found assignment to module.exports or exports at 146
build	Build iOS Locally on Free Cloud Mac	2026-08-22T21:29:25.9862980Z [EAGER_BUNDLE] | 2026-08-22T21:29:25.985Z expo:babel:exports Found assignment to module.exports or exports at 140
build	Build iOS Locally on Free Cloud Mac	2026-08-22T21:29:25.9935810Z [EAGER_BUNDLE] | 2026-08-22T21:29:25.992Z expo:babel:exports Found assignment to module.exports or exports at 1
build	Build iOS Locally on Free Cloud Mac	2026-08-22T21:29:26.0010200Z [EAGER_BUNDLE] | 2026-08-22T21:29:25.994Z expo:babel:exports Found assignment to module.exports or exports at 1
build	Build iOS Locally on Free Cloud Mac	2026-08-22T21:29:26.0026560Z [EAGER_BUNDLE] | 2026-08-22T21:29:25.998Z expo:babel:exports Found assignment to module.exports or exports at 1
build	Build iOS Locally on Free Cloud Mac	2026-08-22T21:29:26.0169240Z [EAGER_BUNDLE] | 2026-08-22T21:29:26.012Z expo:babel:exports Found assignment to module.exports or exports at 99
build	Build iOS Locally on Free Cloud Mac	2026-08-22T21:29:26.0580860Z [EAGER_BUNDLE] | 2026-08-22T21:29:26.056Z expo:babel:exports Found assignment to module.exports or exports at 3
build	Build iOS Locally on Free Cloud Mac	2026-08-22T21:29:26.0652580Z [EAGER_BUNDLE] | 2026-08-22T21:29:26.064Z expo:babel:exports Found assignment to module.exports or exports at 12
build	Build iOS Locally on Free Cloud Mac	2026-08-22T21:29:26.0735340Z [EAGER_BUNDLE] | 2026-08-22T21:29:26.072Z expo:babel:exports Found assignment to module.exports or exports at 3
build	Build iOS Locally on Free Cloud Mac	2026-08-22T21:29:26.0905430Z [EAGER_BUNDLE] | 2026-08-22T21:29:26.089Z expo:babel:exports Found assignment to module.exports or exports at 100
build	Build iOS Locally on Free Cloud Mac	2026-08-22T21:29:26.0960640Z [EAGER_BUNDLE] | 2026-08-22T21:29:26.095Z expo:babel:exports Found assignment to module.exports or exports at 28
build	Build iOS Locally on Free Cloud Mac	2026-08-22T21:29:26.1082270Z [EAGER_BUNDLE] | 2026-08-22T21:29:26.102Z expo:babel:exports Found assignment to module.exports or exports at 34
build	Build iOS Locally on Free Cloud Mac	2026-08-22T21:29:26.1083640Z [EAGER_BUNDLE] | 2026-08-22T21:29:26.102Z expo:babel:exports Found assignment to module.exports or exports at 84
build	Build iOS Locally on Free Cloud Mac	2026-08-22T21:29:26.1103470Z [EAGER_BUNDLE] | 2026-08-22T21:29:26.109Z expo:babel:exports Found assignment to module.exports or exports at 3
build	Build iOS Locally on Free Cloud Mac	2026-08-22T21:29:26.1211980Z [EAGER_BUNDLE] | 2026-08-22T21:29:26.112Z expo:babel:exports Found assignment to module.exports or exports at 3
build	Build iOS Locally on Free Cloud Mac	2026-08-22T21:29:26.1251460Z [EAGER_BUNDLE] | 2026-08-22T21:29:26.112Z expo:babel:exports Found assignment to module.exports or exports at 6
build	Build iOS Locally on Free Cloud Mac	2026-08-22T21:29:26.1270160Z [EAGER_BUNDLE] | 2026-08-22T21:29:26.115Z expo:babel:exports Found assignment to module.exports or exports at 7
build	Build iOS Locally on Free Cloud Mac	2026-08-22T21:29:26.1271250Z [EAGER_BUNDLE] | 2026-08-22T21:29:26.118Z expo:babel:exports Found assignment to module.exports or exports at 8
build	Build iOS Locally on Free Cloud Mac	2026-08-22T21:29:26.1272300Z [EAGER_BUNDLE] | 2026-08-22T21:29:26.119Z expo:babel:exports Found assignment to module.exports or exports at 6
build	Build iOS Locally on Free Cloud Mac	2026-08-22T21:29:26.1273280Z [EAGER_BUNDLE] | 2026-08-22T21:29:26.122Z expo:babel:exports Found assignment to module.exports or exports at 10
build	Build iOS Locally on Free Cloud Mac	2026-08-22T21:29:26.1274580Z [EAGER_BUNDLE] | 2026-08-22T21:29:26.123Z expo:babel:exports Found assignment to module.exports or exports at 6
build	Build iOS Locally on Free Cloud Mac	2026-08-22T21:29:26.1283040Z [EAGER_BUNDLE] | 2026-08-22T21:29:26.127Z expo:babel:exports Found assignment to module.exports or exports at 12
build	Build iOS Locally on Free Cloud Mac	2026-08-22T21:29:26.1292470Z [EAGER_BUNDLE] | 2026-08-22T21:29:26.128Z expo:babel:exports Found assignment to module.exports or exports at 42
build	Build iOS Locally on Free Cloud Mac	2026-08-22T21:29:26.1315960Z [EAGER_BUNDLE] | 2026-08-22T21:29:26.130Z expo:babel:exports Found assignment to module.exports or exports at 6
build	Build iOS Locally on Free Cloud Mac	2026-08-22T21:29:26.1371010Z [EAGER_BUNDLE] | 2026-08-22T21:29:26.133Z expo:babel:exports Found assignment to module.exports or exports at 6
build	Build iOS Locally on Free Cloud Mac	2026-08-22T21:29:26.1378220Z [EAGER_BUNDLE] | 2026-08-22T21:29:26.137Z expo:babel:exports Found assignment to module.exports or exports at 6
build	Build iOS Locally on Free Cloud Mac	2026-08-22T21:29:26.1413040Z [EAGER_BUNDLE] | 2026-08-22T21:29:26.138Z expo:babel:exports Found assignment to module.exports or exports at 5
build	Build iOS Locally on Free Cloud Mac	2026-08-22T21:29:26.1525670Z [EAGER_BUNDLE] | 2026-08-22T21:29:26.142Z expo:babel:exports Found assignment to module.exports or exports at 3
build	Build iOS Locally on Free Cloud Mac	2026-08-22T21:29:26.1562880Z [EAGER_BUNDLE] | 2026-08-22T21:29:26.145Z expo:babel:exports Found assignment to module.exports or exports at 1
build	Build iOS Locally on Free Cloud Mac	2026-08-22T21:29:26.1564160Z [EAGER_BUNDLE] | 2026-08-22T21:29:26.144Z expo:babel:exports Found assignment to module.exports or exports at 11
build	Build iOS Locally on Free Cloud Mac	2026-08-22T21:29:26.1568810Z [EAGER_BUNDLE] | 2026-08-22T21:29:26.150Z expo:babel:exports Found assignment to module.exports or exports at 3
build	Build iOS Locally on Free Cloud Mac	2026-08-22T21:29:26.1569730Z [EAGER_BUNDLE] | 2026-08-22T21:29:26.152Z expo:babel:exports Found assignment to module.exports or exports at 8
build	Build iOS Locally on Free Cloud Mac	2026-08-22T21:29:26.1570710Z [EAGER_BUNDLE] | 2026-08-22T21:29:26.154Z expo:babel:exports Found assignment to module.exports or exports at 6
build	Build iOS Locally on Free Cloud Mac	2026-08-22T21:29:26.1573250Z [EAGER_BUNDLE] | 2026-08-22T21:29:26.156Z expo:babel:exports Found assignment to module.exports or exports at 2
build	Build iOS Locally on Free Cloud Mac	2026-08-22T21:29:26.1574270Z [EAGER_BUNDLE] | 2026-08-22T21:29:26.156Z expo:babel:exports Found assignment to module.exports or exports at 6
build	Build iOS Locally on Free Cloud Mac	2026-08-22T21:29:26.1604650Z [EAGER_BUNDLE] | 2026-08-22T21:29:26.159Z expo:babel:exports Found assignment to module.exports or exports at 9
build	Build iOS Locally on Free Cloud Mac	2026-08-22T21:29:26.1610810Z [EAGER_BUNDLE] | 2026-08-22T21:29:26.160Z expo:babel:exports Found assignment to module.exports or exports at 35
build	Build iOS Locally on Free Cloud Mac	2026-08-22T21:29:26.1652180Z [EAGER_BUNDLE] | 2026-08-22T21:29:26.163Z expo:babel:exports Found assignment to module.exports or exports at 51
build	Build iOS Locally on Free Cloud Mac	2026-08-22T21:29:26.1655000Z [EAGER_BUNDLE] | 2026-08-22T21:29:26.164Z expo:babel:exports Found assignment to module.exports or exports at 1
build	Build iOS Locally on Free Cloud Mac	2026-08-22T21:29:26.1682900Z [EAGER_BUNDLE] | 2026-08-22T21:29:26.167Z expo:babel:exports Found assignment to module.exports or exports at 9
build	Build iOS Locally on Free Cloud Mac	2026-08-22T21:29:26.1699490Z [EAGER_BUNDLE] | 2026-08-22T21:29:26.169Z expo:babel:exports Found assignment to module.exports or exports at 14
build	Build iOS Locally on Free Cloud Mac	2026-08-22T21:29:26.1756070Z [EAGER_BUNDLE] | 2026-08-22T21:29:26.173Z expo:babel:exports Found assignment to module.exports or exports at 3
build	Build iOS Locally on Free Cloud Mac	2026-08-22T21:29:26.1795300Z [EAGER_BUNDLE] | 2026-08-22T21:29:26.173Z expo:babel:exports Found assignment to module.exports or exports at 22
build	Build iOS Locally on Free Cloud Mac	2026-08-22T21:29:26.1796410Z [EAGER_BUNDLE] | 2026-08-22T21:29:26.176Z expo:babel:exports Found assignment to module.exports or exports at 24
build	Build iOS Locally on Free Cloud Mac	2026-08-22T21:29:26.1797490Z [EAGER_BUNDLE] | 2026-08-22T21:29:26.178Z expo:babel:exports Found assignment to module.exports or exports at 10
build	Build iOS Locally on Free Cloud Mac	2026-08-22T21:29:26.1831770Z [EAGER_BUNDLE] | 2026-08-22T21:29:26.182Z expo:babel:exports Found assignment to module.exports or exports at 144
build	Build iOS Locally on Free Cloud Mac	2026-08-22T21:29:26.1837190Z [EAGER_BUNDLE] | 2026-08-22T21:29:26.183Z expo:babel:exports Found assignment to module.exports or exports at 5
build	Build iOS Locally on Free Cloud Mac	2026-08-22T21:29:26.1900560Z [EAGER_BUNDLE] | 2026-08-22T21:29:26.186Z expo:babel:exports Found assignment to module.exports or exports at 1
build	Build iOS Locally on Free Cloud Mac	2026-08-22T21:29:26.1950770Z [EAGER_BUNDLE] | 2026-08-22T21:29:26.190Z expo:babel:exports Found assignment to module.exports or exports at 8
build	Build iOS Locally on Free Cloud Mac	2026-08-22T21:29:26.1951830Z [EAGER_BUNDLE] | 2026-08-22T21:29:26.190Z expo:babel:exports Found assignment to module.exports or exports at 37
build	Build iOS Locally on Free Cloud Mac	2026-08-22T21:29:26.1952630Z [EAGER_BUNDLE] | 2026-08-22T21:29:26.194Z expo:babel:exports Found assignment to module.exports or exports at 3
build	Build iOS Locally on Free Cloud Mac	2026-08-22T21:29:26.1964680Z [EAGER_BUNDLE] | 2026-08-22T21:29:26.195Z expo:babel:exports Found assignment to module.exports or exports at 231
build	Build iOS Locally on Free Cloud Mac	2026-08-22T21:29:26.1971670Z [EAGER_BUNDLE] | 2026-08-22T21:29:26.196Z expo:babel:exports Found assignment to module.exports or exports at 7
build	Build iOS Locally on Free Cloud Mac	2026-08-22T21:29:26.2094710Z [EAGER_BUNDLE] | 2026-08-22T21:29:26.202Z expo:babel:exports Found assignment to module.exports or exports at 113
build	Build iOS Locally on Free Cloud Mac	2026-08-22T21:29:26.2173140Z [EAGER_BUNDLE] | 2026-08-22T21:29:26.211Z expo:babel:exports Found assignment to module.exports or exports at 568
build	Build iOS Locally on Free Cloud Mac	2026-08-22T21:29:26.2174360Z [EAGER_BUNDLE] | 2026-08-22T21:29:26.212Z expo:babel:exports Found assignment to module.exports or exports at 1
build	Build iOS Locally on Free Cloud Mac	2026-08-22T21:29:26.2175200Z [EAGER_BUNDLE] | 2026-08-22T21:29:26.216Z expo:babel:exports Found assignment to module.exports or exports at 8
build	Build iOS Locally on Free Cloud Mac	2026-08-22T21:29:26.2225730Z [EAGER_BUNDLE] | 2026-08-22T21:29:26.220Z expo:babel:exports Found assignment to module.exports or exports at 4
build	Build iOS Locally on Free Cloud Mac	2026-08-22T21:29:26.2327350Z [EAGER_BUNDLE] | 2026-08-22T21:29:26.227Z expo:babel:exports Found assignment to module.exports or exports at 231
build	Build iOS Locally on Free Cloud Mac	2026-08-22T21:29:26.2393870Z [EAGER_BUNDLE] | 2026-08-22T21:29:26.227Z expo:babel:exports Found assignment to module.exports or exports at 124
build	Build iOS Locally on Free Cloud Mac	2026-08-22T21:29:26.2395450Z [EAGER_BUNDLE] | 2026-08-22T21:29:26.237Z expo:babel:exports Found assignment to module.exports or exports at 67
build	Build iOS Locally on Free Cloud Mac	2026-08-22T21:29:26.2438750Z [EAGER_BUNDLE] | 2026-08-22T21:29:26.243Z expo:babel:exports Found assignment to module.exports or exports at 523
build	Build iOS Locally on Free Cloud Mac	2026-08-22T21:29:26.2464070Z [EAGER_BUNDLE] | 2026-08-22T21:29:26.245Z expo:babel:exports Found assignment to module.exports or exports at 74
build	Build iOS Locally on Free Cloud Mac	2026-08-22T21:29:26.2598390Z [EAGER_BUNDLE] | 2026-08-22T21:29:26.258Z expo:babel:exports Found assignment to module.exports or exports at 439
build	Build iOS Locally on Free Cloud Mac	2026-08-22T21:29:26.2662660Z [EAGER_BUNDLE] | 2026-08-22T21:29:26.262Z expo:babel:exports Found assignment to module.exports or exports at 143
build	Build iOS Locally on Free Cloud Mac	2026-08-22T21:29:26.2698060Z [EAGER_BUNDLE] | 2026-08-22T21:29:26.269Z expo:babel:exports Found assignment to module.exports or exports at 63
build	Build iOS Locally on Free Cloud Mac	2026-08-22T21:29:26.2790420Z [EAGER_BUNDLE] | 2026-08-22T21:29:26.276Z expo:babel:exports Found assignment to module.exports or exports at 5
build	Build iOS Locally on Free Cloud Mac	2026-08-22T21:29:26.2849330Z [EAGER_BUNDLE] | 2026-08-22T21:29:26.283Z expo:babel:exports Found assignment to module.exports or exports at 91
build	Build iOS Locally on Free Cloud Mac	2026-08-22T21:29:26.2924750Z [EAGER_BUNDLE] | 2026-08-22T21:29:26.289Z expo:babel:exports Found assignment to module.exports or exports at 633
build	Build iOS Locally on Free Cloud Mac	2026-08-22T21:29:26.2937930Z [EAGER_BUNDLE] | 2026-08-22T21:29:26.293Z expo:babel:exports Found assignment to module.exports or exports at 78
build	Build iOS Locally on Free Cloud Mac	2026-08-22T21:29:26.2972500Z [EAGER_BUNDLE] | 2026-08-22T21:29:26.296Z expo:babel:exports Found assignment to module.exports or exports at 1
build	Build iOS Locally on Free Cloud Mac	2026-08-22T21:29:26.2993370Z [EAGER_BUNDLE] | 2026-08-22T21:29:26.298Z expo:babel:exports Found assignment to module.exports or exports at 1
build	Build iOS Locally on Free Cloud Mac	2026-08-22T21:29:26.3016990Z [EAGER_BUNDLE] | 2026-08-22T21:29:26.301Z expo:babel:exports Found assignment to module.exports or exports at 1
build	Build iOS Locally on Free Cloud Mac	2026-08-22T21:29:26.3035740Z [EAGER_BUNDLE] | 2026-08-22T21:29:26.303Z expo:babel:exports Found assignment to module.exports or exports at 1
build	Build iOS Locally on Free Cloud Mac	2026-08-22T21:29:26.3065610Z [EAGER_BUNDLE] | 2026-08-22T21:29:26.304Z expo:babel:exports Found assignment to module.exports or exports at 1
build	Build iOS Locally on Free Cloud Mac	2026-08-22T21:29:26.3088770Z [EAGER_BUNDLE] | 2026-08-22T21:29:26.308Z expo:babel:exports Found assignment to module.exports or exports at 1
build	Build iOS Locally on Free Cloud Mac	2026-08-22T21:29:26.3089760Z [EAGER_BUNDLE] | 2026-08-22T21:29:26.308Z expo:babel:exports Found assignment to module.exports or exports at 1
build	Build iOS Locally on Free Cloud Mac	2026-08-22T21:29:26.3123200Z [EAGER_BUNDLE] | 2026-08-22T21:29:26.310Z expo:babel:exports Found assignment to module.exports or exports at 1
build	Build iOS Locally on Free Cloud Mac	2026-08-22T21:29:26.3131540Z [EAGER_BUNDLE] | 2026-08-22T21:29:26.311Z expo:babel:exports Found assignment to module.exports or exports at 1
build	Build iOS Locally on Free Cloud Mac	2026-08-22T21:29:26.3143700Z [EAGER_BUNDLE] | 2026-08-22T21:29:26.313Z expo:babel:exports Found assignment to module.exports or exports at 1
build	Build iOS Locally on Free Cloud Mac	2026-08-22T21:29:26.3161750Z [EAGER_BUNDLE] | 2026-08-22T21:29:26.314Z expo:babel:exports Found assignment to module.exports or exports at 1
build	Build iOS Locally on Free Cloud Mac	2026-08-22T21:29:26.3341420Z [EAGER_BUNDLE] | 2026-08-22T21:29:26.316Z expo:babel:exports Found assignment to module.exports or exports at 1
build	Build iOS Locally on Free Cloud Mac	2026-08-22T21:29:26.3442730Z [EAGER_BUNDLE] | 2026-08-22T21:29:26.337Z expo:babel:exports Found assignment to module.exports or exports at 9
build	Build iOS Locally on Free Cloud Mac	2026-08-22T21:29:26.3544700Z [EAGER_BUNDLE] | 2026-08-22T21:29:26.337Z expo:babel:exports Found assignment to module.exports or exports at 1
build	Build iOS Locally on Free Cloud Mac	2026-08-22T21:29:26.3592370Z [EAGER_BUNDLE] | 2026-08-22T21:29:26.343Z expo:babel:exports Found assignment to module.exports or exports at 1
build	Build iOS Locally on Free Cloud Mac	2026-08-22T21:29:26.3696740Z [EAGER_BUNDLE] | 2026-08-22T21:29:26.342Z expo:babel:exports Found assignment to module.exports or exports at 1
build	Build iOS Locally on Free Cloud Mac	2026-08-22T21:29:26.3716610Z [EAGER_BUNDLE] | 2026-08-22T21:29:26.353Z expo:babel:exports Found assignment to module.exports or exports at 74
build	Build iOS Locally on Free Cloud Mac	2026-08-22T21:29:26.3780040Z [EAGER_BUNDLE] | 2026-08-22T21:29:26.377Z expo:babel:exports Found assignment to module.exports or exports at 55
build	Build iOS Locally on Free Cloud Mac	2026-08-22T21:29:26.3879280Z [EAGER_BUNDLE] | 2026-08-22T21:29:26.386Z expo:babel:exports Found assignment to module.exports or exports at 92
build	Build iOS Locally on Free Cloud Mac	2026-08-22T21:29:26.3975640Z [EAGER_BUNDLE] | 2026-08-22T21:29:26.396Z expo:babel:exports Found assignment to module.exports or exports at 425
build	Build iOS Locally on Free Cloud Mac	2026-08-22T21:29:26.4053790Z [EAGER_BUNDLE] | 2026-08-22T21:29:26.403Z expo:babel:exports Found assignment to module.exports or exports at 81
build	Build iOS Locally on Free Cloud Mac	2026-08-22T21:29:26.4108740Z [EAGER_BUNDLE] | 2026-08-22T21:29:26.410Z expo:babel:exports Found assignment to module.exports or exports at 24
build	Build iOS Locally on Free Cloud Mac	2026-08-22T21:29:26.4112210Z [EAGER_BUNDLE] | 2026-08-22T21:29:26.411Z expo:babel:exports Found assignment to module.exports or exports at 3
build	Build iOS Locally on Free Cloud Mac	2026-08-22T21:29:26.4142270Z [EAGER_BUNDLE] | 2026-08-22T21:29:26.413Z expo:babel:exports Found assignment to module.exports or exports at 8
build	Build iOS Locally on Free Cloud Mac	2026-08-22T21:29:26.4154340Z [EAGER_BUNDLE] | 2026-08-22T21:29:26.415Z expo:babel:exports Found assignment to module.exports or exports at 1
build	Build iOS Locally on Free Cloud Mac	2026-08-22T21:29:26.4179120Z [EAGER_BUNDLE] | 2026-08-22T21:29:26.417Z expo:babel:exports Found assignment to module.exports or exports at 3
build	Build iOS Locally on Free Cloud Mac	2026-08-22T21:29:26.4182340Z [EAGER_BUNDLE] | 2026-08-22T21:29:26.418Z expo:babel:exports Found assignment to module.exports or exports at 3
build	Build iOS Locally on Free Cloud Mac	2026-08-22T21:29:26.4379610Z [EAGER_BUNDLE] | 2026-08-22T21:29:26.437Z expo:babel:exports Found assignment to module.exports or exports at 92
build	Build iOS Locally on Free Cloud Mac	2026-08-22T21:29:26.4490280Z [EAGER_BUNDLE] | 2026-08-22T21:29:26.447Z expo:babel:exports Found assignment to module.exports or exports at 79
build	Build iOS Locally on Free Cloud Mac	2026-08-22T21:29:26.4505910Z [EAGER_BUNDLE] | 2026-08-22T21:29:26.447Z expo:babel:exports Found assignment to module.exports or exports at 27
build	Build iOS Locally on Free Cloud Mac	2026-08-22T21:29:26.4544230Z [EAGER_BUNDLE] | 2026-08-22T21:29:26.453Z expo:babel:exports Found assignment to module.exports or exports at 121
build	Build iOS Locally on Free Cloud Mac	2026-08-22T21:29:26.4646330Z [EAGER_BUNDLE] | 2026-08-22T21:29:26.462Z expo:babel:exports Found assignment to module.exports or exports at 13
build	Build iOS Locally on Free Cloud Mac	2026-08-22T21:29:26.7827820Z [EAGER_BUNDLE] 2026-08-22T21:29:26.782Z expo:metro:config "@expo/metro-runtime" not found, this may cause issues
build	Build iOS Locally on Free Cloud Mac	2026-08-22T21:29:26.7831250Z [EAGER_BUNDLE] 2026-08-22T21:29:26.782Z expo:metro-config:serializer:env-var Skipping environment variable inlining in production environment in favor of babel-preset-expo inlining with source maps.
build	Build iOS Locally on Free Cloud Mac	2026-08-22T21:29:26.7947150Z [EAGER_BUNDLE] 2026-08-22T21:29:26.793Z expo:metro:config "@expo/metro-runtime" not found, this may cause issues
build	Build iOS Locally on Free Cloud Mac	2026-08-22T21:29:26.8280170Z [EAGER_BUNDLE] 2026-08-22T21:29:26.827Z expo:metro:config "@expo/metro-runtime" not found, this may cause issues
build	Build iOS Locally on Free Cloud Mac	2026-08-22T21:29:26.8635760Z [EAGER_BUNDLE] iOS Bundled 8829ms index.ts (1213 modules)
build	Build iOS Locally on Free Cloud Mac	2026-08-22T21:29:26.8637770Z [EAGER_BUNDLE] 2026-08-22T21:29:26.863Z expo:start:platforms:android:adbServer Stopping ADB server
build	Build iOS Locally on Free Cloud Mac	2026-08-22T21:29:26.8638620Z [EAGER_BUNDLE] 2026-08-22T21:29:26.863Z expo:start:platforms:android:adbServer ADB server is not running
build	Build iOS Locally on Free Cloud Mac	2026-08-22T21:29:26.8652180Z [EAGER_BUNDLE] Writing bundle output to: /var/folders/g3/pffjr_y96bq06blnkf72x_hw0000gn/T/0z5sh0geqj38/main.jsbundle
build	Build iOS Locally on Free Cloud Mac	2026-08-22T21:29:26.8787560Z [EAGER_BUNDLE] Copying 21 asset files
build	Build iOS Locally on Free Cloud Mac	2026-08-22T21:29:26.8788230Z [EAGER_BUNDLE] 2026-08-22T21:29:26.878Z expo:start:server:devServer Stopping dev server (bundler: metro)
build	Build iOS Locally on Free Cloud Mac	2026-08-22T21:29:26.8791910Z [EAGER_BUNDLE] 2026-08-22T21:29:26.879Z expo:start:server:devServer Stopped dev server (bundler: metro)
build	Build iOS Locally on Free Cloud Mac	2026-08-22T21:29:26.8845750Z [EAGER_BUNDLE] Done writing bundle output
build	Build iOS Locally on Free Cloud Mac	2026-08-22T21:29:26.9181920Z [EAGER_BUNDLE] 2026-08-22T21:29:26.917Z expo:utils:exit process is trying to exit, but is stuck on unexpected active resources: [ 'FSReqCallback', 'FSReqCallback', 'FSReqCallback' ]
build	Build iOS Locally on Free Cloud Mac	2026-08-22T21:29:26.9183440Z [EAGER_BUNDLE] 2026-08-22T21:29:26.917Z expo:telemetry Switching strategy from instant to detached
build	Build iOS Locally on Free Cloud Mac	2026-08-22T21:29:26.9184260Z [EAGER_BUNDLE] 2026-08-22T21:29:26.917Z expo:telemetry:client:detached No records to flush, skipping...
build	Build iOS Locally on Free Cloud Mac	2026-08-22T21:29:26.9968550Z [RUN_FASTLANE] Creating Gymfile
build	Build iOS Locally on Free Cloud Mac	2026-08-22T21:29:26.9985900Z [RUN_FASTLANE] Gymfile created
build	Build iOS Locally on Free Cloud Mac	2026-08-22T21:29:28.7354710Z [RUN_FASTLANE] Successfully loaded '/private/var/folders/g3/pffjr_y96bq06blnkf72x_hw0000gn/T/eas-build-local-nodejs/f98a0858-83a6-4ef3-980d-ab6a19d10788/build/ios/Gymfile' 📄
build	Build iOS Locally on Free Cloud Mac	2026-08-22T21:29:28.7356170Z [RUN_FASTLANE] +---------------------------------------------------------------------------------------------------------------------------------------------------------------------+
build	Build iOS Locally on Free Cloud Mac	2026-08-22T21:29:28.7357290Z [RUN_FASTLANE] |                                                                  Detected Values from './Gymfile'                                                                   |
build	Build iOS Locally on Free Cloud Mac	2026-08-22T21:29:28.7358310Z [RUN_FASTLANE] +-----------------------+---------------------------------------------------------------------------------------------------------------------------------------------+
build	Build iOS Locally on Free Cloud Mac	2026-08-22T21:29:28.7359570Z [RUN_FASTLANE] | suppress_xcode_output | true                                                                                                                                        |
build	Build iOS Locally on Free Cloud Mac	2026-08-22T21:29:28.7360400Z [RUN_FASTLANE] | clean                 | false                                                                                                                                       |
build	Build iOS Locally on Free Cloud Mac	2026-08-22T21:29:28.7362470Z [RUN_FASTLANE] | scheme                | Hence                                                                                                                                       |
build	Build iOS Locally on Free Cloud Mac	2026-08-22T21:29:28.7364010Z [RUN_FASTLANE] | configuration         | Release                                                                                                                                     |
build	Build iOS Locally on Free Cloud Mac	2026-08-22T21:29:28.7366170Z [RUN_FASTLANE] | export_options        |                                                                                                                                             |
build	Build iOS Locally on Free Cloud Mac	2026-08-22T21:29:28.7367460Z [RUN_FASTLANE] | export_xcargs         | OTHER_CODE_SIGN_FLAGS="--keychain /var/folders/g3/pffjr_y96bq06blnkf72x_hw0000gn/T/eas-build-d95781b8-7ebf-4904-a832-e14ec2640db3.keychain" |
build	Build iOS Locally on Free Cloud Mac	2026-08-22T21:29:28.7368570Z [RUN_FASTLANE] | disable_xcpretty      | true                                                                                                                                        |
build	Build iOS Locally on Free Cloud Mac	2026-08-22T21:29:28.7369590Z [RUN_FASTLANE] | buildlog_path         | /var/folders/g3/pffjr_y96bq06blnkf72x_hw0000gn/T/eas-build-local-nodejs/f98a0858-83a6-4ef3-980d-ab6a19d10788/logs                           |
build	Build iOS Locally on Free Cloud Mac	2026-08-22T21:29:28.7372560Z [RUN_FASTLANE] | derived_data_path     | ./build                                                                                                                                     |
build	Build iOS Locally on Free Cloud Mac	2026-08-22T21:29:28.7373490Z [RUN_FASTLANE] | result_bundle         | true                                                                                                                                        |
build	Build iOS Locally on Free Cloud Mac	2026-08-22T21:29:28.7374470Z [RUN_FASTLANE] | result_bundle_path    | /var/folders/g3/pffjr_y96bq06blnkf72x_hw0000gn/T/result-bundle-1787434166996.xcresult                                                       |
build	Build iOS Locally on Free Cloud Mac	2026-08-22T21:29:28.7375450Z [RUN_FASTLANE] | output_directory      | ./build                                                                                                                                     |
build	Build iOS Locally on Free Cloud Mac	2026-08-22T21:29:28.7376360Z [RUN_FASTLANE] +-----------------------+---------------------------------------------------------------------------------------------------------------------------------------------+
build	Build iOS Locally on Free Cloud Mac	2026-08-22T21:29:28.7685210Z [RUN_FASTLANE] Resolving Swift Package Manager dependencies...
build	Build iOS Locally on Free Cloud Mac	2026-08-22T21:29:28.7686090Z [RUN_FASTLANE] $ xcodebuild -resolvePackageDependencies -workspace ./Hence.xcworkspace -scheme Hence -configuration Release -derivedDataPath ./build
build	Build iOS Locally on Free Cloud Mac	2026-08-22T21:29:30.5959310Z [RUN_FASTLANE] ▸ Command line invocation:
build	Build iOS Locally on Free Cloud Mac	2026-08-22T21:29:30.5960560Z [RUN_FASTLANE] ▸     /Applications/Xcode_16.1.app/Contents/Developer/usr/bin/xcodebuild -resolvePackageDependencies -workspace ./Hence.xcworkspace -scheme Hence -configuration Release -derivedDataPath ./build
build	Build iOS Locally on Free Cloud Mac	2026-08-22T21:29:30.5967810Z [RUN_FASTLANE] ▸ User defaults from command line:
build	Build iOS Locally on Free Cloud Mac	2026-08-22T21:29:30.5968750Z [RUN_FASTLANE] ▸     IDEDerivedDataPathOverride = /var/folders/g3/pffjr_y96bq06blnkf72x_hw0000gn/T/eas-build-local-nodejs/f98a0858-83a6-4ef3-980d-ab6a19d10788/build/ios/build
build	Build iOS Locally on Free Cloud Mac	2026-08-22T21:29:30.5969500Z [RUN_FASTLANE] ▸     IDEPackageSupportUseBuiltinSCM = YES
build	Build iOS Locally on Free Cloud Mac	2026-08-22T21:29:35.2345950Z [RUN_FASTLANE] ▸ resolved source packages:
build	Build iOS Locally on Free Cloud Mac	2026-08-22T21:29:35.2966030Z [RUN_FASTLANE] $ xcodebuild -showBuildSettings -workspace ./Hence.xcworkspace -scheme Hence -configuration Release -derivedDataPath ./build 2>&1
build	Build iOS Locally on Free Cloud Mac	2026-08-22T21:29:38.5484850Z [RUN_FASTLANE] Command timed out after 3 seconds on try 1 of 4, trying again with a 6 second timeout...
build	Build iOS Locally on Free Cloud Mac	2026-08-22T21:29:43.7520630Z [RUN_FASTLANE] Detected provisioning profile mapping: {:"com.hence.oyedotun"=>"a5be180e-27c1-4df2-8c3f-f7ef68ba9785"}
build	Build iOS Locally on Free Cloud Mac	2026-08-22T21:29:43.7863160Z [RUN_FASTLANE] 
build	Build iOS Locally on Free Cloud Mac	2026-08-22T21:29:43.7970720Z [RUN_FASTLANE] +------------------------------------------------------------------------------------------------------------------------------------------------------------------------------------------------------+
build	Build iOS Locally on Free Cloud Mac	2026-08-22T21:29:43.8092390Z [RUN_FASTLANE] |                                                                                       Summary for gym 2.236.1                                                                                        |
build	Build iOS Locally on Free Cloud Mac	2026-08-22T21:29:43.8199990Z [RUN_FASTLANE] +--------------------------------------------------------+---------------------------------------------------------------------------------------------------------------------------------------------+
build	Build iOS Locally on Free Cloud Mac	2026-08-22T21:29:43.8309660Z [RUN_FASTLANE] | workspace                                              | ./Hence.xcworkspace                                                                                                                         |
build	Build iOS Locally on Free Cloud Mac	2026-08-22T21:29:43.8411810Z [RUN_FASTLANE] | scheme                                                 | Hence                                                                                                                                       |
build	Build iOS Locally on Free Cloud Mac	2026-08-22T21:29:43.8513890Z [RUN_FASTLANE] | clean                                                  | false                                                                                                                                       |
build	Build iOS Locally on Free Cloud Mac	2026-08-22T21:29:43.8614210Z [RUN_FASTLANE] | output_directory                                       | ./build                                                                                                                                     |
build	Build iOS Locally on Free Cloud Mac	2026-08-22T21:29:43.8718790Z [RUN_FASTLANE] | output_name                                            | Hence                                                                                                                                       |
build	Build iOS Locally on Free Cloud Mac	2026-08-22T21:29:43.8825890Z [RUN_FASTLANE] | configuration                                          | Release                                                                                                                                     |
build	Build iOS Locally on Free Cloud Mac	2026-08-22T21:29:43.8931440Z [RUN_FASTLANE] | silent                                                 | false                                                                                                                                       |
build	Build iOS Locally on Free Cloud Mac	2026-08-22T21:29:43.9034480Z [RUN_FASTLANE] | skip_package_ipa                                       | false                                                                                                                                       |
build	Build iOS Locally on Free Cloud Mac	2026-08-22T21:29:43.9147620Z [RUN_FASTLANE] | skip_package_pkg                                       | false                                                                                                                                       |
build	Build iOS Locally on Free Cloud Mac	2026-08-22T21:29:43.9252560Z [RUN_FASTLANE] | export_options.method                                  | app-store                                                                                                                                   |
build	Build iOS Locally on Free Cloud Mac	2026-08-22T21:29:43.9354740Z [RUN_FASTLANE] | export_options.provisioningProfiles.com.hence.oyedotun | a5be180e-27c1-4df2-8c3f-f7ef68ba9785                                                                                                        |
build	Build iOS Locally on Free Cloud Mac	2026-08-22T21:29:43.9471290Z [RUN_FASTLANE] | export_xcargs                                          | OTHER_CODE_SIGN_FLAGS="--keychain /var/folders/g3/pffjr_y96bq06blnkf72x_hw0000gn/T/eas-build-d95781b8-7ebf-4904-a832-e14ec2640db3.keychain" |
build	Build iOS Locally on Free Cloud Mac	2026-08-22T21:29:43.9581720Z [RUN_FASTLANE] | build_path                                             | /Users/runner/Library/Developer/Xcode/Archives/2026-08-22                                                                                   |
build	Build iOS Locally on Free Cloud Mac	2026-08-22T21:29:43.9690990Z [RUN_FASTLANE] | derived_data_path                                      | ./build                                                                                                                                     |
build	Build iOS Locally on Free Cloud Mac	2026-08-22T21:29:43.9804520Z [RUN_FASTLANE] | result_bundle                                          | true                                                                                                                                        |
build	Build iOS Locally on Free Cloud Mac	2026-08-22T21:29:43.9909950Z [RUN_FASTLANE] | result_bundle_path                                     | /var/folders/g3/pffjr_y96bq06blnkf72x_hw0000gn/T/result-bundle-1787434166996.xcresult                                                       |
build	Build iOS Locally on Free Cloud Mac	2026-08-22T21:29:44.0014450Z [RUN_FASTLANE] | buildlog_path                                          | /var/folders/g3/pffjr_y96bq06blnkf72x_hw0000gn/T/eas-build-local-nodejs/f98a0858-83a6-4ef3-980d-ab6a19d10788/logs                           |
build	Build iOS Locally on Free Cloud Mac	2026-08-22T21:29:44.0118310Z [RUN_FASTLANE] | destination                                            | generic/platform=iOS                                                                                                                        |
build	Build iOS Locally on Free Cloud Mac	2026-08-22T21:29:44.0228920Z [RUN_FASTLANE] | suppress_xcode_output                                  | true                                                                                                                                        |
build	Build iOS Locally on Free Cloud Mac	2026-08-22T21:29:44.0336020Z [RUN_FASTLANE] | xcodebuild_formatter                                   | xcbeautify                                                                                                                                  |
build	Build iOS Locally on Free Cloud Mac	2026-08-22T21:29:44.0441470Z [RUN_FASTLANE] | build_timing_summary                                   | false                                                                                                                                       |
build	Build iOS Locally on Free Cloud Mac	2026-08-22T21:29:44.0545270Z [RUN_FASTLANE] | disable_xcpretty                                       | true                                                                                                                                        |
build	Build iOS Locally on Free Cloud Mac	2026-08-22T21:29:44.0655360Z [RUN_FASTLANE] | skip_profile_detection                                 | false                                                                                                                                       |
build	Build iOS Locally on Free Cloud Mac	2026-08-22T21:29:44.0763930Z [RUN_FASTLANE] | xcodebuild_command                                     | xcodebuild                                                                                                                                  |
build	Build iOS Locally on Free Cloud Mac	2026-08-22T21:29:44.0876230Z [RUN_FASTLANE] | skip_package_dependencies_resolution                   | false                                                                                                                                       |
build	Build iOS Locally on Free Cloud Mac	2026-08-22T21:29:44.0979840Z [RUN_FASTLANE] | disable_package_automatic_updates                      | false                                                                                                                                       |
build	Build iOS Locally on Free Cloud Mac	2026-08-22T21:29:44.1102580Z [RUN_FASTLANE] | skip_package_repository_fetches                        | false                                                                                                                                       |
build	Build iOS Locally on Free Cloud Mac	2026-08-22T21:29:44.1209540Z [RUN_FASTLANE] | use_system_scm                                         | false                                                                                                                                       |
build	Build iOS Locally on Free Cloud Mac	2026-08-22T21:29:44.1321260Z [RUN_FASTLANE] | generate_appstore_info                                 | false                                                                                                                                       |
build	Build iOS Locally on Free Cloud Mac	2026-08-22T21:29:44.1451700Z [RUN_FASTLANE] | xcode_path                                             | /Applications/Xcode_16.1.app                                                                                                                |
build	Build iOS Locally on Free Cloud Mac	2026-08-22T21:29:44.1563670Z [RUN_FASTLANE] +--------------------------------------------------------+---------------------------------------------------------------------------------------------------------------------------------------------+
build	Build iOS Locally on Free Cloud Mac	2026-08-22T21:29:44.1679170Z [RUN_FASTLANE] $ set -o pipefail && xcodebuild -workspace ./Hence.xcworkspace -scheme Hence -configuration Release -derivedDataPath ./build -destination 'generic/platform=iOS' -archivePath /Users/runner/Library/Developer/Xcode/Archives/2026-08-22/Hence\ 2026-08-22\ 21.29.43.xcarchive -resultBundlePath '/var/folders/g3/pffjr_y96bq06blnkf72x_hw0000gn/T/result-bundle-1787434166996.xcresult' archive | tee /var/folders/g3/pffjr_y96bq06blnkf72x_hw0000gn/T/eas-build-local-nodejs/f98a0858-83a6-4ef3-980d-ab6a19d10788/logs/Hence-Hence.log > /dev/null
build	Build iOS Locally on Free Cloud Mac	2026-08-22T21:30:06.6899280Z [RUN_FASTLANE] › Executing react-native Pods/hermes-engine » [CP-User] [Hermes] Replace Hermes for the right configuration, if needed
build	Build iOS Locally on Free Cloud Mac	2026-08-22T21:30:06.6996240Z [RUN_FASTLANE] › Executing react-native Pods/ReactNativeDependencies » [CP-User] [RNDeps] Replace React Native Dependencies for the right configuration, if needed
build	Build iOS Locally on Free Cloud Mac	2026-08-22T21:30:07.2625710Z [RUN_FASTLANE] › Executing react-native Pods/hermes-engine » [CP] Copy XCFrameworks
build	Build iOS Locally on Free Cloud Mac	2026-08-22T21:30:07.2727460Z [RUN_FASTLANE] › Executing react-native Pods/ReactNativeDependencies » [CP] Copy XCFrameworks
build	Build iOS Locally on Free Cloud Mac	2026-08-22T21:30:07.7051340Z [RUN_FASTLANE] › Copying   ios/build/Build/Intermediates.noindex/ArchiveIntermediates/Hence/IntermediateBuildFilesPath/UninstalledProducts/iphoneos/React-timing_privacy.bundle/PrivacyInfo.xcprivacy ➜ ../../../../../var/folders/g3/pffjr_y96bq06blnkf72x_hw0000gn/T/eas-build-local-nodejs/f98a0858-83a6-4ef3-980d-ab6a19d10788/build/node_modules/react-native/ReactCommon/react/timing/PrivacyInfo.xcprivacy
build	Build iOS Locally on Free Cloud Mac	2026-08-22T21:30:07.7158230Z [RUN_FASTLANE] › Preparing Pods/React-timing-React-timing_privacy » ResourceBundle-React-timing_privacy-React-timing-Info.plist
build	Build iOS Locally on Free Cloud Mac	2026-08-22T21:30:07.7261040Z [RUN_FASTLANE] › Preparing Pods/React-cxxreact-React-cxxreact_privacy » ResourceBundle-React-cxxreact_privacy-React-cxxreact-Info.plist
build	Build iOS Locally on Free Cloud Mac	2026-08-22T21:30:11.5357960Z [RUN_FASTLANE] › Copying   ios/build/Build/Intermediates.noindex/ArchiveIntermediates/Hence/IntermediateBuildFilesPath/UninstalledProducts/iphoneos/StripeUICoreBundle.bundle/zh-Hant.lproj ➜ ../../../../../var/folders/g3/pffjr_y96bq06blnkf72x_hw0000gn/T/eas-build-local-nodejs/f98a0858-83a6-4ef3-980d-ab6a19d10788/build/ios/Pods/StripeUICore/StripeUICore/StripeUICore/Resources/Localizations/zh-Hant.lproj
build	Build iOS Locally on Free Cloud Mac	2026-08-22T21:30:11.5459800Z [RUN_FASTLANE] › Copying   ios/build/Build/Intermediates.noindex/ArchiveIntermediates/Hence/IntermediateBuildFilesPath/UninstalledProducts/iphoneos/StripeUICoreBundle.bundle/zh-Hans.lproj ➜ ../../../../../var/folders/g3/pffjr_y96bq06blnkf72x_hw0000gn/T/eas-build-local-nodejs/f98a0858-83a6-4ef3-980d-ab6a19d10788/build/ios/Pods/StripeUICore/StripeUICore/StripeUICore/Resources/Localizations/zh-Hans.lproj
build	Build iOS Locally on Free Cloud Mac	2026-08-22T21:30:11.5668730Z [RUN_FASTLANE] › Copying   ios/build/Build/Intermediates.noindex/ArchiveIntermediates/Hence/IntermediateBuildFilesPath/UninstalledProducts/iphoneos/StripeUICoreBundle.bundle/zh-HK.lproj ➜ ../../../../../var/folders/g3/pffjr_y96bq06blnkf72x_hw0000gn/T/eas-build-local-nodejs/f98a0858-83a6-4ef3-980d-ab6a19d10788/build/ios/Pods/StripeUICore/StripeUICore/StripeUICore/Resources/Localizations/zh-HK.lproj
build	Build iOS Locally on Free Cloud Mac	2026-08-22T21:30:11.5766500Z [RUN_FASTLANE] › Copying   ios/build/Build/Intermediates.noindex/ArchiveIntermediates/Hence/IntermediateBuildFilesPath/UninstalledProducts/iphoneos/StripeUICoreBundle.bundle/vi.lproj ➜ ../../../../../var/folders/g3/pffjr_y96bq06blnkf72x_hw0000gn/T/eas-build-local-nodejs/f98a0858-83a6-4ef3-980d-ab6a19d10788/build/ios/Pods/StripeUICore/StripeUICore/StripeUICore/Resources/Localizations/vi.lproj
build	Build iOS Locally on Free Cloud Mac	2026-08-22T21:30:11.5868930Z [RUN_FASTLANE] › Copying   ios/build/Build/Intermediates.noindex/ArchiveIntermediates/Hence/IntermediateBuildFilesPath/UninstalledProducts/iphoneos/StripeUICoreBundle.bundle/tr.lproj ➜ ../../../../../var/folders/g3/pffjr_y96bq06blnkf72x_hw0000gn/T/eas-build-local-nodejs/f98a0858-83a6-4ef3-980d-ab6a19d10788/build/ios/Pods/StripeUICore/StripeUICore/StripeUICore/Resources/Localizations/tr.lproj
build	Build iOS Locally on Free Cloud Mac	2026-08-22T21:30:11.5974250Z [RUN_FASTLANE] › Copying   ios/build/Build/Intermediates.noindex/ArchiveIntermediates/Hence/IntermediateBuildFilesPath/UninstalledProducts/iphoneos/StripeUICoreBundle.bundle/th.lproj ➜ ../../../../../var/folders/g3/pffjr_y96bq06blnkf72x_hw0000gn/T/eas-build-local-nodejs/f98a0858-83a6-4ef3-980d-ab6a19d10788/build/ios/Pods/StripeUICore/StripeUICore/StripeUICore/Resources/Localizations/th.lproj
build	Build iOS Locally on Free Cloud Mac	2026-08-22T21:30:11.6081570Z [RUN_FASTLANE] › Copying   ios/build/Build/Intermediates.noindex/ArchiveIntermediates/Hence/IntermediateBuildFilesPath/UninstalledProducts/iphoneos/StripeUICoreBundle.bundle/sv.lproj ➜ ../../../../../var/folders/g3/pffjr_y96bq06blnkf72x_hw0000gn/T/eas-build-local-nodejs/f98a0858-83a6-4ef3-980d-ab6a19d10788/build/ios/Pods/StripeUICore/StripeUICore/StripeUICore/Resources/Localizations/sv.lproj
build	Build iOS Locally on Free Cloud Mac	2026-08-22T21:30:11.6184420Z [RUN_FASTLANE] › Copying   ios/build/Build/Intermediates.noindex/ArchiveIntermediates/Hence/IntermediateBuildFilesPath/UninstalledProducts/iphoneos/StripeUICoreBundle.bundle/sl-SI.lproj ➜ ../../../../../var/folders/g3/pffjr_y96bq06blnkf72x_hw0000gn/T/eas-build-local-nodejs/f98a0858-83a6-4ef3-980d-ab6a19d10788/build/ios/Pods/StripeUICore/StripeUICore/StripeUICore/Resources/Localizations/sl-SI.lproj
build	Build iOS Locally on Free Cloud Mac	2026-08-22T21:30:11.6291300Z [RUN_FASTLANE] › Copying   ios/build/Build/Intermediates.noindex/ArchiveIntermediates/Hence/IntermediateBuildFilesPath/UninstalledProducts/iphoneos/StripeUICoreBundle.bundle/sk-SK.lproj ➜ ../../../../../var/folders/g3/pffjr_y96bq06blnkf72x_hw0000gn/T/eas-build-local-nodejs/f98a0858-83a6-4ef3-980d-ab6a19d10788/build/ios/Pods/StripeUICore/StripeUICore/StripeUICore/Resources/Localizations/sk-SK.lproj
build	Build iOS Locally on Free Cloud Mac	2026-08-22T21:30:11.6395950Z [RUN_FASTLANE] › Copying   ios/build/Build/Intermediates.noindex/ArchiveIntermediates/Hence/IntermediateBuildFilesPath/UninstalledProducts/iphoneos/StripeUICoreBundle.bundle/ru.lproj ➜ ../../../../../var/folders/g3/pffjr_y96bq06blnkf72x_hw0000gn/T/eas-build-local-nodejs/f98a0858-83a6-4ef3-980d-ab6a19d10788/build/ios/Pods/StripeUICore/StripeUICore/StripeUICore/Resources/Localizations/ru.lproj
build	Build iOS Locally on Free Cloud Mac	2026-08-22T21:30:11.6517200Z [RUN_FASTLANE] › Copying   ios/build/Build/Intermediates.noindex/ArchiveIntermediates/Hence/IntermediateBuildFilesPath/UninstalledProducts/iphoneos/StripeUICoreBundle.bundle/ro-RO.lproj ➜ ../../../../../var/folders/g3/pffjr_y96bq06blnkf72x_hw0000gn/T/eas-build-local-nodejs/f98a0858-83a6-4ef3-980d-ab6a19d10788/build/ios/Pods/StripeUICore/StripeUICore/StripeUICore/Resources/Localizations/ro-RO.lproj
build	Build iOS Locally on Free Cloud Mac	2026-08-22T21:30:11.6658970Z [RUN_FASTLANE] › Copying   ios/build/Build/Intermediates.noindex/ArchiveIntermediates/Hence/IntermediateBuildFilesPath/UninstalledProducts/iphoneos/StripeUICoreBundle.bundle/pt-PT.lproj ➜ ../../../../../var/folders/g3/pffjr_y96bq06blnkf72x_hw0000gn/T/eas-build-local-nodejs/f98a0858-83a6-4ef3-980d-ab6a19d10788/build/ios/Pods/StripeUICore/StripeUICore/StripeUICore/Resources/Localizations/pt-PT.lproj
build	Build iOS Locally on Free Cloud Mac	2026-08-22T21:30:11.6818530Z [RUN_FASTLANE] › Copying   ios/build/Build/Intermediates.noindex/ArchiveIntermediates/Hence/IntermediateBuildFilesPath/UninstalledProducts/iphoneos/StripeUICoreBundle.bundle/pt-BR.lproj ➜ ../../../../../var/folders/g3/pffjr_y96bq06blnkf72x_hw0000gn/T/eas-build-local-nodejs/f98a0858-83a6-4ef3-980d-ab6a19d10788/build/ios/Pods/StripeUICore/StripeUICore/StripeUICore/Resources/Localizations/pt-BR.lproj
build	Build iOS Locally on Free Cloud Mac	2026-08-22T21:30:11.6941440Z [RUN_FASTLANE] › Copying   ios/build/Build/Intermediates.noindex/ArchiveIntermediates/Hence/IntermediateBuildFilesPath/UninstalledProducts/iphoneos/StripeUICoreBundle.bundle/pl-PL.lproj ➜ ../../../../../var/folders/g3/pffjr_y96bq06blnkf72x_hw0000gn/T/eas-build-local-nodejs/f98a0858-83a6-4ef3-980d-ab6a19d10788/build/ios/Pods/StripeUICore/StripeUICore/StripeUICore/Resources/Localizations/pl-PL.lproj
build	Build iOS Locally on Free Cloud Mac	2026-08-22T21:30:11.7051860Z [RUN_FASTLANE] › Copying   ios/build/Build/Intermediates.noindex/ArchiveIntermediates/Hence/IntermediateBuildFilesPath/UninstalledProducts/iphoneos/StripeUICoreBundle.bundle/nl.lproj ➜ ../../../../../var/folders/g3/pffjr_y96bq06blnkf72x_hw0000gn/T/eas-build-local-nodejs/f98a0858-83a6-4ef3-980d-ab6a19d10788/build/ios/Pods/StripeUICore/StripeUICore/StripeUICore/Resources/Localizations/nl.lproj
build	Build iOS Locally on Free Cloud Mac	2026-08-22T21:30:11.7167990Z [RUN_FASTLANE] › Copying   ios/build/Build/Intermediates.noindex/ArchiveIntermediates/Hence/IntermediateBuildFilesPath/UninstalledProducts/iphoneos/StripeUICoreBundle.bundle/nb.lproj ➜ ../../../../../var/folders/g3/pffjr_y96bq06blnkf72x_hw0000gn/T/eas-build-local-nodejs/f98a0858-83a6-4ef3-980d-ab6a19d10788/build/ios/Pods/StripeUICore/StripeUICore/StripeUICore/Resources/Localizations/nb.lproj
build	Build iOS Locally on Free Cloud Mac	2026-08-22T21:30:11.7186710Z [RUN_FASTLANE] › Copying   ios/build/Build/Intermediates.noindex/ArchiveIntermediates/Hence/IntermediateBuildFilesPath/UninstalledProducts/iphoneos/StripeUICoreBundle.bundle/mt.lproj ➜ ../../../../../var/folders/g3/pffjr_y96bq06blnkf72x_hw0000gn/T/eas-build-local-nodejs/f98a0858-83a6-4ef3-980d-ab6a19d10788/build/ios/Pods/StripeUICore/StripeUICore/StripeUICore/Resources/Localizations/mt.lproj
build	Build iOS Locally on Free Cloud Mac	2026-08-22T21:30:11.7291670Z [RUN_FASTLANE] › Copying   ios/build/Build/Intermediates.noindex/ArchiveIntermediates/Hence/IntermediateBuildFilesPath/UninstalledProducts/iphoneos/StripeUICoreBundle.bundle/ms-MY.lproj ➜ ../../../../../var/folders/g3/pffjr_y96bq06blnkf72x_hw0000gn/T/eas-build-local-nodejs/f98a0858-83a6-4ef3-980d-ab6a19d10788/build/ios/Pods/StripeUICore/StripeUICore/StripeUICore/Resources/Localizations/ms-MY.lproj
build	Build iOS Locally on Free Cloud Mac	2026-08-22T21:30:11.7397020Z [RUN_FASTLANE] › Copying   ios/build/Build/Intermediates.noindex/ArchiveIntermediates/Hence/IntermediateBuildFilesPath/UninstalledProducts/iphoneos/StripeUICoreBundle.bundle/lv-LV.lproj ➜ ../../../../../var/folders/g3/pffjr_y96bq06blnkf72x_hw0000gn/T/eas-build-local-nodejs/f98a0858-83a6-4ef3-980d-ab6a19d10788/build/ios/Pods/StripeUICore/StripeUICore/StripeUICore/Resources/Localizations/lv-LV.lproj
build	Build iOS Locally on Free Cloud Mac	2026-08-22T21:30:11.7501340Z [RUN_FASTLANE] › Copying   ios/build/Build/Intermediates.noindex/ArchiveIntermediates/Hence/IntermediateBuildFilesPath/UninstalledProducts/iphoneos/StripeUICoreBundle.bundle/lt-LT.lproj ➜ ../../../../../var/folders/g3/pffjr_y96bq06blnkf72x_hw0000gn/T/eas-build-local-nodejs/f98a0858-83a6-4ef3-980d-ab6a19d10788/build/ios/Pods/StripeUICore/StripeUICore/StripeUICore/Resources/Localizations/lt-LT.lproj
build	Build iOS Locally on Free Cloud Mac	2026-08-22T21:30:11.7606570Z [RUN_FASTLANE] › Copying   ios/build/Build/Intermediates.noindex/ArchiveIntermediates/Hence/IntermediateBuildFilesPath/UninstalledProducts/iphoneos/StripeUICoreBundle.bundle/localized_address_data.json ➜ ../../../../../var/folders/g3/pffjr_y96bq06blnkf72x_hw0000gn/T/eas-build-local-nodejs/f98a0858-83a6-4ef3-980d-ab6a19d10788/build/ios/Pods/StripeUICore/StripeUICore/StripeUICore/Resources/JSON/localized_address_data.json
build	Build iOS Locally on Free Cloud Mac	2026-08-22T21:30:11.7670730Z [RUN_FASTLANE] › Copying   ios/build/Build/Intermediates.noindex/ArchiveIntermediates/Hence/IntermediateBuildFilesPath/UninstalledProducts/iphoneos/StripeUICoreBundle.bundle/ko.lproj ➜ ../../../../../var/folders/g3/pffjr_y96bq06blnkf72x_hw0000gn/T/eas-build-local-nodejs/f98a0858-83a6-4ef3-980d-ab6a19d10788/build/ios/Pods/StripeUICore/StripeUICore/StripeUICore/Resources/Localizations/ko.lproj
build	Build iOS Locally on Free Cloud Mac	2026-08-22T21:30:11.7774950Z [RUN_FASTLANE] › Copying   ios/build/Build/Intermediates.noindex/ArchiveIntermediates/Hence/IntermediateBuildFilesPath/UninstalledProducts/iphoneos/StripeUICoreBundle.bundle/ja.lproj ➜ ../../../../../var/folders/g3/pffjr_y96bq06blnkf72x_hw0000gn/T/eas-build-local-nodejs/f98a0858-83a6-4ef3-980d-ab6a19d10788/build/ios/Pods/StripeUICore/StripeUICore/StripeUICore/Resources/Localizations/ja.lproj
build	Build iOS Locally on Free Cloud Mac	2026-08-22T21:30:11.7879310Z [RUN_FASTLANE] › Copying   ios/build/Build/Intermediates.noindex/ArchiveIntermediates/Hence/IntermediateBuildFilesPath/UninstalledProducts/iphoneos/StripeUICoreBundle.bundle/it.lproj ➜ ../../../../../var/folders/g3/pffjr_y96bq06blnkf72x_hw0000gn/T/eas-build-local-nodejs/f98a0858-83a6-4ef3-980d-ab6a19d10788/build/ios/Pods/StripeUICore/StripeUICore/StripeUICore/Resources/Localizations/it.lproj
build	Build iOS Locally on Free Cloud Mac	2026-08-22T21:30:11.7983920Z [RUN_FASTLANE] › Copying   ios/build/Build/Intermediates.noindex/ArchiveIntermediates/Hence/IntermediateBuildFilesPath/UninstalledProducts/iphoneos/StripeUICoreBundle.bundle/id.lproj ➜ ../../../../../var/folders/g3/pffjr_y96bq06blnkf72x_hw0000gn/T/eas-build-local-nodejs/f98a0858-83a6-4ef3-980d-ab6a19d10788/build/ios/Pods/StripeUICore/StripeUICore/StripeUICore/Resources/Localizations/id.lproj
build	Build iOS Locally on Free Cloud Mac	2026-08-22T21:30:11.8091830Z [RUN_FASTLANE] › Copying   ios/build/Build/Intermediates.noindex/ArchiveIntermediates/Hence/IntermediateBuildFilesPath/UninstalledProducts/iphoneos/StripeUICoreBundle.bundle/hu.lproj ➜ ../../../../../var/folders/g3/pffjr_y96bq06blnkf72x_hw0000gn/T/eas-build-local-nodejs/f98a0858-83a6-4ef3-980d-ab6a19d10788/build/ios/Pods/StripeUICore/StripeUICore/StripeUICore/Resources/Localizations/hu.lproj
build	Build iOS Locally on Free Cloud Mac	2026-08-22T21:30:11.8198840Z [RUN_FASTLANE] › Copying   ios/build/Build/Intermediates.noindex/ArchiveIntermediates/Hence/IntermediateBuildFilesPath/UninstalledProducts/iphoneos/StripeUICoreBundle.bundle/hr.lproj ➜ ../../../../../var/folders/g3/pffjr_y96bq06blnkf72x_hw0000gn/T/eas-build-local-nodejs/f98a0858-83a6-4ef3-980d-ab6a19d10788/build/ios/Pods/StripeUICore/StripeUICore/StripeUICore/Resources/Localizations/hr.lproj
build	Build iOS Locally on Free Cloud Mac	2026-08-22T21:30:11.8302940Z [RUN_FASTLANE] › Copying   ios/build/Build/Intermediates.noindex/ArchiveIntermediates/Hence/IntermediateBuildFilesPath/UninstalledProducts/iphoneos/StripeUICoreBundle.bundle/fr.lproj ➜ ../../../../../var/folders/g3/pffjr_y96bq06blnkf72x_hw0000gn/T/eas-build-local-nodejs/f98a0858-83a6-4ef3-980d-ab6a19d10788/build/ios/Pods/StripeUICore/StripeUICore/StripeUICore/Resources/Localizations/fr.lproj
build	Build iOS Locally on Free Cloud Mac	2026-08-22T21:30:11.8411870Z [RUN_FASTLANE] › Copying   ios/build/Build/Intermediates.noindex/ArchiveIntermediates/Hence/IntermediateBuildFilesPath/UninstalledProducts/iphoneos/StripeUICoreBundle.bundle/fr-CA.lproj ➜ ../../../../../var/folders/g3/pffjr_y96bq06blnkf72x_hw0000gn/T/eas-build-local-nodejs/f98a0858-83a6-4ef3-980d-ab6a19d10788/build/ios/Pods/StripeUICore/StripeUICore/StripeUICore/Resources/Localizations/fr-CA.lproj
build	Build iOS Locally on Free Cloud Mac	2026-08-22T21:30:11.8518260Z [RUN_FASTLANE] › Copying   ios/build/Build/Intermediates.noindex/ArchiveIntermediates/Hence/IntermediateBuildFilesPath/UninstalledProducts/iphoneos/StripeUICoreBundle.bundle/fil.lproj ➜ ../../../../../var/folders/g3/pffjr_y96bq06blnkf72x_hw0000gn/T/eas-build-local-nodejs/f98a0858-83a6-4ef3-980d-ab6a19d10788/build/ios/Pods/StripeUICore/StripeUICore/StripeUICore/Resources/Localizations/fil.lproj
build	Build iOS Locally on Free Cloud Mac	2026-08-22T21:30:11.8624400Z [RUN_FASTLANE] › Copying   ios/build/Build/Intermediates.noindex/ArchiveIntermediates/Hence/IntermediateBuildFilesPath/UninstalledProducts/iphoneos/StripeUICoreBundle.bundle/fi.lproj ➜ ../../../../../var/folders/g3/pffjr_y96bq06blnkf72x_hw0000gn/T/eas-build-local-nodejs/f98a0858-83a6-4ef3-980d-ab6a19d10788/build/ios/Pods/StripeUICore/StripeUICore/StripeUICore/Resources/Localizations/fi.lproj
build	Build iOS Locally on Free Cloud Mac	2026-08-22T21:30:11.8733650Z [RUN_FASTLANE] › Copying   ios/build/Build/Intermediates.noindex/ArchiveIntermediates/Hence/IntermediateBuildFilesPath/UninstalledProducts/iphoneos/StripeUICoreBundle.bundle/et-EE.lproj ➜ ../../../../../var/folders/g3/pffjr_y96bq06blnkf72x_hw0000gn/T/eas-build-local-nodejs/f98a0858-83a6-4ef3-980d-ab6a19d10788/build/ios/Pods/StripeUICore/StripeUICore/StripeUICore/Resources/Localizations/et-EE.lproj
build	Build iOS Locally on Free Cloud Mac	2026-08-22T21:30:11.8838330Z [RUN_FASTLANE] › Copying   ios/build/Build/Intermediates.noindex/ArchiveIntermediates/Hence/IntermediateBuildFilesPath/UninstalledProducts/iphoneos/StripeUICoreBundle.bundle/es.lproj ➜ ../../../../../var/folders/g3/pffjr_y96bq06blnkf72x_hw0000gn/T/eas-build-local-nodejs/f98a0858-83a6-4ef3-980d-ab6a19d10788/build/ios/Pods/StripeUICore/StripeUICore/StripeUICore/Resources/Localizations/es.lproj
build	Build iOS Locally on Free Cloud Mac	2026-08-22T21:30:11.8949950Z [RUN_FASTLANE] › Copying   ios/build/Build/Intermediates.noindex/ArchiveIntermediates/Hence/IntermediateBuildFilesPath/UninstalledProducts/iphoneos/StripeUICoreBundle.bundle/es-419.lproj ➜ ../../../../../var/folders/g3/pffjr_y96bq06blnkf72x_hw0000gn/T/eas-build-local-nodejs/f98a0858-83a6-4ef3-980d-ab6a19d10788/build/ios/Pods/StripeUICore/StripeUICore/StripeUICore/Resources/Localizations/es-419.lproj
build	Build iOS Locally on Free Cloud Mac	2026-08-22T21:30:11.9066720Z [RUN_FASTLANE] › Copying   ios/build/Build/Intermediates.noindex/ArchiveIntermediates/Hence/IntermediateBuildFilesPath/UninstalledProducts/iphoneos/StripeUICoreBundle.bundle/en.lproj ➜ ../../../../../var/folders/g3/pffjr_y96bq06blnkf72x_hw0000gn/T/eas-build-local-nodejs/f98a0858-83a6-4ef3-980d-ab6a19d10788/build/ios/Pods/StripeUICore/StripeUICore/StripeUICore/Resources/Localizations/en.lproj
build	Build iOS Locally on Free Cloud Mac	2026-08-22T21:30:11.9176230Z [RUN_FASTLANE] › Copying   ios/build/Build/Intermediates.noindex/ArchiveIntermediates/Hence/IntermediateBuildFilesPath/UninstalledProducts/iphoneos/StripeUICoreBundle.bundle/en-GB.lproj ➜ ../../../../../var/folders/g3/pffjr_y96bq06blnkf72x_hw0000gn/T/eas-build-local-nodejs/f98a0858-83a6-4ef3-980d-ab6a19d10788/build/ios/Pods/StripeUICore/StripeUICore/StripeUICore/Resources/Localizations/en-GB.lproj
build	Build iOS Locally on Free Cloud Mac	2026-08-22T21:30:11.9332950Z [RUN_FASTLANE] › Copying   ios/build/Build/Intermediates.noindex/ArchiveIntermediates/Hence/IntermediateBuildFilesPath/UninstalledProducts/iphoneos/StripeUICoreBundle.bundle/el-GR.lproj ➜ ../../../../../var/folders/g3/pffjr_y96bq06blnkf72x_hw0000gn/T/eas-build-local-nodejs/f98a0858-83a6-4ef3-980d-ab6a19d10788/build/ios/Pods/StripeUICore/StripeUICore/StripeUICore/Resources/Localizations/el-GR.lproj
build	Build iOS Locally on Free Cloud Mac	2026-08-22T21:30:11.9472810Z [RUN_FASTLANE] › Copying   ios/build/Build/Intermediates.noindex/ArchiveIntermediates/Hence/IntermediateBuildFilesPath/UninstalledProducts/iphoneos/StripeUICoreBundle.bundle/de.lproj ➜ ../../../../../var/folders/g3/pffjr_y96bq06blnkf72x_hw0000gn/T/eas-build-local-nodejs/f98a0858-83a6-4ef3-980d-ab6a19d10788/build/ios/Pods/StripeUICore/StripeUICore/StripeUICore/Resources/Localizations/de.lproj
build	Build iOS Locally on Free Cloud Mac	2026-08-22T21:30:11.9576070Z [RUN_FASTLANE] › Copying   ios/build/Build/Intermediates.noindex/ArchiveIntermediates/Hence/IntermediateBuildFilesPath/UninstalledProducts/iphoneos/StripeUICoreBundle.bundle/da.lproj ➜ ../../../../../var/folders/g3/pffjr_y96bq06blnkf72x_hw0000gn/T/eas-build-local-nodejs/f98a0858-83a6-4ef3-980d-ab6a19d10788/build/ios/Pods/StripeUICore/StripeUICore/StripeUICore/Resources/Localizations/da.lproj
build	Build iOS Locally on Free Cloud Mac	2026-08-22T21:30:11.9690840Z [RUN_FASTLANE] › Copying   ios/build/Build/Intermediates.noindex/ArchiveIntermediates/Hence/IntermediateBuildFilesPath/UninstalledProducts/iphoneos/StripeUICoreBundle.bundle/cs-CZ.lproj ➜ ../../../../../var/folders/g3/pffjr_y96bq06blnkf72x_hw0000gn/T/eas-build-local-nodejs/f98a0858-83a6-4ef3-980d-ab6a19d10788/build/ios/Pods/StripeUICore/StripeUICore/StripeUICore/Resources/Localizations/cs-CZ.lproj
build	Build iOS Locally on Free Cloud Mac	2026-08-22T21:30:11.9798720Z [RUN_FASTLANE] › Copying   ios/build/Build/Intermediates.noindex/ArchiveIntermediates/Hence/IntermediateBuildFilesPath/UninstalledProducts/iphoneos/StripeUICoreBundle.bundle/ca-ES.lproj ➜ ../../../../../var/folders/g3/pffjr_y96bq06blnkf72x_hw0000gn/T/eas-build-local-nodejs/f98a0858-83a6-4ef3-980d-ab6a19d10788/build/ios/Pods/StripeUICore/StripeUICore/StripeUICore/Resources/Localizations/ca-ES.lproj
build	Build iOS Locally on Free Cloud Mac	2026-08-22T21:30:11.9908900Z [RUN_FASTLANE] › Copying   ios/build/Build/Intermediates.noindex/ArchiveIntermediates/Hence/IntermediateBuildFilesPath/UninstalledProducts/iphoneos/StripeUICoreBundle.bundle/bg-BG.lproj ➜ ../../../../../var/folders/g3/pffjr_y96bq06blnkf72x_hw0000gn/T/eas-build-local-nodejs/f98a0858-83a6-4ef3-980d-ab6a19d10788/build/ios/Pods/StripeUICore/StripeUICore/StripeUICore/Resources/Localizations/bg-BG.lproj
build	Build iOS Locally on Free Cloud Mac	2026-08-22T21:30:12.0014590Z [RUN_FASTLANE] › Copying   ios/build/Build/Intermediates.noindex/ArchiveIntermediates/Hence/IntermediateBuildFilesPath/UninstalledProducts/iphoneos/StripeUICoreBundle.bundle/au_becs_bsb.json ➜ ../../../../../var/folders/g3/pffjr_y96bq06blnkf72x_hw0000gn/T/eas-build-local-nodejs/f98a0858-83a6-4ef3-980d-ab6a19d10788/build/ios/Pods/StripeUICore/StripeUICore/StripeUICore/Resources/JSON/au_becs_bsb.json
build	Build iOS Locally on Free Cloud Mac	2026-08-22T21:30:12.0119060Z [RUN_FASTLANE] › Copying   ios/build/Build/Intermediates.noindex/ArchiveIntermediates/Hence/IntermediateBuildFilesPath/UninstalledProducts/iphoneos/StripePaymentsUIBundle.bundle/zh-Hant.lproj ➜ ../../../../../var/folders/g3/pffjr_y96bq06blnkf72x_hw0000gn/T/eas-build-local-nodejs/f98a0858-83a6-4ef3-980d-ab6a19d10788/build/ios/Pods/StripePaymentsUI/StripePaymentsUI/StripePaymentsUI/Resources/Localizations/zh-Hant.lproj
build	Build iOS Locally on Free Cloud Mac	2026-08-22T21:30:12.0222700Z [RUN_FASTLANE] › Preparing Pods/expo-dev-menu-EXDevMenu » ResourceBundle-EXDevMenu-expo-dev-menu-Info.plist
build	Build iOS Locally on Free Cloud Mac	2026-08-22T21:30:12.0326310Z [RUN_FASTLANE] › Copying   ios/build/Build/Intermediates.noindex/ArchiveIntermediates/Hence/IntermediateBuildFilesPath/UninstalledProducts/iphoneos/StripePaymentsUIBundle.bundle/zh-Hans.lproj ➜ ../../../../../var/folders/g3/pffjr_y96bq06blnkf72x_hw0000gn/T/eas-build-local-nodejs/f98a0858-83a6-4ef3-980d-ab6a19d10788/build/ios/Pods/StripePaymentsUI/StripePaymentsUI/StripePaymentsUI/Resources/Localizations/zh-Hans.lproj
build	Build iOS Locally on Free Cloud Mac	2026-08-22T21:30:12.0431330Z [RUN_FASTLANE] › Copying   ios/build/Build/Intermediates.noindex/ArchiveIntermediates/Hence/IntermediateBuildFilesPath/UninstalledProducts/iphoneos/StripePaymentsUIBundle.bundle/zh-HK.lproj ➜ ../../../../../var/folders/g3/pffjr_y96bq06blnkf72x_hw0000gn/T/eas-build-local-nodejs/f98a0858-83a6-4ef3-980d-ab6a19d10788/build/ios/Pods/StripePaymentsUI/StripePaymentsUI/StripePaymentsUI/Resources/Localizations/zh-HK.lproj
build	Build iOS Locally on Free Cloud Mac	2026-08-22T21:30:12.0535250Z [RUN_FASTLANE] › Copying   ios/build/Build/Intermediates.noindex/ArchiveIntermediates/Hence/IntermediateBuildFilesPath/UninstalledProducts/iphoneos/StripePaymentsUIBundle.bundle/vi.lproj ➜ ../../../../../var/folders/g3/pffjr_y96bq06blnkf72x_hw0000gn/T/eas-build-local-nodejs/f98a0858-83a6-4ef3-980d-ab6a19d10788/build/ios/Pods/StripePaymentsUI/StripePaymentsUI/StripePaymentsUI/Resources/Localizations/vi.lproj
build	Build iOS Locally on Free Cloud Mac	2026-08-22T21:30:12.0632150Z [RUN_FASTLANE] › Copying   ios/build/Build/Intermediates.noindex/ArchiveIntermediates/Hence/IntermediateBuildFilesPath/UninstalledProducts/iphoneos/StripePaymentsUIBundle.bundle/tr.lproj ➜ ../../../../../var/folders/g3/pffjr_y96bq06blnkf72x_hw0000gn/T/eas-build-local-nodejs/f98a0858-83a6-4ef3-980d-ab6a19d10788/build/ios/Pods/StripePaymentsUI/StripePaymentsUI/StripePaymentsUI/Resources/Localizations/tr.lproj
build	Build iOS Locally on Free Cloud Mac	2026-08-22T21:30:12.0759560Z [RUN_FASTLANE] › Copying   ios/build/Build/Intermediates.noindex/ArchiveIntermediates/Hence/IntermediateBuildFilesPath/UninstalledProducts/iphoneos/StripePaymentsUIBundle.bundle/tk.lproj ➜ ../../../../../var/folders/g3/pffjr_y96bq06blnkf72x_hw0000gn/T/eas-build-local-nodejs/f98a0858-83a6-4ef3-980d-ab6a19d10788/build/ios/Pods/StripePaymentsUI/StripePaymentsUI/StripePaymentsUI/Resources/Localizations/tk.lproj
build	Build iOS Locally on Free Cloud Mac	2026-08-22T21:30:12.0858760Z [RUN_FASTLANE] › Copying   ios/build/Build/Intermediates.noindex/ArchiveIntermediates/Hence/IntermediateBuildFilesPath/UninstalledProducts/iphoneos/StripePaymentsUIBundle.bundle/th.lproj ➜ ../../../../../var/folders/g3/pffjr_y96bq06blnkf72x_hw0000gn/T/eas-build-local-nodejs/f98a0858-83a6-4ef3-980d-ab6a19d10788/build/ios/Pods/StripePaymentsUI/StripePaymentsUI/StripePaymentsUI/Resources/Localizations/th.lproj
build	Build iOS Locally on Free Cloud Mac	2026-08-22T21:30:12.0962990Z [RUN_FASTLANE] › Copying   ios/build/Build/Intermediates.noindex/ArchiveIntermediates/Hence/IntermediateBuildFilesPath/UninstalledProducts/iphoneos/StripePaymentsUIBundle.bundle/sv.lproj ➜ ../../../../../var/folders/g3/pffjr_y96bq06blnkf72x_hw0000gn/T/eas-build-local-nodejs/f98a0858-83a6-4ef3-980d-ab6a19d10788/build/ios/Pods/StripePaymentsUI/StripePaymentsUI/StripePaymentsUI/Resources/Localizations/sv.lproj
build	Build iOS Locally on Free Cloud Mac	2026-08-22T21:30:12.1068680Z [RUN_FASTLANE] › Copying   ios/build/Build/Intermediates.noindex/ArchiveIntermediates/Hence/IntermediateBuildFilesPath/UninstalledProducts/iphoneos/StripePaymentsUIBundle.bundle/sl-SI.lproj ➜ ../../../../../var/folders/g3/pffjr_y96bq06blnkf72x_hw0000gn/T/eas-build-local-nodejs/f98a0858-83a6-4ef3-980d-ab6a19d10788/build/ios/Pods/StripePaymentsUI/StripePaymentsUI/StripePaymentsUI/Resources/Localizations/sl-SI.lproj
build	Build iOS Locally on Free Cloud Mac	2026-08-22T21:30:12.1172020Z [RUN_FASTLANE] › Copying   ios/build/Build/Intermediates.noindex/ArchiveIntermediates/Hence/IntermediateBuildFilesPath/UninstalledProducts/iphoneos/StripePaymentsUIBundle.bundle/sk-SK.lproj ➜ ../../../../../var/folders/g3/pffjr_y96bq06blnkf72x_hw0000gn/T/eas-build-local-nodejs/f98a0858-83a6-4ef3-980d-ab6a19d10788/build/ios/Pods/StripePaymentsUI/StripePaymentsUI/StripePaymentsUI/Resources/Localizations/sk-SK.lproj
build	Build iOS Locally on Free Cloud Mac	2026-08-22T21:30:12.1277270Z [RUN_FASTLANE] › Copying   ios/build/Build/Intermediates.noindex/ArchiveIntermediates/Hence/IntermediateBuildFilesPath/UninstalledProducts/iphoneos/StripePaymentsUIBundle.bundle/ru.lproj ➜ ../../../../../var/folders/g3/pffjr_y96bq06blnkf72x_hw0000gn/T/eas-build-local-nodejs/f98a0858-83a6-4ef3-980d-ab6a19d10788/build/ios/Pods/StripePaymentsUI/StripePaymentsUI/StripePaymentsUI/Resources/Localizations/ru.lproj
build	Build iOS Locally on Free Cloud Mac	2026-08-22T21:30:12.1377020Z [RUN_FASTLANE] › Copying   ios/build/Build/Intermediates.noindex/ArchiveIntermediates/Hence/IntermediateBuildFilesPath/UninstalledProducts/iphoneos/StripePaymentsUIBundle.bundle/ro-RO.lproj ➜ ../../../../../var/folders/g3/pffjr_y96bq06blnkf72x_hw0000gn/T/eas-build-local-nodejs/f98a0858-83a6-4ef3-980d-ab6a19d10788/build/ios/Pods/StripePaymentsUI/StripePaymentsUI/StripePaymentsUI/Resources/Localizations/ro-RO.lproj
build	Build iOS Locally on Free Cloud Mac	2026-08-22T21:30:12.1482970Z [RUN_FASTLANE] › Copying   ios/build/Build/Intermediates.noindex/ArchiveIntermediates/Hence/IntermediateBuildFilesPath/UninstalledProducts/iphoneos/StripePaymentsUIBundle.bundle/pt-PT.lproj ➜ ../../../../../var/folders/g3/pffjr_y96bq06blnkf72x_hw0000gn/T/eas-build-local-nodejs/f98a0858-83a6-4ef3-980d-ab6a19d10788/build/ios/Pods/StripePaymentsUI/StripePaymentsUI/StripePaymentsUI/Resources/Localizations/pt-PT.lproj
build	Build iOS Locally on Free Cloud Mac	2026-08-22T21:30:12.1582530Z [RUN_FASTLANE] › Copying   ios/build/Build/Intermediates.noindex/ArchiveIntermediates/Hence/IntermediateBuildFilesPath/UninstalledProducts/iphoneos/StripePaymentsUIBundle.bundle/pt-BR.lproj ➜ ../../../../../var/folders/g3/pffjr_y96bq06blnkf72x_hw0000gn/T/eas-build-local-nodejs/f98a0858-83a6-4ef3-980d-ab6a19d10788/build/ios/Pods/StripePaymentsUI/StripePaymentsUI/StripePaymentsUI/Resources/Localizations/pt-BR.lproj
build	Build iOS Locally on Free Cloud Mac	2026-08-22T21:30:12.1687030Z [RUN_FASTLANE] › Copying   ios/build/Build/Intermediates.noindex/ArchiveIntermediates/Hence/IntermediateBuildFilesPath/UninstalledProducts/iphoneos/StripePaymentsUIBundle.bundle/pl-PL.lproj ➜ ../../../../../var/folders/g3/pffjr_y96bq06blnkf72x_hw0000gn/T/eas-build-local-nodejs/f98a0858-83a6-4ef3-980d-ab6a19d10788/build/ios/Pods/StripePaymentsUI/StripePaymentsUI/StripePaymentsUI/Resources/Localizations/pl-PL.lproj
build	Build iOS Locally on Free Cloud Mac	2026-08-22T21:30:12.1788920Z [RUN_FASTLANE] › Copying   ios/build/Build/Intermediates.noindex/ArchiveIntermediates/Hence/IntermediateBuildFilesPath/UninstalledProducts/iphoneos/StripePaymentsUIBundle.bundle/nl.lproj ➜ ../../../../../var/folders/g3/pffjr_y96bq06blnkf72x_hw0000gn/T/eas-build-local-nodejs/f98a0858-83a6-4ef3-980d-ab6a19d10788/build/ios/Pods/StripePaymentsUI/StripePaymentsUI/StripePaymentsUI/Resources/Localizations/nl.lproj
build	Build iOS Locally on Free Cloud Mac	2026-08-22T21:30:12.1891950Z [RUN_FASTLANE] › Copying   ios/build/Build/Intermediates.noindex/ArchiveIntermediates/Hence/IntermediateBuildFilesPath/UninstalledProducts/iphoneos/StripePaymentsUIBundle.bundle/nb.lproj ➜ ../../../../../var/folders/g3/pffjr_y96bq06blnkf72x_hw0000gn/T/eas-build-local-nodejs/f98a0858-83a6-4ef3-980d-ab6a19d10788/build/ios/Pods/StripePaymentsUI/StripePaymentsUI/StripePaymentsUI/Resources/Localizations/nb.lproj
build	Build iOS Locally on Free Cloud Mac	2026-08-22T21:30:12.1997620Z [RUN_FASTLANE] › Copying   ios/build/Build/Intermediates.noindex/ArchiveIntermediates/Hence/IntermediateBuildFilesPath/UninstalledProducts/iphoneos/StripePaymentsUIBundle.bundle/mt.lproj ➜ ../../../../../var/folders/g3/pffjr_y96bq06blnkf72x_hw0000gn/T/eas-build-local-nodejs/f98a0858-83a6-4ef3-980d-ab6a19d10788/build/ios/Pods/StripePaymentsUI/StripePaymentsUI/StripePaymentsUI/Resources/Localizations/mt.lproj
build	Build iOS Locally on Free Cloud Mac	2026-08-22T21:30:12.2007570Z [RUN_FASTLANE] › Copying   ios/build/Build/Intermediates.noindex/ArchiveIntermediates/Hence/IntermediateBuildFilesPath/UninstalledProducts/iphoneos/StripePaymentsUIBundle.bundle/ms-MY.lproj ➜ ../../../../../var/folders/g3/pffjr_y96bq06blnkf72x_hw0000gn/T/eas-build-local-nodejs/f98a0858-83a6-4ef3-980d-ab6a19d10788/build/ios/Pods/StripePaymentsUI/StripePaymentsUI/StripePaymentsUI/Resources/Localizations/ms-MY.lproj
build	Build iOS Locally on Free Cloud Mac	2026-08-22T21:30:12.2114880Z [RUN_FASTLANE] › Copying   ios/build/Build/Intermediates.noindex/ArchiveIntermediates/Hence/IntermediateBuildFilesPath/UninstalledProducts/iphoneos/StripePaymentsUIBundle.bundle/lv-LV.lproj ➜ ../../../../../var/folders/g3/pffjr_y96bq06blnkf72x_hw0000gn/T/eas-build-local-nodejs/f98a0858-83a6-4ef3-980d-ab6a19d10788/build/ios/Pods/StripePaymentsUI/StripePaymentsUI/StripePaymentsUI/Resources/Localizations/lv-LV.lproj
build	Build iOS Locally on Free Cloud Mac	2026-08-22T21:30:12.2220790Z [RUN_FASTLANE] › Copying   ios/build/Build/Intermediates.noindex/ArchiveIntermediates/Hence/IntermediateBuildFilesPath/UninstalledProducts/iphoneos/StripePaymentsUIBundle.bundle/lt-LT.lproj ➜ ../../../../../var/folders/g3/pffjr_y96bq06blnkf72x_hw0000gn/T/eas-build-local-nodejs/f98a0858-83a6-4ef3-980d-ab6a19d10788/build/ios/Pods/StripePaymentsUI/StripePaymentsUI/StripePaymentsUI/Resources/Localizations/lt-LT.lproj
build	Build iOS Locally on Free Cloud Mac	2026-08-22T21:30:12.2326300Z [RUN_FASTLANE] › Copying   ios/build/Build/Intermediates.noindex/ArchiveIntermediates/Hence/IntermediateBuildFilesPath/UninstalledProducts/iphoneos/StripePaymentsUIBundle.bundle/ko.lproj ➜ ../../../../../var/folders/g3/pffjr_y96bq06blnkf72x_hw0000gn/T/eas-build-local-nodejs/f98a0858-83a6-4ef3-980d-ab6a19d10788/build/ios/Pods/StripePaymentsUI/StripePaymentsUI/StripePaymentsUI/Resources/Localizations/ko.lproj
build	Build iOS Locally on Free Cloud Mac	2026-08-22T21:30:12.2439050Z [RUN_FASTLANE] › Copying   ios/build/Build/Intermediates.noindex/ArchiveIntermediates/Hence/IntermediateBuildFilesPath/UninstalledProducts/iphoneos/StripePaymentsUIBundle.bundle/ja.lproj ➜ ../../../../../var/folders/g3/pffjr_y96bq06blnkf72x_hw0000gn/T/eas-build-local-nodejs/f98a0858-83a6-4ef3-980d-ab6a19d10788/build/ios/Pods/StripePaymentsUI/StripePaymentsUI/StripePaymentsUI/Resources/Localizations/ja.lproj
build	Build iOS Locally on Free Cloud Mac	2026-08-22T21:30:12.2550110Z [RUN_FASTLANE] › Copying   ios/build/Build/Intermediates.noindex/ArchiveIntermediates/Hence/IntermediateBuildFilesPath/UninstalledProducts/iphoneos/StripePaymentsUIBundle.bundle/it.lproj ➜ ../../../../../var/folders/g3/pffjr_y96bq06blnkf72x_hw0000gn/T/eas-build-local-nodejs/f98a0858-83a6-4ef3-980d-ab6a19d10788/build/ios/Pods/StripePaymentsUI/StripePaymentsUI/StripePaymentsUI/Resources/Localizations/it.lproj
build	Build iOS Locally on Free Cloud Mac	2026-08-22T21:30:12.2657150Z [RUN_FASTLANE] › Copying   ios/build/Build/Intermediates.noindex/ArchiveIntermediates/Hence/IntermediateBuildFilesPath/UninstalledProducts/iphoneos/StripePaymentsUIBundle.bundle/id.lproj ➜ ../../../../../var/folders/g3/pffjr_y96bq06blnkf72x_hw0000gn/T/eas-build-local-nodejs/f98a0858-83a6-4ef3-980d-ab6a19d10788/build/ios/Pods/StripePaymentsUI/StripePaymentsUI/StripePaymentsUI/Resources/Localizations/id.lproj
build	Build iOS Locally on Free Cloud Mac	2026-08-22T21:30:12.2763100Z [RUN_FASTLANE] › Copying   ios/build/Build/Intermediates.noindex/ArchiveIntermediates/Hence/IntermediateBuildFilesPath/UninstalledProducts/iphoneos/StripePaymentsUIBundle.bundle/hu.lproj ➜ ../../../../../var/folders/g3/pffjr_y96bq06blnkf72x_hw0000gn/T/eas-build-local-nodejs/f98a0858-83a6-4ef3-980d-ab6a19d10788/build/ios/Pods/StripePaymentsUI/StripePaymentsUI/StripePaymentsUI/Resources/Localizations/hu.lproj
build	Build iOS Locally on Free Cloud Mac	2026-08-22T21:30:12.2867910Z [RUN_FASTLANE] › Preparing Pods/StripeUICore-StripeUICoreBundle » ResourceBundle-StripeUICoreBundle-StripeUICore-Info.plist
build	Build iOS Locally on Free Cloud Mac	2026-08-22T21:30:12.2974600Z [RUN_FASTLANE] › Copying   ios/build/Build/Intermediates.noindex/ArchiveIntermediates/Hence/IntermediateBuildFilesPath/UninstalledProducts/iphoneos/StripePaymentsUIBundle.bundle/hr.lproj ➜ ../../../../../var/folders/g3/pffjr_y96bq06blnkf72x_hw0000gn/T/eas-build-local-nodejs/f98a0858-83a6-4ef3-980d-ab6a19d10788/build/ios/Pods/StripePaymentsUI/StripePaymentsUI/StripePaymentsUI/Resources/Localizations/hr.lproj
build	Build iOS Locally on Free Cloud Mac	2026-08-22T21:30:12.3083520Z [RUN_FASTLANE] › Copying   ios/build/Build/Intermediates.noindex/ArchiveIntermediates/Hence/IntermediateBuildFilesPath/UninstalledProducts/iphoneos/StripePaymentsUIBundle.bundle/fr.lproj ➜ ../../../../../var/folders/g3/pffjr_y96bq06blnkf72x_hw0000gn/T/eas-build-local-nodejs/f98a0858-83a6-4ef3-980d-ab6a19d10788/build/ios/Pods/StripePaymentsUI/StripePaymentsUI/StripePaymentsUI/Resources/Localizations/fr.lproj
build	Build iOS Locally on Free Cloud Mac	2026-08-22T21:30:12.3190500Z [RUN_FASTLANE] › Copying   ios/build/Build/Intermediates.noindex/ArchiveIntermediates/Hence/IntermediateBuildFilesPath/UninstalledProducts/iphoneos/StripePaymentsUIBundle.bundle/fr-CA.lproj ➜ ../../../../../var/folders/g3/pffjr_y96bq06blnkf72x_hw0000gn/T/eas-build-local-nodejs/f98a0858-83a6-4ef3-980d-ab6a19d10788/build/ios/Pods/StripePaymentsUI/StripePaymentsUI/StripePaymentsUI/Resources/Localizations/fr-CA.lproj
build	Build iOS Locally on Free Cloud Mac	2026-08-22T21:30:12.3300970Z [RUN_FASTLANE] › Copying   ios/build/Build/Intermediates.noindex/ArchiveIntermediates/Hence/IntermediateBuildFilesPath/UninstalledProducts/iphoneos/StripePaymentsUIBundle.bundle/fil.lproj ➜ ../../../../../var/folders/g3/pffjr_y96bq06blnkf72x_hw0000gn/T/eas-build-local-nodejs/f98a0858-83a6-4ef3-980d-ab6a19d10788/build/ios/Pods/StripePaymentsUI/StripePaymentsUI/StripePaymentsUI/Resources/Localizations/fil.lproj
build	Build iOS Locally on Free Cloud Mac	2026-08-22T21:30:12.3412580Z [RUN_FASTLANE] › Copying   ios/build/Build/Intermediates.noindex/ArchiveIntermediates/Hence/IntermediateBuildFilesPath/UninstalledProducts/iphoneos/StripePaymentsUIBundle.bundle/fi.lproj ➜ ../../../../../var/folders/g3/pffjr_y96bq06blnkf72x_hw0000gn/T/eas-build-local-nodejs/f98a0858-83a6-4ef3-980d-ab6a19d10788/build/ios/Pods/StripePaymentsUI/StripePaymentsUI/StripePaymentsUI/Resources/Localizations/fi.lproj
build	Build iOS Locally on Free Cloud Mac	2026-08-22T21:30:12.3702290Z [RUN_FASTLANE] › Copying   ios/build/Build/Intermediates.noindex/ArchiveIntermediates/Hence/IntermediateBuildFilesPath/UninstalledProducts/iphoneos/StripePaymentsUIBundle.bundle/et-EE.lproj ➜ ../../../../../var/folders/g3/pffjr_y96bq06blnkf72x_hw0000gn/T/eas-build-local-nodejs/f98a0858-83a6-4ef3-980d-ab6a19d10788/build/ios/Pods/StripePaymentsUI/StripePaymentsUI/StripePaymentsUI/Resources/Localizations/et-EE.lproj
build	Build iOS Locally on Free Cloud Mac	2026-08-22T21:30:12.3711970Z [RUN_FASTLANE] › Copying   ios/build/Build/Intermediates.noindex/ArchiveIntermediates/Hence/IntermediateBuildFilesPath/UninstalledProducts/iphoneos/StripePaymentsUIBundle.bundle/es.lproj ➜ ../../../../../var/folders/g3/pffjr_y96bq06blnkf72x_hw0000gn/T/eas-build-local-nodejs/f98a0858-83a6-4ef3-980d-ab6a19d10788/build/ios/Pods/StripePaymentsUI/StripePaymentsUI/StripePaymentsUI/Resources/Localizations/es.lproj
build	Build iOS Locally on Free Cloud Mac	2026-08-22T21:30:12.3771880Z [RUN_FASTLANE] › Copying   ios/build/Build/Intermediates.noindex/ArchiveIntermediates/Hence/IntermediateBuildFilesPath/UninstalledProducts/iphoneos/StripePaymentsUIBundle.bundle/es-419.lproj ➜ ../../../../../var/folders/g3/pffjr_y96bq06blnkf72x_hw0000gn/T/eas-build-local-nodejs/f98a0858-83a6-4ef3-980d-ab6a19d10788/build/ios/Pods/StripePaymentsUI/StripePaymentsUI/StripePaymentsUI/Resources/Localizations/es-419.lproj
build	Build iOS Locally on Free Cloud Mac	2026-08-22T21:30:12.3857760Z [RUN_FASTLANE] › Copying   ios/build/Build/Intermediates.noindex/ArchiveIntermediates/Hence/IntermediateBuildFilesPath/UninstalledProducts/iphoneos/StripePaymentsUIBundle.bundle/en.lproj ➜ ../../../../../var/folders/g3/pffjr_y96bq06blnkf72x_hw0000gn/T/eas-build-local-nodejs/f98a0858-83a6-4ef3-980d-ab6a19d10788/build/ios/Pods/StripePaymentsUI/StripePaymentsUI/StripePaymentsUI/Resources/Localizations/en.lproj
build	Build iOS Locally on Free Cloud Mac	2026-08-22T21:30:12.4032380Z [RUN_FASTLANE] › Copying   ios/build/Build/Intermediates.noindex/ArchiveIntermediates/Hence/IntermediateBuildFilesPath/UninstalledProducts/iphoneos/StripePaymentsUIBundle.bundle/en-GB.lproj ➜ ../../../../../var/folders/g3/pffjr_y96bq06blnkf72x_hw0000gn/T/eas-build-local-nodejs/f98a0858-83a6-4ef3-980d-ab6a19d10788/build/ios/Pods/StripePaymentsUI/StripePaymentsUI/StripePaymentsUI/Resources/Localizations/en-GB.lproj
build	Build iOS Locally on Free Cloud Mac	2026-08-22T21:30:12.4042590Z [RUN_FASTLANE] › Copying   ios/build/Build/Intermediates.noindex/ArchiveIntermediates/Hence/IntermediateBuildFilesPath/UninstalledProducts/iphoneos/StripePaymentsUIBundle.bundle/el-GR.lproj ➜ ../../../../../var/folders/g3/pffjr_y96bq06blnkf72x_hw0000gn/T/eas-build-local-nodejs/f98a0858-83a6-4ef3-980d-ab6a19d10788/build/ios/Pods/StripePaymentsUI/StripePaymentsUI/StripePaymentsUI/Resources/Localizations/el-GR.lproj
build	Build iOS Locally on Free Cloud Mac	2026-08-22T21:30:12.4178370Z [RUN_FASTLANE] › Copying   ios/build/Build/Intermediates.noindex/ArchiveIntermediates/Hence/IntermediateBuildFilesPath/UninstalledProducts/iphoneos/StripePaymentsUIBundle.bundle/de.lproj ➜ ../../../../../var/folders/g3/pffjr_y96bq06blnkf72x_hw0000gn/T/eas-build-local-nodejs/f98a0858-83a6-4ef3-980d-ab6a19d10788/build/ios/Pods/StripePaymentsUI/StripePaymentsUI/StripePaymentsUI/Resources/Localizations/de.lproj
build	Build iOS Locally on Free Cloud Mac	2026-08-22T21:30:12.4283550Z [RUN_FASTLANE] › Copying   ios/build/Build/Intermediates.noindex/ArchiveIntermediates/Hence/IntermediateBuildFilesPath/UninstalledProducts/iphoneos/StripePaymentsUIBundle.bundle/da.lproj ➜ ../../../../../var/folders/g3/pffjr_y96bq06blnkf72x_hw0000gn/T/eas-build-local-nodejs/f98a0858-83a6-4ef3-980d-ab6a19d10788/build/ios/Pods/StripePaymentsUI/StripePaymentsUI/StripePaymentsUI/Resources/Localizations/da.lproj
build	Build iOS Locally on Free Cloud Mac	2026-08-22T21:30:12.4357740Z [RUN_FASTLANE] › Copying   ios/build/Build/Intermediates.noindex/ArchiveIntermediates/Hence/IntermediateBuildFilesPath/UninstalledProducts/iphoneos/StripePaymentsUIBundle.bundle/cs-CZ.lproj ➜ ../../../../../var/folders/g3/pffjr_y96bq06blnkf72x_hw0000gn/T/eas-build-local-nodejs/f98a0858-83a6-4ef3-980d-ab6a19d10788/build/ios/Pods/StripePaymentsUI/StripePaymentsUI/StripePaymentsUI/Resources/Localizations/cs-CZ.lproj
build	Build iOS Locally on Free Cloud Mac	2026-08-22T21:30:12.4471310Z [RUN_FASTLANE] › Copying   ios/build/Build/Intermediates.noindex/ArchiveIntermediates/Hence/IntermediateBuildFilesPath/UninstalledProducts/iphoneos/StripePaymentsUIBundle.bundle/ca-ES.lproj ➜ ../../../../../var/folders/g3/pffjr_y96bq06blnkf72x_hw0000gn/T/eas-build-local-nodejs/f98a0858-83a6-4ef3-980d-ab6a19d10788/build/ios/Pods/StripePaymentsUI/StripePaymentsUI/StripePaymentsUI/Resources/Localizations/ca-ES.lproj
build	Build iOS Locally on Free Cloud Mac	2026-08-22T21:30:12.4576620Z [RUN_FASTLANE] › Copying   ios/build/Build/Intermediates.noindex/ArchiveIntermediates/Hence/IntermediateBuildFilesPath/UninstalledProducts/iphoneos/StripePaymentsUIBundle.bundle/bg-BG.lproj ➜ ../../../../../var/folders/g3/pffjr_y96bq06blnkf72x_hw0000gn/T/eas-build-local-nodejs/f98a0858-83a6-4ef3-980d-ab6a19d10788/build/ios/Pods/StripePaymentsUI/StripePaymentsUI/StripePaymentsUI/Resources/Localizations/bg-BG.lproj
build	Build iOS Locally on Free Cloud Mac	2026-08-22T21:30:12.4684840Z [RUN_FASTLANE] › Copying   ios/build/Build/Intermediates.noindex/ArchiveIntermediates/Hence/IntermediateBuildFilesPath/UninstalledProducts/iphoneos/StripePaymentsUIBundle.bundle/au_becs_bsb.json ➜ ../../../../../var/folders/g3/pffjr_y96bq06blnkf72x_hw0000gn/T/eas-build-local-nodejs/f98a0858-83a6-4ef3-980d-ab6a19d10788/build/ios/Pods/StripePaymentsUI/StripePaymentsUI/StripePaymentsUI/Resources/JSON/au_becs_bsb.json
build	Build iOS Locally on Free Cloud Mac	2026-08-22T21:30:12.5588370Z [RUN_FASTLANE] › Preparing Pods/StripePayments-StripePaymentsBundle » ResourceBundle-StripePaymentsBundle-StripePayments-Info.plist
build	Build iOS Locally on Free Cloud Mac	2026-08-22T21:30:12.5693320Z [RUN_FASTLANE] › Copying   ios/build/Build/Intermediates.noindex/ArchiveIntermediates/Hence/IntermediateBuildFilesPath/UninstalledProducts/iphoneos/StripePaymentsBundle.bundle/zh-Hant.lproj ➜ ../../../../../var/folders/g3/pffjr_y96bq06blnkf72x_hw0000gn/T/eas-build-local-nodejs/f98a0858-83a6-4ef3-980d-ab6a19d10788/build/ios/Pods/StripePayments/StripePayments/StripePayments/Resources/Localizations/zh-Hant.lproj
build	Build iOS Locally on Free Cloud Mac	2026-08-22T21:30:12.5800000Z [RUN_FASTLANE] › Copying   ios/build/Build/Intermediates.noindex/ArchiveIntermediates/Hence/IntermediateBuildFilesPath/UninstalledProducts/iphoneos/StripePaymentsBundle.bundle/zh-Hans.lproj ➜ ../../../../../var/folders/g3/pffjr_y96bq06blnkf72x_hw0000gn/T/eas-build-local-nodejs/f98a0858-83a6-4ef3-980d-ab6a19d10788/build/ios/Pods/StripePayments/StripePayments/StripePayments/Resources/Localizations/zh-Hans.lproj
build	Build iOS Locally on Free Cloud Mac	2026-08-22T21:30:12.5907150Z [RUN_FASTLANE] › Copying   ios/build/Build/Intermediates.noindex/ArchiveIntermediates/Hence/IntermediateBuildFilesPath/UninstalledProducts/iphoneos/StripePaymentsBundle.bundle/zh-HK.lproj ➜ ../../../../../var/folders/g3/pffjr_y96bq06blnkf72x_hw0000gn/T/eas-build-local-nodejs/f98a0858-83a6-4ef3-980d-ab6a19d10788/build/ios/Pods/StripePayments/StripePayments/StripePayments/Resources/Localizations/zh-HK.lproj
build	Build iOS Locally on Free Cloud Mac	2026-08-22T21:30:12.6007580Z [RUN_FASTLANE] › Copying   ios/build/Build/Intermediates.noindex/ArchiveIntermediates/Hence/IntermediateBuildFilesPath/UninstalledProducts/iphoneos/StripePaymentsBundle.bundle/vi.lproj ➜ ../../../../../var/folders/g3/pffjr_y96bq06blnkf72x_hw0000gn/T/eas-build-local-nodejs/f98a0858-83a6-4ef3-980d-ab6a19d10788/build/ios/Pods/StripePayments/StripePayments/StripePayments/Resources/Localizations/vi.lproj
build	Build iOS Locally on Free Cloud Mac	2026-08-22T21:30:12.6109330Z [RUN_FASTLANE] › Copying   ios/build/Build/Intermediates.noindex/ArchiveIntermediates/Hence/IntermediateBuildFilesPath/UninstalledProducts/iphoneos/StripePaymentsBundle.bundle/tr.lproj ➜ ../../../../../var/folders/g3/pffjr_y96bq06blnkf72x_hw0000gn/T/eas-build-local-nodejs/f98a0858-83a6-4ef3-980d-ab6a19d10788/build/ios/Pods/StripePayments/StripePayments/StripePayments/Resources/Localizations/tr.lproj
build	Build iOS Locally on Free Cloud Mac	2026-08-22T21:30:12.6213530Z [RUN_FASTLANE] › Copying   ios/build/Build/Intermediates.noindex/ArchiveIntermediates/Hence/IntermediateBuildFilesPath/UninstalledProducts/iphoneos/StripePaymentsBundle.bundle/tk.lproj ➜ ../../../../../var/folders/g3/pffjr_y96bq06blnkf72x_hw0000gn/T/eas-build-local-nodejs/f98a0858-83a6-4ef3-980d-ab6a19d10788/build/ios/Pods/StripePayments/StripePayments/StripePayments/Resources/Localizations/tk.lproj
build	Build iOS Locally on Free Cloud Mac	2026-08-22T21:30:12.6319370Z [RUN_FASTLANE] › Copying   ios/build/Build/Intermediates.noindex/ArchiveIntermediates/Hence/IntermediateBuildFilesPath/UninstalledProducts/iphoneos/StripePaymentsBundle.bundle/th.lproj ➜ ../../../../../var/folders/g3/pffjr_y96bq06blnkf72x_hw0000gn/T/eas-build-local-nodejs/f98a0858-83a6-4ef3-980d-ab6a19d10788/build/ios/Pods/StripePayments/StripePayments/StripePayments/Resources/Localizations/th.lproj
build	Build iOS Locally on Free Cloud Mac	2026-08-22T21:30:12.6428170Z [RUN_FASTLANE] › Copying   ios/build/Build/Intermediates.noindex/ArchiveIntermediates/Hence/IntermediateBuildFilesPath/UninstalledProducts/iphoneos/StripePaymentsBundle.bundle/sv.lproj ➜ ../../../../../var/folders/g3/pffjr_y96bq06blnkf72x_hw0000gn/T/eas-build-local-nodejs/f98a0858-83a6-4ef3-980d-ab6a19d10788/build/ios/Pods/StripePayments/StripePayments/StripePayments/Resources/Localizations/sv.lproj
build	Build iOS Locally on Free Cloud Mac	2026-08-22T21:30:12.6533720Z [RUN_FASTLANE] › Copying   ios/build/Build/Intermediates.noindex/ArchiveIntermediates/Hence/IntermediateBuildFilesPath/UninstalledProducts/iphoneos/StripePaymentsBundle.bundle/sl-SI.lproj ➜ ../../../../../var/folders/g3/pffjr_y96bq06blnkf72x_hw0000gn/T/eas-build-local-nodejs/f98a0858-83a6-4ef3-980d-ab6a19d10788/build/ios/Pods/StripePayments/StripePayments/StripePayments/Resources/Localizations/sl-SI.lproj
build	Build iOS Locally on Free Cloud Mac	2026-08-22T21:30:12.6630820Z [RUN_FASTLANE] › Copying   ios/build/Build/Intermediates.noindex/ArchiveIntermediates/Hence/IntermediateBuildFilesPath/UninstalledProducts/iphoneos/StripePaymentsBundle.bundle/sk-SK.lproj ➜ ../../../../../var/folders/g3/pffjr_y96bq06blnkf72x_hw0000gn/T/eas-build-local-nodejs/f98a0858-83a6-4ef3-980d-ab6a19d10788/build/ios/Pods/StripePayments/StripePayments/StripePayments/Resources/Localizations/sk-SK.lproj
build	Build iOS Locally on Free Cloud Mac	2026-08-22T21:30:12.6733150Z [RUN_FASTLANE] › Copying   ios/build/Build/Intermediates.noindex/ArchiveIntermediates/Hence/IntermediateBuildFilesPath/UninstalledProducts/iphoneos/StripePaymentsBundle.bundle/ru.lproj ➜ ../../../../../var/folders/g3/pffjr_y96bq06blnkf72x_hw0000gn/T/eas-build-local-nodejs/f98a0858-83a6-4ef3-980d-ab6a19d10788/build/ios/Pods/StripePayments/StripePayments/StripePayments/Resources/Localizations/ru.lproj
build	Build iOS Locally on Free Cloud Mac	2026-08-22T21:30:12.6840650Z [RUN_FASTLANE] › Copying   ios/build/Build/Intermediates.noindex/ArchiveIntermediates/Hence/IntermediateBuildFilesPath/UninstalledProducts/iphoneos/StripePaymentsBundle.bundle/ro-RO.lproj ➜ ../../../../../var/folders/g3/pffjr_y96bq06blnkf72x_hw0000gn/T/eas-build-local-nodejs/f98a0858-83a6-4ef3-980d-ab6a19d10788/build/ios/Pods/StripePayments/StripePayments/StripePayments/Resources/Localizations/ro-RO.lproj
build	Build iOS Locally on Free Cloud Mac	2026-08-22T21:30:12.6938390Z [RUN_FASTLANE] › Copying   ios/build/Build/Intermediates.noindex/ArchiveIntermediates/Hence/IntermediateBuildFilesPath/UninstalledProducts/iphoneos/StripePaymentsBundle.bundle/pt-PT.lproj ➜ ../../../../../var/folders/g3/pffjr_y96bq06blnkf72x_hw0000gn/T/eas-build-local-nodejs/f98a0858-83a6-4ef3-980d-ab6a19d10788/build/ios/Pods/StripePayments/StripePayments/StripePayments/Resources/Localizations/pt-PT.lproj
build	Build iOS Locally on Free Cloud Mac	2026-08-22T21:30:12.7044060Z [RUN_FASTLANE] › Copying   ios/build/Build/Intermediates.noindex/ArchiveIntermediates/Hence/IntermediateBuildFilesPath/UninstalledProducts/iphoneos/StripePaymentsBundle.bundle/pt-BR.lproj ➜ ../../../../../var/folders/g3/pffjr_y96bq06blnkf72x_hw0000gn/T/eas-build-local-nodejs/f98a0858-83a6-4ef3-980d-ab6a19d10788/build/ios/Pods/StripePayments/StripePayments/StripePayments/Resources/Localizations/pt-BR.lproj
build	Build iOS Locally on Free Cloud Mac	2026-08-22T21:30:12.7150900Z [RUN_FASTLANE] › Copying   ios/build/Build/Intermediates.noindex/ArchiveIntermediates/Hence/IntermediateBuildFilesPath/UninstalledProducts/iphoneos/StripePaymentsBundle.bundle/pl-PL.lproj ➜ ../../../../../var/folders/g3/pffjr_y96bq06blnkf72x_hw0000gn/T/eas-build-local-nodejs/f98a0858-83a6-4ef3-980d-ab6a19d10788/build/ios/Pods/StripePayments/StripePayments/StripePayments/Resources/Localizations/pl-PL.lproj
build	Build iOS Locally on Free Cloud Mac	2026-08-22T21:30:12.7259300Z [RUN_FASTLANE] › Copying   ios/build/Build/Intermediates.noindex/ArchiveIntermediates/Hence/IntermediateBuildFilesPath/UninstalledProducts/iphoneos/StripePaymentsBundle.bundle/nl.lproj ➜ ../../../../../var/folders/g3/pffjr_y96bq06blnkf72x_hw0000gn/T/eas-build-local-nodejs/f98a0858-83a6-4ef3-980d-ab6a19d10788/build/ios/Pods/StripePayments/StripePayments/StripePayments/Resources/Localizations/nl.lproj
build	Build iOS Locally on Free Cloud Mac	2026-08-22T21:30:12.7358990Z [RUN_FASTLANE] › Copying   ios/build/Build/Intermediates.noindex/ArchiveIntermediates/Hence/IntermediateBuildFilesPath/UninstalledProducts/iphoneos/StripePaymentsBundle.bundle/nb.lproj ➜ ../../../../../var/folders/g3/pffjr_y96bq06blnkf72x_hw0000gn/T/eas-build-local-nodejs/f98a0858-83a6-4ef3-980d-ab6a19d10788/build/ios/Pods/StripePayments/StripePayments/StripePayments/Resources/Localizations/nb.lproj
build	Build iOS Locally on Free Cloud Mac	2026-08-22T21:30:12.7472040Z [RUN_FASTLANE] › Copying   ios/build/Build/Intermediates.noindex/ArchiveIntermediates/Hence/IntermediateBuildFilesPath/UninstalledProducts/iphoneos/StripePaymentsBundle.bundle/mt.lproj ➜ ../../../../../var/folders/g3/pffjr_y96bq06blnkf72x_hw0000gn/T/eas-build-local-nodejs/f98a0858-83a6-4ef3-980d-ab6a19d10788/build/ios/Pods/StripePayments/StripePayments/StripePayments/Resources/Localizations/mt.lproj
build	Build iOS Locally on Free Cloud Mac	2026-08-22T21:30:12.7572930Z [RUN_FASTLANE] › Copying   ios/build/Build/Intermediates.noindex/ArchiveIntermediates/Hence/IntermediateBuildFilesPath/UninstalledProducts/iphoneos/StripePaymentsBundle.bundle/ms-MY.lproj ➜ ../../../../../var/folders/g3/pffjr_y96bq06blnkf72x_hw0000gn/T/eas-build-local-nodejs/f98a0858-83a6-4ef3-980d-ab6a19d10788/build/ios/Pods/StripePayments/StripePayments/StripePayments/Resources/Localizations/ms-MY.lproj
build	Build iOS Locally on Free Cloud Mac	2026-08-22T21:30:12.7681670Z [RUN_FASTLANE] › Copying   ios/build/Build/Intermediates.noindex/ArchiveIntermediates/Hence/IntermediateBuildFilesPath/UninstalledProducts/iphoneos/StripePaymentsBundle.bundle/lv-LV.lproj ➜ ../../../../../var/folders/g3/pffjr_y96bq06blnkf72x_hw0000gn/T/eas-build-local-nodejs/f98a0858-83a6-4ef3-980d-ab6a19d10788/build/ios/Pods/StripePayments/StripePayments/StripePayments/Resources/Localizations/lv-LV.lproj
build	Build iOS Locally on Free Cloud Mac	2026-08-22T21:30:12.7802440Z [RUN_FASTLANE] › Copying   ios/build/Build/Intermediates.noindex/ArchiveIntermediates/Hence/IntermediateBuildFilesPath/UninstalledProducts/iphoneos/StripePaymentsBundle.bundle/lt-LT.lproj ➜ ../../../../../var/folders/g3/pffjr_y96bq06blnkf72x_hw0000gn/T/eas-build-local-nodejs/f98a0858-83a6-4ef3-980d-ab6a19d10788/build/ios/Pods/StripePayments/StripePayments/StripePayments/Resources/Localizations/lt-LT.lproj
build	Build iOS Locally on Free Cloud Mac	2026-08-22T21:30:12.7812280Z [RUN_FASTLANE] › Copying   ios/build/Build/Intermediates.noindex/ArchiveIntermediates/Hence/IntermediateBuildFilesPath/UninstalledProducts/iphoneos/StripePaymentsBundle.bundle/ko.lproj ➜ ../../../../../var/folders/g3/pffjr_y96bq06blnkf72x_hw0000gn/T/eas-build-local-nodejs/f98a0858-83a6-4ef3-980d-ab6a19d10788/build/ios/Pods/StripePayments/StripePayments/StripePayments/Resources/Localizations/ko.lproj
build	Build iOS Locally on Free Cloud Mac	2026-08-22T21:30:12.7923380Z [RUN_FASTLANE] › Copying   ios/build/Build/Intermediates.noindex/ArchiveIntermediates/Hence/IntermediateBuildFilesPath/UninstalledProducts/iphoneos/StripePaymentsBundle.bundle/ja.lproj ➜ ../../../../../var/folders/g3/pffjr_y96bq06blnkf72x_hw0000gn/T/eas-build-local-nodejs/f98a0858-83a6-4ef3-980d-ab6a19d10788/build/ios/Pods/StripePayments/StripePayments/StripePayments/Resources/Localizations/ja.lproj
build	Build iOS Locally on Free Cloud Mac	2026-08-22T21:30:12.8028670Z [RUN_FASTLANE] › Copying   ios/build/Build/Intermediates.noindex/ArchiveIntermediates/Hence/IntermediateBuildFilesPath/UninstalledProducts/iphoneos/StripePaymentsBundle.bundle/it.lproj ➜ ../../../../../var/folders/g3/pffjr_y96bq06blnkf72x_hw0000gn/T/eas-build-local-nodejs/f98a0858-83a6-4ef3-980d-ab6a19d10788/build/ios/Pods/StripePayments/StripePayments/StripePayments/Resources/Localizations/it.lproj
build	Build iOS Locally on Free Cloud Mac	2026-08-22T21:30:12.8133920Z [RUN_FASTLANE] › Copying   ios/build/Build/Intermediates.noindex/ArchiveIntermediates/Hence/IntermediateBuildFilesPath/UninstalledProducts/iphoneos/StripePaymentsBundle.bundle/id.lproj ➜ ../../../../../var/folders/g3/pffjr_y96bq06blnkf72x_hw0000gn/T/eas-build-local-nodejs/f98a0858-83a6-4ef3-980d-ab6a19d10788/build/ios/Pods/StripePayments/StripePayments/StripePayments/Resources/Localizations/id.lproj
build	Build iOS Locally on Free Cloud Mac	2026-08-22T21:30:12.8248740Z [RUN_FASTLANE] › Copying   ios/build/Build/Intermediates.noindex/ArchiveIntermediates/Hence/IntermediateBuildFilesPath/UninstalledProducts/iphoneos/StripePaymentsBundle.bundle/hu.lproj ➜ ../../../../../var/folders/g3/pffjr_y96bq06blnkf72x_hw0000gn/T/eas-build-local-nodejs/f98a0858-83a6-4ef3-980d-ab6a19d10788/build/ios/Pods/StripePayments/StripePayments/StripePayments/Resources/Localizations/hu.lproj
build	Build iOS Locally on Free Cloud Mac	2026-08-22T21:30:12.8354010Z [RUN_FASTLANE] › Copying   ios/build/Build/Intermediates.noindex/ArchiveIntermediates/Hence/IntermediateBuildFilesPath/UninstalledProducts/iphoneos/StripePaymentsBundle.bundle/hr.lproj ➜ ../../../../../var/folders/g3/pffjr_y96bq06blnkf72x_hw0000gn/T/eas-build-local-nodejs/f98a0858-83a6-4ef3-980d-ab6a19d10788/build/ios/Pods/StripePayments/StripePayments/StripePayments/Resources/Localizations/hr.lproj
build	Build iOS Locally on Free Cloud Mac	2026-08-22T21:30:12.8462740Z [RUN_FASTLANE] › Copying   ios/build/Build/Intermediates.noindex/ArchiveIntermediates/Hence/IntermediateBuildFilesPath/UninstalledProducts/iphoneos/StripePaymentsBundle.bundle/fr.lproj ➜ ../../../../../var/folders/g3/pffjr_y96bq06blnkf72x_hw0000gn/T/eas-build-local-nodejs/f98a0858-83a6-4ef3-980d-ab6a19d10788/build/ios/Pods/StripePayments/StripePayments/StripePayments/Resources/Localizations/fr.lproj
build	Build iOS Locally on Free Cloud Mac	2026-08-22T21:30:12.8577350Z [RUN_FASTLANE] › Copying   ios/build/Build/Intermediates.noindex/ArchiveIntermediates/Hence/IntermediateBuildFilesPath/UninstalledProducts/iphoneos/StripePaymentsBundle.bundle/fr-CA.lproj ➜ ../../../../../var/folders/g3/pffjr_y96bq06blnkf72x_hw0000gn/T/eas-build-local-nodejs/f98a0858-83a6-4ef3-980d-ab6a19d10788/build/ios/Pods/StripePayments/StripePayments/StripePayments/Resources/Localizations/fr-CA.lproj
build	Build iOS Locally on Free Cloud Mac	2026-08-22T21:30:12.8691590Z [RUN_FASTLANE] › Copying   ios/build/Build/Intermediates.noindex/ArchiveIntermediates/Hence/IntermediateBuildFilesPath/UninstalledProducts/iphoneos/StripePaymentsBundle.bundle/fil.lproj ➜ ../../../../../var/folders/g3/pffjr_y96bq06blnkf72x_hw0000gn/T/eas-build-local-nodejs/f98a0858-83a6-4ef3-980d-ab6a19d10788/build/ios/Pods/StripePayments/StripePayments/StripePayments/Resources/Localizations/fil.lproj
build	Build iOS Locally on Free Cloud Mac	2026-08-22T21:30:12.8802190Z [RUN_FASTLANE] › Copying   ios/build/Build/Intermediates.noindex/ArchiveIntermediates/Hence/IntermediateBuildFilesPath/UninstalledProducts/iphoneos/StripePaymentsBundle.bundle/fi.lproj ➜ ../../../../../var/folders/g3/pffjr_y96bq06blnkf72x_hw0000gn/T/eas-build-local-nodejs/f98a0858-83a6-4ef3-980d-ab6a19d10788/build/ios/Pods/StripePayments/StripePayments/StripePayments/Resources/Localizations/fi.lproj
build	Build iOS Locally on Free Cloud Mac	2026-08-22T21:30:12.8910580Z [RUN_FASTLANE] › Copying   ios/build/Build/Intermediates.noindex/ArchiveIntermediates/Hence/IntermediateBuildFilesPath/UninstalledProducts/iphoneos/StripePaymentsBundle.bundle/et-EE.lproj ➜ ../../../../../var/folders/g3/pffjr_y96bq06blnkf72x_hw0000gn/T/eas-build-local-nodejs/f98a0858-83a6-4ef3-980d-ab6a19d10788/build/ios/Pods/StripePayments/StripePayments/StripePayments/Resources/Localizations/et-EE.lproj
build	Build iOS Locally on Free Cloud Mac	2026-08-22T21:30:12.9023420Z [RUN_FASTLANE] › Copying   ios/build/Build/Intermediates.noindex/ArchiveIntermediates/Hence/IntermediateBuildFilesPath/UninstalledProducts/iphoneos/StripePaymentsBundle.bundle/es.lproj ➜ ../../../../../var/folders/g3/pffjr_y96bq06blnkf72x_hw0000gn/T/eas-build-local-nodejs/f98a0858-83a6-4ef3-980d-ab6a19d10788/build/ios/Pods/StripePayments/StripePayments/StripePayments/Resources/Localizations/es.lproj
build	Build iOS Locally on Free Cloud Mac	2026-08-22T21:30:12.9136540Z [RUN_FASTLANE] › Copying   ios/build/Build/Intermediates.noindex/ArchiveIntermediates/Hence/IntermediateBuildFilesPath/UninstalledProducts/iphoneos/StripePaymentsBundle.bundle/es-419.lproj ➜ ../../../../../var/folders/g3/pffjr_y96bq06blnkf72x_hw0000gn/T/eas-build-local-nodejs/f98a0858-83a6-4ef3-980d-ab6a19d10788/build/ios/Pods/StripePayments/StripePayments/StripePayments/Resources/Localizations/es-419.lproj
build	Build iOS Locally on Free Cloud Mac	2026-08-22T21:30:12.9241340Z [RUN_FASTLANE] › Copying   ios/build/Build/Intermediates.noindex/ArchiveIntermediates/Hence/IntermediateBuildFilesPath/UninstalledProducts/iphoneos/StripePaymentsBundle.bundle/en.lproj ➜ ../../../../../var/folders/g3/pffjr_y96bq06blnkf72x_hw0000gn/T/eas-build-local-nodejs/f98a0858-83a6-4ef3-980d-ab6a19d10788/build/ios/Pods/StripePayments/StripePayments/StripePayments/Resources/Localizations/en.lproj
build	Build iOS Locally on Free Cloud Mac	2026-08-22T21:30:12.9345720Z [RUN_FASTLANE] › Copying   ios/build/Build/Intermediates.noindex/ArchiveIntermediates/Hence/IntermediateBuildFilesPath/UninstalledProducts/iphoneos/StripePaymentsBundle.bundle/en-GB.lproj ➜ ../../../../../var/folders/g3/pffjr_y96bq06blnkf72x_hw0000gn/T/eas-build-local-nodejs/f98a0858-83a6-4ef3-980d-ab6a19d10788/build/ios/Pods/StripePayments/StripePayments/StripePayments/Resources/Localizations/en-GB.lproj
build	Build iOS Locally on Free Cloud Mac	2026-08-22T21:30:12.9348890Z [RUN_FASTLANE] › Copying   ios/build/Build/Intermediates.noindex/ArchiveIntermediates/Hence/IntermediateBuildFilesPath/UninstalledProducts/iphoneos/StripePaymentsBundle.bundle/el-GR.lproj ➜ ../../../../../var/folders/g3/pffjr_y96bq06blnkf72x_hw0000gn/T/eas-build-local-nodejs/f98a0858-83a6-4ef3-980d-ab6a19d10788/build/ios/Pods/StripePayments/StripePayments/StripePayments/Resources/Localizations/el-GR.lproj
build	Build iOS Locally on Free Cloud Mac	2026-08-22T21:30:12.9456810Z [RUN_FASTLANE] › Copying   ios/build/Build/Intermediates.noindex/ArchiveIntermediates/Hence/IntermediateBuildFilesPath/UninstalledProducts/iphoneos/StripePaymentsBundle.bundle/de.lproj ➜ ../../../../../var/folders/g3/pffjr_y96bq06blnkf72x_hw0000gn/T/eas-build-local-nodejs/f98a0858-83a6-4ef3-980d-ab6a19d10788/build/ios/Pods/StripePayments/StripePayments/StripePayments/Resources/Localizations/de.lproj
build	Build iOS Locally on Free Cloud Mac	2026-08-22T21:30:12.9564070Z [RUN_FASTLANE] › Copying   ios/build/Build/Intermediates.noindex/ArchiveIntermediates/Hence/IntermediateBuildFilesPath/UninstalledProducts/iphoneos/StripePaymentsBundle.bundle/da.lproj ➜ ../../../../../var/folders/g3/pffjr_y96bq06blnkf72x_hw0000gn/T/eas-build-local-nodejs/f98a0858-83a6-4ef3-980d-ab6a19d10788/build/ios/Pods/StripePayments/StripePayments/StripePayments/Resources/Localizations/da.lproj
build	Build iOS Locally on Free Cloud Mac	2026-08-22T21:30:12.9679270Z [RUN_FASTLANE] › Copying   ios/build/Build/Intermediates.noindex/ArchiveIntermediates/Hence/IntermediateBuildFilesPath/UninstalledProducts/iphoneos/StripePaymentsBundle.bundle/cs-CZ.lproj ➜ ../../../../../var/folders/g3/pffjr_y96bq06blnkf72x_hw0000gn/T/eas-build-local-nodejs/f98a0858-83a6-4ef3-980d-ab6a19d10788/build/ios/Pods/StripePayments/StripePayments/StripePayments/Resources/Localizations/cs-CZ.lproj
build	Build iOS Locally on Free Cloud Mac	2026-08-22T21:30:12.9789360Z [RUN_FASTLANE] › Copying   ios/build/Build/Intermediates.noindex/ArchiveIntermediates/Hence/IntermediateBuildFilesPath/UninstalledProducts/iphoneos/StripePaymentsBundle.bundle/ca-ES.lproj ➜ ../../../../../var/folders/g3/pffjr_y96bq06blnkf72x_hw0000gn/T/eas-build-local-nodejs/f98a0858-83a6-4ef3-980d-ab6a19d10788/build/ios/Pods/StripePayments/StripePayments/StripePayments/Resources/Localizations/ca-ES.lproj
build	Build iOS Locally on Free Cloud Mac	2026-08-22T21:30:12.9899310Z [RUN_FASTLANE] › Copying   ios/build/Build/Intermediates.noindex/ArchiveIntermediates/Hence/IntermediateBuildFilesPath/UninstalledProducts/iphoneos/StripePaymentsBundle.bundle/bg-BG.lproj ➜ ../../../../../var/folders/g3/pffjr_y96bq06blnkf72x_hw0000gn/T/eas-build-local-nodejs/f98a0858-83a6-4ef3-980d-ab6a19d10788/build/ios/Pods/StripePayments/StripePayments/StripePayments/Resources/Localizations/bg-BG.lproj
build	Build iOS Locally on Free Cloud Mac	2026-08-22T21:30:13.0023540Z [RUN_FASTLANE] › Copying   ios/build/Build/Intermediates.noindex/ArchiveIntermediates/Hence/IntermediateBuildFilesPath/UninstalledProducts/iphoneos/Stripe3DS2.bundle/zh-Hant.lproj ➜ ../../../../../var/folders/g3/pffjr_y96bq06blnkf72x_hw0000gn/T/eas-build-local-nodejs/f98a0858-83a6-4ef3-980d-ab6a19d10788/build/ios/Pods/StripePayments/Stripe3DS2/Stripe3DS2/Resources/zh-Hant.lproj
build	Build iOS Locally on Free Cloud Mac	2026-08-22T21:30:13.0138720Z [RUN_FASTLANE] › Copying   ios/build/Build/Intermediates.noindex/ArchiveIntermediates/Hence/IntermediateBuildFilesPath/UninstalledProducts/iphoneos/Stripe3DS2.bundle/zh-Hans.lproj ➜ ../../../../../var/folders/g3/pffjr_y96bq06blnkf72x_hw0000gn/T/eas-build-local-nodejs/f98a0858-83a6-4ef3-980d-ab6a19d10788/build/ios/Pods/StripePayments/Stripe3DS2/Stripe3DS2/Resources/zh-Hans.lproj
build	Build iOS Locally on Free Cloud Mac	2026-08-22T21:30:13.0244870Z [RUN_FASTLANE] › Copying   ios/build/Build/Intermediates.noindex/ArchiveIntermediates/Hence/IntermediateBuildFilesPath/UninstalledProducts/iphoneos/Stripe3DS2.bundle/zh-HK.lproj ➜ ../../../../../var/folders/g3/pffjr_y96bq06blnkf72x_hw0000gn/T/eas-build-local-nodejs/f98a0858-83a6-4ef3-980d-ab6a19d10788/build/ios/Pods/StripePayments/Stripe3DS2/Stripe3DS2/Resources/zh-HK.lproj
build	Build iOS Locally on Free Cloud Mac	2026-08-22T21:30:13.0360730Z [RUN_FASTLANE] › Copying   ios/build/Build/Intermediates.noindex/ArchiveIntermediates/Hence/IntermediateBuildFilesPath/UninstalledProducts/iphoneos/Stripe3DS2.bundle/vi.lproj ➜ ../../../../../var/folders/g3/pffjr_y96bq06blnkf72x_hw0000gn/T/eas-build-local-nodejs/f98a0858-83a6-4ef3-980d-ab6a19d10788/build/ios/Pods/StripePayments/Stripe3DS2/Stripe3DS2/Resources/vi.lproj
build	Build iOS Locally on Free Cloud Mac	2026-08-22T21:30:13.0365630Z [RUN_FASTLANE] › Copying   ios/build/Build/Intermediates.noindex/ArchiveIntermediates/Hence/IntermediateBuildFilesPath/UninstalledProducts/iphoneos/Stripe3DS2.bundle/tr.lproj ➜ ../../../../../var/folders/g3/pffjr_y96bq06blnkf72x_hw0000gn/T/eas-build-local-nodejs/f98a0858-83a6-4ef3-980d-ab6a19d10788/build/ios/Pods/StripePayments/Stripe3DS2/Stripe3DS2/Resources/tr.lproj
build	Build iOS Locally on Free Cloud Mac	2026-08-22T21:30:13.0486650Z [RUN_FASTLANE] › Copying   ios/build/Build/Intermediates.noindex/ArchiveIntermediates/Hence/IntermediateBuildFilesPath/UninstalledProducts/iphoneos/Stripe3DS2.bundle/sv.lproj ➜ ../../../../../var/folders/g3/pffjr_y96bq06blnkf72x_hw0000gn/T/eas-build-local-nodejs/f98a0858-83a6-4ef3-980d-ab6a19d10788/build/ios/Pods/StripePayments/Stripe3DS2/Stripe3DS2/Resources/sv.lproj
build	Build iOS Locally on Free Cloud Mac	2026-08-22T21:30:13.0601080Z [RUN_FASTLANE] › Copying   ios/build/Build/Intermediates.noindex/ArchiveIntermediates/Hence/IntermediateBuildFilesPath/UninstalledProducts/iphoneos/Stripe3DS2.bundle/sl-SI.lproj ➜ ../../../../../var/folders/g3/pffjr_y96bq06blnkf72x_hw0000gn/T/eas-build-local-nodejs/f98a0858-83a6-4ef3-980d-ab6a19d10788/build/ios/Pods/StripePayments/Stripe3DS2/Stripe3DS2/Resources/sl-SI.lproj
build	Build iOS Locally on Free Cloud Mac	2026-08-22T21:30:13.0785800Z [RUN_FASTLANE] › Copying   ios/build/Build/Intermediates.noindex/ArchiveIntermediates/Hence/IntermediateBuildFilesPath/UninstalledProducts/iphoneos/Stripe3DS2.bundle/sk-SK.lproj ➜ ../../../../../var/folders/g3/pffjr_y96bq06blnkf72x_hw0000gn/T/eas-build-local-nodejs/f98a0858-83a6-4ef3-980d-ab6a19d10788/build/ios/Pods/StripePayments/Stripe3DS2/Stripe3DS2/Resources/sk-SK.lproj
build	Build iOS Locally on Free Cloud Mac	2026-08-22T21:30:13.0818850Z [RUN_FASTLANE] › Copying   ios/build/Build/Intermediates.noindex/ArchiveIntermediates/Hence/IntermediateBuildFilesPath/UninstalledProducts/iphoneos/Stripe3DS2.bundle/ru.lproj ➜ ../../../../../var/folders/g3/pffjr_y96bq06blnkf72x_hw0000gn/T/eas-build-local-nodejs/f98a0858-83a6-4ef3-980d-ab6a19d10788/build/ios/Pods/StripePayments/Stripe3DS2/Stripe3DS2/Resources/ru.lproj
build	Build iOS Locally on Free Cloud Mac	2026-08-22T21:30:13.0925740Z [RUN_FASTLANE] › Copying   ios/build/Build/Intermediates.noindex/ArchiveIntermediates/Hence/IntermediateBuildFilesPath/UninstalledProducts/iphoneos/Stripe3DS2.bundle/pt-PT.lproj ➜ ../../../../../var/folders/g3/pffjr_y96bq06blnkf72x_hw0000gn/T/eas-build-local-nodejs/f98a0858-83a6-4ef3-980d-ab6a19d10788/build/ios/Pods/StripePayments/Stripe3DS2/Stripe3DS2/Resources/pt-PT.lproj
build	Build iOS Locally on Free Cloud Mac	2026-08-22T21:30:13.1038680Z [RUN_FASTLANE] › Copying   ios/build/Build/Intermediates.noindex/ArchiveIntermediates/Hence/IntermediateBuildFilesPath/UninstalledProducts/iphoneos/Stripe3DS2.bundle/pt-BR.lproj ➜ ../../../../../var/folders/g3/pffjr_y96bq06blnkf72x_hw0000gn/T/eas-build-local-nodejs/f98a0858-83a6-4ef3-980d-ab6a19d10788/build/ios/Pods/StripePayments/Stripe3DS2/Stripe3DS2/Resources/pt-BR.lproj
build	Build iOS Locally on Free Cloud Mac	2026-08-22T21:30:13.1155350Z [RUN_FASTLANE] › Copying   ios/build/Build/Intermediates.noindex/ArchiveIntermediates/Hence/IntermediateBuildFilesPath/UninstalledProducts/iphoneos/Stripe3DS2.bundle/pl-PL.lproj ➜ ../../../../../var/folders/g3/pffjr_y96bq06blnkf72x_hw0000gn/T/eas-build-local-nodejs/f98a0858-83a6-4ef3-980d-ab6a19d10788/build/ios/Pods/StripePayments/Stripe3DS2/Stripe3DS2/Resources/pl-PL.lproj
build	Build iOS Locally on Free Cloud Mac	2026-08-22T21:30:13.1262650Z [RUN_FASTLANE] › Copying   ios/build/Build/Intermediates.noindex/ArchiveIntermediates/Hence/IntermediateBuildFilesPath/UninstalledProducts/iphoneos/Stripe3DS2.bundle/nl.lproj ➜ ../../../../../var/folders/g3/pffjr_y96bq06blnkf72x_hw0000gn/T/eas-build-local-nodejs/f98a0858-83a6-4ef3-980d-ab6a19d10788/build/ios/Pods/StripePayments/Stripe3DS2/Stripe3DS2/Resources/nl.lproj
build	Build iOS Locally on Free Cloud Mac	2026-08-22T21:30:13.1367010Z [RUN_FASTLANE] › Copying   ios/build/Build/Intermediates.noindex/ArchiveIntermediates/Hence/IntermediateBuildFilesPath/UninstalledProducts/iphoneos/Stripe3DS2.bundle/nb.lproj ➜ ../../../../../var/folders/g3/pffjr_y96bq06blnkf72x_hw0000gn/T/eas-build-local-nodejs/f98a0858-83a6-4ef3-980d-ab6a19d10788/build/ios/Pods/StripePayments/Stripe3DS2/Stripe3DS2/Resources/nb.lproj
build	Build iOS Locally on Free Cloud Mac	2026-08-22T21:30:13.1589550Z [RUN_FASTLANE] › Copying   ios/build/Build/Intermediates.noindex/ArchiveIntermediates/Hence/IntermediateBuildFilesPath/UninstalledProducts/iphoneos/Stripe3DS2.bundle/mt.lproj ➜ ../../../../../var/folders/g3/pffjr_y96bq06blnkf72x_hw0000gn/T/eas-build-local-nodejs/f98a0858-83a6-4ef3-980d-ab6a19d10788/build/ios/Pods/StripePayments/Stripe3DS2/Stripe3DS2/Resources/mt.lproj
build	Build iOS Locally on Free Cloud Mac	2026-08-22T21:30:13.1917080Z [RUN_FASTLANE] › Copying   ios/build/Build/Intermediates.noindex/ArchiveIntermediates/Hence/IntermediateBuildFilesPath/UninstalledProducts/iphoneos/Stripe3DS2.bundle/ms-MY.lproj ➜ ../../../../../var/folders/g3/pffjr_y96bq06blnkf72x_hw0000gn/T/eas-build-local-nodejs/f98a0858-83a6-4ef3-980d-ab6a19d10788/build/ios/Pods/StripePayments/Stripe3DS2/Stripe3DS2/Resources/ms-MY.lproj
build	Build iOS Locally on Free Cloud Mac	2026-08-22T21:30:13.1940440Z [RUN_FASTLANE] › Copying   ios/build/Build/Intermediates.noindex/ArchiveIntermediates/Hence/IntermediateBuildFilesPath/UninstalledProducts/iphoneos/Stripe3DS2.bundle/lv-LV.lproj ➜ ../../../../../var/folders/g3/pffjr_y96bq06blnkf72x_hw0000gn/T/eas-build-local-nodejs/f98a0858-83a6-4ef3-980d-ab6a19d10788/build/ios/Pods/StripePayments/Stripe3DS2/Stripe3DS2/Resources/lv-LV.lproj
build	Build iOS Locally on Free Cloud Mac	2026-08-22T21:30:13.2054830Z [RUN_FASTLANE] › Copying   ios/build/Build/Intermediates.noindex/ArchiveIntermediates/Hence/IntermediateBuildFilesPath/UninstalledProducts/iphoneos/Stripe3DS2.bundle/lt-LT.lproj ➜ ../../../../../var/folders/g3/pffjr_y96bq06blnkf72x_hw0000gn/T/eas-build-local-nodejs/f98a0858-83a6-4ef3-980d-ab6a19d10788/build/ios/Pods/StripePayments/Stripe3DS2/Stripe3DS2/Resources/lt-LT.lproj
build	Build iOS Locally on Free Cloud Mac	2026-08-22T21:30:13.2139770Z [RUN_FASTLANE] › Copying   ios/build/Build/Intermediates.noindex/ArchiveIntermediates/Hence/IntermediateBuildFilesPath/UninstalledProducts/iphoneos/Stripe3DS2.bundle/ko.lproj ➜ ../../../../../var/folders/g3/pffjr_y96bq06blnkf72x_hw0000gn/T/eas-build-local-nodejs/f98a0858-83a6-4ef3-980d-ab6a19d10788/build/ios/Pods/StripePayments/Stripe3DS2/Stripe3DS2/Resources/ko.lproj
build	Build iOS Locally on Free Cloud Mac	2026-08-22T21:30:13.2206830Z [RUN_FASTLANE] › Copying   ios/build/Build/Intermediates.noindex/ArchiveIntermediates/Hence/IntermediateBuildFilesPath/UninstalledProducts/iphoneos/Stripe3DS2.bundle/ja.lproj ➜ ../../../../../var/folders/g3/pffjr_y96bq06blnkf72x_hw0000gn/T/eas-build-local-nodejs/f98a0858-83a6-4ef3-980d-ab6a19d10788/build/ios/Pods/StripePayments/Stripe3DS2/Stripe3DS2/Resources/ja.lproj
build	Build iOS Locally on Free Cloud Mac	2026-08-22T21:30:13.2212000Z [RUN_FASTLANE] › Copying   ios/build/Build/Intermediates.noindex/ArchiveIntermediates/Hence/IntermediateBuildFilesPath/UninstalledProducts/iphoneos/Stripe3DS2.bundle/it.lproj ➜ ../../../../../var/folders/g3/pffjr_y96bq06blnkf72x_hw0000gn/T/eas-build-local-nodejs/f98a0858-83a6-4ef3-980d-ab6a19d10788/build/ios/Pods/StripePayments/Stripe3DS2/Stripe3DS2/Resources/it.lproj
build	Build iOS Locally on Free Cloud Mac	2026-08-22T21:30:13.2215280Z [RUN_FASTLANE] › Copying   ios/build/Build/Intermediates.noindex/ArchiveIntermediates/Hence/IntermediateBuildFilesPath/UninstalledProducts/iphoneos/Stripe3DS2.bundle/id.lproj ➜ ../../../../../var/folders/g3/pffjr_y96bq06blnkf72x_hw0000gn/T/eas-build-local-nodejs/f98a0858-83a6-4ef3-980d-ab6a19d10788/build/ios/Pods/StripePayments/Stripe3DS2/Stripe3DS2/Resources/id.lproj
build	Build iOS Locally on Free Cloud Mac	2026-08-22T21:30:13.2218340Z [RUN_FASTLANE] › Copying   ios/build/Build/Intermediates.noindex/ArchiveIntermediates/Hence/IntermediateBuildFilesPath/UninstalledProducts/iphoneos/Stripe3DS2.bundle/hu.lproj ➜ ../../../../../var/folders/g3/pffjr_y96bq06blnkf72x_hw0000gn/T/eas-build-local-nodejs/f98a0858-83a6-4ef3-980d-ab6a19d10788/build/ios/Pods/StripePayments/Stripe3DS2/Stripe3DS2/Resources/hu.lproj
build	Build iOS Locally on Free Cloud Mac	2026-08-22T21:30:13.2221230Z [RUN_FASTLANE] › Copying   ios/build/Build/Intermediates.noindex/ArchiveIntermediates/Hence/IntermediateBuildFilesPath/UninstalledProducts/iphoneos/Stripe3DS2.bundle/hr.lproj ➜ ../../../../../var/folders/g3/pffjr_y96bq06blnkf72x_hw0000gn/T/eas-build-local-nodejs/f98a0858-83a6-4ef3-980d-ab6a19d10788/build/ios/Pods/StripePayments/Stripe3DS2/Stripe3DS2/Resources/hr.lproj
build	Build iOS Locally on Free Cloud Mac	2026-08-22T21:30:13.2223920Z [RUN_FASTLANE] › Copying   ios/build/Build/Intermediates.noindex/ArchiveIntermediates/Hence/IntermediateBuildFilesPath/UninstalledProducts/iphoneos/Stripe3DS2.bundle/fr.lproj ➜ ../../../../../var/folders/g3/pffjr_y96bq06blnkf72x_hw0000gn/T/eas-build-local-nodejs/f98a0858-83a6-4ef3-980d-ab6a19d10788/build/ios/Pods/StripePayments/Stripe3DS2/Stripe3DS2/Resources/fr.lproj
build	Build iOS Locally on Free Cloud Mac	2026-08-22T21:30:13.2227630Z [RUN_FASTLANE] › Copying   ios/build/Build/Intermediates.noindex/ArchiveIntermediates/Hence/IntermediateBuildFilesPath/UninstalledProducts/iphoneos/Stripe3DS2.bundle/fr-CA.lproj ➜ ../../../../../var/folders/g3/pffjr_y96bq06blnkf72x_hw0000gn/T/eas-build-local-nodejs/f98a0858-83a6-4ef3-980d-ab6a19d10788/build/ios/Pods/StripePayments/Stripe3DS2/Stripe3DS2/Resources/fr-CA.lproj
build	Build iOS Locally on Free Cloud Mac	2026-08-22T21:30:13.2236760Z [RUN_FASTLANE] › Copying   ios/build/Build/Intermediates.noindex/ArchiveIntermediates/Hence/IntermediateBuildFilesPath/UninstalledProducts/iphoneos/Stripe3DS2.bundle/fil.lproj ➜ ../../../../../var/folders/g3/pffjr_y96bq06blnkf72x_hw0000gn/T/eas-build-local-nodejs/f98a0858-83a6-4ef3-980d-ab6a19d10788/build/ios/Pods/StripePayments/Stripe3DS2/Stripe3DS2/Resources/fil.lproj
build	Build iOS Locally on Free Cloud Mac	2026-08-22T21:30:13.2240140Z [RUN_FASTLANE] › Copying   ios/build/Build/Intermediates.noindex/ArchiveIntermediates/Hence/IntermediateBuildFilesPath/UninstalledProducts/iphoneos/Stripe3DS2.bundle/fi.lproj ➜ ../../../../../var/folders/g3/pffjr_y96bq06blnkf72x_hw0000gn/T/eas-build-local-nodejs/f98a0858-83a6-4ef3-980d-ab6a19d10788/build/ios/Pods/StripePayments/Stripe3DS2/Stripe3DS2/Resources/fi.lproj
build	Build iOS Locally on Free Cloud Mac	2026-08-22T21:30:13.2249630Z [RUN_FASTLANE] › Copying   ios/build/Build/Intermediates.noindex/ArchiveIntermediates/Hence/IntermediateBuildFilesPath/UninstalledProducts/iphoneos/Stripe3DS2.bundle/et-EE.lproj ➜ ../../../../../var/folders/g3/pffjr_y96bq06blnkf72x_hw0000gn/T/eas-build-local-nodejs/f98a0858-83a6-4ef3-980d-ab6a19d10788/build/ios/Pods/StripePayments/Stripe3DS2/Stripe3DS2/Resources/et-EE.lproj
build	Build iOS Locally on Free Cloud Mac	2026-08-22T21:30:13.2252930Z [RUN_FASTLANE] › Copying   ios/build/Build/Intermediates.noindex/ArchiveIntermediates/Hence/IntermediateBuildFilesPath/UninstalledProducts/iphoneos/Stripe3DS2.bundle/es.lproj ➜ ../../../../../var/folders/g3/pffjr_y96bq06blnkf72x_hw0000gn/T/eas-build-local-nodejs/f98a0858-83a6-4ef3-980d-ab6a19d10788/build/ios/Pods/StripePayments/Stripe3DS2/Stripe3DS2/Resources/es.lproj
build	Build iOS Locally on Free Cloud Mac	2026-08-22T21:30:13.2256210Z [RUN_FASTLANE] › Copying   ios/build/Build/Intermediates.noindex/ArchiveIntermediates/Hence/IntermediateBuildFilesPath/UninstalledProducts/iphoneos/Stripe3DS2.bundle/es-419.lproj ➜ ../../../../../var/folders/g3/pffjr_y96bq06blnkf72x_hw0000gn/T/eas-build-local-nodejs/f98a0858-83a6-4ef3-980d-ab6a19d10788/build/ios/Pods/StripePayments/Stripe3DS2/Stripe3DS2/Resources/es-419.lproj
build	Build iOS Locally on Free Cloud Mac	2026-08-22T21:30:13.2259620Z [RUN_FASTLANE] › Copying   ios/build/Build/Intermediates.noindex/ArchiveIntermediates/Hence/IntermediateBuildFilesPath/UninstalledProducts/iphoneos/Stripe3DS2.bundle/en.lproj ➜ ../../../../../var/folders/g3/pffjr_y96bq06blnkf72x_hw0000gn/T/eas-build-local-nodejs/f98a0858-83a6-4ef3-980d-ab6a19d10788/build/ios/Pods/StripePayments/Stripe3DS2/Stripe3DS2/Resources/en.lproj
build	Build iOS Locally on Free Cloud Mac	2026-08-22T21:30:13.2262640Z [RUN_FASTLANE] › Copying   ios/build/Build/Intermediates.noindex/ArchiveIntermediates/Hence/IntermediateBuildFilesPath/UninstalledProducts/iphoneos/Stripe3DS2.bundle/en-GB.lproj ➜ ../../../../../var/folders/g3/pffjr_y96bq06blnkf72x_hw0000gn/T/eas-build-local-nodejs/f98a0858-83a6-4ef3-980d-ab6a19d10788/build/ios/Pods/StripePayments/Stripe3DS2/Stripe3DS2/Resources/en-GB.lproj
build	Build iOS Locally on Free Cloud Mac	2026-08-22T21:30:13.2265940Z [RUN_FASTLANE] › Copying   ios/build/Build/Intermediates.noindex/ArchiveIntermediates/Hence/IntermediateBuildFilesPath/UninstalledProducts/iphoneos/Stripe3DS2.bundle/el-GR.lproj ➜ ../../../../../var/folders/g3/pffjr_y96bq06blnkf72x_hw0000gn/T/eas-build-local-nodejs/f98a0858-83a6-4ef3-980d-ab6a19d10788/build/ios/Pods/StripePayments/Stripe3DS2/Stripe3DS2/Resources/el-GR.lproj
build	Build iOS Locally on Free Cloud Mac	2026-08-22T21:30:13.2268860Z [RUN_FASTLANE] › Copying   ios/build/Build/Intermediates.noindex/ArchiveIntermediates/Hence/IntermediateBuildFilesPath/UninstalledProducts/iphoneos/Stripe3DS2.bundle/de.lproj ➜ ../../../../../var/folders/g3/pffjr_y96bq06blnkf72x_hw0000gn/T/eas-build-local-nodejs/f98a0858-83a6-4ef3-980d-ab6a19d10788/build/ios/Pods/StripePayments/Stripe3DS2/Stripe3DS2/Resources/de.lproj
build	Build iOS Locally on Free Cloud Mac	2026-08-22T21:30:13.2272460Z [RUN_FASTLANE] › Copying   ios/build/Build/Intermediates.noindex/ArchiveIntermediates/Hence/IntermediateBuildFilesPath/UninstalledProducts/iphoneos/Stripe3DS2.bundle/da.lproj ➜ ../../../../../var/folders/g3/pffjr_y96bq06blnkf72x_hw0000gn/T/eas-build-local-nodejs/f98a0858-83a6-4ef3-980d-ab6a19d10788/build/ios/Pods/StripePayments/Stripe3DS2/Stripe3DS2/Resources/da.lproj
build	Build iOS Locally on Free Cloud Mac	2026-08-22T21:30:13.2275480Z [RUN_FASTLANE] › Copying   ios/build/Build/Intermediates.noindex/ArchiveIntermediates/Hence/IntermediateBuildFilesPath/UninstalledProducts/iphoneos/Stripe3DS2.bundle/cs-CZ.lproj ➜ ../../../../../var/folders/g3/pffjr_y96bq06blnkf72x_hw0000gn/T/eas-build-local-nodejs/f98a0858-83a6-4ef3-980d-ab6a19d10788/build/ios/Pods/StripePayments/Stripe3DS2/Stripe3DS2/Resources/cs-CZ.lproj
build	Build iOS Locally on Free Cloud Mac	2026-08-22T21:30:13.2278500Z [RUN_FASTLANE] › Copying   ios/build/Build/Intermediates.noindex/ArchiveIntermediates/Hence/IntermediateBuildFilesPath/UninstalledProducts/iphoneos/Stripe3DS2.bundle/ca-ES.lproj ➜ ../../../../../var/folders/g3/pffjr_y96bq06blnkf72x_hw0000gn/T/eas-build-local-nodejs/f98a0858-83a6-4ef3-980d-ab6a19d10788/build/ios/Pods/StripePayments/Stripe3DS2/Stripe3DS2/Resources/ca-ES.lproj
build	Build iOS Locally on Free Cloud Mac	2026-08-22T21:30:13.2281450Z [RUN_FASTLANE] › Copying   ios/build/Build/Intermediates.noindex/ArchiveIntermediates/Hence/IntermediateBuildFilesPath/UninstalledProducts/iphoneos/Stripe3DS2.bundle/bg-BG.lproj ➜ ../../../../../var/folders/g3/pffjr_y96bq06blnkf72x_hw0000gn/T/eas-build-local-nodejs/f98a0858-83a6-4ef3-980d-ab6a19d10788/build/ios/Pods/StripePayments/Stripe3DS2/Stripe3DS2/Resources/bg-BG.lproj
build	Build iOS Locally on Free Cloud Mac	2026-08-22T21:30:13.2284420Z [RUN_FASTLANE] › Copying   ios/build/Build/Intermediates.noindex/ArchiveIntermediates/Hence/IntermediateBuildFilesPath/UninstalledProducts/iphoneos/Stripe3DS2.bundle/PrivacyInfo.xcprivacy ➜ ../../../../../var/folders/g3/pffjr_y96bq06blnkf72x_hw0000gn/T/eas-build-local-nodejs/f98a0858-83a6-4ef3-980d-ab6a19d10788/build/ios/Pods/StripePayments/Stripe3DS2/Stripe3DS2/PrivacyInfo.xcprivacy
build	Build iOS Locally on Free Cloud Mac	2026-08-22T21:30:13.2306370Z [RUN_FASTLANE] › Copying   ios/build/Build/Intermediates.noindex/ArchiveIntermediates/Hence/IntermediateBuildFilesPath/UninstalledProducts/iphoneos/StripePaymentSheetBundle.bundle/zh-Hant.lproj ➜ ../../../../../var/folders/g3/pffjr_y96bq06blnkf72x_hw0000gn/T/eas-build-local-nodejs/f98a0858-83a6-4ef3-980d-ab6a19d10788/build/ios/Pods/StripePaymentSheet/StripePaymentSheet/StripePaymentSheet/Resources/Localizations/zh-Hant.lproj
build	Build iOS Locally on Free Cloud Mac	2026-08-22T21:30:13.2577800Z [RUN_FASTLANE] › Preparing Pods/expo-dev-launcher-EXDevLauncher » ResourceBundle-EXDevLauncher-expo-dev-launcher-Info.plist
build	Build iOS Locally on Free Cloud Mac	2026-08-22T21:30:13.2584470Z [RUN_FASTLANE] › Copying   ios/build/Build/Intermediates.noindex/ArchiveIntermediates/Hence/IntermediateBuildFilesPath/UninstalledProducts/iphoneos/StripePaymentSheetBundle.bundle/zh-Hans.lproj ➜ ../../../../../var/folders/g3/pffjr_y96bq06blnkf72x_hw0000gn/T/eas-build-local-nodejs/f98a0858-83a6-4ef3-980d-ab6a19d10788/build/ios/Pods/StripePaymentSheet/StripePaymentSheet/StripePaymentSheet/Resources/Localizations/zh-Hans.lproj
build	Build iOS Locally on Free Cloud Mac	2026-08-22T21:30:13.2593270Z [RUN_FASTLANE] › Copying   ios/build/Build/Intermediates.noindex/ArchiveIntermediates/Hence/IntermediateBuildFilesPath/UninstalledProducts/iphoneos/StripePaymentSheetBundle.bundle/zh-HK.lproj ➜ ../../../../../var/folders/g3/pffjr_y96bq06blnkf72x_hw0000gn/T/eas-build-local-nodejs/f98a0858-83a6-4ef3-980d-ab6a19d10788/build/ios/Pods/StripePaymentSheet/StripePaymentSheet/StripePaymentSheet/Resources/Localizations/zh-HK.lproj
build	Build iOS Locally on Free Cloud Mac	2026-08-22T21:30:13.2601990Z [RUN_FASTLANE] › Copying   ios/build/Build/Intermediates.noindex/ArchiveIntermediates/Hence/IntermediateBuildFilesPath/UninstalledProducts/iphoneos/StripePaymentSheetBundle.bundle/vi.lproj ➜ ../../../../../var/folders/g3/pffjr_y96bq06blnkf72x_hw0000gn/T/eas-build-local-nodejs/f98a0858-83a6-4ef3-980d-ab6a19d10788/build/ios/Pods/StripePaymentSheet/StripePaymentSheet/StripePaymentSheet/Resources/Localizations/vi.lproj
build	Build iOS Locally on Free Cloud Mac	2026-08-22T21:30:13.2605110Z [RUN_FASTLANE] › Copying   ios/build/Build/Intermediates.noindex/ArchiveIntermediates/Hence/IntermediateBuildFilesPath/UninstalledProducts/iphoneos/StripePaymentSheetBundle.bundle/tr.lproj ➜ ../../../../../var/folders/g3/pffjr_y96bq06blnkf72x_hw0000gn/T/eas-build-local-nodejs/f98a0858-83a6-4ef3-980d-ab6a19d10788/build/ios/Pods/StripePaymentSheet/StripePaymentSheet/StripePaymentSheet/Resources/Localizations/tr.lproj
build	Build iOS Locally on Free Cloud Mac	2026-08-22T21:30:13.2696020Z [RUN_FASTLANE] › Copying   ios/build/Build/Intermediates.noindex/ArchiveIntermediates/Hence/IntermediateBuildFilesPath/UninstalledProducts/iphoneos/StripePaymentSheetBundle.bundle/tk.lproj ➜ ../../../../../var/folders/g3/pffjr_y96bq06blnkf72x_hw0000gn/T/eas-build-local-nodejs/f98a0858-83a6-4ef3-980d-ab6a19d10788/build/ios/Pods/StripePaymentSheet/StripePaymentSheet/StripePaymentSheet/Resources/Localizations/tk.lproj
build	Build iOS Locally on Free Cloud Mac	2026-08-22T21:30:13.2704400Z [RUN_FASTLANE] › Copying   ios/build/Build/Intermediates.noindex/ArchiveIntermediates/Hence/IntermediateBuildFilesPath/UninstalledProducts/iphoneos/StripePaymentSheetBundle.bundle/th.lproj ➜ ../../../../../var/folders/g3/pffjr_y96bq06blnkf72x_hw0000gn/T/eas-build-local-nodejs/f98a0858-83a6-4ef3-980d-ab6a19d10788/build/ios/Pods/StripePaymentSheet/StripePaymentSheet/StripePaymentSheet/Resources/Localizations/th.lproj
build	Build iOS Locally on Free Cloud Mac	2026-08-22T21:30:13.2710910Z [RUN_FASTLANE] › Copying   ios/build/Build/Intermediates.noindex/ArchiveIntermediates/Hence/IntermediateBuildFilesPath/UninstalledProducts/iphoneos/StripePaymentSheetBundle.bundle/sv.lproj ➜ ../../../../../var/folders/g3/pffjr_y96bq06blnkf72x_hw0000gn/T/eas-build-local-nodejs/f98a0858-83a6-4ef3-980d-ab6a19d10788/build/ios/Pods/StripePaymentSheet/StripePaymentSheet/StripePaymentSheet/Resources/Localizations/sv.lproj
build	Build iOS Locally on Free Cloud Mac	2026-08-22T21:30:13.2714530Z [RUN_FASTLANE] › Copying   ios/build/Build/Intermediates.noindex/ArchiveIntermediates/Hence/IntermediateBuildFilesPath/UninstalledProducts/iphoneos/StripePaymentSheetBundle.bundle/sl-SI.lproj ➜ ../../../../../var/folders/g3/pffjr_y96bq06blnkf72x_hw0000gn/T/eas-build-local-nodejs/f98a0858-83a6-4ef3-980d-ab6a19d10788/build/ios/Pods/StripePaymentSheet/StripePaymentSheet/StripePaymentSheet/Resources/Localizations/sl-SI.lproj
build	Build iOS Locally on Free Cloud Mac	2026-08-22T21:30:13.2719050Z [RUN_FASTLANE] › Copying   ios/build/Build/Intermediates.noindex/ArchiveIntermediates/Hence/IntermediateBuildFilesPath/UninstalledProducts/iphoneos/StripePaymentSheetBundle.bundle/sk-SK.lproj ➜ ../../../../../var/folders/g3/pffjr_y96bq06blnkf72x_hw0000gn/T/eas-build-local-nodejs/f98a0858-83a6-4ef3-980d-ab6a19d10788/build/ios/Pods/StripePaymentSheet/StripePaymentSheet/StripePaymentSheet/Resources/Localizations/sk-SK.lproj
build	Build iOS Locally on Free Cloud Mac	2026-08-22T21:30:13.2722430Z [RUN_FASTLANE] › Copying   ios/build/Build/Intermediates.noindex/ArchiveIntermediates/Hence/IntermediateBuildFilesPath/UninstalledProducts/iphoneos/StripePaymentSheetBundle.bundle/ru.lproj ➜ ../../../../../var/folders/g3/pffjr_y96bq06blnkf72x_hw0000gn/T/eas-build-local-nodejs/f98a0858-83a6-4ef3-980d-ab6a19d10788/build/ios/Pods/StripePaymentSheet/StripePaymentSheet/StripePaymentSheet/Resources/Localizations/ru.lproj
build	Build iOS Locally on Free Cloud Mac	2026-08-22T21:30:13.2725650Z [RUN_FASTLANE] › Copying   ios/build/Build/Intermediates.noindex/ArchiveIntermediates/Hence/IntermediateBuildFilesPath/UninstalledProducts/iphoneos/StripePaymentSheetBundle.bundle/ro-RO.lproj ➜ ../../../../../var/folders/g3/pffjr_y96bq06blnkf72x_hw0000gn/T/eas-build-local-nodejs/f98a0858-83a6-4ef3-980d-ab6a19d10788/build/ios/Pods/StripePaymentSheet/StripePaymentSheet/StripePaymentSheet/Resources/Localizations/ro-RO.lproj
build	Build iOS Locally on Free Cloud Mac	2026-08-22T21:30:13.2729250Z [RUN_FASTLANE] › Copying   ios/build/Build/Intermediates.noindex/ArchiveIntermediates/Hence/IntermediateBuildFilesPath/UninstalledProducts/iphoneos/StripePaymentSheetBundle.bundle/pt-PT.lproj ➜ ../../../../../var/folders/g3/pffjr_y96bq06blnkf72x_hw0000gn/T/eas-build-local-nodejs/f98a0858-83a6-4ef3-980d-ab6a19d10788/build/ios/Pods/StripePaymentSheet/StripePaymentSheet/StripePaymentSheet/Resources/Localizations/pt-PT.lproj
build	Build iOS Locally on Free Cloud Mac	2026-08-22T21:30:13.2732470Z [RUN_FASTLANE] › Copying   ios/build/Build/Intermediates.noindex/ArchiveIntermediates/Hence/IntermediateBuildFilesPath/UninstalledProducts/iphoneos/StripePaymentSheetBundle.bundle/pt-BR.lproj ➜ ../../../../../var/folders/g3/pffjr_y96bq06blnkf72x_hw0000gn/T/eas-build-local-nodejs/f98a0858-83a6-4ef3-980d-ab6a19d10788/build/ios/Pods/StripePaymentSheet/StripePaymentSheet/StripePaymentSheet/Resources/Localizations/pt-BR.lproj
build	Build iOS Locally on Free Cloud Mac	2026-08-22T21:30:13.2735860Z [RUN_FASTLANE] › Copying   ios/build/Build/Intermediates.noindex/ArchiveIntermediates/Hence/IntermediateBuildFilesPath/UninstalledProducts/iphoneos/StripePaymentSheetBundle.bundle/pl-PL.lproj ➜ ../../../../../var/folders/g3/pffjr_y96bq06blnkf72x_hw0000gn/T/eas-build-local-nodejs/f98a0858-83a6-4ef3-980d-ab6a19d10788/build/ios/Pods/StripePaymentSheet/StripePaymentSheet/StripePaymentSheet/Resources/Localizations/pl-PL.lproj
build	Build iOS Locally on Free Cloud Mac	2026-08-22T21:30:13.2738940Z [RUN_FASTLANE] › Copying   ios/build/Build/Intermediates.noindex/ArchiveIntermediates/Hence/IntermediateBuildFilesPath/UninstalledProducts/iphoneos/StripePaymentSheetBundle.bundle/nl.lproj ➜ ../../../../../var/folders/g3/pffjr_y96bq06blnkf72x_hw0000gn/T/eas-build-local-nodejs/f98a0858-83a6-4ef3-980d-ab6a19d10788/build/ios/Pods/StripePaymentSheet/StripePaymentSheet/StripePaymentSheet/Resources/Localizations/nl.lproj
build	Build iOS Locally on Free Cloud Mac	2026-08-22T21:30:13.2742700Z [RUN_FASTLANE] › Copying   ios/build/Build/Intermediates.noindex/ArchiveIntermediates/Hence/IntermediateBuildFilesPath/UninstalledProducts/iphoneos/StripePaymentSheetBundle.bundle/nb.lproj ➜ ../../../../../var/folders/g3/pffjr_y96bq06blnkf72x_hw0000gn/T/eas-build-local-nodejs/f98a0858-83a6-4ef3-980d-ab6a19d10788/build/ios/Pods/StripePaymentSheet/StripePaymentSheet/StripePaymentSheet/Resources/Localizations/nb.lproj
build	Build iOS Locally on Free Cloud Mac	2026-08-22T21:30:13.2829940Z [RUN_FASTLANE] › Copying   ios/build/Build/Intermediates.noindex/ArchiveIntermediates/Hence/IntermediateBuildFilesPath/UninstalledProducts/iphoneos/StripePaymentSheetBundle.bundle/ms-MY.lproj ➜ ../../../../../var/folders/g3/pffjr_y96bq06blnkf72x_hw0000gn/T/eas-build-local-nodejs/f98a0858-83a6-4ef3-980d-ab6a19d10788/build/ios/Pods/StripePaymentSheet/StripePaymentSheet/StripePaymentSheet/Resources/Localizations/ms-MY.lproj
build	Build iOS Locally on Free Cloud Mac	2026-08-22T21:30:13.2850750Z [RUN_FASTLANE] › Copying   ios/build/Build/Intermediates.noindex/ArchiveIntermediates/Hence/IntermediateBuildFilesPath/UninstalledProducts/iphoneos/StripePaymentSheetBundle.bundle/lv-LV.lproj ➜ ../../../../../var/folders/g3/pffjr_y96bq06blnkf72x_hw0000gn/T/eas-build-local-nodejs/f98a0858-83a6-4ef3-980d-ab6a19d10788/build/ios/Pods/StripePaymentSheet/StripePaymentSheet/StripePaymentSheet/Resources/Localizations/lv-LV.lproj
build	Build iOS Locally on Free Cloud Mac	2026-08-22T21:30:13.2854750Z [RUN_FASTLANE] › Copying   ios/build/Build/Intermediates.noindex/ArchiveIntermediates/Hence/IntermediateBuildFilesPath/UninstalledProducts/iphoneos/StripePaymentSheetBundle.bundle/lt-LT.lproj ➜ ../../../../../var/folders/g3/pffjr_y96bq06blnkf72x_hw0000gn/T/eas-build-local-nodejs/f98a0858-83a6-4ef3-980d-ab6a19d10788/build/ios/Pods/StripePaymentSheet/StripePaymentSheet/StripePaymentSheet/Resources/Localizations/lt-LT.lproj
build	Build iOS Locally on Free Cloud Mac	2026-08-22T21:30:13.2863610Z [RUN_FASTLANE] › Copying   ios/build/Build/Intermediates.noindex/ArchiveIntermediates/Hence/IntermediateBuildFilesPath/UninstalledProducts/iphoneos/StripePaymentSheetBundle.bundle/ko.lproj ➜ ../../../../../var/folders/g3/pffjr_y96bq06blnkf72x_hw0000gn/T/eas-build-local-nodejs/f98a0858-83a6-4ef3-980d-ab6a19d10788/build/ios/Pods/StripePaymentSheet/StripePaymentSheet/StripePaymentSheet/Resources/Localizations/ko.lproj
build	Build iOS Locally on Free Cloud Mac	2026-08-22T21:30:13.2870990Z [RUN_FASTLANE] › Copying   ios/build/Build/Intermediates.noindex/ArchiveIntermediates/Hence/IntermediateBuildFilesPath/UninstalledProducts/iphoneos/StripePaymentSheetBundle.bundle/ja.lproj ➜ ../../../../../var/folders/g3/pffjr_y96bq06blnkf72x_hw0000gn/T/eas-build-local-nodejs/f98a0858-83a6-4ef3-980d-ab6a19d10788/build/ios/Pods/StripePaymentSheet/StripePaymentSheet/StripePaymentSheet/Resources/Localizations/ja.lproj
build	Build iOS Locally on Free Cloud Mac	2026-08-22T21:30:13.2911460Z [RUN_FASTLANE] › Copying   ios/build/Build/Intermediates.noindex/ArchiveIntermediates/Hence/IntermediateBuildFilesPath/UninstalledProducts/iphoneos/StripePaymentSheetBundle.bundle/it.lproj ➜ ../../../../../var/folders/g3/pffjr_y96bq06blnkf72x_hw0000gn/T/eas-build-local-nodejs/f98a0858-83a6-4ef3-980d-ab6a19d10788/build/ios/Pods/StripePaymentSheet/StripePaymentSheet/StripePaymentSheet/Resources/Localizations/it.lproj
build	Build iOS Locally on Free Cloud Mac	2026-08-22T21:30:13.2937640Z [RUN_FASTLANE] › Copying   ios/build/Build/Intermediates.noindex/ArchiveIntermediates/Hence/IntermediateBuildFilesPath/UninstalledProducts/iphoneos/StripePaymentSheetBundle.bundle/id.lproj ➜ ../../../../../var/folders/g3/pffjr_y96bq06blnkf72x_hw0000gn/T/eas-build-local-nodejs/f98a0858-83a6-4ef3-980d-ab6a19d10788/build/ios/Pods/StripePaymentSheet/StripePaymentSheet/StripePaymentSheet/Resources/Localizations/id.lproj
build	Build iOS Locally on Free Cloud Mac	2026-08-22T21:30:13.2947570Z [RUN_FASTLANE] › Copying   ios/build/Build/Intermediates.noindex/ArchiveIntermediates/Hence/IntermediateBuildFilesPath/UninstalledProducts/iphoneos/StripePaymentSheetBundle.bundle/hu.lproj ➜ ../../../../../var/folders/g3/pffjr_y96bq06blnkf72x_hw0000gn/T/eas-build-local-nodejs/f98a0858-83a6-4ef3-980d-ab6a19d10788/build/ios/Pods/StripePaymentSheet/StripePaymentSheet/StripePaymentSheet/Resources/Localizations/hu.lproj
build	Build iOS Locally on Free Cloud Mac	2026-08-22T21:30:13.2951380Z [RUN_FASTLANE] › Copying   ios/build/Build/Intermediates.noindex/ArchiveIntermediates/Hence/IntermediateBuildFilesPath/UninstalledProducts/iphoneos/StripePaymentSheetBundle.bundle/hr.lproj ➜ ../../../../../var/folders/g3/pffjr_y96bq06blnkf72x_hw0000gn/T/eas-build-local-nodejs/f98a0858-83a6-4ef3-980d-ab6a19d10788/build/ios/Pods/StripePaymentSheet/StripePaymentSheet/StripePaymentSheet/Resources/Localizations/hr.lproj
build	Build iOS Locally on Free Cloud Mac	2026-08-22T21:30:13.2959720Z [RUN_FASTLANE] › Copying   ios/build/Build/Intermediates.noindex/ArchiveIntermediates/Hence/IntermediateBuildFilesPath/UninstalledProducts/iphoneos/StripePaymentSheetBundle.bundle/fr.lproj ➜ ../../../../../var/folders/g3/pffjr_y96bq06blnkf72x_hw0000gn/T/eas-build-local-nodejs/f98a0858-83a6-4ef3-980d-ab6a19d10788/build/ios/Pods/StripePaymentSheet/StripePaymentSheet/StripePaymentSheet/Resources/Localizations/fr.lproj
build	Build iOS Locally on Free Cloud Mac	2026-08-22T21:30:13.2976510Z [RUN_FASTLANE] › Copying   ios/build/Build/Intermediates.noindex/ArchiveIntermediates/Hence/IntermediateBuildFilesPath/UninstalledProducts/iphoneos/StripePaymentSheetBundle.bundle/fr-CA.lproj ➜ ../../../../../var/folders/g3/pffjr_y96bq06blnkf72x_hw0000gn/T/eas-build-local-nodejs/f98a0858-83a6-4ef3-980d-ab6a19d10788/build/ios/Pods/StripePaymentSheet/StripePaymentSheet/StripePaymentSheet/Resources/Localizations/fr-CA.lproj
build	Build iOS Locally on Free Cloud Mac	2026-08-22T21:30:13.2987170Z [RUN_FASTLANE] › Copying   ios/build/Build/Intermediates.noindex/ArchiveIntermediates/Hence/IntermediateBuildFilesPath/UninstalledProducts/iphoneos/StripePaymentSheetBundle.bundle/form_specs.json ➜ ../../../../../var/folders/g3/pffjr_y96bq06blnkf72x_hw0000gn/T/eas-build-local-nodejs/f98a0858-83a6-4ef3-980d-ab6a19d10788/build/ios/Pods/StripePaymentSheet/StripePaymentSheet/StripePaymentSheet/Resources/JSON/form_specs.json
build	Build iOS Locally on Free Cloud Mac	2026-08-22T21:30:13.2994100Z [RUN_FASTLANE] › Copying   ios/build/Build/Intermediates.noindex/ArchiveIntermediates/Hence/IntermediateBuildFilesPath/UninstalledProducts/iphoneos/StripePaymentSheetBundle.bundle/fil.lproj ➜ ../../../../../var/folders/g3/pffjr_y96bq06blnkf72x_hw0000gn/T/eas-build-local-nodejs/f98a0858-83a6-4ef3-980d-ab6a19d10788/build/ios/Pods/StripePaymentSheet/StripePaymentSheet/StripePaymentSheet/Resources/Localizations/fil.lproj
build	Build iOS Locally on Free Cloud Mac	2026-08-22T21:30:13.3003340Z [RUN_FASTLANE] › Copying   ios/build/Build/Intermediates.noindex/ArchiveIntermediates/Hence/IntermediateBuildFilesPath/UninstalledProducts/iphoneos/StripePaymentSheetBundle.bundle/fi.lproj ➜ ../../../../../var/folders/g3/pffjr_y96bq06blnkf72x_hw0000gn/T/eas-build-local-nodejs/f98a0858-83a6-4ef3-980d-ab6a19d10788/build/ios/Pods/StripePaymentSheet/StripePaymentSheet/StripePaymentSheet/Resources/Localizations/fi.lproj
build	Build iOS Locally on Free Cloud Mac	2026-08-22T21:30:13.3006520Z [RUN_FASTLANE] › Copying   ios/build/Build/Intermediates.noindex/ArchiveIntermediates/Hence/IntermediateBuildFilesPath/UninstalledProducts/iphoneos/StripePaymentSheetBundle.bundle/et-EE.lproj ➜ ../../../../../var/folders/g3/pffjr_y96bq06blnkf72x_hw0000gn/T/eas-build-local-nodejs/f98a0858-83a6-4ef3-980d-ab6a19d10788/build/ios/Pods/StripePaymentSheet/StripePaymentSheet/StripePaymentSheet/Resources/Localizations/et-EE.lproj
build	Build iOS Locally on Free Cloud Mac	2026-08-22T21:30:13.3010190Z [RUN_FASTLANE] › Copying   ios/build/Build/Intermediates.noindex/ArchiveIntermediates/Hence/IntermediateBuildFilesPath/UninstalledProducts/iphoneos/StripePaymentSheetBundle.bundle/es.lproj ➜ ../../../../../var/folders/g3/pffjr_y96bq06blnkf72x_hw0000gn/T/eas-build-local-nodejs/f98a0858-83a6-4ef3-980d-ab6a19d10788/build/ios/Pods/StripePaymentSheet/StripePaymentSheet/StripePaymentSheet/Resources/Localizations/es.lproj
build	Build iOS Locally on Free Cloud Mac	2026-08-22T21:30:13.3013650Z [RUN_FASTLANE] › Copying   ios/build/Build/Intermediates.noindex/ArchiveIntermediates/Hence/IntermediateBuildFilesPath/UninstalledProducts/iphoneos/StripePaymentSheetBundle.bundle/es-419.lproj ➜ ../../../../../var/folders/g3/pffjr_y96bq06blnkf72x_hw0000gn/T/eas-build-local-nodejs/f98a0858-83a6-4ef3-980d-ab6a19d10788/build/ios/Pods/StripePaymentSheet/StripePaymentSheet/StripePaymentSheet/Resources/Localizations/es-419.lproj
build	Build iOS Locally on Free Cloud Mac	2026-08-22T21:30:13.3016910Z [RUN_FASTLANE] › Copying   ios/build/Build/Intermediates.noindex/ArchiveIntermediates/Hence/IntermediateBuildFilesPath/UninstalledProducts/iphoneos/StripePaymentSheetBundle.bundle/en.lproj ➜ ../../../../../var/folders/g3/pffjr_y96bq06blnkf72x_hw0000gn/T/eas-build-local-nodejs/f98a0858-83a6-4ef3-980d-ab6a19d10788/build/ios/Pods/StripePaymentSheet/StripePaymentSheet/StripePaymentSheet/Resources/Localizations/en.lproj
build	Build iOS Locally on Free Cloud Mac	2026-08-22T21:30:13.3020090Z [RUN_FASTLANE] › Copying   ios/build/Build/Intermediates.noindex/ArchiveIntermediates/Hence/IntermediateBuildFilesPath/UninstalledProducts/iphoneos/StripePaymentSheetBundle.bundle/en-GB.lproj ➜ ../../../../../var/folders/g3/pffjr_y96bq06blnkf72x_hw0000gn/T/eas-build-local-nodejs/f98a0858-83a6-4ef3-980d-ab6a19d10788/build/ios/Pods/StripePaymentSheet/StripePaymentSheet/StripePaymentSheet/Resources/Localizations/en-GB.lproj
build	Build iOS Locally on Free Cloud Mac	2026-08-22T21:30:13.3023360Z [RUN_FASTLANE] › Copying   ios/build/Build/Intermediates.noindex/ArchiveIntermediates/Hence/IntermediateBuildFilesPath/UninstalledProducts/iphoneos/StripePaymentSheetBundle.bundle/el-GR.lproj ➜ ../../../../../var/folders/g3/pffjr_y96bq06blnkf72x_hw0000gn/T/eas-build-local-nodejs/f98a0858-83a6-4ef3-980d-ab6a19d10788/build/ios/Pods/StripePaymentSheet/StripePaymentSheet/StripePaymentSheet/Resources/Localizations/el-GR.lproj
build	Build iOS Locally on Free Cloud Mac	2026-08-22T21:30:13.3027140Z [RUN_FASTLANE] › Copying   ios/build/Build/Intermediates.noindex/ArchiveIntermediates/Hence/IntermediateBuildFilesPath/UninstalledProducts/iphoneos/StripePaymentSheetBundle.bundle/de.lproj ➜ ../../../../../var/folders/g3/pffjr_y96bq06blnkf72x_hw0000gn/T/eas-build-local-nodejs/f98a0858-83a6-4ef3-980d-ab6a19d10788/build/ios/Pods/StripePaymentSheet/StripePaymentSheet/StripePaymentSheet/Resources/Localizations/de.lproj
build	Build iOS Locally on Free Cloud Mac	2026-08-22T21:30:13.3030220Z [RUN_FASTLANE] › Copying   ios/build/Build/Intermediates.noindex/ArchiveIntermediates/Hence/IntermediateBuildFilesPath/UninstalledProducts/iphoneos/StripePaymentSheetBundle.bundle/da.lproj ➜ ../../../../../var/folders/g3/pffjr_y96bq06blnkf72x_hw0000gn/T/eas-build-local-nodejs/f98a0858-83a6-4ef3-980d-ab6a19d10788/build/ios/Pods/StripePaymentSheet/StripePaymentSheet/StripePaymentSheet/Resources/Localizations/da.lproj
build	Build iOS Locally on Free Cloud Mac	2026-08-22T21:30:13.3033370Z [RUN_FASTLANE] › Copying   ios/build/Build/Intermediates.noindex/ArchiveIntermediates/Hence/IntermediateBuildFilesPath/UninstalledProducts/iphoneos/StripePaymentSheetBundle.bundle/cs-CZ.lproj ➜ ../../../../../var/folders/g3/pffjr_y96bq06blnkf72x_hw0000gn/T/eas-build-local-nodejs/f98a0858-83a6-4ef3-980d-ab6a19d10788/build/ios/Pods/StripePaymentSheet/StripePaymentSheet/StripePaymentSheet/Resources/Localizations/cs-CZ.lproj
build	Build iOS Locally on Free Cloud Mac	2026-08-22T21:30:13.3036470Z [RUN_FASTLANE] › Copying   ios/build/Build/Intermediates.noindex/ArchiveIntermediates/Hence/IntermediateBuildFilesPath/UninstalledProducts/iphoneos/StripePaymentSheetBundle.bundle/ca-ES.lproj ➜ ../../../../../var/folders/g3/pffjr_y96bq06blnkf72x_hw0000gn/T/eas-build-local-nodejs/f98a0858-83a6-4ef3-980d-ab6a19d10788/build/ios/Pods/StripePaymentSheet/StripePaymentSheet/StripePaymentSheet/Resources/Localizations/ca-ES.lproj
build	Build iOS Locally on Free Cloud Mac	2026-08-22T21:30:13.3039920Z [RUN_FASTLANE] › Copying   ios/build/Build/Intermediates.noindex/ArchiveIntermediates/Hence/IntermediateBuildFilesPath/UninstalledProducts/iphoneos/StripePaymentSheetBundle.bundle/bg-BG.lproj ➜ ../../../../../var/folders/g3/pffjr_y96bq06blnkf72x_hw0000gn/T/eas-build-local-nodejs/f98a0858-83a6-4ef3-980d-ab6a19d10788/build/ios/Pods/StripePaymentSheet/StripePaymentSheet/StripePaymentSheet/Resources/Localizations/bg-BG.lproj
build	Build iOS Locally on Free Cloud Mac	2026-08-22T21:30:13.3068930Z [RUN_FASTLANE] › Copying   ios/build/Build/Intermediates.noindex/ArchiveIntermediates/Hence/IntermediateBuildFilesPath/UninstalledProducts/iphoneos/StripePaymentSheetBundle.bundle/PrivacyInfo.xcprivacy ➜ ../../../../../var/folders/g3/pffjr_y96bq06blnkf72x_hw0000gn/T/eas-build-local-nodejs/f98a0858-83a6-4ef3-980d-ab6a19d10788/build/ios/Pods/StripePaymentSheet/StripePaymentSheet/StripePaymentSheet/PrivacyInfo.xcprivacy
build	Build iOS Locally on Free Cloud Mac	2026-08-22T21:30:13.8348120Z [RUN_FASTLANE] › Preparing Pods/StripeFinancialConnections-StripeFinancialConnectionsBundle » ResourceBundle-StripeFinancialConnectionsBundle-StripeFinancialConnections-Info.plist
build	Build iOS Locally on Free Cloud Mac	2026-08-22T21:30:13.8448640Z [RUN_FASTLANE] › Preparing Pods/StripePayments-Stripe3DS2 » ResourceBundle-Stripe3DS2-StripePayments-Info.plist
build	Build iOS Locally on Free Cloud Mac	2026-08-22T21:30:13.8549920Z [RUN_FASTLANE] › Copying   ios/build/Build/Intermediates.noindex/ArchiveIntermediates/Hence/IntermediateBuildFilesPath/UninstalledProducts/iphoneos/StripeFinancialConnectionsBundle.bundle/zh-Hant.lproj ➜ ../../../../../var/folders/g3/pffjr_y96bq06blnkf72x_hw0000gn/T/eas-build-local-nodejs/f98a0858-83a6-4ef3-980d-ab6a19d10788/build/ios/Pods/StripeFinancialConnections/StripeFinancialConnections/StripeFinancialConnections/Resources/Localizations/zh-Hant.lproj
build	Build iOS Locally on Free Cloud Mac	2026-08-22T21:30:13.8650350Z [RUN_FASTLANE] › Copying   ios/build/Build/Intermediates.noindex/ArchiveIntermediates/Hence/IntermediateBuildFilesPath/UninstalledProducts/iphoneos/StripeFinancialConnectionsBundle.bundle/zh-Hans.lproj ➜ ../../../../../var/folders/g3/pffjr_y96bq06blnkf72x_hw0000gn/T/eas-build-local-nodejs/f98a0858-83a6-4ef3-980d-ab6a19d10788/build/ios/Pods/StripeFinancialConnections/StripeFinancialConnections/StripeFinancialConnections/Resources/Localizations/zh-Hans.lproj
build	Build iOS Locally on Free Cloud Mac	2026-08-22T21:30:13.8758160Z [RUN_FASTLANE] › Copying   ios/build/Build/Intermediates.noindex/ArchiveIntermediates/Hence/IntermediateBuildFilesPath/UninstalledProducts/iphoneos/StripeFinancialConnectionsBundle.bundle/zh-HK.lproj ➜ ../../../../../var/folders/g3/pffjr_y96bq06blnkf72x_hw0000gn/T/eas-build-local-nodejs/f98a0858-83a6-4ef3-980d-ab6a19d10788/build/ios/Pods/StripeFinancialConnections/StripeFinancialConnections/StripeFinancialConnections/Resources/Localizations/zh-HK.lproj
build	Build iOS Locally on Free Cloud Mac	2026-08-22T21:30:13.8854510Z [RUN_FASTLANE] › Copying   ios/build/Build/Intermediates.noindex/ArchiveIntermediates/Hence/IntermediateBuildFilesPath/UninstalledProducts/iphoneos/StripeFinancialConnectionsBundle.bundle/vi.lproj ➜ ../../../../../var/folders/g3/pffjr_y96bq06blnkf72x_hw0000gn/T/eas-build-local-nodejs/f98a0858-83a6-4ef3-980d-ab6a19d10788/build/ios/Pods/StripeFinancialConnections/StripeFinancialConnections/StripeFinancialConnections/Resources/Localizations/vi.lproj
build	Build iOS Locally on Free Cloud Mac	2026-08-22T21:30:13.8954890Z [RUN_FASTLANE] › Copying   ios/build/Build/Intermediates.noindex/ArchiveIntermediates/Hence/IntermediateBuildFilesPath/UninstalledProducts/iphoneos/StripeFinancialConnectionsBundle.bundle/tr.lproj ➜ ../../../../../var/folders/g3/pffjr_y96bq06blnkf72x_hw0000gn/T/eas-build-local-nodejs/f98a0858-83a6-4ef3-980d-ab6a19d10788/build/ios/Pods/StripeFinancialConnections/StripeFinancialConnections/StripeFinancialConnections/Resources/Localizations/tr.lproj
build	Build iOS Locally on Free Cloud Mac	2026-08-22T21:30:13.9058470Z [RUN_FASTLANE] › Copying   ios/build/Build/Intermediates.noindex/ArchiveIntermediates/Hence/IntermediateBuildFilesPath/UninstalledProducts/iphoneos/StripeFinancialConnectionsBundle.bundle/th.lproj ➜ ../../../../../var/folders/g3/pffjr_y96bq06blnkf72x_hw0000gn/T/eas-build-local-nodejs/f98a0858-83a6-4ef3-980d-ab6a19d10788/build/ios/Pods/StripeFinancialConnections/StripeFinancialConnections/StripeFinancialConnections/Resources/Localizations/th.lproj
build	Build iOS Locally on Free Cloud Mac	2026-08-22T21:30:13.9161650Z [RUN_FASTLANE] › Copying   ios/build/Build/Intermediates.noindex/ArchiveIntermediates/Hence/IntermediateBuildFilesPath/UninstalledProducts/iphoneos/StripeFinancialConnectionsBundle.bundle/sv.lproj ➜ ../../../../../var/folders/g3/pffjr_y96bq06blnkf72x_hw0000gn/T/eas-build-local-nodejs/f98a0858-83a6-4ef3-980d-ab6a19d10788/build/ios/Pods/StripeFinancialConnections/StripeFinancialConnections/StripeFinancialConnections/Resources/Localizations/sv.lproj
build	Build iOS Locally on Free Cloud Mac	2026-08-22T21:30:13.9270240Z [RUN_FASTLANE] › Copying   ios/build/Build/Intermediates.noindex/ArchiveIntermediates/Hence/IntermediateBuildFilesPath/UninstalledProducts/iphoneos/StripeFinancialConnectionsBundle.bundle/sl-SI.lproj ➜ ../../../../../var/folders/g3/pffjr_y96bq06blnkf72x_hw0000gn/T/eas-build-local-nodejs/f98a0858-83a6-4ef3-980d-ab6a19d10788/build/ios/Pods/StripeFinancialConnections/StripeFinancialConnections/StripeFinancialConnections/Resources/Localizations/sl-SI.lproj
build	Build iOS Locally on Free Cloud Mac	2026-08-22T21:30:13.9372110Z [RUN_FASTLANE] › Copying   ios/build/Build/Intermediates.noindex/ArchiveIntermediates/Hence/IntermediateBuildFilesPath/UninstalledProducts/iphoneos/StripeFinancialConnectionsBundle.bundle/sk-SK.lproj ➜ ../../../../../var/folders/g3/pffjr_y96bq06blnkf72x_hw0000gn/T/eas-build-local-nodejs/f98a0858-83a6-4ef3-980d-ab6a19d10788/build/ios/Pods/StripeFinancialConnections/StripeFinancialConnections/StripeFinancialConnections/Resources/Localizations/sk-SK.lproj
build	Build iOS Locally on Free Cloud Mac	2026-08-22T21:30:13.9471600Z [RUN_FASTLANE] › Copying   ios/build/Build/Intermediates.noindex/ArchiveIntermediates/Hence/IntermediateBuildFilesPath/UninstalledProducts/iphoneos/StripeFinancialConnectionsBundle.bundle/ru.lproj ➜ ../../../../../var/folders/g3/pffjr_y96bq06blnkf72x_hw0000gn/T/eas-build-local-nodejs/f98a0858-83a6-4ef3-980d-ab6a19d10788/build/ios/Pods/StripeFinancialConnections/StripeFinancialConnections/StripeFinancialConnections/Resources/Localizations/ru.lproj
build	Build iOS Locally on Free Cloud Mac	2026-08-22T21:30:13.9569350Z [RUN_FASTLANE] › Copying   ios/build/Build/Intermediates.noindex/ArchiveIntermediates/Hence/IntermediateBuildFilesPath/UninstalledProducts/iphoneos/StripeFinancialConnectionsBundle.bundle/ro-RO.lproj ➜ ../../../../../var/folders/g3/pffjr_y96bq06blnkf72x_hw0000gn/T/eas-build-local-nodejs/f98a0858-83a6-4ef3-980d-ab6a19d10788/build/ios/Pods/StripeFinancialConnections/StripeFinancialConnections/StripeFinancialConnections/Resources/Localizations/ro-RO.lproj
build	Build iOS Locally on Free Cloud Mac	2026-08-22T21:30:13.9676580Z [RUN_FASTLANE] › Copying   ios/build/Build/Intermediates.noindex/ArchiveIntermediates/Hence/IntermediateBuildFilesPath/UninstalledProducts/iphoneos/StripeFinancialConnectionsBundle.bundle/pt-PT.lproj ➜ ../../../../../var/folders/g3/pffjr_y96bq06blnkf72x_hw0000gn/T/eas-build-local-nodejs/f98a0858-83a6-4ef3-980d-ab6a19d10788/build/ios/Pods/StripeFinancialConnections/StripeFinancialConnections/StripeFinancialConnections/Resources/Localizations/pt-PT.lproj
build	Build iOS Locally on Free Cloud Mac	2026-08-22T21:30:13.9775260Z [RUN_FASTLANE] › Copying   ios/build/Build/Intermediates.noindex/ArchiveIntermediates/Hence/IntermediateBuildFilesPath/UninstalledProducts/iphoneos/StripeFinancialConnectionsBundle.bundle/pt-BR.lproj ➜ ../../../../../var/folders/g3/pffjr_y96bq06blnkf72x_hw0000gn/T/eas-build-local-nodejs/f98a0858-83a6-4ef3-980d-ab6a19d10788/build/ios/Pods/StripeFinancialConnections/StripeFinancialConnections/StripeFinancialConnections/Resources/Localizations/pt-BR.lproj
build	Build iOS Locally on Free Cloud Mac	2026-08-22T21:30:13.9880070Z [RUN_FASTLANE] › Copying   ios/build/Build/Intermediates.noindex/ArchiveIntermediates/Hence/IntermediateBuildFilesPath/UninstalledProducts/iphoneos/StripeFinancialConnectionsBundle.bundle/pl-PL.lproj ➜ ../../../../../var/folders/g3/pffjr_y96bq06blnkf72x_hw0000gn/T/eas-build-local-nodejs/f98a0858-83a6-4ef3-980d-ab6a19d10788/build/ios/Pods/StripeFinancialConnections/StripeFinancialConnections/StripeFinancialConnections/Resources/Localizations/pl-PL.lproj
build	Build iOS Locally on Free Cloud Mac	2026-08-22T21:30:13.9985720Z [RUN_FASTLANE] › Copying   ios/build/Build/Intermediates.noindex/ArchiveIntermediates/Hence/IntermediateBuildFilesPath/UninstalledProducts/iphoneos/StripeFinancialConnectionsBundle.bundle/nn-NO.lproj ➜ ../../../../../var/folders/g3/pffjr_y96bq06blnkf72x_hw0000gn/T/eas-build-local-nodejs/f98a0858-83a6-4ef3-980d-ab6a19d10788/build/ios/Pods/StripeFinancialConnections/StripeFinancialConnections/StripeFinancialConnections/Resources/Localizations/nn-NO.lproj
build	Build iOS Locally on Free Cloud Mac	2026-08-22T21:30:14.0086930Z [RUN_FASTLANE] › Copying   ios/build/Build/Intermediates.noindex/ArchiveIntermediates/Hence/IntermediateBuildFilesPath/UninstalledProducts/iphoneos/StripeFinancialConnectionsBundle.bundle/nl.lproj ➜ ../../../../../var/folders/g3/pffjr_y96bq06blnkf72x_hw0000gn/T/eas-build-local-nodejs/f98a0858-83a6-4ef3-980d-ab6a19d10788/build/ios/Pods/StripeFinancialConnections/StripeFinancialConnections/StripeFinancialConnections/Resources/Localizations/nl.lproj
build	Build iOS Locally on Free Cloud Mac	2026-08-22T21:30:14.0185510Z [RUN_FASTLANE] › Copying   ios/build/Build/Intermediates.noindex/ArchiveIntermediates/Hence/IntermediateBuildFilesPath/UninstalledProducts/iphoneos/StripeFinancialConnectionsBundle.bundle/nb.lproj ➜ ../../../../../var/folders/g3/pffjr_y96bq06blnkf72x_hw0000gn/T/eas-build-local-nodejs/f98a0858-83a6-4ef3-980d-ab6a19d10788/build/ios/Pods/StripeFinancialConnections/StripeFinancialConnections/StripeFinancialConnections/Resources/Localizations/nb.lproj
build	Build iOS Locally on Free Cloud Mac	2026-08-22T21:30:14.0289440Z [RUN_FASTLANE] › Copying   ios/build/Build/Intermediates.noindex/ArchiveIntermediates/Hence/IntermediateBuildFilesPath/UninstalledProducts/iphoneos/StripeFinancialConnectionsBundle.bundle/mt.lproj ➜ ../../../../../var/folders/g3/pffjr_y96bq06blnkf72x_hw0000gn/T/eas-build-local-nodejs/f98a0858-83a6-4ef3-980d-ab6a19d10788/build/ios/Pods/StripeFinancialConnections/StripeFinancialConnections/StripeFinancialConnections/Resources/Localizations/mt.lproj
build	Build iOS Locally on Free Cloud Mac	2026-08-22T21:30:14.0397900Z [RUN_FASTLANE] › Copying   ios/build/Build/Intermediates.noindex/ArchiveIntermediates/Hence/IntermediateBuildFilesPath/UninstalledProducts/iphoneos/StripeFinancialConnectionsBundle.bundle/ms-MY.lproj ➜ ../../../../../var/folders/g3/pffjr_y96bq06blnkf72x_hw0000gn/T/eas-build-local-nodejs/f98a0858-83a6-4ef3-980d-ab6a19d10788/build/ios/Pods/StripeFinancialConnections/StripeFinancialConnections/StripeFinancialConnections/Resources/Localizations/ms-MY.lproj
build	Build iOS Locally on Free Cloud Mac	2026-08-22T21:30:14.0495030Z [RUN_FASTLANE] › Copying   ios/build/Build/Intermediates.noindex/ArchiveIntermediates/Hence/IntermediateBuildFilesPath/UninstalledProducts/iphoneos/StripeFinancialConnectionsBundle.bundle/lv-LV.lproj ➜ ../../../../../var/folders/g3/pffjr_y96bq06blnkf72x_hw0000gn/T/eas-build-local-nodejs/f98a0858-83a6-4ef3-980d-ab6a19d10788/build/ios/Pods/StripeFinancialConnections/StripeFinancialConnections/StripeFinancialConnections/Resources/Localizations/lv-LV.lproj
build	Build iOS Locally on Free Cloud Mac	2026-08-22T21:30:14.0596440Z [RUN_FASTLANE] › Copying   ios/build/Build/Intermediates.noindex/ArchiveIntermediates/Hence/IntermediateBuildFilesPath/UninstalledProducts/iphoneos/StripeFinancialConnectionsBundle.bundle/lt-LT.lproj ➜ ../../../../../var/folders/g3/pffjr_y96bq06blnkf72x_hw0000gn/T/eas-build-local-nodejs/f98a0858-83a6-4ef3-980d-ab6a19d10788/build/ios/Pods/StripeFinancialConnections/StripeFinancialConnections/StripeFinancialConnections/Resources/Localizations/lt-LT.lproj
build	Build iOS Locally on Free Cloud Mac	2026-08-22T21:30:14.0696680Z [RUN_FASTLANE] › Copying   ios/build/Build/Intermediates.noindex/ArchiveIntermediates/Hence/IntermediateBuildFilesPath/UninstalledProducts/iphoneos/StripeFinancialConnectionsBundle.bundle/ko.lproj ➜ ../../../../../var/folders/g3/pffjr_y96bq06blnkf72x_hw0000gn/T/eas-build-local-nodejs/f98a0858-83a6-4ef3-980d-ab6a19d10788/build/ios/Pods/StripeFinancialConnections/StripeFinancialConnections/StripeFinancialConnections/Resources/Localizations/ko.lproj
build	Build iOS Locally on Free Cloud Mac	2026-08-22T21:30:14.0800350Z [RUN_FASTLANE] › Copying   ios/build/Build/Intermediates.noindex/ArchiveIntermediates/Hence/IntermediateBuildFilesPath/UninstalledProducts/iphoneos/StripeFinancialConnectionsBundle.bundle/ja.lproj ➜ ../../../../../var/folders/g3/pffjr_y96bq06blnkf72x_hw0000gn/T/eas-build-local-nodejs/f98a0858-83a6-4ef3-980d-ab6a19d10788/build/ios/Pods/StripeFinancialConnections/StripeFinancialConnections/StripeFinancialConnections/Resources/Localizations/ja.lproj
build	Build iOS Locally on Free Cloud Mac	2026-08-22T21:30:14.0905870Z [RUN_FASTLANE] › Copying   ios/build/Build/Intermediates.noindex/ArchiveIntermediates/Hence/IntermediateBuildFilesPath/UninstalledProducts/iphoneos/StripeFinancialConnectionsBundle.bundle/it.lproj ➜ ../../../../../var/folders/g3/pffjr_y96bq06blnkf72x_hw0000gn/T/eas-build-local-nodejs/f98a0858-83a6-4ef3-980d-ab6a19d10788/build/ios/Pods/StripeFinancialConnections/StripeFinancialConnections/StripeFinancialConnections/Resources/Localizations/it.lproj
build	Build iOS Locally on Free Cloud Mac	2026-08-22T21:30:14.1003730Z [RUN_FASTLANE] › Copying   ios/build/Build/Intermediates.noindex/ArchiveIntermediates/Hence/IntermediateBuildFilesPath/UninstalledProducts/iphoneos/StripeFinancialConnectionsBundle.bundle/id.lproj ➜ ../../../../../var/folders/g3/pffjr_y96bq06blnkf72x_hw0000gn/T/eas-build-local-nodejs/f98a0858-83a6-4ef3-980d-ab6a19d10788/build/ios/Pods/StripeFinancialConnections/StripeFinancialConnections/StripeFinancialConnections/Resources/Localizations/id.lproj
build	Build iOS Locally on Free Cloud Mac	2026-08-22T21:30:14.1104380Z [RUN_FASTLANE] › Copying   ios/build/Build/Intermediates.noindex/ArchiveIntermediates/Hence/IntermediateBuildFilesPath/UninstalledProducts/iphoneos/StripeFinancialConnectionsBundle.bundle/hu.lproj ➜ ../../../../../var/folders/g3/pffjr_y96bq06blnkf72x_hw0000gn/T/eas-build-local-nodejs/f98a0858-83a6-4ef3-980d-ab6a19d10788/build/ios/Pods/StripeFinancialConnections/StripeFinancialConnections/StripeFinancialConnections/Resources/Localizations/hu.lproj
build	Build iOS Locally on Free Cloud Mac	2026-08-22T21:30:14.1209180Z [RUN_FASTLANE] › Copying   ios/build/Build/Intermediates.noindex/ArchiveIntermediates/Hence/IntermediateBuildFilesPath/UninstalledProducts/iphoneos/StripeFinancialConnectionsBundle.bundle/hr.lproj ➜ ../../../../../var/folders/g3/pffjr_y96bq06blnkf72x_hw0000gn/T/eas-build-local-nodejs/f98a0858-83a6-4ef3-980d-ab6a19d10788/build/ios/Pods/StripeFinancialConnections/StripeFinancialConnections/StripeFinancialConnections/Resources/Localizations/hr.lproj
build	Build iOS Locally on Free Cloud Mac	2026-08-22T21:30:14.1313520Z [RUN_FASTLANE] › Copying   ios/build/Build/Intermediates.noindex/ArchiveIntermediates/Hence/IntermediateBuildFilesPath/UninstalledProducts/iphoneos/StripeFinancialConnectionsBundle.bundle/fr.lproj ➜ ../../../../../var/folders/g3/pffjr_y96bq06blnkf72x_hw0000gn/T/eas-build-local-nodejs/f98a0858-83a6-4ef3-980d-ab6a19d10788/build/ios/Pods/StripeFinancialConnections/StripeFinancialConnections/StripeFinancialConnections/Resources/Localizations/fr.lproj
build	Build iOS Locally on Free Cloud Mac	2026-08-22T21:30:14.1323360Z [RUN_FASTLANE] › Copying   ios/build/Build/Intermediates.noindex/ArchiveIntermediates/Hence/IntermediateBuildFilesPath/UninstalledProducts/iphoneos/StripeFinancialConnectionsBundle.bundle/fr-CA.lproj ➜ ../../../../../var/folders/g3/pffjr_y96bq06blnkf72x_hw0000gn/T/eas-build-local-nodejs/f98a0858-83a6-4ef3-980d-ab6a19d10788/build/ios/Pods/StripeFinancialConnections/StripeFinancialConnections/StripeFinancialConnections/Resources/Localizations/fr-CA.lproj
build	Build iOS Locally on Free Cloud Mac	2026-08-22T21:30:14.1434140Z [RUN_FASTLANE] › Copying   ios/build/Build/Intermediates.noindex/ArchiveIntermediates/Hence/IntermediateBuildFilesPath/UninstalledProducts/iphoneos/StripeFinancialConnectionsBundle.bundle/fil.lproj ➜ ../../../../../var/folders/g3/pffjr_y96bq06blnkf72x_hw0000gn/T/eas-build-local-nodejs/f98a0858-83a6-4ef3-980d-ab6a19d10788/build/ios/Pods/StripeFinancialConnections/StripeFinancialConnections/StripeFinancialConnections/Resources/Localizations/fil.lproj
build	Build iOS Locally on Free Cloud Mac	2026-08-22T21:30:14.1545140Z [RUN_FASTLANE] › Copying   ios/build/Build/Intermediates.noindex/ArchiveIntermediates/Hence/IntermediateBuildFilesPath/UninstalledProducts/iphoneos/StripeFinancialConnectionsBundle.bundle/fi.lproj ➜ ../../../../../var/folders/g3/pffjr_y96bq06blnkf72x_hw0000gn/T/eas-build-local-nodejs/f98a0858-83a6-4ef3-980d-ab6a19d10788/build/ios/Pods/StripeFinancialConnections/StripeFinancialConnections/StripeFinancialConnections/Resources/Localizations/fi.lproj
build	Build iOS Locally on Free Cloud Mac	2026-08-22T21:30:14.1652680Z [RUN_FASTLANE] › Copying   ios/build/Build/Intermediates.noindex/ArchiveIntermediates/Hence/IntermediateBuildFilesPath/UninstalledProducts/iphoneos/StripeFinancialConnectionsBundle.bundle/et-EE.lproj ➜ ../../../../../var/folders/g3/pffjr_y96bq06blnkf72x_hw0000gn/T/eas-build-local-nodejs/f98a0858-83a6-4ef3-980d-ab6a19d10788/build/ios/Pods/StripeFinancialConnections/StripeFinancialConnections/StripeFinancialConnections/Resources/Localizations/et-EE.lproj
build	Build iOS Locally on Free Cloud Mac	2026-08-22T21:30:14.1757670Z [RUN_FASTLANE] › Copying   ios/build/Build/Intermediates.noindex/ArchiveIntermediates/Hence/IntermediateBuildFilesPath/UninstalledProducts/iphoneos/StripeFinancialConnectionsBundle.bundle/es.lproj ➜ ../../../../../var/folders/g3/pffjr_y96bq06blnkf72x_hw0000gn/T/eas-build-local-nodejs/f98a0858-83a6-4ef3-980d-ab6a19d10788/build/ios/Pods/StripeFinancialConnections/StripeFinancialConnections/StripeFinancialConnections/Resources/Localizations/es.lproj
build	Build iOS Locally on Free Cloud Mac	2026-08-22T21:30:14.1862250Z [RUN_FASTLANE] › Copying   ios/build/Build/Intermediates.noindex/ArchiveIntermediates/Hence/IntermediateBuildFilesPath/UninstalledProducts/iphoneos/StripeFinancialConnectionsBundle.bundle/es-419.lproj ➜ ../../../../../var/folders/g3/pffjr_y96bq06blnkf72x_hw0000gn/T/eas-build-local-nodejs/f98a0858-83a6-4ef3-980d-ab6a19d10788/build/ios/Pods/StripeFinancialConnections/StripeFinancialConnections/StripeFinancialConnections/Resources/Localizations/es-419.lproj
build	Build iOS Locally on Free Cloud Mac	2026-08-22T21:30:14.1970470Z [RUN_FASTLANE] › Copying   ios/build/Build/Intermediates.noindex/ArchiveIntermediates/Hence/IntermediateBuildFilesPath/UninstalledProducts/iphoneos/StripeFinancialConnectionsBundle.bundle/en.lproj ➜ ../../../../../var/folders/g3/pffjr_y96bq06blnkf72x_hw0000gn/T/eas-build-local-nodejs/f98a0858-83a6-4ef3-980d-ab6a19d10788/build/ios/Pods/StripeFinancialConnections/StripeFinancialConnections/StripeFinancialConnections/Resources/Localizations/en.lproj
build	Build iOS Locally on Free Cloud Mac	2026-08-22T21:30:14.2078160Z [RUN_FASTLANE] › Copying   ios/build/Build/Intermediates.noindex/ArchiveIntermediates/Hence/IntermediateBuildFilesPath/UninstalledProducts/iphoneos/StripeFinancialConnectionsBundle.bundle/en-GB.lproj ➜ ../../../../../var/folders/g3/pffjr_y96bq06blnkf72x_hw0000gn/T/eas-build-local-nodejs/f98a0858-83a6-4ef3-980d-ab6a19d10788/build/ios/Pods/StripeFinancialConnections/StripeFinancialConnections/StripeFinancialConnections/Resources/Localizations/en-GB.lproj
build	Build iOS Locally on Free Cloud Mac	2026-08-22T21:30:14.2187100Z [RUN_FASTLANE] › Copying   ios/build/Build/Intermediates.noindex/ArchiveIntermediates/Hence/IntermediateBuildFilesPath/UninstalledProducts/iphoneos/StripeFinancialConnectionsBundle.bundle/el-GR.lproj ➜ ../../../../../var/folders/g3/pffjr_y96bq06blnkf72x_hw0000gn/T/eas-build-local-nodejs/f98a0858-83a6-4ef3-980d-ab6a19d10788/build/ios/Pods/StripeFinancialConnections/StripeFinancialConnections/StripeFinancialConnections/Resources/Localizations/el-GR.lproj
build	Build iOS Locally on Free Cloud Mac	2026-08-22T21:30:14.2295220Z [RUN_FASTLANE] › Copying   ios/build/Build/Intermediates.noindex/ArchiveIntermediates/Hence/IntermediateBuildFilesPath/UninstalledProducts/iphoneos/StripeFinancialConnectionsBundle.bundle/de.lproj ➜ ../../../../../var/folders/g3/pffjr_y96bq06blnkf72x_hw0000gn/T/eas-build-local-nodejs/f98a0858-83a6-4ef3-980d-ab6a19d10788/build/ios/Pods/StripeFinancialConnections/StripeFinancialConnections/StripeFinancialConnections/Resources/Localizations/de.lproj
build	Build iOS Locally on Free Cloud Mac	2026-08-22T21:30:14.2399800Z [RUN_FASTLANE] › Copying   ios/build/Build/Intermediates.noindex/ArchiveIntermediates/Hence/IntermediateBuildFilesPath/UninstalledProducts/iphoneos/StripeFinancialConnectionsBundle.bundle/da.lproj ➜ ../../../../../var/folders/g3/pffjr_y96bq06blnkf72x_hw0000gn/T/eas-build-local-nodejs/f98a0858-83a6-4ef3-980d-ab6a19d10788/build/ios/Pods/StripeFinancialConnections/StripeFinancialConnections/StripeFinancialConnections/Resources/Localizations/da.lproj
build	Build iOS Locally on Free Cloud Mac	2026-08-22T21:30:14.2507670Z [RUN_FASTLANE] › Copying   ios/build/Build/Intermediates.noindex/ArchiveIntermediates/Hence/IntermediateBuildFilesPath/UninstalledProducts/iphoneos/StripeFinancialConnectionsBundle.bundle/cs-CZ.lproj ➜ ../../../../../var/folders/g3/pffjr_y96bq06blnkf72x_hw0000gn/T/eas-build-local-nodejs/f98a0858-83a6-4ef3-980d-ab6a19d10788/build/ios/Pods/StripeFinancialConnections/StripeFinancialConnections/StripeFinancialConnections/Resources/Localizations/cs-CZ.lproj
build	Build iOS Locally on Free Cloud Mac	2026-08-22T21:30:14.2617920Z [RUN_FASTLANE] › Copying   ios/build/Build/Intermediates.noindex/ArchiveIntermediates/Hence/IntermediateBuildFilesPath/UninstalledProducts/iphoneos/StripeFinancialConnectionsBundle.bundle/ca-ES.lproj ➜ ../../../../../var/folders/g3/pffjr_y96bq06blnkf72x_hw0000gn/T/eas-build-local-nodejs/f98a0858-83a6-4ef3-980d-ab6a19d10788/build/ios/Pods/StripeFinancialConnections/StripeFinancialConnections/StripeFinancialConnections/Resources/Localizations/ca-ES.lproj
build	Build iOS Locally on Free Cloud Mac	2026-08-22T21:30:14.2721530Z [RUN_FASTLANE] › Copying   ios/build/Build/Intermediates.noindex/ArchiveIntermediates/Hence/IntermediateBuildFilesPath/UninstalledProducts/iphoneos/StripeFinancialConnectionsBundle.bundle/bg-BG.lproj ➜ ../../../../../var/folders/g3/pffjr_y96bq06blnkf72x_hw0000gn/T/eas-build-local-nodejs/f98a0858-83a6-4ef3-980d-ab6a19d10788/build/ios/Pods/StripeFinancialConnections/StripeFinancialConnections/StripeFinancialConnections/Resources/Localizations/bg-BG.lproj
build	Build iOS Locally on Free Cloud Mac	2026-08-22T21:30:14.2825050Z [RUN_FASTLANE] › Copying   ios/build/Build/Intermediates.noindex/ArchiveIntermediates/Hence/IntermediateBuildFilesPath/UninstalledProducts/iphoneos/StripeFinancialConnectionsBundle.bundle/PrivacyInfo.xcprivacy ➜ ../../../../../var/folders/g3/pffjr_y96bq06blnkf72x_hw0000gn/T/eas-build-local-nodejs/f98a0858-83a6-4ef3-980d-ab6a19d10788/build/ios/Pods/StripeFinancialConnections/StripeFinancialConnections/StripeFinancialConnections/PrivacyInfo.xcprivacy
build	Build iOS Locally on Free Cloud Mac	2026-08-22T21:30:14.2827320Z [RUN_FASTLANE] › Preparing Pods/StripePaymentsUI-StripePaymentsUIBundle » ResourceBundle-StripePaymentsUIBundle-StripePaymentsUI-Info.plist
build	Build iOS Locally on Free Cloud Mac	2026-08-22T21:30:14.2929600Z [RUN_FASTLANE] › Preparing Pods/StripeCore-StripeCoreBundle » ResourceBundle-StripeCoreBundle-StripeCore-Info.plist
build	Build iOS Locally on Free Cloud Mac	2026-08-22T21:30:14.3032820Z [RUN_FASTLANE] › Copying   ios/build/Build/Intermediates.noindex/ArchiveIntermediates/Hence/IntermediateBuildFilesPath/UninstalledProducts/iphoneos/StripeCoreBundle.bundle/zh-Hant.lproj ➜ ../../../../../var/folders/g3/pffjr_y96bq06blnkf72x_hw0000gn/T/eas-build-local-nodejs/f98a0858-83a6-4ef3-980d-ab6a19d10788/build/ios/Pods/StripeCore/StripeCore/StripeCore/Resources/Localizations/zh-Hant.lproj
build	Build iOS Locally on Free Cloud Mac	2026-08-22T21:30:14.3137450Z [RUN_FASTLANE] › Copying   ios/build/Build/Intermediates.noindex/ArchiveIntermediates/Hence/IntermediateBuildFilesPath/UninstalledProducts/iphoneos/StripeCoreBundle.bundle/zh-Hans.lproj ➜ ../../../../../var/folders/g3/pffjr_y96bq06blnkf72x_hw0000gn/T/eas-build-local-nodejs/f98a0858-83a6-4ef3-980d-ab6a19d10788/build/ios/Pods/StripeCore/StripeCore/StripeCore/Resources/Localizations/zh-Hans.lproj
build	Build iOS Locally on Free Cloud Mac	2026-08-22T21:30:14.3245090Z [RUN_FASTLANE] › Copying   ios/build/Build/Intermediates.noindex/ArchiveIntermediates/Hence/IntermediateBuildFilesPath/UninstalledProducts/iphoneos/StripeCoreBundle.bundle/zh-HK.lproj ➜ ../../../../../var/folders/g3/pffjr_y96bq06blnkf72x_hw0000gn/T/eas-build-local-nodejs/f98a0858-83a6-4ef3-980d-ab6a19d10788/build/ios/Pods/StripeCore/StripeCore/StripeCore/Resources/Localizations/zh-HK.lproj
build	Build iOS Locally on Free Cloud Mac	2026-08-22T21:30:14.3354790Z [RUN_FASTLANE] › Copying   ios/build/Build/Intermediates.noindex/ArchiveIntermediates/Hence/IntermediateBuildFilesPath/UninstalledProducts/iphoneos/StripeCoreBundle.bundle/vi.lproj ➜ ../../../../../var/folders/g3/pffjr_y96bq06blnkf72x_hw0000gn/T/eas-build-local-nodejs/f98a0858-83a6-4ef3-980d-ab6a19d10788/build/ios/Pods/StripeCore/StripeCore/StripeCore/Resources/Localizations/vi.lproj
build	Build iOS Locally on Free Cloud Mac	2026-08-22T21:30:14.3464160Z [RUN_FASTLANE] › Copying   ios/build/Build/Intermediates.noindex/ArchiveIntermediates/Hence/IntermediateBuildFilesPath/UninstalledProducts/iphoneos/StripeCoreBundle.bundle/tr.lproj ➜ ../../../../../var/folders/g3/pffjr_y96bq06blnkf72x_hw0000gn/T/eas-build-local-nodejs/f98a0858-83a6-4ef3-980d-ab6a19d10788/build/ios/Pods/StripeCore/StripeCore/StripeCore/Resources/Localizations/tr.lproj
build	Build iOS Locally on Free Cloud Mac	2026-08-22T21:30:14.3574130Z [RUN_FASTLANE] › Copying   ios/build/Build/Intermediates.noindex/ArchiveIntermediates/Hence/IntermediateBuildFilesPath/UninstalledProducts/iphoneos/StripeCoreBundle.bundle/th.lproj ➜ ../../../../../var/folders/g3/pffjr_y96bq06blnkf72x_hw0000gn/T/eas-build-local-nodejs/f98a0858-83a6-4ef3-980d-ab6a19d10788/build/ios/Pods/StripeCore/StripeCore/StripeCore/Resources/Localizations/th.lproj
build	Build iOS Locally on Free Cloud Mac	2026-08-22T21:30:14.3681040Z [RUN_FASTLANE] › Copying   ios/build/Build/Intermediates.noindex/ArchiveIntermediates/Hence/IntermediateBuildFilesPath/UninstalledProducts/iphoneos/StripeCoreBundle.bundle/sv.lproj ➜ ../../../../../var/folders/g3/pffjr_y96bq06blnkf72x_hw0000gn/T/eas-build-local-nodejs/f98a0858-83a6-4ef3-980d-ab6a19d10788/build/ios/Pods/StripeCore/StripeCore/StripeCore/Resources/Localizations/sv.lproj
build	Build iOS Locally on Free Cloud Mac	2026-08-22T21:30:14.3793500Z [RUN_FASTLANE] › Copying   ios/build/Build/Intermediates.noindex/ArchiveIntermediates/Hence/IntermediateBuildFilesPath/UninstalledProducts/iphoneos/StripeCoreBundle.bundle/sl-SI.lproj ➜ ../../../../../var/folders/g3/pffjr_y96bq06blnkf72x_hw0000gn/T/eas-build-local-nodejs/f98a0858-83a6-4ef3-980d-ab6a19d10788/build/ios/Pods/StripeCore/StripeCore/StripeCore/Resources/Localizations/sl-SI.lproj
build	Build iOS Locally on Free Cloud Mac	2026-08-22T21:30:14.3897780Z [RUN_FASTLANE] › Copying   ios/build/Build/Intermediates.noindex/ArchiveIntermediates/Hence/IntermediateBuildFilesPath/UninstalledProducts/iphoneos/StripeCoreBundle.bundle/sk-SK.lproj ➜ ../../../../../var/folders/g3/pffjr_y96bq06blnkf72x_hw0000gn/T/eas-build-local-nodejs/f98a0858-83a6-4ef3-980d-ab6a19d10788/build/ios/Pods/StripeCore/StripeCore/StripeCore/Resources/Localizations/sk-SK.lproj
build	Build iOS Locally on Free Cloud Mac	2026-08-22T21:30:14.4002080Z [RUN_FASTLANE] › Copying   ios/build/Build/Intermediates.noindex/ArchiveIntermediates/Hence/IntermediateBuildFilesPath/UninstalledProducts/iphoneos/StripeCoreBundle.bundle/ru.lproj ➜ ../../../../../var/folders/g3/pffjr_y96bq06blnkf72x_hw0000gn/T/eas-build-local-nodejs/f98a0858-83a6-4ef3-980d-ab6a19d10788/build/ios/Pods/StripeCore/StripeCore/StripeCore/Resources/Localizations/ru.lproj
build	Build iOS Locally on Free Cloud Mac	2026-08-22T21:30:14.4106840Z [RUN_FASTLANE] › Copying   ios/build/Build/Intermediates.noindex/ArchiveIntermediates/Hence/IntermediateBuildFilesPath/UninstalledProducts/iphoneos/StripeCoreBundle.bundle/ro-RO.lproj ➜ ../../../../../var/folders/g3/pffjr_y96bq06blnkf72x_hw0000gn/T/eas-build-local-nodejs/f98a0858-83a6-4ef3-980d-ab6a19d10788/build/ios/Pods/StripeCore/StripeCore/StripeCore/Resources/Localizations/ro-RO.lproj
build	Build iOS Locally on Free Cloud Mac	2026-08-22T21:30:14.4214430Z [RUN_FASTLANE] › Copying   ios/build/Build/Intermediates.noindex/ArchiveIntermediates/Hence/IntermediateBuildFilesPath/UninstalledProducts/iphoneos/StripeCoreBundle.bundle/pt-PT.lproj ➜ ../../../../../var/folders/g3/pffjr_y96bq06blnkf72x_hw0000gn/T/eas-build-local-nodejs/f98a0858-83a6-4ef3-980d-ab6a19d10788/build/ios/Pods/StripeCore/StripeCore/StripeCore/Resources/Localizations/pt-PT.lproj
build	Build iOS Locally on Free Cloud Mac	2026-08-22T21:30:14.4321490Z [RUN_FASTLANE] › Copying   ios/build/Build/Intermediates.noindex/ArchiveIntermediates/Hence/IntermediateBuildFilesPath/UninstalledProducts/iphoneos/StripeCoreBundle.bundle/pt-BR.lproj ➜ ../../../../../var/folders/g3/pffjr_y96bq06blnkf72x_hw0000gn/T/eas-build-local-nodejs/f98a0858-83a6-4ef3-980d-ab6a19d10788/build/ios/Pods/StripeCore/StripeCore/StripeCore/Resources/Localizations/pt-BR.lproj
build	Build iOS Locally on Free Cloud Mac	2026-08-22T21:30:14.4426860Z [RUN_FASTLANE] › Copying   ios/build/Build/Intermediates.noindex/ArchiveIntermediates/Hence/IntermediateBuildFilesPath/UninstalledProducts/iphoneos/StripeCoreBundle.bundle/pl-PL.lproj ➜ ../../../../../var/folders/g3/pffjr_y96bq06blnkf72x_hw0000gn/T/eas-build-local-nodejs/f98a0858-83a6-4ef3-980d-ab6a19d10788/build/ios/Pods/StripeCore/StripeCore/StripeCore/Resources/Localizations/pl-PL.lproj
build	Build iOS Locally on Free Cloud Mac	2026-08-22T21:30:14.4531250Z [RUN_FASTLANE] › Copying   ios/build/Build/Intermediates.noindex/ArchiveIntermediates/Hence/IntermediateBuildFilesPath/UninstalledProducts/iphoneos/StripeCoreBundle.bundle/nl.lproj ➜ ../../../../../var/folders/g3/pffjr_y96bq06blnkf72x_hw0000gn/T/eas-build-local-nodejs/f98a0858-83a6-4ef3-980d-ab6a19d10788/build/ios/Pods/StripeCore/StripeCore/StripeCore/Resources/Localizations/nl.lproj
build	Build iOS Locally on Free Cloud Mac	2026-08-22T21:30:14.4640410Z [RUN_FASTLANE] › Copying   ios/build/Build/Intermediates.noindex/ArchiveIntermediates/Hence/IntermediateBuildFilesPath/UninstalledProducts/iphoneos/StripeCoreBundle.bundle/nb.lproj ➜ ../../../../../var/folders/g3/pffjr_y96bq06blnkf72x_hw0000gn/T/eas-build-local-nodejs/f98a0858-83a6-4ef3-980d-ab6a19d10788/build/ios/Pods/StripeCore/StripeCore/StripeCore/Resources/Localizations/nb.lproj
build	Build iOS Locally on Free Cloud Mac	2026-08-22T21:30:14.4646460Z [RUN_FASTLANE] › Copying   ios/build/Build/Intermediates.noindex/ArchiveIntermediates/Hence/IntermediateBuildFilesPath/UninstalledProducts/iphoneos/StripeCoreBundle.bundle/mt.lproj ➜ ../../../../../var/folders/g3/pffjr_y96bq06blnkf72x_hw0000gn/T/eas-build-local-nodejs/f98a0858-83a6-4ef3-980d-ab6a19d10788/build/ios/Pods/StripeCore/StripeCore/StripeCore/Resources/Localizations/mt.lproj
build	Build iOS Locally on Free Cloud Mac	2026-08-22T21:30:14.4816770Z [RUN_FASTLANE] › Copying   ios/build/Build/Intermediates.noindex/ArchiveIntermediates/Hence/IntermediateBuildFilesPath/UninstalledProducts/iphoneos/StripeCoreBundle.bundle/ms-MY.lproj ➜ ../../../../../var/folders/g3/pffjr_y96bq06blnkf72x_hw0000gn/T/eas-build-local-nodejs/f98a0858-83a6-4ef3-980d-ab6a19d10788/build/ios/Pods/StripeCore/StripeCore/StripeCore/Resources/Localizations/ms-MY.lproj
build	Build iOS Locally on Free Cloud Mac	2026-08-22T21:30:14.5009400Z [RUN_FASTLANE] › Copying   ios/build/Build/Intermediates.noindex/ArchiveIntermediates/Hence/IntermediateBuildFilesPath/UninstalledProducts/iphoneos/StripeCoreBundle.bundle/lv-LV.lproj ➜ ../../../../../var/folders/g3/pffjr_y96bq06blnkf72x_hw0000gn/T/eas-build-local-nodejs/f98a0858-83a6-4ef3-980d-ab6a19d10788/build/ios/Pods/StripeCore/StripeCore/StripeCore/Resources/Localizations/lv-LV.lproj
build	Build iOS Locally on Free Cloud Mac	2026-08-22T21:30:14.5038790Z [RUN_FASTLANE] › Copying   ios/build/Build/Intermediates.noindex/ArchiveIntermediates/Hence/IntermediateBuildFilesPath/UninstalledProducts/iphoneos/StripeCoreBundle.bundle/lt-LT.lproj ➜ ../../../../../var/folders/g3/pffjr_y96bq06blnkf72x_hw0000gn/T/eas-build-local-nodejs/f98a0858-83a6-4ef3-980d-ab6a19d10788/build/ios/Pods/StripeCore/StripeCore/StripeCore/Resources/Localizations/lt-LT.lproj
build	Build iOS Locally on Free Cloud Mac	2026-08-22T21:30:14.5362910Z [RUN_FASTLANE] › Copying   ios/build/Build/Intermediates.noindex/ArchiveIntermediates/Hence/IntermediateBuildFilesPath/UninstalledProducts/iphoneos/StripeCoreBundle.bundle/ko.lproj ➜ ../../../../../var/folders/g3/pffjr_y96bq06blnkf72x_hw0000gn/T/eas-build-local-nodejs/f98a0858-83a6-4ef3-980d-ab6a19d10788/build/ios/Pods/StripeCore/StripeCore/StripeCore/Resources/Localizations/ko.lproj
build	Build iOS Locally on Free Cloud Mac	2026-08-22T21:30:14.5472120Z [RUN_FASTLANE] › Copying   ios/build/Build/Intermediates.noindex/ArchiveIntermediates/Hence/IntermediateBuildFilesPath/UninstalledProducts/iphoneos/StripeCoreBundle.bundle/ja.lproj ➜ ../../../../../var/folders/g3/pffjr_y96bq06blnkf72x_hw0000gn/T/eas-build-local-nodejs/f98a0858-83a6-4ef3-980d-ab6a19d10788/build/ios/Pods/StripeCore/StripeCore/StripeCore/Resources/Localizations/ja.lproj
build	Build iOS Locally on Free Cloud Mac	2026-08-22T21:30:14.5581140Z [RUN_FASTLANE] › Copying   ios/build/Build/Intermediates.noindex/ArchiveIntermediates/Hence/IntermediateBuildFilesPath/UninstalledProducts/iphoneos/StripeCoreBundle.bundle/it.lproj ➜ ../../../../../var/folders/g3/pffjr_y96bq06blnkf72x_hw0000gn/T/eas-build-local-nodejs/f98a0858-83a6-4ef3-980d-ab6a19d10788/build/ios/Pods/StripeCore/StripeCore/StripeCore/Resources/Localizations/it.lproj
build	Build iOS Locally on Free Cloud Mac	2026-08-22T21:30:14.5687320Z [RUN_FASTLANE] › Copying   ios/build/Build/Intermediates.noindex/ArchiveIntermediates/Hence/IntermediateBuildFilesPath/UninstalledProducts/iphoneos/StripeCoreBundle.bundle/id.lproj ➜ ../../../../../var/folders/g3/pffjr_y96bq06blnkf72x_hw0000gn/T/eas-build-local-nodejs/f98a0858-83a6-4ef3-980d-ab6a19d10788/build/ios/Pods/StripeCore/StripeCore/StripeCore/Resources/Localizations/id.lproj
build	Build iOS Locally on Free Cloud Mac	2026-08-22T21:30:14.5794590Z [RUN_FASTLANE] › Copying   ios/build/Build/Intermediates.noindex/ArchiveIntermediates/Hence/IntermediateBuildFilesPath/UninstalledProducts/iphoneos/StripeCoreBundle.bundle/hu.lproj ➜ ../../../../../var/folders/g3/pffjr_y96bq06blnkf72x_hw0000gn/T/eas-build-local-nodejs/f98a0858-83a6-4ef3-980d-ab6a19d10788/build/ios/Pods/StripeCore/StripeCore/StripeCore/Resources/Localizations/hu.lproj
build	Build iOS Locally on Free Cloud Mac	2026-08-22T21:30:14.5899850Z [RUN_FASTLANE] › Copying   ios/build/Build/Intermediates.noindex/ArchiveIntermediates/Hence/IntermediateBuildFilesPath/UninstalledProducts/iphoneos/StripeCoreBundle.bundle/hr.lproj ➜ ../../../../../var/folders/g3/pffjr_y96bq06blnkf72x_hw0000gn/T/eas-build-local-nodejs/f98a0858-83a6-4ef3-980d-ab6a19d10788/build/ios/Pods/StripeCore/StripeCore/StripeCore/Resources/Localizations/hr.lproj
build	Build iOS Locally on Free Cloud Mac	2026-08-22T21:30:14.6007740Z [RUN_FASTLANE] › Copying   ios/build/Build/Intermediates.noindex/ArchiveIntermediates/Hence/IntermediateBuildFilesPath/UninstalledProducts/iphoneos/StripeCoreBundle.bundle/fr.lproj ➜ ../../../../../var/folders/g3/pffjr_y96bq06blnkf72x_hw0000gn/T/eas-build-local-nodejs/f98a0858-83a6-4ef3-980d-ab6a19d10788/build/ios/Pods/StripeCore/StripeCore/StripeCore/Resources/Localizations/fr.lproj
build	Build iOS Locally on Free Cloud Mac	2026-08-22T21:30:14.6115380Z [RUN_FASTLANE] › Copying   ios/build/Build/Intermediates.noindex/ArchiveIntermediates/Hence/IntermediateBuildFilesPath/UninstalledProducts/iphoneos/StripeCoreBundle.bundle/fr-CA.lproj ➜ ../../../../../var/folders/g3/pffjr_y96bq06blnkf72x_hw0000gn/T/eas-build-local-nodejs/f98a0858-83a6-4ef3-980d-ab6a19d10788/build/ios/Pods/StripeCore/StripeCore/StripeCore/Resources/Localizations/fr-CA.lproj
build	Build iOS Locally on Free Cloud Mac	2026-08-22T21:30:14.6219650Z [RUN_FASTLANE] › Copying   ios/build/Build/Intermediates.noindex/ArchiveIntermediates/Hence/IntermediateBuildFilesPath/UninstalledProducts/iphoneos/StripeCoreBundle.bundle/fil.lproj ➜ ../../../../../var/folders/g3/pffjr_y96bq06blnkf72x_hw0000gn/T/eas-build-local-nodejs/f98a0858-83a6-4ef3-980d-ab6a19d10788/build/ios/Pods/StripeCore/StripeCore/StripeCore/Resources/Localizations/fil.lproj
build	Build iOS Locally on Free Cloud Mac	2026-08-22T21:30:14.6325550Z [RUN_FASTLANE] › Copying   ios/build/Build/Intermediates.noindex/ArchiveIntermediates/Hence/IntermediateBuildFilesPath/UninstalledProducts/iphoneos/StripeCoreBundle.bundle/fi.lproj ➜ ../../../../../var/folders/g3/pffjr_y96bq06blnkf72x_hw0000gn/T/eas-build-local-nodejs/f98a0858-83a6-4ef3-980d-ab6a19d10788/build/ios/Pods/StripeCore/StripeCore/StripeCore/Resources/Localizations/fi.lproj
build	Build iOS Locally on Free Cloud Mac	2026-08-22T21:30:14.6432970Z [RUN_FASTLANE] › Copying   ios/build/Build/Intermediates.noindex/ArchiveIntermediates/Hence/IntermediateBuildFilesPath/UninstalledProducts/iphoneos/StripeCoreBundle.bundle/et-EE.lproj ➜ ../../../../../var/folders/g3/pffjr_y96bq06blnkf72x_hw0000gn/T/eas-build-local-nodejs/f98a0858-83a6-4ef3-980d-ab6a19d10788/build/ios/Pods/StripeCore/StripeCore/StripeCore/Resources/Localizations/et-EE.lproj
build	Build iOS Locally on Free Cloud Mac	2026-08-22T21:30:14.6540040Z [RUN_FASTLANE] › Copying   ios/build/Build/Intermediates.noindex/ArchiveIntermediates/Hence/IntermediateBuildFilesPath/UninstalledProducts/iphoneos/StripeCoreBundle.bundle/es.lproj ➜ ../../../../../var/folders/g3/pffjr_y96bq06blnkf72x_hw0000gn/T/eas-build-local-nodejs/f98a0858-83a6-4ef3-980d-ab6a19d10788/build/ios/Pods/StripeCore/StripeCore/StripeCore/Resources/Localizations/es.lproj
build	Build iOS Locally on Free Cloud Mac	2026-08-22T21:30:14.6648050Z [RUN_FASTLANE] › Copying   ios/build/Build/Intermediates.noindex/ArchiveIntermediates/Hence/IntermediateBuildFilesPath/UninstalledProducts/iphoneos/StripeCoreBundle.bundle/es-419.lproj ➜ ../../../../../var/folders/g3/pffjr_y96bq06blnkf72x_hw0000gn/T/eas-build-local-nodejs/f98a0858-83a6-4ef3-980d-ab6a19d10788/build/ios/Pods/StripeCore/StripeCore/StripeCore/Resources/Localizations/es-419.lproj
build	Build iOS Locally on Free Cloud Mac	2026-08-22T21:30:14.6652620Z [RUN_FASTLANE] › Copying   ios/build/Build/Intermediates.noindex/ArchiveIntermediates/Hence/IntermediateBuildFilesPath/UninstalledProducts/iphoneos/StripeCoreBundle.bundle/en.lproj ➜ ../../../../../var/folders/g3/pffjr_y96bq06blnkf72x_hw0000gn/T/eas-build-local-nodejs/f98a0858-83a6-4ef3-980d-ab6a19d10788/build/ios/Pods/StripeCore/StripeCore/StripeCore/Resources/Localizations/en.lproj
build	Build iOS Locally on Free Cloud Mac	2026-08-22T21:30:14.6757870Z [RUN_FASTLANE] › Copying   ios/build/Build/Intermediates.noindex/ArchiveIntermediates/Hence/IntermediateBuildFilesPath/UninstalledProducts/iphoneos/StripeCoreBundle.bundle/en-GB.lproj ➜ ../../../../../var/folders/g3/pffjr_y96bq06blnkf72x_hw0000gn/T/eas-build-local-nodejs/f98a0858-83a6-4ef3-980d-ab6a19d10788/build/ios/Pods/StripeCore/StripeCore/StripeCore/Resources/Localizations/en-GB.lproj
build	Build iOS Locally on Free Cloud Mac	2026-08-22T21:30:14.6862330Z [RUN_FASTLANE] › Copying   ios/build/Build/Intermediates.noindex/ArchiveIntermediates/Hence/IntermediateBuildFilesPath/UninstalledProducts/iphoneos/StripeCoreBundle.bundle/el-GR.lproj ➜ ../../../../../var/folders/g3/pffjr_y96bq06blnkf72x_hw0000gn/T/eas-build-local-nodejs/f98a0858-83a6-4ef3-980d-ab6a19d10788/build/ios/Pods/StripeCore/StripeCore/StripeCore/Resources/Localizations/el-GR.lproj
build	Build iOS Locally on Free Cloud Mac	2026-08-22T21:30:14.6970080Z [RUN_FASTLANE] › Copying   ios/build/Build/Intermediates.noindex/ArchiveIntermediates/Hence/IntermediateBuildFilesPath/UninstalledProducts/iphoneos/StripeCoreBundle.bundle/de.lproj ➜ ../../../../../var/folders/g3/pffjr_y96bq06blnkf72x_hw0000gn/T/eas-build-local-nodejs/f98a0858-83a6-4ef3-980d-ab6a19d10788/build/ios/Pods/StripeCore/StripeCore/StripeCore/Resources/Localizations/de.lproj
build	Build iOS Locally on Free Cloud Mac	2026-08-22T21:30:14.7086920Z [RUN_FASTLANE] › Copying   ios/build/Build/Intermediates.noindex/ArchiveIntermediates/Hence/IntermediateBuildFilesPath/UninstalledProducts/iphoneos/StripeCoreBundle.bundle/da.lproj ➜ ../../../../../var/folders/g3/pffjr_y96bq06blnkf72x_hw0000gn/T/eas-build-local-nodejs/f98a0858-83a6-4ef3-980d-ab6a19d10788/build/ios/Pods/StripeCore/StripeCore/StripeCore/Resources/Localizations/da.lproj
build	Build iOS Locally on Free Cloud Mac	2026-08-22T21:30:14.7200570Z [RUN_FASTLANE] › Copying   ios/build/Build/Intermediates.noindex/ArchiveIntermediates/Hence/IntermediateBuildFilesPath/UninstalledProducts/iphoneos/StripeCoreBundle.bundle/cs-CZ.lproj ➜ ../../../../../var/folders/g3/pffjr_y96bq06blnkf72x_hw0000gn/T/eas-build-local-nodejs/f98a0858-83a6-4ef3-980d-ab6a19d10788/build/ios/Pods/StripeCore/StripeCore/StripeCore/Resources/Localizations/cs-CZ.lproj
build	Build iOS Locally on Free Cloud Mac	2026-08-22T21:30:14.7305210Z [RUN_FASTLANE] › Copying   ios/build/Build/Intermediates.noindex/ArchiveIntermediates/Hence/IntermediateBuildFilesPath/UninstalledProducts/iphoneos/StripeCoreBundle.bundle/ca-ES.lproj ➜ ../../../../../var/folders/g3/pffjr_y96bq06blnkf72x_hw0000gn/T/eas-build-local-nodejs/f98a0858-83a6-4ef3-980d-ab6a19d10788/build/ios/Pods/StripeCore/StripeCore/StripeCore/Resources/Localizations/ca-ES.lproj
build	Build iOS Locally on Free Cloud Mac	2026-08-22T21:30:14.7359400Z [RUN_FASTLANE] › Copying   ios/build/Build/Intermediates.noindex/ArchiveIntermediates/Hence/IntermediateBuildFilesPath/UninstalledProducts/iphoneos/StripeCoreBundle.bundle/bg-BG.lproj ➜ ../../../../../var/folders/g3/pffjr_y96bq06blnkf72x_hw0000gn/T/eas-build-local-nodejs/f98a0858-83a6-4ef3-980d-ab6a19d10788/build/ios/Pods/StripeCore/StripeCore/StripeCore/Resources/Localizations/bg-BG.lproj
build	Build iOS Locally on Free Cloud Mac	2026-08-22T21:30:14.7466470Z [RUN_FASTLANE] › Copying   ios/build/Build/Intermediates.noindex/ArchiveIntermediates/Hence/IntermediateBuildFilesPath/UninstalledProducts/iphoneos/StripeCoreBundle.bundle/PrivacyInfo.xcprivacy ➜ ../../../../../var/folders/g3/pffjr_y96bq06blnkf72x_hw0000gn/T/eas-build-local-nodejs/f98a0858-83a6-4ef3-980d-ab6a19d10788/build/ios/Pods/StripeCore/StripeCore/StripeCore/PrivacyInfo.xcprivacy
build	Build iOS Locally on Free Cloud Mac	2026-08-22T21:30:14.7570390Z [RUN_FASTLANE] › Copying   ios/build/Build/Intermediates.noindex/ArchiveIntermediates/Hence/IntermediateBuildFilesPath/UninstalledProducts/iphoneos/StripeBundle.bundle/PrivacyInfo.xcprivacy ➜ ../../../../../var/folders/g3/pffjr_y96bq06blnkf72x_hw0000gn/T/eas-build-local-nodejs/f98a0858-83a6-4ef3-980d-ab6a19d10788/build/ios/Pods/Stripe/Stripe/StripeiOS/PrivacyInfo.xcprivacy
build	Build iOS Locally on Free Cloud Mac	2026-08-22T21:30:14.7675260Z [RUN_FASTLANE] › Copying   ios/build/Build/Intermediates.noindex/ArchiveIntermediates/Hence/IntermediateBuildFilesPath/UninstalledProducts/iphoneos/React-cxxreact_privacy.bundle/PrivacyInfo.xcprivacy ➜ ../../../../../var/folders/g3/pffjr_y96bq06blnkf72x_hw0000gn/T/eas-build-local-nodejs/f98a0858-83a6-4ef3-980d-ab6a19d10788/build/node_modules/react-native/ReactCommon/cxxreact/PrivacyInfo.xcprivacy
build	Build iOS Locally on Free Cloud Mac	2026-08-22T21:30:14.7778420Z [RUN_FASTLANE] › Preparing Pods/Stripe-StripeBundle » ResourceBundle-StripeBundle-Stripe-Info.plist
build	Build iOS Locally on Free Cloud Mac	2026-08-22T21:30:26.7744060Z [RUN_FASTLANE] › Compiling Pods/ZXingObjC » ZXingObjC-dummy.m
build	Build iOS Locally on Free Cloud Mac	2026-08-22T21:30:26.7862020Z [RUN_FASTLANE] › Compiling Pods/ZXingObjC » ZXWifiResultParser.m
build	Build iOS Locally on Free Cloud Mac	2026-08-22T21:30:26.7963800Z [RUN_FASTLANE] › Compiling Pods/ZXingObjC » ZXWifiParsedResult.m
build	Build iOS Locally on Free Cloud Mac	2026-08-22T21:30:27.2011100Z [RUN_FASTLANE] › Compiling Pods/ZXingObjC » ZXWhiteRectangleDetector.m
build	Build iOS Locally on Free Cloud Mac	2026-08-22T21:30:27.2113970Z [RUN_FASTLANE] › Compiling Pods/ZXingObjC » ZXVINResultParser.m
build	Build iOS Locally on Free Cloud Mac	2026-08-22T21:30:27.2214340Z [RUN_FASTLANE] › Compiling Pods/ZXingObjC » ZXVINParsedResult.m
build	Build iOS Locally on Free Cloud Mac	2026-08-22T21:30:27.2314540Z [RUN_FASTLANE] › Compiling Pods/ZXingObjC » ZXVEventResultParser.m
build	Build iOS Locally on Free Cloud Mac	2026-08-22T21:30:27.6381670Z [RUN_FASTLANE] › Compiling Pods/ZXingObjC » ZXVCardResultParser.m
build	Build iOS Locally on Free Cloud Mac	2026-08-22T21:30:27.6483790Z [RUN_FASTLANE] › Compiling Pods/ZXingObjC » ZXURLTOResultParser.m
build	Build iOS Locally on Free Cloud Mac	2026-08-22T21:30:27.6585860Z [RUN_FASTLANE] › Compiling Pods/ZXingObjC » ZXURIResultParser.m
build	Build iOS Locally on Free Cloud Mac	2026-08-22T21:30:27.6688510Z [RUN_FASTLANE] › Compiling Pods/ZXingObjC » ZXURIParsedResult.m
build	Build iOS Locally on Free Cloud Mac	2026-08-22T21:30:27.6790590Z [RUN_FASTLANE] › Compiling Pods/ZXingObjC » ZXUPCEWriter.m
build	Build iOS Locally on Free Cloud Mac	2026-08-22T21:30:28.0608110Z [RUN_FASTLANE] › Compiling Pods/ZXingObjC » ZXUPCEReader.m
build	Build iOS Locally on Free Cloud Mac	2026-08-22T21:30:28.0726110Z [RUN_FASTLANE] › Compiling Pods/ZXingObjC » ZXUPCEANWriter.m
build	Build iOS Locally on Free Cloud Mac	2026-08-22T21:30:28.0881520Z [RUN_FASTLANE] › Compiling Pods/ZXingObjC » ZXUPCEANReader.m
build	Build iOS Locally on Free Cloud Mac	2026-08-22T21:30:28.1041420Z [RUN_FASTLANE] › Compiling Pods/ZXingObjC » ZXUPCEANExtensionSupport.m
build	Build iOS Locally on Free Cloud Mac	2026-08-22T21:30:28.4271660Z [RUN_FASTLANE] › Compiling Pods/ZXingObjC » ZXUPCEANExtension5Support.m
build	Build iOS Locally on Free Cloud Mac	2026-08-22T21:30:28.4372050Z [RUN_FASTLANE] › Compiling Pods/ZXingObjC » ZXUPCEANExtension2Support.m
build	Build iOS Locally on Free Cloud Mac	2026-08-22T21:30:28.4473600Z [RUN_FASTLANE] › Compiling Pods/ZXingObjC » ZXUPCAWriter.m
build	Build iOS Locally on Free Cloud Mac	2026-08-22T21:30:28.4576400Z [RUN_FASTLANE] › Compiling Pods/ZXingObjC » ZXUPCAReader.m
build	Build iOS Locally on Free Cloud Mac	2026-08-22T21:30:28.9230530Z [RUN_FASTLANE] › Compiling Pods/ZXingObjC » ZXTextParsedResult.m
build	Build iOS Locally on Free Cloud Mac	2026-08-22T21:30:28.9339830Z [RUN_FASTLANE] › Compiling Pods/ZXingObjC » ZXTelResultParser.m
build	Build iOS Locally on Free Cloud Mac	2026-08-22T21:30:28.9440260Z [RUN_FASTLANE] › Compiling Pods/ZXingObjC » ZXTelParsedResult.m
build	Build iOS Locally on Free Cloud Mac	2026-08-22T21:30:28.9542050Z [RUN_FASTLANE] › Compiling Pods/ZXingObjC » ZXStringUtils.m
build	Build iOS Locally on Free Cloud Mac	2026-08-22T21:30:28.9644940Z [RUN_FASTLANE] › Compiling Pods/ZXingObjC » ZXSMTPResultParser.m
build	Build iOS Locally on Free Cloud Mac	2026-08-22T21:30:29.3806950Z [RUN_FASTLANE] › Compiling Pods/ZXingObjC » ZXSMSTOMMSTOResultParser.m
build	Build iOS Locally on Free Cloud Mac	2026-08-22T21:30:29.3915570Z [RUN_FASTLANE] › Compiling Pods/ZXingObjC » ZXSMSParsedResult.m
build	Build iOS Locally on Free Cloud Mac	2026-08-22T21:30:29.4021270Z [RUN_FASTLANE] › Compiling Pods/ZXingObjC » ZXSMSMMSResultParser.m
build	Build iOS Locally on Free Cloud Mac	2026-08-22T21:30:29.4124690Z [RUN_FASTLANE] › Compiling Pods/ZXingObjC » ZXResultPoint.m
build	Build iOS Locally on Free Cloud Mac	2026-08-22T21:30:29.7253640Z [RUN_FASTLANE] › Compiling Pods/ZXingObjC » ZXResultParser.m
build	Build iOS Locally on Free Cloud Mac	2026-08-22T21:30:29.7354930Z [RUN_FASTLANE] › Compiling Pods/ZXingObjC » ZXResult.m
build	Build iOS Locally on Free Cloud Mac	2026-08-22T21:30:29.7455780Z [RUN_FASTLANE] › Compiling Pods/ZXingObjC » ZXReedSolomonEncoder.m
build	Build iOS Locally on Free Cloud Mac	2026-08-22T21:30:29.7558410Z [RUN_FASTLANE] › Compiling Pods/ZXingObjC » ZXReedSolomonDecoder.m
build	Build iOS Locally on Free Cloud Mac	2026-08-22T21:30:30.1494850Z [RUN_FASTLANE] › Compiling Pods/ZXingObjC » ZXRSSUtils.m
build	Build iOS Locally on Free Cloud Mac	2026-08-22T21:30:30.1647170Z [RUN_FASTLANE] › Compiling Pods/ZXingObjC » ZXRSSPair.m
build	Build iOS Locally on Free Cloud Mac	2026-08-22T21:30:30.1753990Z [RUN_FASTLANE] › Compiling Pods/ZXingObjC » ZXRSSFinderPattern.m
build	Build iOS Locally on Free Cloud Mac	2026-08-22T21:30:30.1857000Z [RUN_FASTLANE] › Compiling Pods/ZXingObjC » ZXRSSExpandedRow.m
build	Build iOS Locally on Free Cloud Mac	2026-08-22T21:30:30.6794310Z [RUN_FASTLANE] › Compiling Pods/ZXingObjC » ZXRSSExpandedReader.m
build	Build iOS Locally on Free Cloud Mac	2026-08-22T21:30:30.6896670Z [RUN_FASTLANE] › Compiling Pods/ZXingObjC » ZXRSSExpandedPair.m
build	Build iOS Locally on Free Cloud Mac	2026-08-22T21:30:30.6998950Z [RUN_FASTLANE] › Compiling Pods/ZXingObjC » ZXRSSExpandedGeneralAppIdDecoder.m
build	Build iOS Locally on Free Cloud Mac	2026-08-22T21:30:30.7101960Z [RUN_FASTLANE] › Compiling Pods/ZXingObjC » ZXRSSExpandedFieldParser.m
build	Build iOS Locally on Free Cloud Mac	2026-08-22T21:30:31.0959400Z [RUN_FASTLANE] › Compiling Pods/ZXingObjC » ZXRSSExpandedDecodedObject.m
build	Build iOS Locally on Free Cloud Mac	2026-08-22T21:30:31.1059830Z [RUN_FASTLANE] › Compiling Pods/ZXingObjC » ZXRSSExpandedDecodedNumeric.m
build	Build iOS Locally on Free Cloud Mac	2026-08-22T21:30:31.1164010Z [RUN_FASTLANE] › Compiling Pods/ZXingObjC » ZXRSSExpandedDecodedInformation.m
build	Build iOS Locally on Free Cloud Mac	2026-08-22T21:30:31.1266490Z [RUN_FASTLANE] › Compiling Pods/ZXingObjC » ZXRSSExpandedDecodedChar.m
build	Build iOS Locally on Free Cloud Mac	2026-08-22T21:30:31.3584510Z [RUN_FASTLANE] › Compiling Pods/ZXingObjC » ZXRSSExpandedCurrentParsingState.m
build	Build iOS Locally on Free Cloud Mac	2026-08-22T21:30:31.3686610Z [RUN_FASTLANE] › Compiling Pods/ZXingObjC » ZXRSSExpandedBlockParsedResult.m
build	Build iOS Locally on Free Cloud Mac	2026-08-22T21:30:31.3789580Z [RUN_FASTLANE] › Compiling Pods/ZXingObjC » ZXRSSDataCharacter.m
build	Build iOS Locally on Free Cloud Mac	2026-08-22T21:30:31.7792290Z [RUN_FASTLANE] › Compiling Pods/ZXingObjC » ZXRSS14Reader.m
build	Build iOS Locally on Free Cloud Mac	2026-08-22T21:30:31.7889340Z [RUN_FASTLANE] › Compiling Pods/ZXingObjC » ZXRGBLuminanceSource.m
build	Build iOS Locally on Free Cloud Mac	2026-08-22T21:30:31.7991160Z [RUN_FASTLANE] › Compiling Pods/ZXingObjC » ZXProductResultParser.m
build	Build iOS Locally on Free Cloud Mac	2026-08-22T21:30:32.2531060Z [RUN_FASTLANE] › Compiling Pods/ZXingObjC » ZXProductParsedResult.m
build	Build iOS Locally on Free Cloud Mac	2026-08-22T21:30:32.2633710Z [RUN_FASTLANE] › Compiling Pods/ZXingObjC » ZXPlanarYUVLuminanceSource.m
build	Build iOS Locally on Free Cloud Mac	2026-08-22T21:30:32.2735520Z [RUN_FASTLANE] › Compiling Pods/ZXingObjC » ZXPerspectiveTransform.m
build	Build iOS Locally on Free Cloud Mac	2026-08-22T21:30:32.5403250Z [RUN_FASTLANE] › Compiling Pods/ZXingObjC » ZXParsedResult.m
build	Build iOS Locally on Free Cloud Mac	2026-08-22T21:30:32.5505400Z [RUN_FASTLANE] › Compiling Pods/ZXingObjC » ZXPDF417Writer.m
build	Build iOS Locally on Free Cloud Mac	2026-08-22T21:30:32.5608430Z [RUN_FASTLANE] › Compiling Pods/ZXingObjC » ZXPDF417ScanningDecoder.m
build	Build iOS Locally on Free Cloud Mac	2026-08-22T21:30:32.8655350Z [RUN_FASTLANE] › Compiling Pods/ZXingObjC » ZXPDF417ResultMetadata.m
build	Build iOS Locally on Free Cloud Mac	2026-08-22T21:30:32.8755800Z [RUN_FASTLANE] › Compiling Pods/ZXingObjC » ZXPDF417Reader.m
build	Build iOS Locally on Free Cloud Mac	2026-08-22T21:30:32.8859390Z [RUN_FASTLANE] › Compiling Pods/ZXingObjC » ZXPDF417HighLevelEncoder.m
build	Build iOS Locally on Free Cloud Mac	2026-08-22T21:30:32.8959330Z [RUN_FASTLANE] › Compiling Pods/ZXingObjC » ZXPDF417ErrorCorrection.m
build	Build iOS Locally on Free Cloud Mac	2026-08-22T21:30:33.2014250Z [RUN_FASTLANE] › Compiling Pods/ZXingObjC » ZXPDF417ECErrorCorrection.m
build	Build iOS Locally on Free Cloud Mac	2026-08-22T21:30:33.2121800Z [RUN_FASTLANE] › Compiling Pods/ZXingObjC » ZXPDF417Dimensions.m
build	Build iOS Locally on Free Cloud Mac	2026-08-22T21:30:33.2222090Z [RUN_FASTLANE] › Compiling Pods/ZXingObjC » ZXPDF417DetectorResult.m
build	Build iOS Locally on Free Cloud Mac	2026-08-22T21:30:33.4505650Z [RUN_FASTLANE] › Compiling Pods/ZXingObjC » ZXPDF417Detector.m
build	Build iOS Locally on Free Cloud Mac	2026-08-22T21:30:33.4613810Z [RUN_FASTLANE] › Compiling Pods/ZXingObjC » ZXPDF417DetectionResultRowIndicatorColumn.m
build	Build iOS Locally on Free Cloud Mac	2026-08-22T21:30:33.4730430Z [RUN_FASTLANE] › Compiling Pods/ZXingObjC » ZXPDF417DetectionResultColumn.m
build	Build iOS Locally on Free Cloud Mac	2026-08-22T21:30:33.8316500Z [RUN_FASTLANE] › Compiling Pods/ZXingObjC » ZXPDF417DetectionResult.m
build	Build iOS Locally on Free Cloud Mac	2026-08-22T21:30:33.8417000Z [RUN_FASTLANE] › Compiling Pods/ZXingObjC » ZXPDF417DecodedBitStreamParser.m
build	Build iOS Locally on Free Cloud Mac	2026-08-22T21:30:33.8516850Z [RUN_FASTLANE] › Compiling Pods/ZXingObjC » ZXPDF417Common.m
build	Build iOS Locally on Free Cloud Mac	2026-08-22T21:30:34.0836800Z [RUN_FASTLANE] › Compiling Pods/ZXingObjC » ZXPDF417CodewordDecoder.m
build	Build iOS Locally on Free Cloud Mac	2026-08-22T21:30:34.0937930Z [RUN_FASTLANE] › Compiling Pods/ZXingObjC » ZXPDF417BoundingBox.m
build	Build iOS Locally on Free Cloud Mac	2026-08-22T21:30:34.1041100Z [RUN_FASTLANE] › Compiling Pods/ZXingObjC » ZXPDF417Codeword.m
build	Build iOS Locally on Free Cloud Mac	2026-08-22T21:30:34.1146260Z [RUN_FASTLANE] › Compiling Pods/ZXingObjC » ZXPDF417BarcodeValue.m
build	Build iOS Locally on Free Cloud Mac	2026-08-22T21:30:34.3054380Z [RUN_FASTLANE] › Compiling Pods/ZXingObjC » ZXPDF417BarcodeRow.m
build	Build iOS Locally on Free Cloud Mac	2026-08-22T21:30:34.3154570Z [RUN_FASTLANE] › Compiling Pods/ZXingObjC » ZXPDF417BarcodeMatrix.m
build	Build iOS Locally on Free Cloud Mac	2026-08-22T21:30:34.3255380Z [RUN_FASTLANE] › Compiling Pods/ZXingObjC » ZXPDF417BarcodeMetadata.m
build	Build iOS Locally on Free Cloud Mac	2026-08-22T21:30:34.5673790Z [RUN_FASTLANE] › Compiling Pods/ZXingObjC » ZXPDF417.m
build	Build iOS Locally on Free Cloud Mac	2026-08-22T21:30:34.5775660Z [RUN_FASTLANE] › Compiling Pods/ZXingObjC » ZXOneDReader.m
build	Build iOS Locally on Free Cloud Mac	2026-08-22T21:30:34.5876720Z [RUN_FASTLANE] › Compiling Pods/ZXingObjC » ZXOneDimensionalCodeWriter.m
build	Build iOS Locally on Free Cloud Mac	2026-08-22T21:30:34.7787110Z [RUN_FASTLANE] › Compiling Pods/ZXingObjC » ZXMultiFormatUPCEANReader.m
build	Build iOS Locally on Free Cloud Mac	2026-08-22T21:30:34.7888980Z [RUN_FASTLANE] › Compiling Pods/ZXingObjC » ZXMultiFormatReader.m
build	Build iOS Locally on Free Cloud Mac	2026-08-22T21:30:35.0923570Z [RUN_FASTLANE] › Compiling Pods/ZXingObjC » ZXMonochromeRectangleDetector.m
build	Build iOS Locally on Free Cloud Mac	2026-08-22T21:30:35.1022710Z [RUN_FASTLANE] › Compiling Pods/ZXingObjC » ZXMultiFormatOneDReader.m
build	Build iOS Locally on Free Cloud Mac	2026-08-22T21:30:35.1128310Z [RUN_FASTLANE] › Compiling Pods/ZXingObjC » ZXModulusGF.m
build	Build iOS Locally on Free Cloud Mac	2026-08-22T21:30:35.1223450Z [RUN_FASTLANE] › Compiling Pods/ZXingObjC » ZXMathUtils.m
build	Build iOS Locally on Free Cloud Mac	2026-08-22T21:30:35.4599380Z [RUN_FASTLANE] › Compiling Pods/ZXingObjC » ZXModulusPoly.m
build	Build iOS Locally on Free Cloud Mac	2026-08-22T21:30:35.4702040Z [RUN_FASTLANE] › Compiling Pods/ZXingObjC » ZXLuminanceSource.m
build	Build iOS Locally on Free Cloud Mac	2026-08-22T21:30:35.4805660Z [RUN_FASTLANE] › Compiling Pods/ZXingObjC » ZXInvertedLuminanceSource.m
build	Build iOS Locally on Free Cloud Mac	2026-08-22T21:30:35.7826280Z [RUN_FASTLANE] › Compiling Pods/ZXingObjC » ZXIntArray.m
build	Build iOS Locally on Free Cloud Mac	2026-08-22T21:30:35.7926640Z [RUN_FASTLANE] › Compiling Pods/ZXingObjC » ZXImage.m
build	Build iOS Locally on Free Cloud Mac	2026-08-22T21:30:35.8028290Z [RUN_FASTLANE] › Compiling Pods/ZXingObjC » ZXITFReader.m
build	Build iOS Locally on Free Cloud Mac	2026-08-22T21:30:35.9632840Z [RUN_FASTLANE] › Compiling Pods/ZXingObjC » ZXITFWriter.m
build	Build iOS Locally on Free Cloud Mac	2026-08-22T21:30:35.9734260Z [RUN_FASTLANE] › Compiling Pods/ZXingObjC » ZXISBNResultParser.m
build	Build iOS Locally on Free Cloud Mac	2026-08-22T21:30:35.9834560Z [RUN_FASTLANE] › Compiling Pods/ZXingObjC » ZXISBNParsedResult.m
build	Build iOS Locally on Free Cloud Mac	2026-08-22T21:30:36.2043250Z [RUN_FASTLANE] › Compiling Pods/ZXingObjC » ZXHybridBinarizer.m
build	Build iOS Locally on Free Cloud Mac	2026-08-22T21:30:36.2144230Z [RUN_FASTLANE] › Compiling Pods/ZXingObjC » ZXGridSampler.m
build	Build iOS Locally on Free Cloud Mac	2026-08-22T21:30:36.2246240Z [RUN_FASTLANE] › Compiling Pods/ZXingObjC » ZXGlobalHistogramBinarizer.m
build	Build iOS Locally on Free Cloud Mac	2026-08-22T21:30:36.4662060Z [RUN_FASTLANE] › Compiling Pods/ZXingObjC » ZXGeoResultParser.m
build	Build iOS Locally on Free Cloud Mac	2026-08-22T21:30:36.4763300Z [RUN_FASTLANE] › Compiling Pods/ZXingObjC » ZXGeoParsedResult.m
build	Build iOS Locally on Free Cloud Mac	2026-08-22T21:30:36.4866820Z [RUN_FASTLANE] › Compiling Pods/ZXingObjC » ZXGenericMultipleBarcodeReader.m
build	Build iOS Locally on Free Cloud Mac	2026-08-22T21:30:36.4965830Z [RUN_FASTLANE] › Compiling Pods/ZXingObjC » ZXGenericGF.m
build	Build iOS Locally on Free Cloud Mac	2026-08-22T21:30:36.7388350Z [RUN_FASTLANE] › Compiling Pods/ZXingObjC » ZXGenericGFPoly.m
build	Build iOS Locally on Free Cloud Mac	2026-08-22T21:30:36.7489030Z [RUN_FASTLANE] › Compiling Pods/ZXingObjC » ZXExpandedProductResultParser.m
build	Build iOS Locally on Free Cloud Mac	2026-08-22T21:30:36.7591740Z [RUN_FASTLANE] › Compiling Pods/ZXingObjC » ZXExpandedProductParsedResult.m
build	Build iOS Locally on Free Cloud Mac	2026-08-22T21:30:37.0614390Z [RUN_FASTLANE] › Compiling Pods/ZXingObjC » ZXErrors.m
build	Build iOS Locally on Free Cloud Mac	2026-08-22T21:30:37.0715180Z [RUN_FASTLANE] › Compiling Pods/ZXingObjC » ZXEmailDoCoMoResultParser.m
build	Build iOS Locally on Free Cloud Mac	2026-08-22T21:30:37.0815620Z [RUN_FASTLANE] › Compiling Pods/ZXingObjC » ZXEncodeHints.m
build	Build iOS Locally on Free Cloud Mac	2026-08-22T21:30:37.2522680Z [RUN_FASTLANE] › Compiling Pods/ZXingObjC » ZXEmailAddressResultParser.m
build	Build iOS Locally on Free Cloud Mac	2026-08-22T21:30:37.2623220Z [RUN_FASTLANE] › Compiling Pods/ZXingObjC » ZXEmailAddressParsedResult.m
build	Build iOS Locally on Free Cloud Mac	2026-08-22T21:30:37.2724400Z [RUN_FASTLANE] › Compiling Pods/ZXingObjC » ZXEANManufacturerOrgSupport.m
build	Build iOS Locally on Free Cloud Mac	2026-08-22T21:30:37.4846560Z [RUN_FASTLANE] › Compiling Pods/ZXingObjC » ZXEAN8Writer.m
build	Build iOS Locally on Free Cloud Mac	2026-08-22T21:30:37.4949700Z [RUN_FASTLANE] › Compiling Pods/ZXingObjC » ZXEAN8Reader.m
build	Build iOS Locally on Free Cloud Mac	2026-08-22T21:30:37.5054410Z [RUN_FASTLANE] › Compiling Pods/ZXingObjC » ZXEAN13Writer.m
build	Build iOS Locally on Free Cloud Mac	2026-08-22T21:30:37.5161010Z [RUN_FASTLANE] › Compiling Pods/ZXingObjC » ZXEAN13Reader.m
build	Build iOS Locally on Free Cloud Mac	2026-08-22T21:30:37.6549820Z [RUN_FASTLANE] › Compiling Pods/ZXingObjC » ZXDimension.m
build	Build iOS Locally on Free Cloud Mac	2026-08-22T21:30:37.6655160Z [RUN_FASTLANE] › Compiling Pods/ZXingObjC » ZXDetectorResult.m
build	Build iOS Locally on Free Cloud Mac	2026-08-22T21:30:37.6757030Z [RUN_FASTLANE] › Compiling Pods/ZXingObjC » ZXDefaultGridSampler.m
build	Build iOS Locally on Free Cloud Mac	2026-08-22T21:30:37.8475790Z [RUN_FASTLANE] › Compiling Pods/ZXingObjC » ZXDecoderResult.m
build	Build iOS Locally on Free Cloud Mac	2026-08-22T21:30:37.8577020Z [RUN_FASTLANE] › Compiling Pods/ZXingObjC » ZXDecodeHints.m
build	Build iOS Locally on Free Cloud Mac	2026-08-22T21:30:37.8678890Z [RUN_FASTLANE] › Compiling Pods/ZXingObjC » ZXDecimal.m
build	Build iOS Locally on Free Cloud Mac	2026-08-22T21:30:38.1088720Z [RUN_FASTLANE] › Compiling Pods/ZXingObjC » ZXCode93Writer.m
build	Build iOS Locally on Free Cloud Mac	2026-08-22T21:30:38.1190820Z [RUN_FASTLANE] › Compiling Pods/ZXingObjC » ZXCode93Reader.m
build	Build iOS Locally on Free Cloud Mac	2026-08-22T21:30:38.1290540Z [RUN_FASTLANE] › Compiling Pods/ZXingObjC » ZXCode39Writer.m
build	Build iOS Locally on Free Cloud Mac	2026-08-22T21:30:38.2595460Z [RUN_FASTLANE] › Compiling Pods/ZXingObjC » ZXCode39Reader.m
build	Build iOS Locally on Free Cloud Mac	2026-08-22T21:30:38.2695520Z [RUN_FASTLANE] › Compiling Pods/ZXingObjC » ZXCode128Writer.m
build	Build iOS Locally on Free Cloud Mac	2026-08-22T21:30:38.2796650Z [RUN_FASTLANE] › Compiling Pods/ZXingObjC » ZXCode128Reader.m
build	Build iOS Locally on Free Cloud Mac	2026-08-22T21:30:38.2899700Z [RUN_FASTLANE] › Compiling Pods/ZXingObjC » ZXCodaBarWriter.m
build	Build iOS Locally on Free Cloud Mac	2026-08-22T21:30:38.4002750Z [RUN_FASTLANE] › Compiling Pods/ZXingObjC » ZXCodaBarReader.m
build	Build iOS Locally on Free Cloud Mac	2026-08-22T21:30:38.4104370Z [RUN_FASTLANE] › Compiling Pods/ZXingObjC » ZXCharacterSetECI.m
build	Build iOS Locally on Free Cloud Mac	2026-08-22T21:30:38.4203880Z [RUN_FASTLANE] › Compiling Pods/ZXingObjC » ZXCalendarParsedResult.m
build	Build iOS Locally on Free Cloud Mac	2026-08-22T21:30:38.5307860Z [RUN_FASTLANE] › Compiling Pods/ZXingObjC » ZXCGImageLuminanceSourceInfo.m
build	Build iOS Locally on Free Cloud Mac	2026-08-22T21:30:38.5408610Z [RUN_FASTLANE] › Compiling Pods/ZXingObjC » ZXCGImageLuminanceSource.m
build	Build iOS Locally on Free Cloud Mac	2026-08-22T21:30:38.5509840Z [RUN_FASTLANE] › Compiling Pods/ZXingObjC » ZXByteMatrix.m
build	Build iOS Locally on Free Cloud Mac	2026-08-22T21:30:38.6412950Z [RUN_FASTLANE] › Compiling Pods/ZXingObjC » ZXByteArray.m
build	Build iOS Locally on Free Cloud Mac	2026-08-22T21:30:38.6514760Z [RUN_FASTLANE] › Compiling Pods/ZXingObjC » ZXByQuadrantReader.m
build	Build iOS Locally on Free Cloud Mac	2026-08-22T21:30:38.6616090Z [RUN_FASTLANE] › Compiling Pods/ZXingObjC » ZXBookmarkDoCoMoResultParser.m
build	Build iOS Locally on Free Cloud Mac	2026-08-22T21:30:38.8024020Z [RUN_FASTLANE] › Compiling Pods/ZXingObjC » ZXBoolArray.m
build	Build iOS Locally on Free Cloud Mac	2026-08-22T21:30:39.0131870Z [RUN_FASTLANE] › Compiling Pods/ZXingObjC » ZXBizcardResultParser.m
build	Build iOS Locally on Free Cloud Mac	2026-08-22T21:30:39.0232940Z [RUN_FASTLANE] › Compiling Pods/ZXingObjC » ZXBitSource.m
build	Build iOS Locally on Free Cloud Mac	2026-08-22T21:30:39.1746420Z [RUN_FASTLANE] › Compiling Pods/ZXingObjC » ZXBitMatrix.m
build	Build iOS Locally on Free Cloud Mac	2026-08-22T21:30:39.1847750Z [RUN_FASTLANE] › Compiling Pods/ZXingObjC » ZXBitArrayBuilder.m
build	Build iOS Locally on Free Cloud Mac	2026-08-22T21:30:39.1949980Z [RUN_FASTLANE] › Compiling Pods/ZXingObjC » ZXBitArray.m
build	Build iOS Locally on Free Cloud Mac	2026-08-22T21:30:39.3861160Z [RUN_FASTLANE] › Compiling Pods/ZXingObjC » ZXBinaryBitmap.m
build	Build iOS Locally on Free Cloud Mac	2026-08-22T21:30:39.3962010Z [RUN_FASTLANE] › Compiling Pods/ZXingObjC » ZXBinarizer.m
build	Build iOS Locally on Free Cloud Mac	2026-08-22T21:30:39.4063190Z [RUN_FASTLANE] › Compiling Pods/ZXingObjC » ZXAnyAIDecoder.m
build	Build iOS Locally on Free Cloud Mac	2026-08-22T21:30:39.5367400Z [RUN_FASTLANE] › Compiling Pods/ZXingObjC » ZXAddressBookParsedResult.m
build	Build iOS Locally on Free Cloud Mac	2026-08-22T21:30:39.5467720Z [RUN_FASTLANE] › Compiling Pods/ZXingObjC » ZXAddressBookDoCoMoResultParser.m
build	Build iOS Locally on Free Cloud Mac	2026-08-22T21:30:39.5567830Z [RUN_FASTLANE] › Compiling Pods/ZXingObjC » ZXAddressBookAUResultParser.m
build	Build iOS Locally on Free Cloud Mac	2026-08-22T21:30:39.7092960Z [RUN_FASTLANE] › Compiling Pods/ZXingObjC » ZXAbstractRSSReader.m
build	Build iOS Locally on Free Cloud Mac	2026-08-22T21:30:39.7194950Z [RUN_FASTLANE] › Compiling Pods/ZXingObjC » ZXAbstractExpandedDecoder.m
build	Build iOS Locally on Free Cloud Mac	2026-08-22T21:30:39.7295770Z [RUN_FASTLANE] › Compiling Pods/ZXingObjC » ZXAbstractDoCoMoResultParser.m
build	Build iOS Locally on Free Cloud Mac	2026-08-22T21:30:39.9507060Z [RUN_FASTLANE] › Compiling Pods/ZXingObjC » ZXAI01weightDecoder.m
build	Build iOS Locally on Free Cloud Mac	2026-08-22T21:30:39.9606290Z [RUN_FASTLANE] › Compiling Pods/ZXingObjC » ZXCapture.m
build	Build iOS Locally on Free Cloud Mac	2026-08-22T21:30:39.9708000Z [RUN_FASTLANE] › Compiling Pods/ZXingObjC » ZXAI01decoder.m
build	Build iOS Locally on Free Cloud Mac	2026-08-22T21:30:39.9809760Z [RUN_FASTLANE] › Compiling Pods/ZXingObjC » ZXAI01AndOtherAIs.m
build	Build iOS Locally on Free Cloud Mac	2026-08-22T21:30:40.0815240Z [RUN_FASTLANE] › Compiling Pods/ZXingObjC » ZXAI013x0xDecoder.m
build	Build iOS Locally on Free Cloud Mac	2026-08-22T21:30:40.0916940Z [RUN_FASTLANE] › Compiling Pods/ZXingObjC » ZXAI013x0x1xDecoder.m
build	Build iOS Locally on Free Cloud Mac	2026-08-22T21:30:40.1018600Z [RUN_FASTLANE] › Compiling Pods/ZXingObjC » ZXAI01393xDecoder.m
build	Build iOS Locally on Free Cloud Mac	2026-08-22T21:30:40.2327870Z [RUN_FASTLANE] › Compiling Pods/ZXingObjC » ZXAI01392xDecoder.m
build	Build iOS Locally on Free Cloud Mac	2026-08-22T21:30:40.2430300Z [RUN_FASTLANE] › Preparing Pods/StripePaymentSheet-StripePaymentSheetBundle » ResourceBundle-StripePaymentSheetBundle-StripePaymentSheet-Info.plist
build	Build iOS Locally on Free Cloud Mac	2026-08-22T21:30:40.2532040Z [RUN_FASTLANE] › Compiling Pods/ZXingObjC » ZXAI01320xDecoder.m
build	Build iOS Locally on Free Cloud Mac	2026-08-22T21:30:40.2633040Z [RUN_FASTLANE] › Compiling Pods/ZXingObjC » ZXAI013103decoder.m
build	Build iOS Locally on Free Cloud Mac	2026-08-22T21:30:40.2734770Z [RUN_FASTLANE] › Packaging Pods/ZXingObjC » libZXingObjC.a
build	Build iOS Locally on Free Cloud Mac	2026-08-22T21:30:40.2835130Z [RUN_FASTLANE] › Compiling react-native Pods/Yoga » YGValue.cpp
build	Build iOS Locally on Free Cloud Mac	2026-08-22T21:30:40.2937050Z [RUN_FASTLANE] › Compiling react-native Pods/Yoga » event.cpp
build	Build iOS Locally on Free Cloud Mac	2026-08-22T21:30:40.3038660Z [RUN_FASTLANE] › Compiling react-native Pods/Yoga » YGPixelGrid.cpp
build	Build iOS Locally on Free Cloud Mac	2026-08-22T21:30:40.3140340Z [RUN_FASTLANE] › Compiling react-native Pods/Yoga » YGNodeStyle.cpp
build	Build iOS Locally on Free Cloud Mac	2026-08-22T21:30:40.3241130Z [RUN_FASTLANE] › Compiling react-native Pods/Yoga » YGNodeLayout.cpp
build	Build iOS Locally on Free Cloud Mac	2026-08-22T21:30:40.3345540Z [RUN_FASTLANE] › Compiling react-native Pods/Yoga » YGNode.cpp
build	Build iOS Locally on Free Cloud Mac	2026-08-22T21:30:40.3448160Z [RUN_FASTLANE] › Compiling react-native Pods/Yoga » YGEnums.cpp
build	Build iOS Locally on Free Cloud Mac	2026-08-22T21:30:40.3550140Z [RUN_FASTLANE] › Compiling react-native Pods/Yoga » YGConfig.cpp
build	Build iOS Locally on Free Cloud Mac	2026-08-22T21:30:40.3651780Z [RUN_FASTLANE] › Compiling react-native Pods/Yoga » PixelGrid.cpp
build	Build iOS Locally on Free Cloud Mac	2026-08-22T21:30:40.3752990Z [RUN_FASTLANE] › Compiling react-native Pods/Yoga » Node.cpp
build	Build iOS Locally on Free Cloud Mac	2026-08-22T21:30:40.3854830Z [RUN_FASTLANE] › Compiling react-native Pods/Yoga » Log.cpp
build	Build iOS Locally on Free Cloud Mac	2026-08-22T21:30:40.3958180Z [RUN_FASTLANE] › Compiling react-native Pods/Yoga » LayoutResults.cpp
build	Build iOS Locally on Free Cloud Mac	2026-08-22T21:30:40.4063020Z [RUN_FASTLANE] › Compiling react-native Pods/Yoga » FlexLine.cpp
build	Build iOS Locally on Free Cloud Mac	2026-08-22T21:30:40.4164910Z [RUN_FASTLANE] › Compiling react-native Pods/Yoga » Config.cpp
build	Build iOS Locally on Free Cloud Mac	2026-08-22T21:30:40.4267390Z [RUN_FASTLANE] › Compiling react-native Pods/Yoga » CalculateLayout.cpp
build	Build iOS Locally on Free Cloud Mac	2026-08-22T21:30:41.0128660Z [RUN_FASTLANE] › Compiling react-native Pods/Yoga » Cache.cpp
build	Build iOS Locally on Free Cloud Mac	2026-08-22T21:30:41.0256760Z [RUN_FASTLANE] › Compiling react-native Pods/Yoga » Baseline.cpp
build	Build iOS Locally on Free Cloud Mac	2026-08-22T21:30:41.0314310Z [RUN_FASTLANE] › Compiling react-native Pods/Yoga » AssertFatal.cpp
build	Build iOS Locally on Free Cloud Mac	2026-08-22T21:30:41.5718180Z [RUN_FASTLANE] › Compiling react-native Pods/Yoga » AbsoluteLayout.cpp
build	Build iOS Locally on Free Cloud Mac	2026-08-22T21:30:42.6455750Z [RUN_FASTLANE] › Creating  Pods/expo-dev-menu-EXDevMenu » EXDevMenu.bundle
build	Build iOS Locally on Free Cloud Mac	2026-08-22T21:30:42.6554410Z [RUN_FASTLANE] › Creating  Pods/expo-dev-launcher-EXDevLauncher » EXDevLauncher.bundle
build	Build iOS Locally on Free Cloud Mac	2026-08-22T21:30:43.5471040Z [RUN_FASTLANE] › Compiling react-native Pods/React-rendererconsistency » ShadowTreeRevisionConsistencyManager.cpp
build	Build iOS Locally on Free Cloud Mac	2026-08-22T21:30:43.5574860Z [RUN_FASTLANE] › Compiling react-native Pods/React-oscompat » OSCompatWindows.cpp
build	Build iOS Locally on Free Cloud Mac	2026-08-22T21:30:43.5674070Z [RUN_FASTLANE] › Compiling react-native Pods/React-oscompat » OSCompatPosix.cpp
build	Build iOS Locally on Free Cloud Mac	2026-08-22T21:31:20.5580390Z [RUN_FASTLANE] › Compiling react-native Pods/React-debug » react_native_assert.cpp
build	Build iOS Locally on Free Cloud Mac	2026-08-22T21:31:20.5673920Z [RUN_FASTLANE] › Compiling react-native Pods/React-debug » RedBoxErrorParser.cpp
build	Build iOS Locally on Free Cloud Mac	2026-08-22T21:31:20.5777140Z [RUN_FASTLANE] › Compiling react-native Pods/React-debug » JscSafeUrl.cpp
build	Build iOS Locally on Free Cloud Mac	2026-08-22T21:31:20.5884560Z [RUN_FASTLANE] › Compiling react-native Pods/React-debug » AnsiParser.cpp
build	Build iOS Locally on Free Cloud Mac	2026-08-22T21:31:21.6350110Z [RUN_FASTLANE] › Compiling expo-dev-menu-interface Pods/expo-dev-menu-interface » expo-dev-menu-interface-dummy.m
build	Build iOS Locally on Free Cloud Mac	2026-08-22T21:31:21.6451990Z [RUN_FASTLANE] › Compiling unimodules-app-loader Pods/UMAppLoader » UMAppLoaderProvider.m
build	Build iOS Locally on Free Cloud Mac	2026-08-22T21:31:21.6552420Z [RUN_FASTLANE] › Packaging expo-dev-menu-interface Pods/expo-dev-menu-interface » libexpo-dev-menu-interface.a
build	Build iOS Locally on Free Cloud Mac	2026-08-22T21:31:21.6654590Z [RUN_FASTLANE] › Compiling unimodules-app-loader Pods/UMAppLoader » UMAppLoader-dummy.m
build	Build iOS Locally on Free Cloud Mac	2026-08-22T21:31:21.7558290Z [RUN_FASTLANE] › Packaging unimodules-app-loader Pods/UMAppLoader » libUMAppLoader.a
build	Build iOS Locally on Free Cloud Mac	2026-08-22T21:31:22.1282880Z [RUN_FASTLANE] › Executing expo-dev-menu-interface Pods/expo-dev-menu-interface » Copy generated compatibility header
build	Build iOS Locally on Free Cloud Mac	2026-08-22T21:31:23.3577700Z [RUN_FASTLANE] › Compiling react-native Pods/React-rendererdebug » DebugStringConvertibleItem.cpp
build	Build iOS Locally on Free Cloud Mac	2026-08-22T21:31:23.3713900Z [RUN_FASTLANE] › Compiling react-native Pods/React-rendererdebug » DebugStringConvertible.cpp
build	Build iOS Locally on Free Cloud Mac	2026-08-22T21:31:23.3837910Z [RUN_FASTLANE] › Compiling react-native Pods/Yoga » Yoga-dummy.m
build	Build iOS Locally on Free Cloud Mac	2026-08-22T21:31:23.3939890Z [RUN_FASTLANE] › Compiling react-native Pods/React-rendererconsistency » React-rendererconsistency-dummy.m
build	Build iOS Locally on Free Cloud Mac	2026-08-22T21:31:23.4041830Z [RUN_FASTLANE] › Packaging react-native Pods/Yoga » libYoga.a
build	Build iOS Locally on Free Cloud Mac	2026-08-22T21:31:23.4144150Z [RUN_FASTLANE] › Packaging react-native Pods/React-rendererconsistency » libReact-rendererconsistency.a
build	Build iOS Locally on Free Cloud Mac	2026-08-22T21:31:23.4246990Z [RUN_FASTLANE] › Compiling react-native Pods/React-perflogger » ReactPerfettoLogger.cpp
build	Build iOS Locally on Free Cloud Mac	2026-08-22T21:31:23.4347150Z [RUN_FASTLANE] › Compiling react-native Pods/React-perflogger » ReactPerfettoCategories.cpp
build	Build iOS Locally on Free Cloud Mac	2026-08-22T21:31:23.4450870Z [RUN_FASTLANE] › Compiling react-native Pods/React-perflogger » ReactPerfetto.cpp
build	Build iOS Locally on Free Cloud Mac	2026-08-22T21:31:23.4552910Z [RUN_FASTLANE] › Compiling react-native Pods/React-perflogger » HermesPerfettoDataSource.cpp
build	Build iOS Locally on Free Cloud Mac	2026-08-22T21:31:23.4654870Z [RUN_FASTLANE] › Compiling react-native Pods/React-perflogger » FuseboxTracer.cpp
build	Build iOS Locally on Free Cloud Mac	2026-08-22T21:31:23.4760700Z [RUN_FASTLANE] › Compiling react-native Pods/React-perflogger » FuseboxPerfettoDataSource.cpp
build	Build iOS Locally on Free Cloud Mac	2026-08-22T21:31:23.4864080Z [RUN_FASTLANE] › Compiling react-native Pods/React-perflogger » BridgeNativeModulePerfLogger.cpp
build	Build iOS Locally on Free Cloud Mac	2026-08-22T21:31:23.4964420Z [RUN_FASTLANE] › Compiling react-native Pods/React-oscompat » React-oscompat-dummy.m
build	Build iOS Locally on Free Cloud Mac	2026-08-22T21:31:23.5072110Z [RUN_FASTLANE] › Compiling react-native Pods/React-logger » react_native_log.cpp
build	Build iOS Locally on Free Cloud Mac	2026-08-22T21:31:23.5175070Z [RUN_FASTLANE] › Packaging react-native Pods/React-oscompat » libReact-oscompat.a
build	Build iOS Locally on Free Cloud Mac	2026-08-22T21:31:23.5277920Z [RUN_FASTLANE] › Compiling react-native Pods/React-jsinspectorcdp » CdpJson.cpp
build	Build iOS Locally on Free Cloud Mac	2026-08-22T21:31:23.5420610Z [RUN_FASTLANE] › Compiling react-native Pods/React-jsi » JSIDynamic.cpp
build	Build iOS Locally on Free Cloud Mac	2026-08-22T21:31:23.5524280Z [RUN_FASTLANE] › Compiling react-native Pods/React-featureflags » ReactNativeFeatureFlagsAccessor.cpp
build	Build iOS Locally on Free Cloud Mac	2026-08-22T21:31:23.5628550Z [RUN_FASTLANE] › Compiling react-native Pods/React-featureflags » ReactNativeFeatureFlags.cpp
build	Build iOS Locally on Free Cloud Mac	2026-08-22T21:31:23.5738090Z [RUN_FASTLANE] › Compiling react-native Pods/React-debug » React-debug-dummy.m
build	Build iOS Locally on Free Cloud Mac	2026-08-22T21:31:23.7187460Z [RUN_FASTLANE] › Packaging react-native Pods/React-debug » libReact-debug.a
build	Build iOS Locally on Free Cloud Mac	2026-08-22T21:31:23.7289520Z [RUN_FASTLANE] › Compiling react-native Pods/React-rendererdebug » React-rendererdebug-dummy.m
build	Build iOS Locally on Free Cloud Mac	2026-08-22T21:31:23.7391840Z [RUN_FASTLANE] › Compiling react-native Pods/React-perflogger » React-perflogger-dummy.m
build	Build iOS Locally on Free Cloud Mac	2026-08-22T21:31:23.7493710Z [RUN_FASTLANE] › Packaging react-native Pods/React-perflogger » libReact-perflogger.a
build	Build iOS Locally on Free Cloud Mac	2026-08-22T21:31:23.7595400Z [RUN_FASTLANE] › Compiling react-native Pods/React-logger » React-logger-dummy.m
build	Build iOS Locally on Free Cloud Mac	2026-08-22T21:31:23.9368250Z [RUN_FASTLANE] › Packaging react-native Pods/React-logger » libReact-logger.a
build	Build iOS Locally on Free Cloud Mac	2026-08-22T21:31:23.9469940Z [RUN_FASTLANE] › Compiling react-native Pods/React-jsinspectorcdp » React-jsinspectorcdp-dummy.m
build	Build iOS Locally on Free Cloud Mac	2026-08-22T21:31:23.9571950Z [RUN_FASTLANE] › Compiling react-native Pods/React-jsi » React-jsi-dummy.m
build	Build iOS Locally on Free Cloud Mac	2026-08-22T21:31:23.9673720Z [RUN_FASTLANE] › Packaging react-native Pods/React-jsinspectorcdp » libReact-jsinspectorcdp.a
build	Build iOS Locally on Free Cloud Mac	2026-08-22T21:31:23.9775630Z [RUN_FASTLANE] › Packaging react-native Pods/React-jsi » libReact-jsi.a
build	Build iOS Locally on Free Cloud Mac	2026-08-22T21:31:24.0122480Z [RUN_FASTLANE] › Creating  Pods/StripeUICore-StripeUICoreBundle » StripeUICoreBundle.bundle
build	Build iOS Locally on Free Cloud Mac	2026-08-22T21:31:24.0224780Z [RUN_FASTLANE] › Creating  Pods/StripePaymentsUI-StripePaymentsUIBundle » StripePaymentsUIBundle.bundle
build	Build iOS Locally on Free Cloud Mac	2026-08-22T21:31:24.0326930Z [RUN_FASTLANE] › Creating  Pods/StripePayments-StripePaymentsBundle » StripePaymentsBundle.bundle
build	Build iOS Locally on Free Cloud Mac	2026-08-22T21:31:24.0428950Z [RUN_FASTLANE] › Creating  Pods/StripePayments-Stripe3DS2 » Stripe3DS2.bundle
build	Build iOS Locally on Free Cloud Mac	2026-08-22T21:31:24.0538490Z [RUN_FASTLANE] › Creating  Pods/StripePaymentSheet-StripePaymentSheetBundle » StripePaymentSheetBundle.bundle
build	Build iOS Locally on Free Cloud Mac	2026-08-22T21:31:24.0640440Z [RUN_FASTLANE] › Compiling react-native Pods/React-utils » jsi-utils.cpp
build	Build iOS Locally on Free Cloud Mac	2026-08-22T21:31:24.0742120Z [RUN_FASTLANE] › Compiling react-native Pods/React-utils » Uuid.cpp
build	Build iOS Locally on Free Cloud Mac	2026-08-22T21:31:24.0845040Z [RUN_FASTLANE] › Compiling react-native Pods/React-utils » RunLoopObserver.cpp
build	Build iOS Locally on Free Cloud Mac	2026-08-22T21:31:24.0946870Z [RUN_FASTLANE] › Compiling react-native Pods/React-utils » ManagedObjectWrapper.mm
build	Build iOS Locally on Free Cloud Mac	2026-08-22T21:31:24.1048550Z [RUN_FASTLANE] › Compiling react-native Pods/React-utils » LowPriorityExecutor.mm
build	Build iOS Locally on Free Cloud Mac	2026-08-22T21:31:24.1150430Z [RUN_FASTLANE] › Compiling react-native Pods/React-utils » FollyConvert.mm
build	Build iOS Locally on Free Cloud Mac	2026-08-22T21:31:24.1252210Z [RUN_FASTLANE] › Compiling react-native Pods/React-featureflags » React-featureflags-dummy.m
build	Build iOS Locally on Free Cloud Mac	2026-08-22T21:31:24.1354240Z [RUN_FASTLANE] › Packaging react-native Pods/React-featureflags » libReact-featureflags.a
build	Build iOS Locally on Free Cloud Mac	2026-08-22T21:31:24.1456280Z [RUN_FASTLANE] › Compiling react-native Pods/React-utils » React-utils-dummy.m
build	Build iOS Locally on Free Cloud Mac	2026-08-22T21:31:24.1558340Z [RUN_FASTLANE] › Creating  Pods/StripeFinancialConnections-StripeFinancialConnectionsBundle » StripeFinancialConnectionsBundle.bundle
build	Build iOS Locally on Free Cloud Mac	2026-08-22T21:31:24.1660290Z [RUN_FASTLANE] › Creating  Pods/StripeCore-StripeCoreBundle » StripeCoreBundle.bundle
build	Build iOS Locally on Free Cloud Mac	2026-08-22T21:31:24.1762180Z [RUN_FASTLANE] › Compiling react-native Pods/ReactCommon » TurboModuleWithJSIBindings.cpp
build	Build iOS Locally on Free Cloud Mac	2026-08-22T21:31:24.1864520Z [RUN_FASTLANE] › Compiling react-native Pods/ReactCommon » TurboModuleUtils.cpp
build	Build iOS Locally on Free Cloud Mac	2026-08-22T21:31:24.1966670Z [RUN_FASTLANE] › Compiling react-native Pods/ReactCommon » TurboModulePerfLogger.cpp
build	Build iOS Locally on Free Cloud Mac	2026-08-22T21:31:24.2069510Z [RUN_FASTLANE] › Compiling react-native Pods/ReactCommon » TurboModuleBinding.cpp
build	Build iOS Locally on Free Cloud Mac	2026-08-22T21:31:24.2171900Z [RUN_FASTLANE] › Compiling react-native Pods/ReactCommon » TurboModule.cpp
build	Build iOS Locally on Free Cloud Mac	2026-08-22T21:31:24.2275130Z [RUN_FASTLANE] › Compiling react-native Pods/ReactCommon » LongLivedObject.cpp
build	Build iOS Locally on Free Cloud Mac	2026-08-22T21:31:24.2378570Z [RUN_FASTLANE] › Compiling react-native Pods/ReactCommon » CxxTurboModuleUtils.cpp
build	Build iOS Locally on Free Cloud Mac	2026-08-22T21:31:24.2480420Z [RUN_FASTLANE] › Compiling react-native Pods/React-Mapbuffer » MapBufferBuilder.cpp
build	Build iOS Locally on Free Cloud Mac	2026-08-22T21:31:24.7579030Z [RUN_FASTLANE] › Compiling react-native Pods/React-Mapbuffer » MapBuffer.cpp
build	Build iOS Locally on Free Cloud Mac	2026-08-22T21:31:24.7692550Z [RUN_FASTLANE] › Compiling @stripe/stripe-react-native Pods/StripeCore » StripeCore-dummy.m
build	Build iOS Locally on Free Cloud Mac	2026-08-22T21:31:24.7794240Z [RUN_FASTLANE] › Packaging @stripe/stripe-react-native Pods/StripeCore » libStripeCore.a
build	Build iOS Locally on Free Cloud Mac	2026-08-22T21:31:24.9511600Z [RUN_FASTLANE] › Creating  Pods/Stripe-StripeBundle » StripeBundle.bundle
build	Build iOS Locally on Free Cloud Mac	2026-08-22T21:31:26.0550520Z [RUN_FASTLANE] › Preparing Pods/React-Core-React-Core_privacy » ResourceBundle-React-Core_privacy-React-Core-Info.plist
build	Build iOS Locally on Free Cloud Mac	2026-08-22T21:31:26.0654030Z [RUN_FASTLANE] › Copying   ios/build/Build/Intermediates.noindex/ArchiveIntermediates/Hence/IntermediateBuildFilesPath/UninstalledProducts/iphoneos/React-Core_privacy.bundle/PrivacyInfo.xcprivacy ➜ ../../../../../var/folders/g3/pffjr_y96bq06blnkf72x_hw0000gn/T/eas-build-local-nodejs/f98a0858-83a6-4ef3-980d-ab6a19d10788/build/node_modules/react-native/React/Resources/PrivacyInfo.xcprivacy
build	Build iOS Locally on Free Cloud Mac	2026-08-22T21:31:26.0756870Z [RUN_FASTLANE] › Executing @stripe/stripe-react-native Pods/StripeCore » Copy generated compatibility header
build	Build iOS Locally on Free Cloud Mac	2026-08-22T21:31:26.3170270Z [RUN_FASTLANE] › Compiling react-native Pods/React-runtimeexecutor » RuntimeExecutorSyncUIThreadUtils.mm
build	Build iOS Locally on Free Cloud Mac	2026-08-22T21:31:39.7717840Z [RUN_FASTLANE] › Compiling react-native Pods/React-renderercss » CSSDummy.cpp
build	Build iOS Locally on Free Cloud Mac	2026-08-22T21:31:39.7833260Z [RUN_FASTLANE] › Compiling react-native Pods/React-Mapbuffer » React-Mapbuffer-dummy.m
build	Build iOS Locally on Free Cloud Mac	2026-08-22T21:31:40.0971270Z [RUN_FASTLANE] › Compiling react-native Pods/React-runtimeexecutor » React-runtimeexecutor-dummy.m
build	Build iOS Locally on Free Cloud Mac	2026-08-22T21:31:40.5489830Z [RUN_FASTLANE] › Compiling react-native Pods/React-renderercss » React-renderercss-dummy.m
build	Build iOS Locally on Free Cloud Mac	2026-08-22T21:31:59.9411540Z [RUN_FASTLANE] › Compiling react-native Pods/ReactCommon » ReactCommon-dummy.m
build	Build iOS Locally on Free Cloud Mac	2026-08-22T21:31:59.9509240Z [RUN_FASTLANE] › Compiling react-native Pods/React-runtimescheduler » Task.cpp
build	Build iOS Locally on Free Cloud Mac	2026-08-22T21:31:59.9611290Z [RUN_FASTLANE] › Compiling react-native Pods/React-runtimescheduler » RuntimeScheduler_Modern.cpp
build	Build iOS Locally on Free Cloud Mac	2026-08-22T21:31:59.9714230Z [RUN_FASTLANE] › Compiling react-native Pods/React-runtimescheduler » RuntimeScheduler_Legacy.cpp
build	Build iOS Locally on Free Cloud Mac	2026-08-22T21:31:59.9816500Z [RUN_FASTLANE] › Compiling react-native Pods/React-runtimescheduler » RuntimeSchedulerCallInvoker.cpp
build	Build iOS Locally on Free Cloud Mac	2026-08-22T21:31:59.9929570Z [RUN_FASTLANE] › Compiling react-native Pods/React-runtimescheduler » RuntimeSchedulerBinding.cpp
build	Build iOS Locally on Free Cloud Mac	2026-08-22T21:32:00.0032360Z [RUN_FASTLANE] › Compiling react-native Pods/React-runtimescheduler » RuntimeScheduler.cpp
build	Build iOS Locally on Free Cloud Mac	2026-08-22T21:32:00.1681750Z [RUN_FASTLANE] › Compiling react-native Pods/React-jsinspectornetwork » NetworkHandler.cpp
build	Build iOS Locally on Free Cloud Mac	2026-08-22T21:32:00.1783180Z [RUN_FASTLANE] › Compiling react-native Pods/React-jsinspectornetwork » HttpUtils.cpp
build	Build iOS Locally on Free Cloud Mac	2026-08-22T21:32:00.1885110Z [RUN_FASTLANE] › Compiling react-native Pods/React-jsinspectornetwork » CdpNetwork.cpp
build	Build iOS Locally on Free Cloud Mac	2026-08-22T21:32:00.1988870Z [RUN_FASTLANE] › Compiling react-native Pods/React-jsinspectornetwork » BoundedRequestBuffer.cpp
build	Build iOS Locally on Free Cloud Mac	2026-08-22T21:32:00.2091800Z [RUN_FASTLANE] › Compiling react-native Pods/React-runtimescheduler » React-runtimescheduler-dummy.m
build	Build iOS Locally on Free Cloud Mac	2026-08-22T21:32:00.3269470Z [RUN_FASTLANE] › Compiling react-native Pods/React-jsinspectornetwork » React-jsinspectornetwork-dummy.m
build	Build iOS Locally on Free Cloud Mac	2026-08-22T21:32:00.3371330Z [RUN_FASTLANE] › Compiling @stripe/stripe-react-native Pods/StripeUICore » StripeUICore-dummy.m
build	Build iOS Locally on Free Cloud Mac	2026-08-22T21:32:00.3473140Z [RUN_FASTLANE] › Creating  Pods/React-timing-React-timing_privacy » React-timing_privacy.bundle
build	Build iOS Locally on Free Cloud Mac	2026-08-22T21:32:00.3575590Z [RUN_FASTLANE] › Packaging @stripe/stripe-react-native Pods/StripeUICore » libStripeUICore.a
build	Build iOS Locally on Free Cloud Mac	2026-08-22T21:32:00.3677920Z [RUN_FASTLANE] › Executing @stripe/stripe-react-native Pods/StripeUICore » Copy generated compatibility header
build	Build iOS Locally on Free Cloud Mac	2026-08-22T21:32:00.3795380Z [RUN_FASTLANE] › Compiling react-native Pods/React-performancetimeline » PerformanceObserverRegistry.cpp
build	Build iOS Locally on Free Cloud Mac	2026-08-22T21:32:00.3897360Z [RUN_FASTLANE] › Compiling react-native Pods/React-performancetimeline » PerformanceObserver.cpp
build	Build iOS Locally on Free Cloud Mac	2026-08-22T21:32:00.3999080Z [RUN_FASTLANE] › Compiling @stripe/stripe-react-native Pods/StripeApplePay » StripeApplePay-dummy.m
build	Build iOS Locally on Free Cloud Mac	2026-08-22T21:32:00.4101470Z [RUN_FASTLANE] › Compiling react-native Pods/React-performancetimeline » PerformanceEntryReporter.cpp
build	Build iOS Locally on Free Cloud Mac	2026-08-22T21:32:00.4203040Z [RUN_FASTLANE] › Packaging @stripe/stripe-react-native Pods/StripeApplePay » libStripeApplePay.a
build	Build iOS Locally on Free Cloud Mac	2026-08-22T21:32:00.4303600Z [RUN_FASTLANE] › Compiling react-native Pods/React-performancetimeline » PerformanceEntryKeyedBuffer.cpp
build	Build iOS Locally on Free Cloud Mac	2026-08-22T21:32:00.4405670Z [RUN_FASTLANE] › Compiling react-native Pods/React-performancetimeline » PerformanceEntryCircularBuffer.cpp
build	Build iOS Locally on Free Cloud Mac	2026-08-22T21:32:00.5207640Z [RUN_FASTLANE] › Compiling react-native Pods/React-performancecdpmetrics » CdpPerfIssuesReporter.cpp
build	Build iOS Locally on Free Cloud Mac	2026-08-22T21:32:00.5309430Z [RUN_FASTLANE] › Compiling react-native Pods/React-performancecdpmetrics » CdpMetricsReporter.cpp
build	Build iOS Locally on Free Cloud Mac	2026-08-22T21:32:00.5411180Z [RUN_FASTLANE] › Compiling react-native Pods/React-performancecdpmetrics » CdpInteractionTypes.cpp
build	Build iOS Locally on Free Cloud Mac	2026-08-22T21:32:00.5513140Z [RUN_FASTLANE] › Compiling react-native Pods/React-performancetimeline » React-performancetimeline-dummy.m
build	Build iOS Locally on Free Cloud Mac	2026-08-22T21:32:00.5615150Z [RUN_FASTLANE] › Executing @stripe/stripe-react-native Pods/StripeApplePay » Copy generated compatibility header
build	Build iOS Locally on Free Cloud Mac	2026-08-22T21:32:25.2794370Z [RUN_FASTLANE] › Compiling react-native Pods/React-jsinspectortracing » TraceEventSerializer.cpp
build	Build iOS Locally on Free Cloud Mac	2026-08-22T21:32:25.2895460Z [RUN_FASTLANE] › Compiling react-native Pods/React-performancecdpmetrics » React-performancecdpmetrics-dummy.m
build	Build iOS Locally on Free Cloud Mac	2026-08-22T21:32:25.2995620Z [RUN_FASTLANE] › Compiling react-native Pods/React-jsinspectortracing » TraceEventGenerator.cpp
build	Build iOS Locally on Free Cloud Mac	2026-08-22T21:32:25.3097250Z [RUN_FASTLANE] › Compiling react-native Pods/React-jsinspectortracing » RuntimeSamplingProfileTraceEventSerializer.cpp
build	Build iOS Locally on Free Cloud Mac	2026-08-22T21:32:25.3197990Z [RUN_FASTLANE] › Compiling react-native Pods/React-jsinspectortracing » PerformanceTracer.cpp
build	Build iOS Locally on Free Cloud Mac	2026-08-22T21:32:25.3298410Z [RUN_FASTLANE] › Compiling react-native Pods/React-jsinspectortracing » HostTracingProfileSerializer.cpp
build	Build iOS Locally on Free Cloud Mac	2026-08-22T21:32:25.5005010Z [RUN_FASTLANE] › Compiling react-native Pods/React-jsinspectortracing » EventLoopReporter.cpp
build	Build iOS Locally on Free Cloud Mac	2026-08-22T21:32:25.5105020Z [RUN_FASTLANE] › Compiling react-native Pods/React-jsinspectortracing » ConsoleTimeStamp.cpp
build	Build iOS Locally on Free Cloud Mac	2026-08-22T21:32:25.5207000Z [RUN_FASTLANE] › Compiling react-native Pods/React-jsinspectortracing » React-jsinspectortracing-dummy.m
build	Build iOS Locally on Free Cloud Mac	2026-08-22T21:32:25.5307490Z [RUN_FASTLANE] › Compiling @stripe/stripe-react-native Pods/StripePayments » UIViewController+Stripe3DS2.m
build	Build iOS Locally on Free Cloud Mac	2026-08-22T21:32:25.6420520Z [RUN_FASTLANE] › Compiling @stripe/stripe-react-native Pods/StripePayments » UIView+LayoutSupport.m
build	Build iOS Locally on Free Cloud Mac	2026-08-22T21:32:25.6522390Z [RUN_FASTLANE] › Compiling @stripe/stripe-react-native Pods/StripePayments » UIFont+DefaultFonts.m
build	Build iOS Locally on Free Cloud Mac	2026-08-22T21:32:25.6623670Z [RUN_FASTLANE] › Compiling @stripe/stripe-react-native Pods/StripePayments » UIColor+ThirteenSupport.m
build	Build iOS Locally on Free Cloud Mac	2026-08-22T21:32:25.7827850Z [RUN_FASTLANE] › Compiling @stripe/stripe-react-native Pods/StripePayments » UIColor+DefaultColors.m
build	Build iOS Locally on Free Cloud Mac	2026-08-22T21:32:25.7928020Z [RUN_FASTLANE] › Compiling @stripe/stripe-react-native Pods/StripePayments » UIButton+CustomInitialization.m
build	Build iOS Locally on Free Cloud Mac	2026-08-22T21:32:25.8030030Z [RUN_FASTLANE] › Compiling @stripe/stripe-react-native Pods/StripePayments » StripePayments-dummy.m
build	Build iOS Locally on Free Cloud Mac	2026-08-22T21:32:25.9342330Z [RUN_FASTLANE] › Compiling @stripe/stripe-react-native Pods/StripePayments » STDSWarning.m
build	Build iOS Locally on Free Cloud Mac	2026-08-22T21:32:25.9442560Z [RUN_FASTLANE] › Compiling @stripe/stripe-react-native Pods/StripePayments » STDSUICustomization.m
build	Build iOS Locally on Free Cloud Mac	2026-08-22T21:32:26.1046890Z [RUN_FASTLANE] › Compiling @stripe/stripe-react-native Pods/StripePayments » STDSTransaction.m
build	Build iOS Locally on Free Cloud Mac	2026-08-22T21:32:26.1147510Z [RUN_FASTLANE] › Compiling @stripe/stripe-react-native Pods/StripePayments » STDSThreeDSProtocolVersion.m
build	Build iOS Locally on Free Cloud Mac	2026-08-22T21:32:26.1247760Z [RUN_FASTLANE] › Compiling @stripe/stripe-react-native Pods/StripePayments » STDSWebView.m
build	Build iOS Locally on Free Cloud Mac	2026-08-22T21:32:26.2452610Z [RUN_FASTLANE] › Compiling @stripe/stripe-react-native Pods/StripePayments » STDSThreeDS2Service.m
build	Build iOS Locally on Free Cloud Mac	2026-08-22T21:32:26.2553380Z [RUN_FASTLANE] › Compiling @stripe/stripe-react-native Pods/StripePayments » STDSTextFieldCustomization.m
build	Build iOS Locally on Free Cloud Mac	2026-08-22T21:32:26.2655090Z [RUN_FASTLANE] › Compiling @stripe/stripe-react-native Pods/StripePayments » STDSTextChallengeView.m
build	Build iOS Locally on Free Cloud Mac	2026-08-22T21:32:26.3558490Z [RUN_FASTLANE] › Compiling @stripe/stripe-react-native Pods/StripePayments » STDSSwiftTryCatch.m
build	Build iOS Locally on Free Cloud Mac	2026-08-22T21:32:26.3658780Z [RUN_FASTLANE] › Compiling @stripe/stripe-react-native Pods/StripePayments » STDSStripe3DS2Error.m
build	Build iOS Locally on Free Cloud Mac	2026-08-22T21:32:26.3760710Z [RUN_FASTLANE] › Compiling @stripe/stripe-react-native Pods/StripePayments » STDSSynchronousLocationManager.m
build	Build iOS Locally on Free Cloud Mac	2026-08-22T21:32:26.4562380Z [RUN_FASTLANE] › Compiling @stripe/stripe-react-native Pods/StripePayments » STDSStackView.m
build	Build iOS Locally on Free Cloud Mac	2026-08-22T21:32:26.4664310Z [RUN_FASTLANE] › Compiling @stripe/stripe-react-native Pods/StripePayments » STDSSpacerView.m
build	Build iOS Locally on Free Cloud Mac	2026-08-22T21:32:26.4764820Z [RUN_FASTLANE] › Compiling @stripe/stripe-react-native Pods/StripePayments » STDSSimulatorChecker.m
build	Build iOS Locally on Free Cloud Mac	2026-08-22T21:32:26.5667490Z [RUN_FASTLANE] › Compiling @stripe/stripe-react-native Pods/StripePayments » STDSSelectionCustomization.m
build	Build iOS Locally on Free Cloud Mac	2026-08-22T21:32:26.5768220Z [RUN_FASTLANE] › Compiling @stripe/stripe-react-native Pods/StripePayments » STDSSelectionButton.m
build	Build iOS Locally on Free Cloud Mac	2026-08-22T21:32:26.5869600Z [RUN_FASTLANE] › Compiling @stripe/stripe-react-native Pods/StripePayments » STDSRuntimeException.m
build	Build iOS Locally on Free Cloud Mac	2026-08-22T21:32:26.7274090Z [RUN_FASTLANE] › Compiling @stripe/stripe-react-native Pods/StripePayments » STDSSecTypeUtilities.m
build	Build iOS Locally on Free Cloud Mac	2026-08-22T21:32:26.7275440Z [RUN_FASTLANE] › Compiling @stripe/stripe-react-native Pods/StripePayments » STDSRuntimeErrorEvent.m
build	Build iOS Locally on Free Cloud Mac	2026-08-22T21:32:26.7377130Z [RUN_FASTLANE] › Compiling @stripe/stripe-react-native Pods/StripePayments » STDSProtocolErrorEvent.m
build	Build iOS Locally on Free Cloud Mac	2026-08-22T21:32:26.8684850Z [RUN_FASTLANE] › Compiling @stripe/stripe-react-native Pods/StripePayments » STDSProgressViewController.m
build	Build iOS Locally on Free Cloud Mac	2026-08-22T21:32:26.8788100Z [RUN_FASTLANE] › Compiling @stripe/stripe-react-native Pods/StripePayments » STDSProcessingView.m
build	Build iOS Locally on Free Cloud Mac	2026-08-22T21:32:26.8890510Z [RUN_FASTLANE] › Compiling @stripe/stripe-react-native Pods/StripePayments » STDSOSVersionChecker.m
build	Build iOS Locally on Free Cloud Mac	2026-08-22T21:32:27.0384050Z [RUN_FASTLANE] › Compiling @stripe/stripe-react-native Pods/StripePayments » STDSNotInitializedException.m
build	Build iOS Locally on Free Cloud Mac	2026-08-22T21:32:27.0486200Z [RUN_FASTLANE] › Compiling @stripe/stripe-react-native Pods/StripePayments » STDSNavigationBarCustomization.m
build	Build iOS Locally on Free Cloud Mac	2026-08-22T21:32:27.0588030Z [RUN_FASTLANE] › Compiling @stripe/stripe-react-native Pods/StripePayments » STDSLabelCustomization.m
build	Build iOS Locally on Free Cloud Mac	2026-08-22T21:32:27.1890370Z [RUN_FASTLANE] › Compiling @stripe/stripe-react-native Pods/StripePayments » STDSJailbreakChecker.m
build	Build iOS Locally on Free Cloud Mac	2026-08-22T21:32:27.1992470Z [RUN_FASTLANE] › Compiling @stripe/stripe-react-native Pods/StripePayments » STDSJSONWebSignature.m
build	Build iOS Locally on Free Cloud Mac	2026-08-22T21:32:27.2094330Z [RUN_FASTLANE] › Compiling @stripe/stripe-react-native Pods/StripePayments » STDSJSONWebEncryption.m
build	Build iOS Locally on Free Cloud Mac	2026-08-22T21:32:27.2196070Z [RUN_FASTLANE] › Compiling @stripe/stripe-react-native Pods/StripePayments » STDSJSONEncoder.m
build	Build iOS Locally on Free Cloud Mac	2026-08-22T21:32:27.3394690Z [RUN_FASTLANE] › Compiling @stripe/stripe-react-native Pods/StripePayments » STDSInvalidInputException.m
build	Build iOS Locally on Free Cloud Mac	2026-08-22T21:32:27.3496520Z [RUN_FASTLANE] › Compiling @stripe/stripe-react-native Pods/StripePayments » STDSIntegrityChecker.m
build	Build iOS Locally on Free Cloud Mac	2026-08-22T21:32:27.5002140Z [RUN_FASTLANE] › Compiling @stripe/stripe-react-native Pods/StripePayments » STDSIPAddress.m
build	Build iOS Locally on Free Cloud Mac	2026-08-22T21:32:27.5104220Z [RUN_FASTLANE] › Compiling @stripe/stripe-react-native Pods/StripePayments » STDSFooterCustomization.m
build	Build iOS Locally on Free Cloud Mac	2026-08-22T21:32:27.5206310Z [RUN_FASTLANE] › Compiling @stripe/stripe-react-native Pods/StripePayments » STDSExpandableInformationView.m
build	Build iOS Locally on Free Cloud Mac	2026-08-22T21:32:27.6409500Z [RUN_FASTLANE] › Compiling @stripe/stripe-react-native Pods/StripePayments » STDSException.m
build	Build iOS Locally on Free Cloud Mac	2026-08-22T21:32:27.6511460Z [RUN_FASTLANE] › Compiling @stripe/stripe-react-native Pods/StripePayments » STDSErrorMessage.m
build	Build iOS Locally on Free Cloud Mac	2026-08-22T21:32:27.6613320Z [RUN_FASTLANE] › Compiling @stripe/stripe-react-native Pods/StripePayments » STDSErrorMessage+Internal.m
build	Build iOS Locally on Free Cloud Mac	2026-08-22T21:32:27.7819080Z [RUN_FASTLANE] › Compiling @stripe/stripe-react-native Pods/StripePayments » STDSEphemeralKeyPair.m
build	Build iOS Locally on Free Cloud Mac	2026-08-22T21:32:27.7920750Z [RUN_FASTLANE] › Compiling @stripe/stripe-react-native Pods/StripePayments » STDSEllipticCurvePoint.m
build	Build iOS Locally on Free Cloud Mac	2026-08-22T21:32:27.8022470Z [RUN_FASTLANE] › Compiling @stripe/stripe-react-native Pods/StripePayments » STDSDirectoryServerCertificate.m
build	Build iOS Locally on Free Cloud Mac	2026-08-22T21:32:27.9422270Z [RUN_FASTLANE] › Compiling @stripe/stripe-react-native Pods/StripePayments » STDSDeviceInformationParameter.m
build	Build iOS Locally on Free Cloud Mac	2026-08-22T21:32:27.9524300Z [RUN_FASTLANE] › Compiling @stripe/stripe-react-native Pods/StripePayments » STDSDeviceInformationManager.m
build	Build iOS Locally on Free Cloud Mac	2026-08-22T21:32:27.9626110Z [RUN_FASTLANE] › Compiling @stripe/stripe-react-native Pods/StripePayments » STDSDeviceInformation.m
build	Build iOS Locally on Free Cloud Mac	2026-08-22T21:32:28.0723810Z [RUN_FASTLANE] › Compiling @stripe/stripe-react-native Pods/StripePayments » STDSDebuggerChecker.m
build	Build iOS Locally on Free Cloud Mac	2026-08-22T21:32:28.0824200Z [RUN_FASTLANE] › Compiling @stripe/stripe-react-native Pods/StripePayments » STDSCustomization.m
build	Build iOS Locally on Free Cloud Mac	2026-08-22T21:32:28.0926930Z [RUN_FASTLANE] › Compiling @stripe/stripe-react-native Pods/StripePayments » STDSConfigParameters.m
build	Build iOS Locally on Free Cloud Mac	2026-08-22T21:32:28.3768610Z [RUN_FASTLANE] › Compiling @stripe/stripe-react-native Pods/StripePayments » STDSCompletionEvent.m
build	Build iOS Locally on Free Cloud Mac	2026-08-22T21:32:28.3869140Z [RUN_FASTLANE] › Compiling @stripe/stripe-react-native Pods/StripePayments » STDSChallengeSelectionView.m
build	Build iOS Locally on Free Cloud Mac	2026-08-22T21:32:28.3970900Z [RUN_FASTLANE] › Compiling @stripe/stripe-react-native Pods/StripePayments » STDSChallengeResponseViewController.m
build	Build iOS Locally on Free Cloud Mac	2026-08-22T21:32:28.5576480Z [RUN_FASTLANE] › Compiling @stripe/stripe-react-native Pods/StripePayments » STDSChallengeResponseSelectionInfoObject.m
build	Build iOS Locally on Free Cloud Mac	2026-08-22T21:32:28.5676680Z [RUN_FASTLANE] › Compiling @stripe/stripe-react-native Pods/StripePayments » STDSChallengeResponseObject.m
build	Build iOS Locally on Free Cloud Mac	2026-08-22T21:32:28.5777200Z [RUN_FASTLANE] › Compiling @stripe/stripe-react-native Pods/StripePayments » STDSChallengeResponseMessageExtensionObject.m
build	Build iOS Locally on Free Cloud Mac	2026-08-22T21:32:28.8087420Z [RUN_FASTLANE] › Compiling @stripe/stripe-react-native Pods/StripePayments » STDSChallengeResponseImageObject.m
build	Build iOS Locally on Free Cloud Mac	2026-08-22T21:32:28.8188030Z [RUN_FASTLANE] › Compiling @stripe/stripe-react-native Pods/StripePayments » STDSChallengeRequestParameters.m
build	Build iOS Locally on Free Cloud Mac	2026-08-22T21:32:28.8289750Z [RUN_FASTLANE] › Compiling @stripe/stripe-react-native Pods/StripePayments » STDSChallengeParameters.m
build	Build iOS Locally on Free Cloud Mac	2026-08-22T21:32:29.0197630Z [RUN_FASTLANE] › Compiling @stripe/stripe-react-native Pods/StripePayments » STDSChallengeInformationView.m
build	Build iOS Locally on Free Cloud Mac	2026-08-22T21:32:29.0297860Z [RUN_FASTLANE] › Compiling @stripe/stripe-react-native Pods/StripePayments » STDSButtonCustomization.m
build	Build iOS Locally on Free Cloud Mac	2026-08-22T21:32:29.0398030Z [RUN_FASTLANE] › Compiling @stripe/stripe-react-native Pods/StripePayments » STDSBundleLocator.m
build	Build iOS Locally on Free Cloud Mac	2026-08-22T21:32:29.2716210Z [RUN_FASTLANE] › Compiling @stripe/stripe-react-native Pods/StripePayments » STDSBrandingView.m
build	Build iOS Locally on Free Cloud Mac	2026-08-22T21:32:29.2819420Z [RUN_FASTLANE] › Compiling @stripe/stripe-react-native Pods/StripePayments » STDSAuthenticationResponseObject.m
build	Build iOS Locally on Free Cloud Mac	2026-08-22T21:32:29.2918490Z [RUN_FASTLANE] › Compiling @stripe/stripe-react-native Pods/StripePayments » STDSAuthenticationRequestParameters.m
build	Build iOS Locally on Free Cloud Mac	2026-08-22T21:32:29.3020590Z [RUN_FASTLANE] › Compiling @stripe/stripe-react-native Pods/StripePayments » STDSAlreadyInitializedException.m
build	Build iOS Locally on Free Cloud Mac	2026-08-22T21:32:29.5129930Z [RUN_FASTLANE] › Compiling @stripe/stripe-react-native Pods/StripePayments » STDSACSNetworkingManager.m
build	Build iOS Locally on Free Cloud Mac	2026-08-22T21:32:29.5230310Z [RUN_FASTLANE] › Compiling @stripe/stripe-react-native Pods/StripePayments » NSString+JWEHelpers.m
build	Build iOS Locally on Free Cloud Mac	2026-08-22T21:32:29.5331970Z [RUN_FASTLANE] › Compiling @stripe/stripe-react-native Pods/StripePayments » NSString+EmptyChecking.m
build	Build iOS Locally on Free Cloud Mac	2026-08-22T21:32:29.7440150Z [RUN_FASTLANE] › Compiling @stripe/stripe-react-native Pods/StripePayments » NSLayoutConstraint+LayoutSupport.m
build	Build iOS Locally on Free Cloud Mac	2026-08-22T21:32:29.7540760Z [RUN_FASTLANE] › Compiling @stripe/stripe-react-native Pods/StripePayments » NSError+Stripe3DS2.m
build	Build iOS Locally on Free Cloud Mac	2026-08-22T21:32:29.7642580Z [RUN_FASTLANE] › Compiling @stripe/stripe-react-native Pods/StripePayments » NSDictionary+DecodingHelpers.m
build	Build iOS Locally on Free Cloud Mac	2026-08-22T21:32:30.0250960Z [RUN_FASTLANE] › Compiling @stripe/stripe-react-native Pods/StripePayments » NSData+JWEHelpers.m
build	Build iOS Locally on Free Cloud Mac	2026-08-22T21:32:30.0352670Z [RUN_FASTLANE] › Compiling react-native Pods/React-networking » NetworkReporter.cpp
build	Build iOS Locally on Free Cloud Mac	2026-08-22T21:32:30.0453140Z [RUN_FASTLANE] › Packaging @stripe/stripe-react-native Pods/StripePayments » libStripePayments.a
build	Build iOS Locally on Free Cloud Mac	2026-08-22T21:32:30.0554750Z [RUN_FASTLANE] › Compiling react-native Pods/React-networking » React-networking-dummy.m
build	Build iOS Locally on Free Cloud Mac	2026-08-22T21:32:30.0655400Z [RUN_FASTLANE] › Executing @stripe/stripe-react-native Pods/StripePayments » Copy generated compatibility header
build	Build iOS Locally on Free Cloud Mac	2026-08-22T21:32:30.0766780Z [RUN_FASTLANE] › Compiling react-native Pods/React-jsitooling » JSRuntimeFactoryCAPI.cpp
build	Build iOS Locally on Free Cloud Mac	2026-08-22T21:32:30.0868970Z [RUN_FASTLANE] › Compiling react-native Pods/React-jsitooling » JSRuntimeFactory.cpp
build	Build iOS Locally on Free Cloud Mac	2026-08-22T21:32:30.0971150Z [RUN_FASTLANE] › Compiling react-native Pods/React-jsitooling » JSRuntimeBindings.cpp
build	Build iOS Locally on Free Cloud Mac	2026-08-22T21:32:30.1071330Z [RUN_FASTLANE] › Preparing Pods/RNSVG-RNSVGFilters » ResourceBundle-RNSVGFilters-RNSVG-Info.plist
build	Build iOS Locally on Free Cloud Mac	2026-08-22T21:32:31.0030900Z [RUN_FASTLANE] › Compiling react-native Pods/React-jsitooling » React-jsitooling-dummy.m
build	Build iOS Locally on Free Cloud Mac	2026-08-22T21:32:31.0133340Z [RUN_FASTLANE] › Copying   ios/build/Build/Intermediates.noindex/ArchiveIntermediates/Hence/IntermediateBuildFilesPath/UninstalledProducts/iphoneos/RNSVGFilters.bundle/RNSVGCompositeXor.iphoneos.metallib ➜ ../../../../../var/folders/g3/pffjr_y96bq06blnkf72x_hw0000gn/T/eas-build-local-nodejs/f98a0858-83a6-4ef3-980d-ab6a19d10788/build/node_modules/react-native-svg/apple/Filters/MetalCI/RNSVGCompositeXor.iphoneos.metallib
build	Build iOS Locally on Free Cloud Mac	2026-08-22T21:32:31.0234740Z [RUN_FASTLANE] › Copying   ios/build/Build/Intermediates.noindex/ArchiveIntermediates/Hence/IntermediateBuildFilesPath/UninstalledProducts/iphoneos/RNSVGFilters.bundle/RNSVGArithmeticFilter.iphoneos.metallib ➜ ../../../../../var/folders/g3/pffjr_y96bq06blnkf72x_hw0000gn/T/eas-build-local-nodejs/f98a0858-83a6-4ef3-980d-ab6a19d10788/build/node_modules/react-native-svg/apple/Filters/MetalCI/RNSVGArithmeticFilter.iphoneos.metallib
build	Build iOS Locally on Free Cloud Mac	2026-08-22T21:32:31.0337020Z [RUN_FASTLANE] › Preparing Pods/RNCAsyncStorage-RNCAsyncStorage_resources » ResourceBundle-RNCAsyncStorage_resources-RNCAsyncStorage-Info.plist
build	Build iOS Locally on Free Cloud Mac	2026-08-22T21:32:31.0440510Z [RUN_FASTLANE] › Copying   ios/build/Build/Intermediates.noindex/ArchiveIntermediates/Hence/IntermediateBuildFilesPath/UninstalledProducts/iphoneos/RNCAsyncStorage_resources.bundle/PrivacyInfo.xcprivacy ➜ ../../../../../var/folders/g3/pffjr_y96bq06blnkf72x_hw0000gn/T/eas-build-local-nodejs/f98a0858-83a6-4ef3-980d-ab6a19d10788/build/node_modules/@react-native-async-storage/async-storage/ios/PrivacyInfo.xcprivacy
build	Build iOS Locally on Free Cloud Mac	2026-08-22T21:32:31.0539310Z [RUN_FASTLANE] › Compiling react-native Pods/React-jsinspector » TracingAgent.cpp
build	Build iOS Locally on Free Cloud Mac	2026-08-22T21:32:31.0641380Z [RUN_FASTLANE] › Compiling react-native Pods/React-jsinspector » RuntimeTargetTracingStateObserver.cpp
build	Build iOS Locally on Free Cloud Mac	2026-08-22T21:32:31.0743490Z [RUN_FASTLANE] › Compiling react-native Pods/React-jsinspector » RuntimeTargetNetwork.cpp
build	Build iOS Locally on Free Cloud Mac	2026-08-22T21:32:31.0844280Z [RUN_FASTLANE] › Compiling react-native Pods/React-jsinspector » RuntimeTargetGlobalStateObserver.cpp
build	Build iOS Locally on Free Cloud Mac	2026-08-22T21:32:31.0946050Z [RUN_FASTLANE] › Compiling react-native Pods/React-jsinspector » RuntimeTargetDebuggerSessionObserver.cpp
build	Build iOS Locally on Free Cloud Mac	2026-08-22T21:32:31.1046940Z [RUN_FASTLANE] › Compiling react-native Pods/React-jsinspector » RuntimeTargetConsole.cpp
build	Build iOS Locally on Free Cloud Mac	2026-08-22T21:32:31.1148470Z [RUN_FASTLANE] › Compiling react-native Pods/React-jsinspector » RuntimeTarget.cpp
build	Build iOS Locally on Free Cloud Mac	2026-08-22T21:32:31.1250700Z [RUN_FASTLANE] › Compiling react-native Pods/React-jsinspector » RuntimeAgent.cpp
build	Build iOS Locally on Free Cloud Mac	2026-08-22T21:32:31.4395000Z [RUN_FASTLANE] › Compiling react-native Pods/React-jsinspector » PerfMonitorV2.cpp
build	Build iOS Locally on Free Cloud Mac	2026-08-22T21:32:31.7360120Z [RUN_FASTLANE] › Compiling react-native Pods/React-jsinspector » NetworkIOAgent.cpp
build	Build iOS Locally on Free Cloud Mac	2026-08-22T21:32:33.2453580Z [RUN_FASTLANE] › Compiling react-native Pods/React-jsinspector » InstanceTarget.cpp
build	Build iOS Locally on Free Cloud Mac	2026-08-22T21:32:33.2567330Z [RUN_FASTLANE] › Compiling react-native Pods/React-jsinspector » InstanceAgent.cpp
build	Build iOS Locally on Free Cloud Mac	2026-08-22T21:32:33.2670100Z [RUN_FASTLANE] › Compiling react-native Pods/React-jsinspector » InspectorUtilities.cpp
build	Build iOS Locally on Free Cloud Mac	2026-08-22T21:32:33.8373190Z [RUN_FASTLANE] › Compiling react-native Pods/React-jsinspector » InspectorPackagerConnection.cpp
build	Build iOS Locally on Free Cloud Mac	2026-08-22T21:32:34.7122240Z [RUN_FASTLANE] › Compiling react-native Pods/React-jsinspector » InspectorInterfaces.cpp
build	Build iOS Locally on Free Cloud Mac	2026-08-22T21:32:34.7228640Z [RUN_FASTLANE] › Compiling react-native Pods/React-jsinspector » InspectorFlags.cpp
build	Build iOS Locally on Free Cloud Mac	2026-08-22T21:32:34.7342830Z [RUN_FASTLANE] › Compiling react-native Pods/React-jsinspector » HostTargetTracing.cpp
build	Build iOS Locally on Free Cloud Mac	2026-08-22T21:32:35.6350000Z [RUN_FASTLANE] › Compiling react-native Pods/React-jsinspector » HostTargetTraceRecording.cpp
build	Build iOS Locally on Free Cloud Mac	2026-08-22T21:32:35.9665380Z [RUN_FASTLANE] › Compiling react-native Pods/React-jsinspector » HostTarget.cpp
build	Build iOS Locally on Free Cloud Mac	2026-08-22T21:32:37.3075690Z [RUN_FASTLANE] › Compiling react-native Pods/React-jsinspector » HostAgent.cpp
build	Build iOS Locally on Free Cloud Mac	2026-08-22T21:32:37.3177700Z [RUN_FASTLANE] › Compiling react-native Pods/React-jsinspector » FallbackRuntimeTargetDelegate.cpp
build	Build iOS Locally on Free Cloud Mac	2026-08-22T21:32:37.3279450Z [RUN_FASTLANE] › Compiling react-native Pods/React-jsinspector » FallbackRuntimeAgentDelegate.cpp
build	Build iOS Locally on Free Cloud Mac	2026-08-22T21:32:38.2048140Z [RUN_FASTLANE] › Compiling react-native Pods/React-jsinspector » ExecutionContextManager.cpp
build	Build iOS Locally on Free Cloud Mac	2026-08-22T21:32:38.2150130Z [RUN_FASTLANE] › Compiling react-native Pods/React-jsinspector » ExecutionContext.cpp
build	Build iOS Locally on Free Cloud Mac	2026-08-22T21:32:38.2251850Z [RUN_FASTLANE] › Compiling react-native Pods/React-jsinspector » EmulationAgent.cpp
build	Build iOS Locally on Free Cloud Mac	2026-08-22T21:32:38.5499920Z [RUN_FASTLANE] › Compiling react-native Pods/React-jsinspector » ConsoleTaskOrchestrator.cpp
build	Build iOS Locally on Free Cloud Mac	2026-08-22T21:32:38.7116140Z [RUN_FASTLANE] › Compiling react-native Pods/React-jsinspector » ConsoleTaskContext.cpp
build	Build iOS Locally on Free Cloud Mac	2026-08-22T21:32:39.2736270Z [RUN_FASTLANE] › Compiling react-native Pods/React-jsinspector » ConsoleTask.cpp
build	Build iOS Locally on Free Cloud Mac	2026-08-22T21:32:39.4699110Z [RUN_FASTLANE] › Compiling react-native Pods/React-jsinspector » ConsoleMessage.cpp
build	Build iOS Locally on Free Cloud Mac	2026-08-22T21:32:41.4974670Z [RUN_FASTLANE] › Compiling @stripe/stripe-react-native Pods/StripePaymentsUI » StripePaymentsUI-dummy.m
build	Build iOS Locally on Free Cloud Mac	2026-08-22T21:32:41.5076740Z [RUN_FASTLANE] › Compiling react-native Pods/React-jsinspector » React-jsinspector-dummy.m
build	Build iOS Locally on Free Cloud Mac	2026-08-22T21:32:41.5186180Z [RUN_FASTLANE] › Packaging @stripe/stripe-react-native Pods/StripePaymentsUI » libStripePaymentsUI.a
build	Build iOS Locally on Free Cloud Mac	2026-08-22T21:32:41.5293030Z [RUN_FASTLANE] › Compiling react-native Pods/React-jsiexecutor » JSINativeModules.cpp
build	Build iOS Locally on Free Cloud Mac	2026-08-22T21:32:41.5394830Z [RUN_FASTLANE] › Compiling react-native Pods/React-jsiexecutor » JSIExecutor.cpp
build	Build iOS Locally on Free Cloud Mac	2026-08-22T21:32:42.1434470Z [RUN_FASTLANE] › Executing @stripe/stripe-react-native Pods/StripePaymentsUI » Copy generated compatibility header
build	Build iOS Locally on Free Cloud Mac	2026-08-22T21:32:42.1541060Z [RUN_FASTLANE] › Compiling @stripe/stripe-react-native Pods/StripeFinancialConnections » StripeFinancialConnections-dummy.m
build	Build iOS Locally on Free Cloud Mac	2026-08-22T21:32:42.1643650Z [RUN_FASTLANE] › Packaging @stripe/stripe-react-native Pods/StripeFinancialConnections » libStripeFinancialConnections.a
build	Build iOS Locally on Free Cloud Mac	2026-08-22T21:32:42.1746670Z [RUN_FASTLANE] › Executing @stripe/stripe-react-native Pods/StripeFinancialConnections » Copy generated compatibility header
build	Build iOS Locally on Free Cloud Mac	2026-08-22T21:32:42.1848870Z [RUN_FASTLANE] › Compiling react-native Pods/React-jsiexecutor » React-jsiexecutor-dummy.m
build	Build iOS Locally on Free Cloud Mac	2026-08-22T21:32:42.1949370Z [RUN_FASTLANE] › Packaging react-native Pods/React-jsinspectornetwork » libReact-jsinspectornetwork.a
build	Build iOS Locally on Free Cloud Mac	2026-08-22T21:33:54.2428340Z [RUN_FASTLANE] › Compiling react-native Pods/React-jserrorhandler » StackTraceParser.cpp
build	Build iOS Locally on Free Cloud Mac	2026-08-22T21:33:54.2452490Z [RUN_FASTLANE] › Compiling react-native Pods/React-jserrorhandler » JsErrorHandler.cpp
build	Build iOS Locally on Free Cloud Mac	2026-08-22T21:33:54.2554410Z [RUN_FASTLANE] › Compiling react-native Pods/React-jserrorhandler » React-jserrorhandler-dummy.m
build	Build iOS Locally on Free Cloud Mac	2026-08-22T21:33:54.2656530Z [RUN_FASTLANE] › Compiling react-native Pods/React-hermes » Registration.cpp
build	Build iOS Locally on Free Cloud Mac	2026-08-22T21:33:54.4128840Z [RUN_FASTLANE] › Compiling react-native Pods/React-hermes » HermesRuntimeSamplingProfileSerializer.cpp
build	Build iOS Locally on Free Cloud Mac	2026-08-22T21:33:54.4230920Z [RUN_FASTLANE] › Compiling @stripe/stripe-react-native Pods/StripeIssuing » StripeIssuing-dummy.m
build	Build iOS Locally on Free Cloud Mac	2026-08-22T21:33:54.4330900Z [RUN_FASTLANE] › Compiling react-native Pods/React-hermes » HermesRuntimeAgentDelegate.cpp
build	Build iOS Locally on Free Cloud Mac	2026-08-22T21:33:54.4432880Z [RUN_FASTLANE] › Packaging @stripe/stripe-react-native Pods/StripeIssuing » libStripeIssuing.a
build	Build iOS Locally on Free Cloud Mac	2026-08-22T21:33:54.4533460Z [RUN_FASTLANE] › Compiling react-native Pods/React-hermes » HermesExecutorFactory.cpp
build	Build iOS Locally on Free Cloud Mac	2026-08-22T21:33:54.4635160Z [RUN_FASTLANE] › Compiling react-native Pods/React-hermes » ConnectionDemux.cpp
build	Build iOS Locally on Free Cloud Mac	2026-08-22T21:33:54.4736640Z [RUN_FASTLANE] › Compiling react-native Pods/React-hermes » React-hermes-dummy.m
build	Build iOS Locally on Free Cloud Mac	2026-08-22T21:33:54.4838560Z [RUN_FASTLANE] › Executing @stripe/stripe-react-native Pods/StripeIssuing » Copy generated compatibility header
build	Build iOS Locally on Free Cloud Mac	2026-08-22T21:33:54.4940490Z [RUN_FASTLANE] › Compiling react-native Pods/React-graphics » ValueUnit.cpp
build	Build iOS Locally on Free Cloud Mac	2026-08-22T21:33:54.5042210Z [RUN_FASTLANE] › Compiling react-native Pods/React-graphics » Transform.cpp
build	Build iOS Locally on Free Cloud Mac	2026-08-22T21:33:54.5143880Z [RUN_FASTLANE] › Compiling react-native Pods/React-graphics » RadialGradient.cpp
build	Build iOS Locally on Free Cloud Mac	2026-08-22T21:33:54.5245620Z [RUN_FASTLANE] › Compiling react-native Pods/React-graphics » RCTPlatformColorUtils.mm
build	Build iOS Locally on Free Cloud Mac	2026-08-22T21:33:54.5347450Z [RUN_FASTLANE] › Compiling react-native Pods/React-graphics » PlatformColorParser.mm
build	Build iOS Locally on Free Cloud Mac	2026-08-22T21:33:54.5449250Z [RUN_FASTLANE] › Compiling react-native Pods/React-graphics » LinearGradient.cpp
build	Build iOS Locally on Free Cloud Mac	2026-08-22T21:33:54.5551000Z [RUN_FASTLANE] › Compiling react-native Pods/React-graphics » HostPlatformColor.mm
build	Build iOS Locally on Free Cloud Mac	2026-08-22T21:33:54.5652590Z [RUN_FASTLANE] › Compiling react-native Pods/React-graphics » ColorStop.cpp
build	Build iOS Locally on Free Cloud Mac	2026-08-22T21:33:54.5754380Z [RUN_FASTLANE] › Compiling react-native Pods/React-graphics » ColorComponents.cpp
build	Build iOS Locally on Free Cloud Mac	2026-08-22T21:33:54.5868240Z [RUN_FASTLANE] › Compiling react-native Pods/React-graphics » Color.cpp
build	Build iOS Locally on Free Cloud Mac	2026-08-22T21:33:54.5970130Z [RUN_FASTLANE] › Compiling react-native Pods/React-graphics » BackgroundImage.cpp
build	Build iOS Locally on Free Cloud Mac	2026-08-22T21:33:54.6071820Z [RUN_FASTLANE] › Compiling react-native Pods/React-graphics » React-graphics-dummy.m
build	Build iOS Locally on Free Cloud Mac	2026-08-22T21:33:54.6173470Z [RUN_FASTLANE] › Packaging react-native Pods/React-utils » libReact-utils.a
build	Build iOS Locally on Free Cloud Mac	2026-08-22T21:33:54.6275100Z [RUN_FASTLANE] › Packaging react-native Pods/React-rendererdebug » libReact-rendererdebug.a
build	Build iOS Locally on Free Cloud Mac	2026-08-22T21:33:54.6377040Z [RUN_FASTLANE] › Packaging react-native Pods/React-Mapbuffer » libReact-Mapbuffer.a
build	Build iOS Locally on Free Cloud Mac	2026-08-22T21:33:54.6479260Z [RUN_FASTLANE] › Creating  Pods/React-cxxreact-React-cxxreact_privacy » React-cxxreact_privacy.bundle
build	Build iOS Locally on Free Cloud Mac	2026-08-22T21:33:54.6581200Z [RUN_FASTLANE] › Packaging react-native Pods/React-runtimeexecutor » libReact-runtimeexecutor.a
build	Build iOS Locally on Free Cloud Mac	2026-08-22T21:33:54.6683000Z [RUN_FASTLANE] › Packaging react-native Pods/React-renderercss » libReact-renderercss.a
build	Build iOS Locally on Free Cloud Mac	2026-08-22T21:33:54.6784660Z [RUN_FASTLANE] › Packaging react-native Pods/React-jsinspectortracing » libReact-jsinspectortracing.a
build	Build iOS Locally on Free Cloud Mac	2026-08-22T21:33:54.6886630Z [RUN_FASTLANE] › Compiling react-native Pods/React-cxxreact » ReactMarker.cpp
build	Build iOS Locally on Free Cloud Mac	2026-08-22T21:33:54.6988730Z [RUN_FASTLANE] › Compiling react-native Pods/React-cxxreact » RAMBundleRegistry.cpp
build	Build iOS Locally on Free Cloud Mac	2026-08-22T21:33:54.7090400Z [RUN_FASTLANE] › Compiling @stripe/stripe-react-native Pods/Stripe » Stripe-dummy.m
build	Build iOS Locally on Free Cloud Mac	2026-08-22T21:33:54.7192070Z [RUN_FASTLANE] › Compiling react-native Pods/React-cxxreact » NativeToJsBridge.cpp
build	Build iOS Locally on Free Cloud Mac	2026-08-22T21:33:54.7316380Z [RUN_FASTLANE] › Packaging @stripe/stripe-react-native Pods/Stripe » libStripe.a
build	Build iOS Locally on Free Cloud Mac	2026-08-22T21:33:54.7440760Z [RUN_FASTLANE] › Compiling react-native Pods/React-cxxreact » MethodCall.cpp
build	Build iOS Locally on Free Cloud Mac	2026-08-22T21:33:54.7482680Z [RUN_FASTLANE] › Compiling react-native Pods/React-cxxreact » JSIndexedRAMBundle.cpp
build	Build iOS Locally on Free Cloud Mac	2026-08-22T21:33:54.7604740Z [RUN_FASTLANE] › Compiling react-native Pods/React-cxxreact » JSExecutor.cpp
build	Build iOS Locally on Free Cloud Mac	2026-08-22T21:33:54.7727660Z [RUN_FASTLANE] › Compiling react-native Pods/React-cxxreact » JSBundleType.cpp
build	Build iOS Locally on Free Cloud Mac	2026-08-22T21:33:54.7850160Z [RUN_FASTLANE] › Compiling react-native Pods/React-cxxreact » JSBigString.cpp
build	Build iOS Locally on Free Cloud Mac	2026-08-22T21:33:54.7974040Z [RUN_FASTLANE] › Compiling react-native Pods/React-cxxreact » Instance.cpp
build	Build iOS Locally on Free Cloud Mac	2026-08-22T21:33:54.8096300Z [RUN_FASTLANE] › Compiling react-native Pods/React-cxxreact » CxxNativeModule.cpp
build	Build iOS Locally on Free Cloud Mac	2026-08-22T21:33:54.8219280Z [RUN_FASTLANE] › Executing @stripe/stripe-react-native Pods/Stripe » Copy generated compatibility header
build	Build iOS Locally on Free Cloud Mac	2026-08-22T21:33:54.8341820Z [RUN_FASTLANE] › Packaging react-native Pods/React-jsinspector » libReact-jsinspector.a
build	Build iOS Locally on Free Cloud Mac	2026-08-22T21:33:54.8463110Z [RUN_FASTLANE] › Packaging react-native Pods/React-performancetimeline » libReact-performancetimeline.a
build	Build iOS Locally on Free Cloud Mac	2026-08-22T21:33:54.8564970Z [RUN_FASTLANE] › Compiling react-native Pods/React-RuntimeHermes » HermesInstance.cpp
build	Build iOS Locally on Free Cloud Mac	2026-08-22T21:33:54.8666630Z [RUN_FASTLANE] › Compiling react-native Pods/React-cxxreact » React-cxxreact-dummy.m
build	Build iOS Locally on Free Cloud Mac	2026-08-22T21:33:54.9907400Z [RUN_FASTLANE] › Compiling react-native Pods/React-RuntimeHermes » React-RuntimeHermes-dummy.m
build	Build iOS Locally on Free Cloud Mac	2026-08-22T21:33:55.0009010Z [RUN_FASTLANE] › Packaging react-native Pods/React-cxxreact » libReact-cxxreact.a
build	Build iOS Locally on Free Cloud Mac	2026-08-22T21:33:55.0110720Z [RUN_FASTLANE] › Compiling react-native Pods/React-RuntimeCore » TimerManager.cpp
build	Build iOS Locally on Free Cloud Mac	2026-08-22T21:33:55.0212390Z [RUN_FASTLANE] › Compiling react-native Pods/React-RuntimeCore » ReactInstance.cpp
build	Build iOS Locally on Free Cloud Mac	2026-08-22T21:33:55.0312940Z [RUN_FASTLANE] › Compiling react-native Pods/React-RuntimeCore » LegacyUIManagerConstantsProviderBinding.cpp
build	Build iOS Locally on Free Cloud Mac	2026-08-22T21:33:55.0414320Z [RUN_FASTLANE] › Compiling react-native Pods/React-RuntimeCore » BufferedRuntimeExecutor.cpp
build	Build iOS Locally on Free Cloud Mac	2026-08-22T21:33:55.0514940Z [RUN_FASTLANE] › Compiling react-native Pods/React-RuntimeCore » BridgelessNativeMethodCallInvoker.cpp
build	Build iOS Locally on Free Cloud Mac	2026-08-22T21:33:55.0616840Z [RUN_FASTLANE] › Packaging react-native Pods/React-performancecdpmetrics » libReact-performancecdpmetrics.a
build	Build iOS Locally on Free Cloud Mac	2026-08-22T21:33:55.0717060Z [RUN_FASTLANE] › Packaging react-native Pods/React-networking » libReact-networking.a
build	Build iOS Locally on Free Cloud Mac	2026-08-22T21:33:55.2823750Z [RUN_FASTLANE] › Packaging react-native Pods/ReactCommon » libReactCommon.a
build	Build iOS Locally on Free Cloud Mac	2026-08-22T21:33:55.2925560Z [RUN_FASTLANE] › Packaging react-native Pods/React-runtimescheduler » libReact-runtimescheduler.a
build	Build iOS Locally on Free Cloud Mac	2026-08-22T21:33:55.3027470Z [RUN_FASTLANE] › Packaging react-native Pods/React-jsitooling » libReact-jsitooling.a
build	Build iOS Locally on Free Cloud Mac	2026-08-22T21:33:55.3127610Z [RUN_FASTLANE] › Compiling react-native Pods/React-RCTText » RCTVirtualTextViewManager.mm
build	Build iOS Locally on Free Cloud Mac	2026-08-22T21:33:55.3229720Z [RUN_FASTLANE] › Compiling react-native Pods/React-RCTText » RCTVirtualTextView.mm
build	Build iOS Locally on Free Cloud Mac	2026-08-22T21:33:55.3329930Z [RUN_FASTLANE] › Compiling react-native Pods/React-RCTText » RCTVirtualTextShadowView.mm
build	Build iOS Locally on Free Cloud Mac	2026-08-22T21:33:55.3431790Z [RUN_FASTLANE] › Compiling react-native Pods/React-RuntimeCore » React-RuntimeCore-dummy.m
build	Build iOS Locally on Free Cloud Mac	2026-08-22T21:33:55.3532800Z [RUN_FASTLANE] › Compiling react-native Pods/React-RCTText » RCTUITextView.mm
build	Build iOS Locally on Free Cloud Mac	2026-08-22T21:33:55.3661560Z [RUN_FASTLANE] › Compiling react-native Pods/React-RCTText » RCTUITextField.mm
build	Build iOS Locally on Free Cloud Mac	2026-08-22T21:33:55.3783510Z [RUN_FASTLANE] › Compiling react-native Pods/React-RCTText » RCTTextViewManager.mm
build	Build iOS Locally on Free Cloud Mac	2026-08-22T21:33:55.3905520Z [RUN_FASTLANE] › Compiling react-native Pods/React-RCTText » RCTTextView.mm
build	Build iOS Locally on Free Cloud Mac	2026-08-22T21:33:55.4035270Z [RUN_FASTLANE] › Compiling react-native Pods/React-RCTText » RCTTextShadowView.mm
build	Build iOS Locally on Free Cloud Mac	2026-08-22T21:33:55.4157140Z [RUN_FASTLANE] › Compiling react-native Pods/React-RCTText » RCTTextSelection.mm
build	Build iOS Locally on Free Cloud Mac	2026-08-22T21:33:55.4279770Z [RUN_FASTLANE] › Compiling react-native Pods/React-RCTText » RCTTextAttributes.mm
build	Build iOS Locally on Free Cloud Mac	2026-08-22T21:33:55.4402230Z [RUN_FASTLANE] › Compiling react-native Pods/React-RCTText » RCTSinglelineTextInputViewManager.mm
build	Build iOS Locally on Free Cloud Mac	2026-08-22T21:33:55.4524840Z [RUN_FASTLANE] › Compiling react-native Pods/React-RCTText » RCTSinglelineTextInputView.mm
build	Build iOS Locally on Free Cloud Mac	2026-08-22T21:33:55.4648270Z [RUN_FASTLANE] › Compiling react-native Pods/React-RCTText » RCTRawTextViewManager.mm
build	Build iOS Locally on Free Cloud Mac	2026-08-22T21:33:55.4770590Z [RUN_FASTLANE] › Compiling react-native Pods/React-RCTText » RCTRawTextShadowView.mm
build	Build iOS Locally on Free Cloud Mac	2026-08-22T21:33:55.4871180Z [RUN_FASTLANE] › Compiling react-native Pods/React-RCTText » RCTMultilineTextInputViewManager.mm
build	Build iOS Locally on Free Cloud Mac	2026-08-22T21:33:55.4972960Z [RUN_FASTLANE] › Compiling react-native Pods/React-RCTText » RCTMultilineTextInputView.mm
build	Build iOS Locally on Free Cloud Mac	2026-08-22T21:33:55.5073550Z [RUN_FASTLANE] › Compiling react-native Pods/React-RCTText » RCTInputAccessoryViewManager.mm
build	Build iOS Locally on Free Cloud Mac	2026-08-22T21:33:55.5182640Z [RUN_FASTLANE] › Compiling react-native Pods/React-RCTText » RCTInputAccessoryViewContent.mm
build	Build iOS Locally on Free Cloud Mac	2026-08-22T21:33:55.5284490Z [RUN_FASTLANE] › Compiling react-native Pods/React-RCTText » RCTInputAccessoryView.mm
build	Build iOS Locally on Free Cloud Mac	2026-08-22T21:33:55.5386380Z [RUN_FASTLANE] › Compiling react-native Pods/React-RCTText » RCTInputAccessoryShadowView.mm
build	Build iOS Locally on Free Cloud Mac	2026-08-22T21:33:55.5486660Z [RUN_FASTLANE] › Compiling react-native Pods/React-RCTText » RCTDynamicTypeRamp.mm
build	Build iOS Locally on Free Cloud Mac	2026-08-22T21:33:55.5586700Z [RUN_FASTLANE] › Compiling react-native Pods/React-RCTText » RCTConvert+Text.mm
build	Build iOS Locally on Free Cloud Mac	2026-08-22T21:33:55.5688860Z [RUN_FASTLANE] › Compiling react-native Pods/React-RCTText » RCTBaseTextViewManager.mm
build	Build iOS Locally on Free Cloud Mac	2026-08-22T21:33:55.5789160Z [RUN_FASTLANE] › Compiling react-native Pods/React-RCTText » RCTBaseTextShadowView.mm
build	Build iOS Locally on Free Cloud Mac	2026-08-22T21:33:55.5889960Z [RUN_FASTLANE] › Compiling react-native Pods/React-RCTText » RCTBaseTextInputViewManager.mm
build	Build iOS Locally on Free Cloud Mac	2026-08-22T21:33:55.5990430Z [RUN_FASTLANE] › Compiling react-native Pods/React-RCTText » RCTBaseTextInputView.mm
build	Build iOS Locally on Free Cloud Mac	2026-08-22T21:33:55.6091390Z [RUN_FASTLANE] › Compiling react-native Pods/React-RCTText » RCTBaseTextInputShadowView.mm
build	Build iOS Locally on Free Cloud Mac	2026-08-22T21:33:55.6192170Z [RUN_FASTLANE] › Compiling react-native Pods/React-RCTText » RCTBackedTextInputDelegateAdapter.mm
build	Build iOS Locally on Free Cloud Mac	2026-08-22T21:33:55.6294050Z [RUN_FASTLANE] › Compiling react-native Pods/React-RCTText » React-RCTText-dummy.m
build	Build iOS Locally on Free Cloud Mac	2026-08-22T21:33:55.6395790Z [RUN_FASTLANE] › Compiling react-native Pods/React-RCTText » NSTextStorage+FontScaling.m
build	Build iOS Locally on Free Cloud Mac	2026-08-22T21:33:55.6497760Z [RUN_FASTLANE] › Packaging react-native Pods/React-jserrorhandler » libReact-jserrorhandler.a
build	Build iOS Locally on Free Cloud Mac	2026-08-22T21:33:55.6598210Z [RUN_FASTLANE] › Compiling react-native Pods/React-NativeModulesApple » RCTTurboModuleManager.mm
build	Build iOS Locally on Free Cloud Mac	2026-08-22T21:33:55.6700080Z [RUN_FASTLANE] › Packaging react-native Pods/React-jsiexecutor » libReact-jsiexecutor.a
build	Build iOS Locally on Free Cloud Mac	2026-08-22T21:33:55.6800400Z [RUN_FASTLANE] › Compiling react-native Pods/React-NativeModulesApple » RCTTurboModule.mm
build	Build iOS Locally on Free Cloud Mac	2026-08-22T21:33:55.7523610Z [RUN_FASTLANE] › Compiling react-native Pods/React-NativeModulesApple » RCTInteropTurboModule.mm
build	Build iOS Locally on Free Cloud Mac	2026-08-22T21:33:55.7625340Z [RUN_FASTLANE] › Packaging react-native Pods/React-hermes » libReact-hermes.a
build	Build iOS Locally on Free Cloud Mac	2026-08-22T21:33:55.7727360Z [RUN_FASTLANE] › Packaging react-native Pods/React-graphics » libReact-graphics.a
build	Build iOS Locally on Free Cloud Mac	2026-08-22T21:33:55.7829170Z [RUN_FASTLANE] › Compiling react-native Pods/React-NativeModulesApple » React-NativeModulesApple-dummy.m
build	Build iOS Locally on Free Cloud Mac	2026-08-22T21:33:55.7931080Z [RUN_FASTLANE] › Compiling react-native Pods/React-ImageManager » RCTSyncImageManager.mm
build	Build iOS Locally on Free Cloud Mac	2026-08-22T21:33:55.8032870Z [RUN_FASTLANE] › Compiling react-native Pods/React-ImageManager » RCTImageManager.mm
build	Build iOS Locally on Free Cloud Mac	2026-08-22T21:33:55.8134500Z [RUN_FASTLANE] › Compiling react-native Pods/React-ImageManager » ImageManager.mm
build	Build iOS Locally on Free Cloud Mac	2026-08-22T21:33:56.0311100Z [RUN_FASTLANE] › Compiling react-native Pods/React-ImageManager » React-ImageManager-dummy.m
build	Build iOS Locally on Free Cloud Mac	2026-08-22T21:33:56.0411200Z [RUN_FASTLANE] › Compiling react-native Pods/React-FabricImage » ImageState.cpp
build	Build iOS Locally on Free Cloud Mac	2026-08-22T21:33:56.0511550Z [RUN_FASTLANE] › Compiling react-native Pods/React-FabricImage » ImageShadowNode.cpp
build	Build iOS Locally on Free Cloud Mac	2026-08-22T21:33:56.0613540Z [RUN_FASTLANE] › Compiling react-native Pods/React-FabricImage » ImageProps.cpp
build	Build iOS Locally on Free Cloud Mac	2026-08-22T21:33:56.0713960Z [RUN_FASTLANE] › Compiling react-native Pods/React-FabricImage » ImageEventEmitter.cpp
build	Build iOS Locally on Free Cloud Mac	2026-08-22T21:33:56.0814360Z [RUN_FASTLANE] › Compiling react-native Pods/React-FabricImage » ImageComponentDescriptor.cpp
build	Build iOS Locally on Free Cloud Mac	2026-08-22T21:33:56.0915130Z [RUN_FASTLANE] › Compiling react-native Pods/React-FabricImage » React-FabricImage-dummy.m
build	Build iOS Locally on Free Cloud Mac	2026-08-22T21:33:56.1016410Z [RUN_FASTLANE] › Compiling react-native Pods/React-Fabric » utils.cpp
build	Build iOS Locally on Free Cloud Mac	2026-08-22T21:33:56.1116500Z [RUN_FASTLANE] › Compiling react-native Pods/React-Fabric » updateMountedFlag.cpp
build	Build iOS Locally on Free Cloud Mac	2026-08-22T21:33:56.1216960Z [RUN_FASTLANE] › Compiling react-native Pods/React-Fabric » stubs.cpp
build	Build iOS Locally on Free Cloud Mac	2026-08-22T21:33:56.1318740Z [RUN_FASTLANE] › Compiling react-native Pods/React-Fabric » sliceChildShadowNodeViewPairs.cpp
build	Build iOS Locally on Free Cloud Mac	2026-08-22T21:33:56.1421330Z [RUN_FASTLANE] › Compiling react-native Pods/React-Fabric » componentNameByReactViewName.cpp
build	Build iOS Locally on Free Cloud Mac	2026-08-22T21:33:56.1523900Z [RUN_FASTLANE] › Compiling react-native Pods/React-Fabric » YogaStylableProps.cpp
build	Build iOS Locally on Free Cloud Mac	2026-08-22T21:33:56.1626410Z [RUN_FASTLANE] › Compiling react-native Pods/React-Fabric » YogaLayoutableShadowNode.cpp
build	Build iOS Locally on Free Cloud Mac	2026-08-22T21:33:56.1728180Z [RUN_FASTLANE] › Compiling react-native Pods/React-Fabric » WeakFamilyRegistry.cpp
build	Build iOS Locally on Free Cloud Mac	2026-08-22T21:33:56.1829930Z [RUN_FASTLANE] › Compiling react-native Pods/React-Fabric » ViewTransitionModule.cpp
build	Build iOS Locally on Free Cloud Mac	2026-08-22T21:33:56.1948560Z [RUN_FASTLANE] › Compiling react-native Pods/React-Fabric » ViewShadowNode.cpp
build	Build iOS Locally on Free Cloud Mac	2026-08-22T21:33:56.2050280Z [RUN_FASTLANE] › Compiling react-native Pods/React-Fabric » ValueFactoryEventPayload.cpp
build	Build iOS Locally on Free Cloud Mac	2026-08-22T21:33:56.2152400Z [RUN_FASTLANE] › Compiling react-native Pods/React-Fabric » ValueAnimatedNode.cpp
build	Build iOS Locally on Free Cloud Mac	2026-08-22T21:33:56.2254040Z [RUN_FASTLANE] › Compiling react-native Pods/React-Fabric » UnstableLegacyViewManagerAutomaticShadowNode.cpp
build	Build iOS Locally on Free Cloud Mac	2026-08-22T21:33:56.2356320Z [RUN_FASTLANE] › Compiling react-native Pods/React-Fabric » UnstableLegacyViewManagerAutomaticComponentDescriptor.cpp
build	Build iOS Locally on Free Cloud Mac	2026-08-22T21:33:56.2458960Z [RUN_FASTLANE] › Compiling react-native Pods/React-Fabric » UIManagerUpdateShadowTree.cpp
build	Build iOS Locally on Free Cloud Mac	2026-08-22T21:33:56.2578860Z [RUN_FASTLANE] › Compiling react-native Pods/React-Fabric » UIManagerBinding.cpp
build	Build iOS Locally on Free Cloud Mac	2026-08-22T21:33:56.2680530Z [RUN_FASTLANE] › Compiling react-native Pods/React-Fabric » UIManager.cpp
build	Build iOS Locally on Free Cloud Mac	2026-08-22T21:33:56.2782140Z [RUN_FASTLANE] › Compiling react-native Pods/React-Fabric » TransformAnimatedNode.cpp
build	Build iOS Locally on Free Cloud Mac	2026-08-22T21:33:56.2896260Z [RUN_FASTLANE] › Compiling react-native Pods/React-Fabric » TransactionTelemetry.cpp
build	Build iOS Locally on Free Cloud Mac	2026-08-22T21:33:56.3005460Z [RUN_FASTLANE] › Compiling react-native Pods/React-Fabric » TrackingAnimatedNode.cpp
build	Build iOS Locally on Free Cloud Mac	2026-08-22T21:33:56.3120810Z [RUN_FASTLANE] › Compiling react-native Pods/React-Fabric » TouchEventEmitter.cpp
build	Build iOS Locally on Free Cloud Mac	2026-08-22T21:33:56.3228050Z [RUN_FASTLANE] › Compiling react-native Pods/React-Fabric » TouchEvent.cpp
build	Build iOS Locally on Free Cloud Mac	2026-08-22T21:33:56.3329600Z [RUN_FASTLANE] › Compiling react-native Pods/React-Fabric » TextAttributes.cpp
build	Build iOS Locally on Free Cloud Mac	2026-08-22T21:33:57.1305910Z [RUN_FASTLANE] › Compiling react-native Pods/React-Fabric » TelemetryController.cpp
build	Build iOS Locally on Free Cloud Mac	2026-08-22T21:33:57.2123880Z [RUN_FASTLANE] › Compiling react-native Pods/React-Fabric » SurfaceTelemetry.cpp
build	Build iOS Locally on Free Cloud Mac	2026-08-22T21:33:57.2251840Z [RUN_FASTLANE] › Compiling react-native Pods/React-Fabric » SurfaceManager.cpp
build	Build iOS Locally on Free Cloud Mac	2026-08-22T21:33:58.8033410Z [RUN_FASTLANE] › Compiling react-native Pods/React-Fabric » SurfaceHandler.cpp
build	Build iOS Locally on Free Cloud Mac	2026-08-22T21:33:59.0660770Z [RUN_FASTLANE] › Compiling react-native Pods/React-Fabric » SubtractionAnimatedNode.cpp
build	Build iOS Locally on Free Cloud Mac	2026-08-22T21:33:59.2831280Z [RUN_FASTLANE] › Compiling react-native Pods/React-Fabric » StyleAnimatedNode.cpp
build	Build iOS Locally on Free Cloud Mac	2026-08-22T21:34:01.2544080Z [RUN_FASTLANE] › Compiling react-native Pods/React-Fabric » StubViewTree.cpp
build	Build iOS Locally on Free Cloud Mac	2026-08-22T21:34:01.2659940Z [RUN_FASTLANE] › Compiling react-native Pods/React-Fabric » StubView.cpp
build	Build iOS Locally on Free Cloud Mac	2026-08-22T21:34:01.2788390Z [RUN_FASTLANE] › Compiling react-native Pods/React-Fabric » StateUpdate.cpp
build	Build iOS Locally on Free Cloud Mac	2026-08-22T21:34:01.2888600Z [RUN_FASTLANE] › Compiling react-native Pods/React-Fabric » State.cpp
build	Build iOS Locally on Free Cloud Mac	2026-08-22T21:34:01.8143590Z [RUN_FASTLANE] › Compiling react-native Pods/React-Fabric » SpringAnimationDriver.cpp
build	Build iOS Locally on Free Cloud Mac	2026-08-22T21:34:03.1739210Z [RUN_FASTLANE] › Compiling react-native Pods/React-Fabric » ShadowViewMutation.cpp
build	Build iOS Locally on Free Cloud Mac	2026-08-22T21:34:03.1841200Z [RUN_FASTLANE] › Compiling react-native Pods/React-Fabric » ShadowView.cpp
build	Build iOS Locally on Free Cloud Mac	2026-08-22T21:34:03.1943110Z [RUN_FASTLANE] › Compiling react-native Pods/React-Fabric » ShadowTreeRevisionConsistencyManager.cpp
build	Build iOS Locally on Free Cloud Mac	2026-08-22T21:34:03.2043350Z [RUN_FASTLANE] › Compiling react-native Pods/React-Fabric » ShadowTreeRevision.cpp
build	Build iOS Locally on Free Cloud Mac	2026-08-22T21:34:03.8624040Z [RUN_FASTLANE] › Compiling react-native Pods/React-Fabric » ShadowTreeRegistry.cpp
build	Build iOS Locally on Free Cloud Mac	2026-08-22T21:34:04.7275850Z [RUN_FASTLANE] › Compiling react-native Pods/React-Fabric » ShadowTree.cpp
build	Build iOS Locally on Free Cloud Mac	2026-08-22T21:34:06.1356100Z [RUN_FASTLANE] › Compiling react-native Pods/React-Fabric » ShadowNodeTraits.cpp
build	Build iOS Locally on Free Cloud Mac	2026-08-22T21:34:06.1472130Z [RUN_FASTLANE] › Compiling react-native Pods/React-Fabric » ShadowNodeFragment.cpp
build	Build iOS Locally on Free Cloud Mac	2026-08-22T21:34:06.1573750Z [RUN_FASTLANE] › Compiling react-native Pods/React-Fabric » ShadowNodeFamily.cpp
build	Build iOS Locally on Free Cloud Mac	2026-08-22T21:34:06.1691970Z [RUN_FASTLANE] › Compiling react-native Pods/React-Fabric » ShadowNode.cpp
build	Build iOS Locally on Free Cloud Mac	2026-08-22T21:34:06.6172480Z [RUN_FASTLANE] › Compiling react-native Pods/React-Fabric » Sealable.cpp
build	Build iOS Locally on Free Cloud Mac	2026-08-22T21:34:06.6273950Z [RUN_FASTLANE] › Compiling react-native Pods/React-Fabric » ScrollViewState.cpp
build	Build iOS Locally on Free Cloud Mac	2026-08-22T21:34:06.6376120Z [RUN_FASTLANE] › Compiling react-native Pods/React-Fabric » ScrollViewShadowNode.cpp
build	Build iOS Locally on Free Cloud Mac	2026-08-22T21:34:07.6114930Z [RUN_FASTLANE] › Compiling react-native Pods/React-Fabric » ScrollViewEventEmitter.cpp
build	Build iOS Locally on Free Cloud Mac	2026-08-22T21:34:07.8038270Z [RUN_FASTLANE] › Compiling react-native Pods/React-Fabric » ScrollEvent.cpp
build	Build iOS Locally on Free Cloud Mac	2026-08-22T21:34:07.8140120Z [RUN_FASTLANE] › Compiling react-native Pods/React-Fabric » Scheduler.cpp
build	Build iOS Locally on Free Cloud Mac	2026-08-22T21:34:10.8247230Z [RUN_FASTLANE] › Compiling react-native Pods/React-Fabric » RoundAnimatedNode.cpp
build	Build iOS Locally on Free Cloud Mac	2026-08-22T21:34:10.8310150Z [RUN_FASTLANE] › Compiling react-native Pods/React-Fabric » RootShadowNode.cpp
build	Build iOS Locally on Free Cloud Mac	2026-08-22T21:34:10.8412010Z [RUN_FASTLANE] › Compiling react-native Pods/React-Fabric » RootProps.cpp
build	Build iOS Locally on Free Cloud Mac	2026-08-22T21:34:12.4594860Z [RUN_FASTLANE] › Compiling react-native Pods/React-Fabric » ReactRootViewTagGenerator.cpp
build	Build iOS Locally on Free Cloud Mac	2026-08-22T21:34:12.4696740Z [RUN_FASTLANE] › Compiling react-native Pods/React-Fabric » RawValue.cpp
build	Build iOS Locally on Free Cloud Mac	2026-08-22T21:34:12.4799260Z [RUN_FASTLANE] › Compiling react-native Pods/React-Fabric » RawPropsParser.cpp
build	Build iOS Locally on Free Cloud Mac	2026-08-22T21:34:12.4908530Z [RUN_FASTLANE] › Compiling react-native Pods/React-Fabric » RawPropsKeyMap.cpp
build	Build iOS Locally on Free Cloud Mac	2026-08-22T21:34:12.5010640Z [RUN_FASTLANE] › Compiling react-native Pods/React-Fabric » RawPropsKey.cpp
build	Build iOS Locally on Free Cloud Mac	2026-08-22T21:34:12.5112430Z [RUN_FASTLANE] › Compiling react-native Pods/React-Fabric » RawProps.cpp
build	Build iOS Locally on Free Cloud Mac	2026-08-22T21:34:13.5819230Z [RUN_FASTLANE] › Compiling react-native Pods/React-Fabric » RawEvent.cpp
build	Build iOS Locally on Free Cloud Mac	2026-08-22T21:34:13.5940680Z [RUN_FASTLANE] › Compiling react-native Pods/React-Fabric » RCTLegacyViewManagerInteropCoordinator.mm
build	Build iOS Locally on Free Cloud Mac	2026-08-22T21:34:14.0729880Z [RUN_FASTLANE] › Compiling react-native Pods/React-Fabric » PropsAnimatedNode.cpp
build	Build iOS Locally on Free Cloud Mac	2026-08-22T21:34:15.5735880Z [RUN_FASTLANE] › Compiling react-native Pods/React-Fabric » Props.cpp
build	Build iOS Locally on Free Cloud Mac	2026-08-22T21:34:15.5837510Z [RUN_FASTLANE] › Compiling react-native Pods/React-Fabric » PointerHoverTracker.cpp
build	Build iOS Locally on Free Cloud Mac	2026-08-22T21:34:16.0459460Z [RUN_FASTLANE] › Compiling react-native Pods/React-Fabric » PointerEventsProcessor.cpp
build	Build iOS Locally on Free Cloud Mac	2026-08-22T21:34:17.1704760Z [RUN_FASTLANE] › Compiling react-native Pods/React-Fabric » PointerEvent.cpp
build	Build iOS Locally on Free Cloud Mac	2026-08-22T21:34:17.1807120Z [RUN_FASTLANE] › Compiling react-native Pods/React-Fabric » ParagraphAttributes.cpp
build	Build iOS Locally on Free Cloud Mac	2026-08-22T21:34:17.6381710Z [RUN_FASTLANE] › Compiling react-native Pods/React-Fabric » ObjectAnimatedNode.cpp
build	Build iOS Locally on Free Cloud Mac	2026-08-22T21:34:18.4410690Z [RUN_FASTLANE] › Compiling react-native Pods/React-Fabric » NativeComponentRegistryBinding.cpp
build	Build iOS Locally on Free Cloud Mac	2026-08-22T21:34:18.4514950Z [RUN_FASTLANE] › Compiling react-native Pods/React-Fabric » NativeAnimatedNodesManagerProvider.cpp
build	Build iOS Locally on Free Cloud Mac	2026-08-22T21:34:22.0683340Z [RUN_FASTLANE] › Compiling react-native Pods/React-Fabric » NativeAnimatedNodesManager.cpp
build	Build iOS Locally on Free Cloud Mac	2026-08-22T21:34:22.0785220Z [RUN_FASTLANE] › Compiling react-native Pods/React-Fabric » MutationObserverManager.cpp
build	Build iOS Locally on Free Cloud Mac	2026-08-22T21:34:22.0887170Z [RUN_FASTLANE] › Compiling react-native Pods/React-Fabric » MutationObserver.cpp
build	Build iOS Locally on Free Cloud Mac	2026-08-22T21:34:22.0988970Z [RUN_FASTLANE] › Compiling react-native Pods/React-Fabric » MultiplicationAnimatedNode.cpp
build	Build iOS Locally on Free Cloud Mac	2026-08-22T21:34:23.7096760Z [RUN_FASTLANE] › Compiling react-native Pods/React-Fabric » MountingTransaction.cpp
build	Build iOS Locally on Free Cloud Mac	2026-08-22T21:34:23.7097840Z [RUN_FASTLANE] › Compiling react-native Pods/React-Fabric » MountingCoordinator.cpp
build	Build iOS Locally on Free Cloud Mac	2026-08-22T21:34:23.7098510Z [RUN_FASTLANE] › Compiling react-native Pods/React-Fabric » ModulusAnimatedNode.cpp
build	Build iOS Locally on Free Cloud Mac	2026-08-22T21:34:25.0258390Z [RUN_FASTLANE] › Compiling react-native Pods/React-Fabric » MergedValueDispatcher.cpp
build	Build iOS Locally on Free Cloud Mac	2026-08-22T21:34:25.0360470Z [RUN_FASTLANE] › Compiling react-native Pods/React-Fabric » LegacyViewManagerInteropViewProps.cpp
build	Build iOS Locally on Free Cloud Mac	2026-08-22T21:34:25.0462490Z [RUN_FASTLANE] › Compiling react-native Pods/React-Fabric » LegacyViewManagerInteropState.mm
build	Build iOS Locally on Free Cloud Mac	2026-08-22T21:34:25.1837250Z [RUN_FASTLANE] › Compiling react-native Pods/React-Fabric » LegacyViewManagerInteropShadowNode.cpp
build	Build iOS Locally on Free Cloud Mac	2026-08-22T21:34:25.1978840Z [RUN_FASTLANE] › Compiling react-native Pods/React-Fabric » LegacyViewManagerInteropComponentDescriptor.mm
build	Build iOS Locally on Free Cloud Mac	2026-08-22T21:34:27.2680600Z [RUN_FASTLANE] › Compiling react-native Pods/React-Fabric » LeakChecker.cpp
build	Build iOS Locally on Free Cloud Mac	2026-08-22T21:34:27.2782300Z [RUN_FASTLANE] › Compiling react-native Pods/React-Fabric » LazyShadowTreeRevisionConsistencyManager.cpp
build	Build iOS Locally on Free Cloud Mac	2026-08-22T21:34:27.2884010Z [RUN_FASTLANE] › Compiling react-native Pods/React-Fabric » LayoutableShadowNode.cpp
build	Build iOS Locally on Free Cloud Mac	2026-08-22T21:34:28.1153320Z [RUN_FASTLANE] › Compiling react-native Pods/React-Fabric » LayoutMetrics.cpp
build	Build iOS Locally on Free Cloud Mac	2026-08-22T21:34:28.1287180Z [RUN_FASTLANE] › Compiling react-native Pods/React-Fabric » LayoutConstraints.cpp
build	Build iOS Locally on Free Cloud Mac	2026-08-22T21:34:28.1389410Z [RUN_FASTLANE] › Compiling react-native Pods/React-Fabric » LayoutAnimationKeyFrameManager.cpp
build	Build iOS Locally on Free Cloud Mac	2026-08-22T21:34:30.6903780Z [RUN_FASTLANE] › Compiling react-native Pods/React-Fabric » LayoutAnimationDriver.cpp
build	Build iOS Locally on Free Cloud Mac	2026-08-22T21:34:30.7006660Z [RUN_FASTLANE] › Compiling react-native Pods/React-Fabric » IntersectionObserverState.cpp
build	Build iOS Locally on Free Cloud Mac	2026-08-22T21:34:30.7108340Z [RUN_FASTLANE] › Compiling react-native Pods/React-Fabric » IntersectionObserverManager.cpp
build	Build iOS Locally on Free Cloud Mac	2026-08-22T21:34:30.7772040Z [RUN_FASTLANE] › Compiling react-native Pods/React-Fabric » IntersectionObserver.cpp
build	Build iOS Locally on Free Cloud Mac	2026-08-22T21:34:31.0836240Z [RUN_FASTLANE] › Compiling react-native Pods/React-Fabric » InterpolationAnimatedNode.cpp
build	Build iOS Locally on Free Cloud Mac	2026-08-22T21:34:33.1497860Z [RUN_FASTLANE] › Compiling react-native Pods/React-Fabric » InstanceHandle.cpp
build	Build iOS Locally on Free Cloud Mac	2026-08-22T21:34:33.1598330Z [RUN_FASTLANE] › Compiling react-native Pods/React-Fabric » ImageTelemetry.cpp
build	Build iOS Locally on Free Cloud Mac	2026-08-22T21:34:33.1698830Z [RUN_FASTLANE] › Compiling react-native Pods/React-Fabric » ImageResponseObserverCoordinator.cpp
build	Build iOS Locally on Free Cloud Mac	2026-08-22T21:34:33.1800300Z [RUN_FASTLANE] › Compiling react-native Pods/React-Fabric » ImageResponse.cpp
build	Build iOS Locally on Free Cloud Mac	2026-08-22T21:34:33.1900770Z [RUN_FASTLANE] › Compiling react-native Pods/React-Fabric » ImageRequest.cpp
build	Build iOS Locally on Free Cloud Mac	2026-08-22T21:34:33.2001660Z [RUN_FASTLANE] › Compiling react-native Pods/React-Fabric » FrameAnimationDriver.cpp
build	Build iOS Locally on Free Cloud Mac	2026-08-22T21:34:33.8581040Z [RUN_FASTLANE] › Compiling react-native Pods/React-Fabric » EventTarget.cpp
build	Build iOS Locally on Free Cloud Mac	2026-08-22T21:34:33.8683190Z [RUN_FASTLANE] › Compiling react-native Pods/React-Fabric » EventQueueProcessor.cpp
build	Build iOS Locally on Free Cloud Mac	2026-08-22T21:34:34.1657560Z [RUN_FASTLANE] › Compiling react-native Pods/React-Fabric » EventQueue.cpp
build	Build iOS Locally on Free Cloud Mac	2026-08-22T21:34:34.7723710Z [RUN_FASTLANE] › Compiling react-native Pods/React-Fabric » EventPerformanceLogger.cpp
build	Build iOS Locally on Free Cloud Mac	2026-08-22T21:34:35.6513440Z [RUN_FASTLANE] › Compiling react-native Pods/React-Fabric » EventListener.cpp
build	Build iOS Locally on Free Cloud Mac	2026-08-22T21:34:35.6615150Z [RUN_FASTLANE] › Compiling react-native Pods/React-Fabric » EventEmitter.cpp
build	Build iOS Locally on Free Cloud Mac	2026-08-22T21:34:36.1150870Z [RUN_FASTLANE] › Compiling react-native Pods/React-Fabric » EventDispatcher.cpp
build	Build iOS Locally on Free Cloud Mac	2026-08-22T21:34:36.1252630Z [RUN_FASTLANE] › Compiling react-native Pods/React-Fabric » EventBeat.cpp
build	Build iOS Locally on Free Cloud Mac	2026-08-22T21:34:37.4049040Z [RUN_FASTLANE] › Compiling react-native Pods/React-Fabric » EventAnimationDriver.cpp
build	Build iOS Locally on Free Cloud Mac	2026-08-22T21:34:37.4151690Z [RUN_FASTLANE] › Compiling react-native Pods/React-Fabric » DynamicPropsUtilities.cpp
build	Build iOS Locally on Free Cloud Mac	2026-08-22T21:34:38.2451050Z [RUN_FASTLANE] › Compiling react-native Pods/React-Fabric » DynamicPointerEvent.cpp
build	Build iOS Locally on Free Cloud Mac	2026-08-22T21:34:39.1492290Z [RUN_FASTLANE] › Compiling react-native Pods/React-Fabric » DynamicEventPayload.cpp
build	Build iOS Locally on Free Cloud Mac	2026-08-22T21:34:39.4960280Z [RUN_FASTLANE] › Compiling react-native Pods/React-Fabric » DivisionAnimatedNode.cpp
build	Build iOS Locally on Free Cloud Mac	2026-08-22T21:34:41.4363070Z [RUN_FASTLANE] › Compiling react-native Pods/React-Fabric » Differentiator.cpp
build	Build iOS Locally on Free Cloud Mac	2026-08-22T21:34:43.3384870Z [RUN_FASTLANE] › Compiling react-native Pods/React-Fabric » DiffClampAnimatedNode.cpp
build	Build iOS Locally on Free Cloud Mac	2026-08-22T21:34:43.3510900Z [RUN_FASTLANE] › Compiling react-native Pods/React-Fabric » DecayAnimationDriver.cpp
build	Build iOS Locally on Free Cloud Mac	2026-08-22T21:34:44.9539350Z [RUN_FASTLANE] › Compiling react-native Pods/React-Fabric » DOM.cpp
build	Build iOS Locally on Free Cloud Mac	2026-08-22T21:34:45.2523310Z [RUN_FASTLANE] › Compiling react-native Pods/React-Fabric » CullingContext.cpp
build	Build iOS Locally on Free Cloud Mac	2026-08-22T21:34:45.6399920Z [RUN_FASTLANE] › Compiling react-native Pods/React-Fabric » ComponentDescriptorRegistry.cpp
build	Build iOS Locally on Free Cloud Mac	2026-08-22T21:34:47.9323340Z [RUN_FASTLANE] › Compiling react-native Pods/React-Fabric » ComponentDescriptorProviderRegistry.cpp
build	Build iOS Locally on Free Cloud Mac	2026-08-22T21:34:47.9452050Z [RUN_FASTLANE] › Compiling react-native Pods/React-Fabric » ComponentDescriptor.cpp
build	Build iOS Locally on Free Cloud Mac	2026-08-22T21:34:47.9576930Z [RUN_FASTLANE] › Compiling react-native Pods/React-Fabric » ColorAnimatedNode.cpp
build	Build iOS Locally on Free Cloud Mac	2026-08-22T21:34:49.8595430Z [RUN_FASTLANE] › Compiling react-native Pods/React-Fabric » BaseViewProps.cpp
build	Build iOS Locally on Free Cloud Mac	2026-08-22T21:34:54.6536080Z [RUN_FASTLANE] › Compiling react-native Pods/React-Fabric » BaseViewEventEmitter.cpp
build	Build iOS Locally on Free Cloud Mac	2026-08-22T21:34:54.6637860Z [RUN_FASTLANE] › Compiling react-native Pods/React-Fabric » BaseTouch.cpp
build	Build iOS Locally on Free Cloud Mac	2026-08-22T21:34:54.6739470Z [RUN_FASTLANE] › Compiling react-native Pods/React-Fabric » BaseScrollViewProps.cpp
build	Build iOS Locally on Free Cloud Mac	2026-08-22T21:34:54.6841080Z [RUN_FASTLANE] › Compiling react-native Pods/React-Fabric » BackgroundImagePropsConversions.cpp
build	Build iOS Locally on Free Cloud Mac	2026-08-22T21:34:54.9912620Z [RUN_FASTLANE] › Compiling react-native Pods/React-Fabric » AttributedStringBox.cpp
build	Build iOS Locally on Free Cloud Mac	2026-08-22T21:34:55.0013180Z [RUN_FASTLANE] › Compiling react-native Pods/React-Fabric » AttributedString.cpp
build	Build iOS Locally on Free Cloud Mac	2026-08-22T21:34:55.0114910Z [RUN_FASTLANE] › Compiling react-native Pods/React-Fabric » AppRegistryBinding.cpp
build	Build iOS Locally on Free Cloud Mac	2026-08-22T21:34:55.8068840Z [RUN_FASTLANE] › Compiling react-native Pods/React-Fabric » AnimationDriver.cpp
build	Build iOS Locally on Free Cloud Mac	2026-08-22T21:34:56.8796440Z [RUN_FASTLANE] › Compiling react-native Pods/React-Fabric » AnimationBackendCommitHook.cpp
build	Build iOS Locally on Free Cloud Mac	2026-08-22T21:34:56.8908700Z [RUN_FASTLANE] › Compiling react-native Pods/React-Fabric » AnimationBackend.cpp
build	Build iOS Locally on Free Cloud Mac	2026-08-22T21:34:58.4068940Z [RUN_FASTLANE] › Compiling react-native Pods/React-Fabric » AnimatedPropsRegistry.cpp
build	Build iOS Locally on Free Cloud Mac	2026-08-22T21:34:59.1514900Z [RUN_FASTLANE] › Compiling react-native Pods/React-Fabric » AnimatedPropSerializer.cpp
build	Build iOS Locally on Free Cloud Mac	2026-08-22T21:34:59.1617830Z [RUN_FASTLANE] › Compiling react-native Pods/React-Fabric » AnimatedNode.cpp
build	Build iOS Locally on Free Cloud Mac	2026-08-22T21:35:00.8997850Z [RUN_FASTLANE] › Compiling react-native Pods/React-Fabric » AnimatedMountingOverrideDelegate.cpp
build	Build iOS Locally on Free Cloud Mac	2026-08-22T21:35:01.7441300Z [RUN_FASTLANE] › Compiling react-native Pods/React-Fabric » AnimatedModule.cpp
build	Build iOS Locally on Free Cloud Mac	2026-08-22T21:35:03.1879890Z [RUN_FASTLANE] › Compiling react-native Pods/React-Fabric » AdditionAnimatedNode.cpp
build	Build iOS Locally on Free Cloud Mac	2026-08-22T21:35:03.1981960Z [RUN_FASTLANE] › Compiling react-native Pods/React-Fabric » AccessibilityProps.cpp
build	Build iOS Locally on Free Cloud Mac	2026-08-22T21:35:05.4594260Z [RUN_FASTLANE] › Compiling @stripe/stripe-react-native Pods/StripePaymentSheet » StripePaymentSheet-dummy.m
build	Build iOS Locally on Free Cloud Mac	2026-08-22T21:35:05.4699980Z [RUN_FASTLANE] › Compiling react-native Pods/React-Fabric » React-Fabric-dummy.m
build	Build iOS Locally on Free Cloud Mac	2026-08-22T21:35:05.4806210Z [RUN_FASTLANE] › Packaging @stripe/stripe-react-native Pods/StripePaymentSheet » libStripePaymentSheet.a
build	Build iOS Locally on Free Cloud Mac	2026-08-22T21:35:05.4909120Z [RUN_FASTLANE] › Compiling react-native Pods/React-Core » RCTUtils.mm
build	Build iOS Locally on Free Cloud Mac	2026-08-22T21:35:05.8165440Z [RUN_FASTLANE] › Compiling react-native Pods/React-Core » RCTUIManagerObserverCoordinator.mm
build	Build iOS Locally on Free Cloud Mac	2026-08-22T21:35:05.8267290Z [RUN_FASTLANE] › Compiling react-native Pods/React-Core » RCTUIManager.mm
build	Build iOS Locally on Free Cloud Mac	2026-08-22T21:35:06.2470530Z [RUN_FASTLANE] › Compiling react-native Pods/React-Core » RCTSurfaceView.mm
build	Build iOS Locally on Free Cloud Mac	2026-08-22T21:35:06.2601290Z [RUN_FASTLANE] › Compiling react-native Pods/React-Core » RCTSurfaceSizeMeasureMode.mm
build	Build iOS Locally on Free Cloud Mac	2026-08-22T21:35:06.2735970Z [RUN_FASTLANE] › Compiling react-native Pods/React-Core » RCTSurfaceRootView.mm
build	Build iOS Locally on Free Cloud Mac	2026-08-22T21:35:06.4292940Z [RUN_FASTLANE] › Compiling react-native Pods/React-Core » RCTSurfaceHostingView.mm
build	Build iOS Locally on Free Cloud Mac	2026-08-22T21:35:06.5795940Z [RUN_FASTLANE] › Compiling react-native Pods/React-Core » RCTSurfaceHostingProxyRootView.mm
build	Build iOS Locally on Free Cloud Mac	2026-08-22T21:35:06.6517910Z [RUN_FASTLANE] › Compiling react-native Pods/React-Core » RCTSurface.mm
build	Build iOS Locally on Free Cloud Mac	2026-08-22T21:35:07.1116060Z [RUN_FASTLANE] › Compiling react-native Pods/React-Core » RCTPerformanceLogger.mm
build	Build iOS Locally on Free Cloud Mac	2026-08-22T21:35:07.5352860Z [RUN_FASTLANE] › Compiling react-native Pods/React-Core » RCTPausedInDebuggerOverlayController.mm
build	Build iOS Locally on Free Cloud Mac	2026-08-22T21:35:07.5457570Z [RUN_FASTLANE] › Compiling react-native Pods/React-Core » RCTPackagerConnection.mm
build	Build iOS Locally on Free Cloud Mac	2026-08-22T21:35:07.8319950Z [RUN_FASTLANE] › Compiling react-native Pods/React-Core » RCTObjcExecutor.mm
build	Build iOS Locally on Free Cloud Mac	2026-08-22T21:35:07.8423530Z [RUN_FASTLANE] › Compiling react-native Pods/React-Core » RCTNativeModule.mm
build	Build iOS Locally on Free Cloud Mac	2026-08-22T21:35:08.7179890Z [RUN_FASTLANE] › Compiling react-native Pods/React-Core » RCTModuleMethod.mm
build	Build iOS Locally on Free Cloud Mac	2026-08-22T21:35:08.7282400Z [RUN_FASTLANE] › Compiling react-native Pods/React-Core » RCTModuleData.mm
build	Build iOS Locally on Free Cloud Mac	2026-08-22T21:35:08.7384160Z [RUN_FASTLANE] › Compiling react-native Pods/React-Core » RCTMessageThread.mm
build	Build iOS Locally on Free Cloud Mac	2026-08-22T21:35:09.1728010Z [RUN_FASTLANE] › Compiling react-native Pods/React-Core » RCTManagedPointer.mm
build	Build iOS Locally on Free Cloud Mac	2026-08-22T21:35:09.1829920Z [RUN_FASTLANE] › Compiling react-native Pods/React-Core » RCTLog.mm
build	Build iOS Locally on Free Cloud Mac	2026-08-22T21:35:09.1934370Z [RUN_FASTLANE] › Compiling react-native Pods/React-Core » RCTLocalizedString.mm
build	Build iOS Locally on Free Cloud Mac	2026-08-22T21:35:09.2055210Z [RUN_FASTLANE] › Compiling react-native Pods/React-Core » RCTJavaScriptLoader.mm
build	Build iOS Locally on Free Cloud Mac	2026-08-22T21:35:09.5042850Z [RUN_FASTLANE] › Compiling react-native Pods/React-Core » RCTJSIExecutorRuntimeInstaller.mm
build	Build iOS Locally on Free Cloud Mac	2026-08-22T21:35:09.5166660Z [RUN_FASTLANE] › Compiling react-native Pods/React-Core » RCTInspectorUtils.mm
build	Build iOS Locally on Free Cloud Mac	2026-08-22T21:35:09.5268500Z [RUN_FASTLANE] › Compiling react-native Pods/React-Core » RCTInspectorNetworkHelper.mm
build	Build iOS Locally on Free Cloud Mac	2026-08-22T21:35:11.4214860Z [RUN_FASTLANE] › Compiling react-native Pods/React-Core » RCTInspectorDevServerHelper.mm
build	Build iOS Locally on Free Cloud Mac	2026-08-22T21:35:11.4315800Z [RUN_FASTLANE] › Compiling react-native Pods/React-Core » RCTInspector.mm
build	Build iOS Locally on Free Cloud Mac	2026-08-22T21:35:11.4418070Z [RUN_FASTLANE] › Compiling react-native Pods/React-Core » RCTFrameTimingsObserver.mm
build	Build iOS Locally on Free Cloud Mac	2026-08-22T21:35:11.5868380Z [RUN_FASTLANE] › Compiling react-native Pods/React-Core » RCTFont.mm
build	Build iOS Locally on Free Cloud Mac	2026-08-22T21:35:11.5975540Z [RUN_FASTLANE] › Compiling react-native Pods/React-Core » RCTDefaultCxxLogFunction.mm
build	Build iOS Locally on Free Cloud Mac	2026-08-22T21:35:11.6077260Z [RUN_FASTLANE] › Compiling react-native Pods/React-Core » RCTCxxUtils.mm
build	Build iOS Locally on Free Cloud Mac	2026-08-22T21:35:12.6504470Z [RUN_FASTLANE] › Compiling react-native Pods/React-Core » RCTCxxMethod.mm
build	Build iOS Locally on Free Cloud Mac	2026-08-22T21:35:12.8970900Z [RUN_FASTLANE] › Compiling react-native Pods/React-Core » RCTCxxInspectorWebSocketAdapter.mm
build	Build iOS Locally on Free Cloud Mac	2026-08-22T21:35:12.9075200Z [RUN_FASTLANE] › Compiling react-native Pods/React-Core » RCTCxxInspectorPackagerConnectionDelegate.mm
build	Build iOS Locally on Free Cloud Mac	2026-08-22T21:35:12.9186030Z [RUN_FASTLANE] › Compiling react-native Pods/React-Core » RCTCxxInspectorPackagerConnection.mm
build	Build iOS Locally on Free Cloud Mac	2026-08-22T21:35:12.9287930Z [RUN_FASTLANE] › Compiling react-native Pods/React-Core » RCTCxxBridge.mm
build	Build iOS Locally on Free Cloud Mac	2026-08-22T21:35:14.1316880Z [RUN_FASTLANE] › Compiling react-native Pods/React-Core » RCTConvert.mm
build	Build iOS Locally on Free Cloud Mac	2026-08-22T21:35:14.1418760Z [RUN_FASTLANE] › Compiling react-native Pods/React-Core » RCTComponentData.mm
build	Build iOS Locally on Free Cloud Mac	2026-08-22T21:35:14.1520720Z [RUN_FASTLANE] › Compiling react-native Pods/React-Core » RCTCallInvoker.mm
build	Build iOS Locally on Free Cloud Mac	2026-08-22T21:35:14.1621280Z [RUN_FASTLANE] › Compiling react-native Pods/React-Core » RCTBundleURLProvider.mm
build	Build iOS Locally on Free Cloud Mac	2026-08-22T21:35:14.2949790Z [RUN_FASTLANE] › Compiling react-native Pods/React-Core » RCTBridgeProxy.mm
build	Build iOS Locally on Free Cloud Mac	2026-08-22T21:35:14.7800220Z [RUN_FASTLANE] › Compiling react-native Pods/React-Core » RCTBridge.mm
build	Build iOS Locally on Free Cloud Mac	2026-08-22T21:35:15.7989140Z [RUN_FASTLANE] › Compiling react-native Pods/React-Core » NSDataBigString.mm
build	Build iOS Locally on Free Cloud Mac	2026-08-22T21:35:20.6810620Z [RUN_FASTLANE] › Compiling react-native Pods/React-Core » RCTVersion.m
build	Build iOS Locally on Free Cloud Mac	2026-08-22T21:35:21.2587560Z [RUN_FASTLANE] › Compiling react-native Pods/React-Core » RCTUtilsUIOverride.m
build	Build iOS Locally on Free Cloud Mac	2026-08-22T21:35:21.2689750Z [RUN_FASTLANE] › Compiling react-native Pods/React-Core » RCTUIManagerUtils.m
build	Build iOS Locally on Free Cloud Mac	2026-08-22T21:35:22.1558200Z [RUN_FASTLANE] › Compiling react-native Pods/React-Core » RCTTouchEvent.m
build	Build iOS Locally on Free Cloud Mac	2026-08-22T21:35:22.1682070Z [RUN_FASTLANE] › Compiling react-native Pods/React-Core » RCTSwitch.m
build	Build iOS Locally on Free Cloud Mac	2026-08-22T21:35:22.1699490Z [RUN_FASTLANE] › Compiling react-native Pods/React-Core » RCTSurfaceStage.m
build	Build iOS Locally on Free Cloud Mac	2026-08-22T21:35:22.6398110Z [RUN_FASTLANE] › Compiling react-native Pods/React-Core » RCTSurfacePresenterStub.m
build	Build iOS Locally on Free Cloud Mac	2026-08-22T21:35:22.6535380Z [RUN_FASTLANE] › Compiling react-native Pods/React-Core » RCTScrollView.m
build	Build iOS Locally on Free Cloud Mac	2026-08-22T21:35:23.1215060Z [RUN_FASTLANE] › Compiling react-native Pods/React-Core » RCTScrollEvent.m
build	Build iOS Locally on Free Cloud Mac	2026-08-22T21:35:23.1325320Z [RUN_FASTLANE] › Compiling react-native Pods/React-Core » RCTScrollContentView.m
build	Build iOS Locally on Free Cloud Mac	2026-08-22T21:35:23.1427680Z [RUN_FASTLANE] › Compiling react-native Pods/React-Core » RCTScrollContentShadowView.m
build	Build iOS Locally on Free Cloud Mac	2026-08-22T21:35:23.7297580Z [RUN_FASTLANE] › Compiling react-native Pods/React-Core » RCTSafeAreaViewLocalData.m
build	Build iOS Locally on Free Cloud Mac	2026-08-22T21:35:23.7410270Z [RUN_FASTLANE] › Compiling react-native Pods/React-Core » RCTSafeAreaView.m
build	Build iOS Locally on Free Cloud Mac	2026-08-22T21:35:24.1690210Z [RUN_FASTLANE] › Compiling react-native Pods/React-Core » UIView+React.m
build	Build iOS Locally on Free Cloud Mac	2026-08-22T21:35:24.1798380Z [RUN_FASTLANE] › Compiling react-native Pods/React-Core » RCTWrapperViewController.m
build	Build iOS Locally on Free Cloud Mac	2026-08-22T21:35:24.6066450Z [RUN_FASTLANE] › Compiling react-native Pods/React-Core » React-Core-dummy.m
build	Build iOS Locally on Free Cloud Mac	2026-08-22T21:35:24.6178300Z [RUN_FASTLANE] › Compiling react-native Pods/React-Core » RCTViewUtils.m
build	Build iOS Locally on Free Cloud Mac	2026-08-22T21:35:25.4311680Z [RUN_FASTLANE] › Compiling react-native Pods/React-Core » RCTViewRegistry.m
build	Build iOS Locally on Free Cloud Mac	2026-08-22T21:35:25.4419710Z [RUN_FASTLANE] › Compiling react-native Pods/React-Core » RCTViewManager.m
build	Build iOS Locally on Free Cloud Mac	2026-08-22T21:35:26.1072210Z [RUN_FASTLANE] › Compiling react-native Pods/React-Core » RCTView.m
build	Build iOS Locally on Free Cloud Mac	2026-08-22T21:35:26.1174060Z [RUN_FASTLANE] › Compiling react-native Pods/React-Core » RCTTouchHandler.m
build	Build iOS Locally on Free Cloud Mac	2026-08-22T21:35:26.1275810Z [RUN_FASTLANE] › Compiling react-native Pods/React-Core » RCTSwitchManager.m
build	Build iOS Locally on Free Cloud Mac	2026-08-22T21:35:26.5879250Z [RUN_FASTLANE] › Compiling react-native Pods/React-Core » RCTSurfaceRootShadowView.m
build	Build iOS Locally on Free Cloud Mac	2026-08-22T21:35:26.5981740Z [RUN_FASTLANE] › Compiling react-native Pods/React-Core » RCTShadowView.m
build	Build iOS Locally on Free Cloud Mac	2026-08-22T21:35:27.0139490Z [RUN_FASTLANE] › Compiling react-native Pods/React-Core » RCTShadowView+Layout.m
build	Build iOS Locally on Free Cloud Mac	2026-08-22T21:35:27.0170340Z [RUN_FASTLANE] › Compiling react-native Pods/React-Core » RCTShadowView+Internal.m
build	Build iOS Locally on Free Cloud Mac	2026-08-22T21:35:27.4848970Z [RUN_FASTLANE] › Compiling react-native Pods/React-Core » RCTScrollViewManager.m
build	Build iOS Locally on Free Cloud Mac	2026-08-22T21:35:27.4950910Z [RUN_FASTLANE] › Compiling react-native Pods/React-Core » RCTScrollContentViewManager.m
build	Build iOS Locally on Free Cloud Mac	2026-08-22T21:35:27.5056430Z [RUN_FASTLANE] › Compiling react-native Pods/React-Core » RCTSafeAreaViewManager.m
build	Build iOS Locally on Free Cloud Mac	2026-08-22T21:35:27.8704040Z [RUN_FASTLANE] › Compiling react-native Pods/React-Core » RCTSafeAreaShadowView.m
build	Build iOS Locally on Free Cloud Mac	2026-08-22T21:35:27.8816100Z [RUN_FASTLANE] › Compiling react-native Pods/React-Core » RCTRootView.m
build	Build iOS Locally on Free Cloud Mac	2026-08-22T21:35:28.2797200Z [RUN_FASTLANE] › Compiling react-native Pods/React-Core » RCTRootShadowView.m
build	Build iOS Locally on Free Cloud Mac	2026-08-22T21:35:28.2900870Z [RUN_FASTLANE] › Compiling react-native Pods/React-Core » RCTRootContentView.m
build	Build iOS Locally on Free Cloud Mac	2026-08-22T21:35:28.5232550Z [RUN_FASTLANE] › Compiling react-native Pods/React-Core » RCTReloadCommand.m
build	Build iOS Locally on Free Cloud Mac	2026-08-22T21:35:28.5341590Z [RUN_FASTLANE] › Compiling react-native Pods/React-Core » RCTRefreshControl.m
build	Build iOS Locally on Free Cloud Mac	2026-08-22T21:35:28.8463270Z [RUN_FASTLANE] › Compiling react-native Pods/React-Core » RCTRefreshControlManager.m
build	Build iOS Locally on Free Cloud Mac	2026-08-22T21:35:28.8568060Z [RUN_FASTLANE] › Compiling react-native Pods/React-Core » RCTRedBoxSetEnabled.m
build	Build iOS Locally on Free Cloud Mac	2026-08-22T21:35:29.1548930Z [RUN_FASTLANE] › Compiling react-native Pods/React-Core » RCTRedBoxExtraDataViewController.m
build	Build iOS Locally on Free Cloud Mac	2026-08-22T21:35:29.1654260Z [RUN_FASTLANE] › Compiling react-native Pods/React-Core » RCTReconnectingWebSocket.m
build	Build iOS Locally on Free Cloud Mac	2026-08-22T21:35:29.5662090Z [RUN_FASTLANE] › Compiling react-native Pods/React-Core » RCTProfile.m
build	Build iOS Locally on Free Cloud Mac	2026-08-22T21:35:29.5765020Z [RUN_FASTLANE] › Compiling react-native Pods/React-Core » RCTPerformanceLoggerLabels.m
build	Build iOS Locally on Free Cloud Mac	2026-08-22T21:35:29.9189130Z [RUN_FASTLANE] › Compiling react-native Pods/React-Core » RCTParserUtils.m
build	Build iOS Locally on Free Cloud Mac	2026-08-22T21:35:29.9297010Z [RUN_FASTLANE] › Compiling react-native Pods/React-Core » RCTPackagerClient.m
build	Build iOS Locally on Free Cloud Mac	2026-08-22T21:35:30.2875630Z [RUN_FASTLANE] › Compiling react-native Pods/React-Core » RCTMultipartStreamReader.m
build	Build iOS Locally on Free Cloud Mac	2026-08-22T21:35:30.2977450Z [RUN_FASTLANE] › Compiling react-native Pods/React-Core » RCTMultipartDataTask.m
build	Build iOS Locally on Free Cloud Mac	2026-08-22T21:35:30.5747640Z [RUN_FASTLANE] › Compiling react-native Pods/React-Core » RCTModuleRegistry.m
build	Build iOS Locally on Free Cloud Mac	2026-08-22T21:35:30.5849320Z [RUN_FASTLANE] › Compiling react-native Pods/React-Core » RCTModalManager.m
build	Build iOS Locally on Free Cloud Mac	2026-08-22T21:35:30.9087970Z [RUN_FASTLANE] › Compiling react-native Pods/React-Core » RCTModalHostViewManager.m
build	Build iOS Locally on Free Cloud Mac	2026-08-22T21:35:30.9200810Z [RUN_FASTLANE] › Compiling react-native Pods/React-Core » RCTModalHostViewController.m
build	Build iOS Locally on Free Cloud Mac	2026-08-22T21:35:31.1971700Z [RUN_FASTLANE] › Compiling react-native Pods/React-Core » RCTModalHostView.m
build	Build iOS Locally on Free Cloud Mac	2026-08-22T21:35:31.2081540Z [RUN_FASTLANE] › Compiling react-native Pods/React-Core » RCTLayoutAnimationGroup.m
build	Build iOS Locally on Free Cloud Mac	2026-08-22T21:35:31.4928490Z [RUN_FASTLANE] › Compiling react-native Pods/React-Core » RCTLayoutAnimation.m
build	Build iOS Locally on Free Cloud Mac	2026-08-22T21:35:31.5030010Z [RUN_FASTLANE] › Compiling react-native Pods/React-Core » RCTLayout.m
build	Build iOS Locally on Free Cloud Mac	2026-08-22T21:35:31.7818040Z [RUN_FASTLANE] › Compiling react-native Pods/React-Core » RCTKeyCommands.m
build	Build iOS Locally on Free Cloud Mac	2026-08-22T21:35:31.7935620Z [RUN_FASTLANE] › Compiling react-native Pods/React-Core » RCTJSThread.m
build	Build iOS Locally on Free Cloud Mac	2026-08-22T21:35:32.1355770Z [RUN_FASTLANE] › Compiling react-native Pods/React-Core » RCTJSStackFrame.m
build	Build iOS Locally on Free Cloud Mac	2026-08-22T21:35:32.1457170Z [RUN_FASTLANE] › Compiling react-native Pods/React-Core » RCTImageSource.m
build	Build iOS Locally on Free Cloud Mac	2026-08-22T21:35:32.9783820Z [RUN_FASTLANE] › Compiling react-native Pods/React-Core » RCTI18nUtil.m
build	Build iOS Locally on Free Cloud Mac	2026-08-22T21:35:32.9884160Z [RUN_FASTLANE] › Compiling react-native Pods/React-Core » RCTFrameUpdate.m
build	Build iOS Locally on Free Cloud Mac	2026-08-22T21:35:33.3393140Z [RUN_FASTLANE] › Compiling react-native Pods/React-Core » RCTEventEmitter.m
build	Build iOS Locally on Free Cloud Mac	2026-08-22T21:35:33.3493380Z [RUN_FASTLANE] › Compiling react-native Pods/React-Core » RCTEventDispatcher.m
build	Build iOS Locally on Free Cloud Mac	2026-08-22T21:35:33.6069450Z [RUN_FASTLANE] › Compiling react-native Pods/React-Core » RCTErrorInfo.m
build	Build iOS Locally on Free Cloud Mac	2026-08-22T21:35:33.6170500Z [RUN_FASTLANE] › Compiling react-native Pods/React-Core » RCTDisplayLink.m
build	Build iOS Locally on Free Cloud Mac	2026-08-22T21:35:33.9142590Z [RUN_FASTLANE] › Compiling react-native Pods/React-Core » RCTDevSupportHttpHeaders.m
build	Build iOS Locally on Free Cloud Mac	2026-08-22T21:35:33.9244340Z [RUN_FASTLANE] › Compiling react-native Pods/React-Core » RCTDevLoadingViewSetEnabled.m
build	Build iOS Locally on Free Cloud Mac	2026-08-22T21:35:34.1945830Z [RUN_FASTLANE] › Compiling react-native Pods/React-Core » RCTDebuggingOverlayManager.m
build	Build iOS Locally on Free Cloud Mac	2026-08-22T21:35:34.2050690Z [RUN_FASTLANE] › Compiling react-native Pods/React-Core » RCTDebuggingOverlay.m
build	Build iOS Locally on Free Cloud Mac	2026-08-22T21:35:34.5287430Z [RUN_FASTLANE] › Compiling react-native Pods/React-Core » RCTCxxConvert.m
build	Build iOS Locally on Free Cloud Mac	2026-08-22T21:35:34.5389220Z [RUN_FASTLANE] › Compiling react-native Pods/React-Core » RCTConvert+Transform.m
build	Build iOS Locally on Free Cloud Mac	2026-08-22T21:35:34.7924460Z [RUN_FASTLANE] › Compiling react-native Pods/React-Core » RCTComponentEvent.m
build	Build iOS Locally on Free Cloud Mac	2026-08-22T21:35:34.8042050Z [RUN_FASTLANE] › Compiling react-native Pods/React-Core » RCTConstants.m
build	Build iOS Locally on Free Cloud Mac	2026-08-22T21:35:35.0346140Z [RUN_FASTLANE] › Compiling react-native Pods/React-Core » RCTConvert+CoreLocation.m
build	Build iOS Locally on Free Cloud Mac	2026-08-22T21:35:35.0448040Z [RUN_FASTLANE] › Compiling react-native Pods/React-Core » RCTBundleManager.m
build	Build iOS Locally on Free Cloud Mac	2026-08-22T21:35:35.2658450Z [RUN_FASTLANE] › Compiling react-native Pods/React-Core » RCTCallableJSModules.m
build	Build iOS Locally on Free Cloud Mac	2026-08-22T21:35:35.2760230Z [RUN_FASTLANE] › Compiling react-native Pods/React-Core » RCTBridgeConstants.m
build	Build iOS Locally on Free Cloud Mac	2026-08-22T21:35:35.4928270Z [RUN_FASTLANE] › Compiling react-native Pods/React-Core » RCTBridgeModuleDecorator.m
build	Build iOS Locally on Free Cloud Mac	2026-08-22T21:35:35.5028390Z [RUN_FASTLANE] › Compiling react-native Pods/React-Core » RCTBorderDrawing.m
build	Build iOS Locally on Free Cloud Mac	2026-08-22T21:35:35.7637110Z [RUN_FASTLANE] › Compiling react-native Pods/React-Core » RCTAssert.m
build	Build iOS Locally on Free Cloud Mac	2026-08-22T21:35:35.7738890Z [RUN_FASTLANE] › Compiling react-native Pods/React-Core » RCTActivityIndicatorViewManager.m
build	Build iOS Locally on Free Cloud Mac	2026-08-22T21:35:35.9749650Z [RUN_FASTLANE] › Compiling react-native Pods/React-Core » RCTActivityIndicatorView.m
build	Build iOS Locally on Free Cloud Mac	2026-08-22T21:35:35.9853170Z [RUN_FASTLANE] › Executing @stripe/stripe-react-native Pods/StripePaymentSheet » Copy generated compatibility header
build	Build iOS Locally on Free Cloud Mac	2026-08-22T21:35:35.9953760Z [RUN_FASTLANE] › Preparing Pods/ExpoTaskManager-ExpoTaskManager_privacy » ResourceBundle-ExpoTaskManager_privacy-ExpoTaskManager-Info.plist
build	Build iOS Locally on Free Cloud Mac	2026-08-22T21:35:36.0018550Z [RUN_FASTLANE] › Copying   ios/build/Build/Intermediates.noindex/ArchiveIntermediates/Hence/IntermediateBuildFilesPath/UninstalledProducts/iphoneos/ExpoTaskManager_privacy.bundle/PrivacyInfo.xcprivacy ➜ ../../../../../var/folders/g3/pffjr_y96bq06blnkf72x_hw0000gn/T/eas-build-local-nodejs/f98a0858-83a6-4ef3-980d-ab6a19d10788/build/node_modules/expo-task-manager/ios/PrivacyInfo.xcprivacy
build	Build iOS Locally on Free Cloud Mac	2026-08-22T21:35:36.0040630Z [RUN_FASTLANE] › Preparing Pods/ExpoNotifications-ExpoNotifications_privacy » ResourceBundle-ExpoNotifications_privacy-ExpoNotifications-Info.plist
build	Build iOS Locally on Free Cloud Mac	2026-08-22T21:35:36.0047260Z [RUN_FASTLANE] › Copying   ios/build/Build/Intermediates.noindex/ArchiveIntermediates/Hence/IntermediateBuildFilesPath/UninstalledProducts/iphoneos/ExpoNotifications_privacy.bundle/PrivacyInfo.xcprivacy ➜ ../../../../../var/folders/g3/pffjr_y96bq06blnkf72x_hw0000gn/T/eas-build-local-nodejs/f98a0858-83a6-4ef3-980d-ab6a19d10788/build/node_modules/expo-notifications/ios/PrivacyInfo.xcprivacy
build	Build iOS Locally on Free Cloud Mac	2026-08-22T21:35:36.0053450Z [RUN_FASTLANE] › Creating  Pods/React-Core-React-Core_privacy » React-Core_privacy.bundle
build	Build iOS Locally on Free Cloud Mac	2026-08-22T21:35:36.0468370Z [RUN_FASTLANE] › Compiling react-native Pods/RCTDeprecation » RCTDeprecation-dummy.m
build	Build iOS Locally on Free Cloud Mac	2026-08-22T21:35:36.0477010Z [RUN_FASTLANE] › Creating  Pods/RNSVG-RNSVGFilters » RNSVGFilters.bundle
build	Build iOS Locally on Free Cloud Mac	2026-08-22T21:35:36.0478740Z [RUN_FASTLANE] › Compiling react-native Pods/RCTTypeSafety » RCTTypedModuleConstants.mm
build	Build iOS Locally on Free Cloud Mac	2026-08-22T21:35:36.0480540Z [RUN_FASTLANE] › Compiling react-native Pods/RCTTypeSafety » RCTConvertHelpers.mm
build	Build iOS Locally on Free Cloud Mac	2026-08-22T21:35:36.8732800Z [RUN_FASTLANE] › Compiling react-native Pods/RCTTypeSafety » RCTTypeSafety-dummy.m
build	Build iOS Locally on Free Cloud Mac	2026-08-22T21:35:36.8733850Z [RUN_FASTLANE] › Creating  Pods/RNCAsyncStorage-RNCAsyncStorage_resources » RNCAsyncStorage_resources.bundle
build	Build iOS Locally on Free Cloud Mac	2026-08-22T21:35:36.8734850Z [RUN_FASTLANE] › Creating  Pods/ExpoTaskManager-ExpoTaskManager_privacy » ExpoTaskManager_privacy.bundle
build	Build iOS Locally on Free Cloud Mac	2026-08-22T21:35:36.8735740Z [RUN_FASTLANE] › Creating  Pods/ExpoNotifications-ExpoNotifications_privacy » ExpoNotifications_privacy.bundle
build	Build iOS Locally on Free Cloud Mac	2026-08-22T21:35:37.3532070Z [RUN_FASTLANE] › Compiling react-native Pods/RCTSwiftUI » RCTSwiftUI-dummy.m
build	Build iOS Locally on Free Cloud Mac	2026-08-22T21:35:37.3532990Z [RUN_FASTLANE] › Compiling expo Pods/ExpoLogBox » ExpoRedBoxSwap.mm
build	Build iOS Locally on Free Cloud Mac	2026-08-22T21:35:37.3533570Z [RUN_FASTLANE] › Packaging react-native Pods/RCTSwiftUI » libRCTSwiftUI.a
build	Build iOS Locally on Free Cloud Mac	2026-08-22T21:35:37.4270580Z [RUN_FASTLANE] › Compiling react-native Pods/RCTDeprecation » RCTDeprecation.m
build	Build iOS Locally on Free Cloud Mac	2026-08-22T21:35:37.4295470Z [RUN_FASTLANE] › Executing react-native Pods/RCTSwiftUI » Copy generated compatibility header
build	Build iOS Locally on Free Cloud Mac	2026-08-22T21:35:37.5782760Z [RUN_FASTLANE] › Packaging react-native Pods/RCTDeprecation » libRCTDeprecation.a
build	Build iOS Locally on Free Cloud Mac	2026-08-22T21:35:37.5802750Z [RUN_FASTLANE] › Preparing Pods/ExpoFileSystem-ExpoFileSystem_privacy » ResourceBundle-ExpoFileSystem_privacy-ExpoFileSystem-Info.plist
build	Build iOS Locally on Free Cloud Mac	2026-08-22T21:35:37.5805560Z [RUN_FASTLANE] › Copying   ios/build/Build/Intermediates.noindex/ArchiveIntermediates/Hence/IntermediateBuildFilesPath/UninstalledProducts/iphoneos/ExpoFileSystem_privacy.bundle/PrivacyInfo.xcprivacy ➜ ../../../../../var/folders/g3/pffjr_y96bq06blnkf72x_hw0000gn/T/eas-build-local-nodejs/f98a0858-83a6-4ef3-980d-ab6a19d10788/build/node_modules/expo/node_modules/expo-file-system/ios/PrivacyInfo.xcprivacy
build	Build iOS Locally on Free Cloud Mac	2026-08-22T21:35:37.5807640Z [RUN_FASTLANE] › Compiling @expo/log-box Pods/ExpoLogBox » ExpoLogBox-dummy.m
build	Build iOS Locally on Free Cloud Mac	2026-08-22T21:35:37.5808380Z [RUN_FASTLANE] › Compiling react-native Pods/RCTSwiftUIWrapper » RCTSwiftUIWrapper-dummy.m
build	Build iOS Locally on Free Cloud Mac	2026-08-22T21:35:37.5879520Z [RUN_FASTLANE] › Packaging react-native Pods/React-Core » libReact-Core.a
build	Build iOS Locally on Free Cloud Mac	2026-08-22T21:35:37.5880300Z [RUN_FASTLANE] › Packaging react-native Pods/React-RCTText » libReact-RCTText.a
build	Build iOS Locally on Free Cloud Mac	2026-08-22T21:35:37.5881390Z [RUN_FASTLANE] › Creating  Pods/ExpoFileSystem-ExpoFileSystem_privacy » ExpoFileSystem_privacy.bundle
build	Build iOS Locally on Free Cloud Mac	2026-08-22T21:35:37.5882400Z [RUN_FASTLANE] › Packaging react-native Pods/React-NativeModulesApple » libReact-NativeModulesApple.a
build	Build iOS Locally on Free Cloud Mac	2026-08-22T21:35:37.5883200Z [RUN_FASTLANE] › Packaging react-native Pods/RCTTypeSafety » libRCTTypeSafety.a
build	Build iOS Locally on Free Cloud Mac	2026-08-22T21:35:37.5884140Z [RUN_FASTLANE] › Executing expo-modules-jsi Pods/ExpoModulesJSI » [CP-User] Build ExpoModulesJSI xcframework
build	Build iOS Locally on Free Cloud Mac	2026-08-22T21:35:37.6589150Z [RUN_FASTLANE] › Packaging @expo/log-box Pods/ExpoLogBox » libExpoLogBox.a
build	Build iOS Locally on Free Cloud Mac	2026-08-22T21:35:37.6603120Z [RUN_FASTLANE] › Preparing Pods/ExpoDevice-ExpoDevice_privacy » ResourceBundle-ExpoDevice_privacy-ExpoDevice-Info.plist
build	Build iOS Locally on Free Cloud Mac	2026-08-22T21:35:37.6616110Z [RUN_FASTLANE] › Copying   ios/build/Build/Intermediates.noindex/ArchiveIntermediates/Hence/IntermediateBuildFilesPath/UninstalledProducts/iphoneos/ExpoDevice_privacy.bundle/PrivacyInfo.xcprivacy ➜ ../../../../../var/folders/g3/pffjr_y96bq06blnkf72x_hw0000gn/T/eas-build-local-nodejs/f98a0858-83a6-4ef3-980d-ab6a19d10788/build/node_modules/expo-device/ios/PrivacyInfo.xcprivacy
build	Build iOS Locally on Free Cloud Mac	2026-08-22T21:35:37.6618680Z [RUN_FASTLANE] › Preparing Pods/EXConstants-ExpoConstants_privacy » ResourceBundle-ExpoConstants_privacy-EXConstants-Info.plist
build	Build iOS Locally on Free Cloud Mac	2026-08-22T21:35:37.6621100Z [RUN_FASTLANE] › Copying   ios/build/Build/Intermediates.noindex/ArchiveIntermediates/Hence/IntermediateBuildFilesPath/UninstalledProducts/iphoneos/ExpoConstants_privacy.bundle/PrivacyInfo.xcprivacy ➜ ../../../../../var/folders/g3/pffjr_y96bq06blnkf72x_hw0000gn/T/eas-build-local-nodejs/f98a0858-83a6-4ef3-980d-ab6a19d10788/build/node_modules/expo-constants/ios/PrivacyInfo.xcprivacy
build	Build iOS Locally on Free Cloud Mac	2026-08-22T21:35:37.6623000Z [RUN_FASTLANE] › Compiling react-native Pods/RCTSwiftUIWrapper » RCTSwiftUIContainerViewWrapper.m
build	Build iOS Locally on Free Cloud Mac	2026-08-22T21:35:37.6623960Z [RUN_FASTLANE] › Executing @expo/log-box Pods/ExpoLogBox » Copy generated compatibility header
build	Build iOS Locally on Free Cloud Mac	2026-08-22T21:35:37.6681950Z [RUN_FASTLANE] › Packaging react-native Pods/React-Fabric » libReact-Fabric.a
build	Build iOS Locally on Free Cloud Mac	2026-08-22T21:35:37.6682820Z [RUN_FASTLANE] › Packaging react-native Pods/RCTSwiftUIWrapper » libRCTSwiftUIWrapper.a
build	Build iOS Locally on Free Cloud Mac	2026-08-22T21:35:37.7091210Z [RUN_FASTLANE] › Compiling expo-json-utils Pods/EXJSONUtils » NSDictionary+EXJSONUtils.m
build	Build iOS Locally on Free Cloud Mac	2026-08-22T21:35:37.7091990Z [RUN_FASTLANE] › Creating  Pods/ExpoDevice-ExpoDevice_privacy » ExpoDevice_privacy.bundle
build	Build iOS Locally on Free Cloud Mac	2026-08-22T21:35:37.7092790Z [RUN_FASTLANE] › Packaging react-native Pods/React-RuntimeCore » libReact-RuntimeCore.a
build	Build iOS Locally on Free Cloud Mac	2026-08-22T21:35:37.7093840Z [RUN_FASTLANE] › Executing react-native Pods/React-RCTFBReactNativeSpec » [CP-User] [RN]Check FBReactNativeSpec
build	Build iOS Locally on Free Cloud Mac	2026-08-22T21:35:37.7164960Z [RUN_FASTLANE] › Packaging react-native Pods/React-ImageManager » libReact-ImageManager.a
build	Build iOS Locally on Free Cloud Mac	2026-08-22T21:35:37.7165940Z [RUN_FASTLANE] › Compiling react-native Pods/React-RCTFBReactNativeSpec » States.cpp
build	Build iOS Locally on Free Cloud Mac	2026-08-22T21:35:37.7167050Z [RUN_FASTLANE] › Compiling react-native Pods/React-RCTFBReactNativeSpec » ShadowNodes.cpp
build	Build iOS Locally on Free Cloud Mac	2026-08-22T21:35:37.7167930Z [RUN_FASTLANE] › Compiling react-native Pods/React-RCTFBReactNativeSpec » Props.cpp
build	Build iOS Locally on Free Cloud Mac	2026-08-22T21:35:37.7168880Z [RUN_FASTLANE] › Compiling react-native Pods/React-RCTFBReactNativeSpec » FBReactNativeSpec-generated.mm
build	Build iOS Locally on Free Cloud Mac	2026-08-22T21:35:37.7169650Z [RUN_FASTLANE] › Compiling react-native Pods/React-RCTFBReactNativeSpec » EventEmitters.cpp
build	Build iOS Locally on Free Cloud Mac	2026-08-22T21:35:37.7170930Z [RUN_FASTLANE] › Compiling react-native Pods/React-RCTFBReactNativeSpec » ComponentDescriptors.cpp
build	Build iOS Locally on Free Cloud Mac	2026-08-22T21:35:37.7338020Z [RUN_FASTLANE] ⚠️  Script has ambiguous dependencies causing it to run on every build.
build	Build iOS Locally on Free Cloud Mac	2026-08-22T21:35:37.7339050Z    To fix, go to: Xcode » Hence/Hence » Build Phases » '[Expo Dev Launcher] Strip Local Network Keys for Release'
build	Build iOS Locally on Free Cloud Mac	2026-08-22T21:35:37.7339880Z    Either: Uncheck "Based on dependency analysis", or select output files to trigger the script
build	Build iOS Locally on Free Cloud Mac	2026-08-22T21:35:37.7340300Z 
build	Build iOS Locally on Free Cloud Mac	2026-08-22T21:35:37.7340700Z [RUN_FASTLANE] ▸ ** ARCHIVE FAILED **
build	Build iOS Locally on Free Cloud Mac	2026-08-22T21:35:37.7341310Z [RUN_FASTLANE] ▸ The following build commands failed:
build	Build iOS Locally on Free Cloud Mac	2026-08-22T21:35:37.7343610Z [RUN_FASTLANE] ▸ 	PhaseScriptExecution [CP-User]\ Build\ ExpoModulesJSI\ xcframework /var/folders/g3/pffjr_y96bq06blnkf72x_hw0000gn/T/eas-build-local-nodejs/f98a0858-83a6-4ef3-980d-ab6a19d10788/build/ios/build/Build/Intermediates.noindex/ArchiveIntermediates/Hence/IntermediateBuildFilesPath/Pods.build/Release-iphoneos/ExpoModulesJSI.build/Script-46EB2E00039F00.sh (in target 'ExpoModulesJSI' from project 'Pods')
build	Build iOS Locally on Free Cloud Mac	2026-08-22T21:35:37.7345220Z [RUN_FASTLANE] [!] Error building the application - see the log above
build	Build iOS Locally on Free Cloud Mac	2026-08-22T21:35:37.7345790Z [RUN_FASTLANE] ▸ 	Archiving workspace Hence with scheme Hence
build	Build iOS Locally on Free Cloud Mac	2026-08-22T21:35:37.7346190Z [RUN_FASTLANE] ▸ (2 failures)
build	Build iOS Locally on Free Cloud Mac	2026-08-22T21:35:37.7346520Z [RUN_FASTLANE] Exit status: 65
build	Build iOS Locally on Free Cloud Mac	2026-08-22T21:35:37.7346830Z [RUN_FASTLANE] 
build	Build iOS Locally on Free Cloud Mac	2026-08-22T21:35:37.7347990Z [RUN_FASTLANE] Maybe the error shown is caused by using the wrong version of Xcode
build	Build iOS Locally on Free Cloud Mac	2026-08-22T21:35:37.7348580Z [RUN_FASTLANE] Found multiple versions of Xcode in '/Applications/'
build	Build iOS Locally on Free Cloud Mac	2026-08-22T21:35:37.7349180Z [RUN_FASTLANE] Make sure you selected the right version for your project
build	Build iOS Locally on Free Cloud Mac	2026-08-22T21:35:37.7350140Z [RUN_FASTLANE] This build process was executed using '/Applications/Xcode_16.1.app'
build	Build iOS Locally on Free Cloud Mac	2026-08-22T21:35:37.7350740Z [RUN_FASTLANE] If you want to update your Xcode path, either
build	Build iOS Locally on Free Cloud Mac	2026-08-22T21:35:37.7351210Z [RUN_FASTLANE] 
build	Build iOS Locally on Free Cloud Mac	2026-08-22T21:35:37.7352060Z [RUN_FASTLANE] - Specify the Xcode version in your Fastfile
build	Build iOS Locally on Free Cloud Mac	2026-08-22T21:35:37.7352850Z [RUN_FASTLANE] ▸ xcversion(version: "8.1") # Selects Xcode 8.1.0
build	Build iOS Locally on Free Cloud Mac	2026-08-22T21:35:37.7353240Z [RUN_FASTLANE] 
build	Build iOS Locally on Free Cloud Mac	2026-08-22T21:35:37.7353710Z [RUN_FASTLANE] - Specify an absolute path to your Xcode installation in your Fastfile
build	Build iOS Locally on Free Cloud Mac	2026-08-22T21:35:37.7354420Z [RUN_FASTLANE] ▸ xcode_select "/Applications/Xcode8.app"
build	Build iOS Locally on Free Cloud Mac	2026-08-22T21:35:37.7354900Z [RUN_FASTLANE] 
build	Build iOS Locally on Free Cloud Mac	2026-08-22T21:35:37.7355190Z [RUN_FASTLANE] - Manually update the path using
build	Build iOS Locally on Free Cloud Mac	2026-08-22T21:35:37.7355810Z [RUN_FASTLANE] ▸ sudo xcode-select -s /Applications/Xcode.app
build	Build iOS Locally on Free Cloud Mac	2026-08-22T21:35:37.7356380Z [RUN_FASTLANE] 
build	Build iOS Locally on Free Cloud Mac	2026-08-22T21:35:37.7356640Z [RUN_FASTLANE] 
build	Build iOS Locally on Free Cloud Mac	2026-08-22T21:35:37.7357160Z [RUN_FASTLANE] +--------------------------------------------+
build	Build iOS Locally on Free Cloud Mac	2026-08-22T21:35:37.7357650Z [RUN_FASTLANE] |             Build environment              |
build	Build iOS Locally on Free Cloud Mac	2026-08-22T21:35:37.7358550Z [RUN_FASTLANE] +-------------+------------------------------+
build	Build iOS Locally on Free Cloud Mac	2026-08-22T21:35:37.7359040Z [RUN_FASTLANE] | xcode_path  | /Applications/Xcode_16.1.app |
build	Build iOS Locally on Free Cloud Mac	2026-08-22T21:35:37.7359490Z [RUN_FASTLANE] | gym_version | 2.236.1                      |
build	Build iOS Locally on Free Cloud Mac	2026-08-22T21:35:37.7360040Z [RUN_FASTLANE] | sdk         | iPhoneOS18.1.sdk             |
build	Build iOS Locally on Free Cloud Mac	2026-08-22T21:35:37.7360550Z [RUN_FASTLANE] +-------------+------------------------------+
build	Build iOS Locally on Free Cloud Mac	2026-08-22T21:35:37.7361100Z [RUN_FASTLANE] 
build	Build iOS Locally on Free Cloud Mac	2026-08-22T21:35:37.7361390Z [RUN_FASTLANE] 
build	Build iOS Locally on Free Cloud Mac	2026-08-22T21:35:37.7361830Z [RUN_FASTLANE] Looks like fastlane ran into a build/archive error with your project
build	Build iOS Locally on Free Cloud Mac	2026-08-22T21:35:37.7362600Z [RUN_FASTLANE] It's hard to tell what's causing the error, so we wrote some guides on how
build	Build iOS Locally on Free Cloud Mac	2026-08-22T21:35:37.7363410Z [RUN_FASTLANE] to troubleshoot build and signing issues: https://docs.fastlane.tools/codesigning/getting-started/
build	Build iOS Locally on Free Cloud Mac	2026-08-22T21:35:37.7364230Z [RUN_FASTLANE] Before submitting an issue on GitHub, please follow the guide above and make
build	Build iOS Locally on Free Cloud Mac	2026-08-22T21:35:37.7364830Z [RUN_FASTLANE] sure your project is set up correctly.
build	Build iOS Locally on Free Cloud Mac	2026-08-22T21:35:37.7365740Z [RUN_FASTLANE] fastlane uses `xcodebuild` commands to generate your binary, you can see the
build	Build iOS Locally on Free Cloud Mac	2026-08-22T21:35:37.7366320Z [RUN_FASTLANE] the full commands printed out in yellow in the above log.
build	Build iOS Locally on Free Cloud Mac	2026-08-22T21:35:37.7367100Z [RUN_FASTLANE] Make sure to inspect the output above, as usually you'll find more error information there
build	Build iOS Locally on Free Cloud Mac	2026-08-22T21:35:37.8448940Z [RUN_FASTLANE] Error: The "Run fastlane" step failed because of an error in the Xcode build process. We automatically detected following errors in your Xcode build logs:
build	Build iOS Locally on Free Cloud Mac	2026-08-22T21:35:37.8450150Z - Could not resolve package dependencies:
build	Build iOS Locally on Free Cloud Mac	2026-08-22T21:35:37.8450790Z Refer to "Xcode Logs" below for additional, more detailed logs.
build	Build iOS Locally on Free Cloud Mac	2026-08-22T21:35:37.8504350Z [CLEAN_UP_CREDENTIALS] Destroying keychain - /var/folders/g3/pffjr_y96bq06blnkf72x_hw0000gn/T/eas-build-d95781b8-7ebf-4904-a832-e14ec2640db3.keychain
build	Build iOS Locally on Free Cloud Mac	2026-08-22T21:35:39.7745590Z [CLEAN_UP_CREDENTIALS] Removing provisioning profile
build	Build iOS Locally on Free Cloud Mac	2026-08-22T21:35:39.7813250Z 
build	Build iOS Locally on Free Cloud Mac	2026-08-22T21:35:39.7814070Z Build failed
build	Build iOS Locally on Free Cloud Mac	2026-08-22T21:35:46.0921830Z The "Run fastlane" step failed because of an error in the Xcode build process. We automatically detected following errors in your Xcode build logs:
build	Build iOS Locally on Free Cloud Mac	2026-08-22T21:35:46.0923270Z - Could not resolve package dependencies:
build	Build iOS Locally on Free Cloud Mac	2026-08-22T21:35:46.0923780Z Refer to "Xcode Logs" below for additional, more detailed logs.
build	Build iOS Locally on Free Cloud Mac	2026-08-22T21:35:46.0924800Z Error: The "Run fastlane" step failed because of an error in the Xcode build process. We automatically detected following errors in your Xcode build logs:
build	Build iOS Locally on Free Cloud Mac	2026-08-22T21:35:46.0925540Z - Could not resolve package dependencies:
build	Build iOS Locally on Free Cloud Mac	2026-08-22T21:35:46.0926020Z Refer to "Xcode Logs" below for additional, more detailed logs.
build	Build iOS Locally on Free Cloud Mac	2026-08-22T21:35:46.0928180Z     at resolveBuildPhaseErrorAsync (/Users/runner/.npm/_npx/cec30832843bb978/node_modules/@expo/build-tools/dist/buildErrors/detectError.js:61:12)
build	Build iOS Locally on Free Cloud Mac	2026-08-22T21:35:46.0929300Z     at async BuildContext.handleBuildPhaseErrorAsync (/Users/runner/.npm/_npx/cec30832843bb978/node_modules/@expo/build-tools/dist/context.js:193:28)
build	Build iOS Locally on Free Cloud Mac	2026-08-22T21:35:46.0930270Z     at async BuildContext.runBuildPhase (/Users/runner/.npm/_npx/cec30832843bb978/node_modules/@expo/build-tools/dist/context.js:138:35)
build	Build iOS Locally on Free Cloud Mac	2026-08-22T21:35:46.0931140Z     at async buildInnerAsync (/Users/runner/.npm/_npx/cec30832843bb978/node_modules/@expo/build-tools/dist/builders/ios.js:152:26)
build	Build iOS Locally on Free Cloud Mac	2026-08-22T21:35:46.0932050Z     at async buildAsync (/Users/runner/.npm/_npx/cec30832843bb978/node_modules/@expo/build-tools/dist/builders/ios.js:56:9)
build	Build iOS Locally on Free Cloud Mac	2026-08-22T21:35:46.0932890Z     at async runBuilderWithHooksAsync (/Users/runner/.npm/_npx/cec30832843bb978/node_modules/@expo/build-tools/dist/builders/common.js:13:13)
build	Build iOS Locally on Free Cloud Mac	2026-08-22T21:35:46.0933960Z     at async Object.iosBuilder (/Users/runner/.npm/_npx/cec30832843bb978/node_modules/@expo/build-tools/dist/builders/ios.js:41:16)
build	Build iOS Locally on Free Cloud Mac	2026-08-22T21:35:46.0934970Z     at async buildIosAsync (/Users/runner/.npm/_npx/cec30832843bb978/node_modules/eas-cli-local-build-plugin/dist/ios.js:43:12)
build	Build iOS Locally on Free Cloud Mac	2026-08-22T21:35:46.0935800Z     at async buildAsync (/Users/runner/.npm/_npx/cec30832843bb978/node_modules/eas-cli-local-build-plugin/dist/build.js:58:29)
build	Build iOS Locally on Free Cloud Mac	2026-08-22T21:35:46.0936640Z     at async main (/Users/runner/.npm/_npx/cec30832843bb978/node_modules/eas-cli-local-build-plugin/dist/main.js:16:9)
build	Build iOS Locally on Free Cloud Mac	2026-08-22T21:35:46.1996230Z 
build	Build iOS Locally on Free Cloud Mac	2026-08-22T21:35:46.2097270Z Build context (for debugging this failed local build):
build	Build iOS Locally on Free Cloud Mac	2026-08-22T21:35:46.2149910Z   Platform: ios
build	Build iOS Locally on Free Cloud Mac	2026-08-22T21:35:46.2199920Z   Build profile: production
build	Build iOS Locally on Free Cloud Mac	2026-08-22T21:35:46.2211700Z   Workflow: managed
build	Build iOS Locally on Free Cloud Mac	2026-08-22T21:35:46.2260680Z   Distribution: store
build	Build iOS Locally on Free Cloud Mac	2026-08-22T21:35:46.2274160Z   Credentials source: remote
build	Build iOS Locally on Free Cloud Mac	2026-08-22T21:35:46.2274770Z   Project root directory: .
build	Build iOS Locally on Free Cloud Mac	2026-08-22T21:35:46.2275280Z   Required package manager: npm
build	Build iOS Locally on Free Cloud Mac	2026-08-22T21:35:46.2275700Z   eas-cli version: 22.2.0
build	Build iOS Locally on Free Cloud Mac	2026-08-22T21:35:46.2276020Z   SDK version: 57.0.0
build	Build iOS Locally on Free Cloud Mac	2026-08-22T21:35:46.2276390Z   React Native version: 0.86.2
build	Build iOS Locally on Free Cloud Mac	2026-08-22T21:35:46.2276920Z   Expo package version: 57.0.13
build	Build iOS Locally on Free Cloud Mac	2026-08-22T21:35:46.2277230Z   App version: 1.0.0
build	Build iOS Locally on Free Cloud Mac	2026-08-22T21:35:46.2278170Z   Fingerprint hash: b3d110c797017e0ba122fa8d792e566e7983e329
build	Build iOS Locally on Free Cloud Mac	2026-08-22T21:35:46.2278680Z   Build tracking ID: 9ebfad60-9444-4620-a992-876ec1b308e0
build	Build iOS Locally on Free Cloud Mac	2026-08-22T21:35:46.2279250Z   Project ID: b0ad43f4-c5c8-4274-9639-2f6965170365
build	Build iOS Locally on Free Cloud Mac	2026-08-22T21:35:46.2279960Z npx -y eas-cli-local-build-plugin@22.0.0 exited with non-zero code: 1
build	Build iOS Locally on Free Cloud Mac	2026-08-22T21:35:46.2285640Z     Error: build command failed.
build	Build iOS Locally on Free Cloud Mac	2026-08-22T21:35:46.2568390Z ##[error]Process completed with exit code 1.
build	Post Checkout Code	﻿2026-08-22T21:35:46.2905780Z Node 20 is being deprecated. This workflow is running with Node 24 by default. If you need to temporarily use Node 20, you can set the ACTIONS_ALLOW_USE_UNSECURE_NODE_VERSION=true environment variable. For more information see: https://github.blog/changelog/2025-09-19-deprecation-of-node-20-on-github-actions-runners/
build	Post Checkout Code	2026-08-22T21:35:46.2906840Z Post job cleanup.
build	Complete job	﻿2026-08-22T21:35:46.7097620Z Cleaning up orphan processes
build	Complete job	2026-08-22T21:35:47.7980830Z ##[warning]Node.js 20 is deprecated. The following actions target Node.js 20 but are being forced to run on Node.js 24: actions/checkout@v4, actions/setup-node@v4. For more information see: https://github.blog/changelog/2025-09-19-deprecation-of-node-20-on-github-actions-runners/
