build	Set up job	﻿2026-08-22T22:36:55.0821880Z Current runner version: '2.336.0'
build	Set up job	2026-08-22T22:36:55.0836020Z ##[group]Runner Image Provisioner
build	Set up job	2026-08-22T22:36:55.0836510Z Hosted Compute Agent
build	Set up job	2026-08-22T22:36:55.0836870Z Version: 20260624.560
build	Set up job	2026-08-22T22:36:55.0837250Z Commit: 925d229a51159bc391ae97e54a2dd1fe20af789d
build	Set up job	2026-08-22T22:36:55.0837690Z Build Date: 2026-06-24T18:26:47Z
build	Set up job	2026-08-22T22:36:55.0838110Z Worker ID: {975ab2ef-b650-48d5-ba42-91e89b2f7464}
build	Set up job	2026-08-22T22:36:55.0838550Z Azure Region: westus
build	Set up job	2026-08-22T22:36:55.0838900Z ##[endgroup]
build	Set up job	2026-08-22T22:36:55.0839670Z ##[group]Operating System
build	Set up job	2026-08-22T22:36:55.0840040Z macOS
build	Set up job	2026-08-22T22:36:55.0840360Z 14.8.7
build	Set up job	2026-08-22T22:36:55.0840670Z 23J520
build	Set up job	2026-08-22T22:36:55.0840990Z ##[endgroup]
build	Set up job	2026-08-22T22:36:55.0841330Z ##[group]Runner Image
build	Set up job	2026-08-22T22:36:55.0841700Z Image: macos-14-arm64
build	Set up job	2026-08-22T22:36:55.0842060Z Version: 20260629.0180.1
build	Set up job	2026-08-22T22:36:55.0842780Z Included Software: https://github.com/actions/runner-images/blob/macos-14-arm64/20260629.0180/images/macos/macos-14-arm64-Readme.md
build	Set up job	2026-08-22T22:36:55.0843830Z Image Release: https://github.com/actions/runner-images/releases/tag/macos-14-arm64%2F20260629.0180
build	Set up job	2026-08-22T22:36:55.0844650Z ##[endgroup]
build	Set up job	2026-08-22T22:36:55.0845400Z ##[group]GITHUB_TOKEN Permissions
build	Set up job	2026-08-22T22:36:55.0846290Z Contents: read
build	Set up job	2026-08-22T22:36:55.0846640Z Metadata: read
build	Set up job	2026-08-22T22:36:55.0846990Z Packages: read
build	Set up job	2026-08-22T22:36:55.0847340Z ##[endgroup]
build	Set up job	2026-08-22T22:36:55.0848530Z Secret source: Actions
build	Set up job	2026-08-22T22:36:55.0849140Z Prepare workflow directory
build	Set up job	2026-08-22T22:36:55.1062650Z Prepare all required actions
build	Set up job	2026-08-22T22:36:55.1095090Z Getting action download info
build	Set up job	2026-08-22T22:36:55.3834610Z Download action repository 'actions/checkout@v4' (SHA:11d5960a326750d5838078e36cf38b85af677262)
build	Set up job	2026-08-22T22:36:56.0960240Z Download action repository 'actions/setup-node@v4' (SHA:49933ea5288caeca8642d1e84afbd3f7d6820020)
build	Set up job	2026-08-22T22:36:56.1989940Z Download action repository 'maxim-lobanov/setup-xcode@v1' (SHA:ed7a3b1fda3918c0306d1b724322adc0b8cc0a90)
build	Set up job	2026-08-22T22:36:56.5218170Z Download action repository 'actions/upload-artifact@v4' (SHA:ea165f8d65b6e75b540449e92b4886f43607fa02)
build	Set up job	2026-08-22T22:36:56.7014740Z Complete job name: build
build	Checkout Code	﻿2026-08-22T22:36:56.7429260Z Node 20 is being deprecated. This workflow is running with Node 24 by default. If you need to temporarily use Node 20, you can set the ACTIONS_ALLOW_USE_UNSECURE_NODE_VERSION=true environment variable. For more information see: https://github.blog/changelog/2025-09-19-deprecation-of-node-20-on-github-actions-runners/
build	Checkout Code	2026-08-22T22:36:56.7434980Z ##[group]Run actions/checkout@v4
build	Checkout Code	2026-08-22T22:36:56.7435420Z with:
build	Checkout Code	2026-08-22T22:36:56.7435730Z   repository: olamicreas/HenceLogistics
build	Checkout Code	2026-08-22T22:36:56.7438190Z   token: ***
build	Checkout Code	2026-08-22T22:36:56.7438490Z   ssh-strict: true
build	Checkout Code	2026-08-22T22:36:56.7438790Z   ssh-user: git
build	Checkout Code	2026-08-22T22:36:56.7439090Z   persist-credentials: true
build	Checkout Code	2026-08-22T22:36:56.7439410Z   clean: true
build	Checkout Code	2026-08-22T22:36:56.7439720Z   sparse-checkout-cone-mode: true
build	Checkout Code	2026-08-22T22:36:56.7440080Z   fetch-depth: 1
build	Checkout Code	2026-08-22T22:36:56.7440370Z   fetch-tags: false
build	Checkout Code	2026-08-22T22:36:56.7440680Z   show-progress: true
build	Checkout Code	2026-08-22T22:36:56.7440980Z   lfs: false
build	Checkout Code	2026-08-22T22:36:56.7441270Z   submodules: false
build	Checkout Code	2026-08-22T22:36:56.7441590Z   set-safe-directory: true
build	Checkout Code	2026-08-22T22:36:56.7441930Z   allow-unsafe-pr-checkout: false
build	Checkout Code	2026-08-22T22:36:56.7442370Z ##[endgroup]
build	Checkout Code	2026-08-22T22:36:57.1645490Z Syncing repository: olamicreas/HenceLogistics
build	Checkout Code	2026-08-22T22:36:57.1647290Z ##[group]Getting Git version info
build	Checkout Code	2026-08-22T22:36:57.1647950Z Working directory is '/Users/runner/work/HenceLogistics/HenceLogistics'
build	Checkout Code	2026-08-22T22:36:57.1649030Z [command]/opt/homebrew/bin/git version
build	Checkout Code	2026-08-22T22:36:57.1886150Z git version 2.54.0
build	Checkout Code	2026-08-22T22:36:57.1900780Z ##[endgroup]
build	Checkout Code	2026-08-22T22:36:57.1906760Z Copying '/Users/runner/.gitconfig' to '/Users/runner/work/_temp/85277eae-c220-487d-a174-3204705e3948/.gitconfig'
build	Checkout Code	2026-08-22T22:36:57.1912480Z Temporarily overriding HOME='/Users/runner/work/_temp/85277eae-c220-487d-a174-3204705e3948' before making global git config changes
build	Checkout Code	2026-08-22T22:36:57.1914080Z Adding repository directory to the temporary git global config as a safe directory
build	Checkout Code	2026-08-22T22:36:57.1915270Z [command]/opt/homebrew/bin/git config --global --add safe.directory /Users/runner/work/HenceLogistics/HenceLogistics
build	Checkout Code	2026-08-22T22:36:57.2109510Z Deleting the contents of '/Users/runner/work/HenceLogistics/HenceLogistics'
build	Checkout Code	2026-08-22T22:36:57.2112480Z ##[group]Initializing the repository
build	Checkout Code	2026-08-22T22:36:57.2115730Z [command]/opt/homebrew/bin/git init /Users/runner/work/HenceLogistics/HenceLogistics
build	Checkout Code	2026-08-22T22:36:57.2293050Z hint: Using 'master' as the name for the initial branch. This default branch name
build	Checkout Code	2026-08-22T22:36:57.2294440Z hint: will change to "main" in Git 3.0. To configure the initial branch name
build	Checkout Code	2026-08-22T22:36:57.2295410Z hint: to use in all of your new repositories, which will suppress this warning,
build	Checkout Code	2026-08-22T22:36:57.2297270Z hint: call:
build	Checkout Code	2026-08-22T22:36:57.2298110Z hint:
build	Checkout Code	2026-08-22T22:36:57.2299060Z hint: 	git config --global init.defaultBranch <name>
build	Checkout Code	2026-08-22T22:36:57.2300020Z hint:
build	Checkout Code	2026-08-22T22:36:57.2302440Z hint: Names commonly chosen instead of 'master' are 'main', 'trunk' and
build	Checkout Code	2026-08-22T22:36:57.2303640Z hint: 'development'. The just-created branch can be renamed via this command:
build	Checkout Code	2026-08-22T22:36:57.2304710Z hint:
build	Checkout Code	2026-08-22T22:36:57.2305360Z hint: 	git branch -m <name>
build	Checkout Code	2026-08-22T22:36:57.2306170Z hint:
build	Checkout Code	2026-08-22T22:36:57.2307080Z hint: Disable this message with "git config set advice.defaultBranchName false"
build	Checkout Code	2026-08-22T22:36:57.2308420Z Initialized empty Git repository in /Users/runner/work/HenceLogistics/HenceLogistics/.git/
build	Checkout Code	2026-08-22T22:36:57.2311110Z [command]/opt/homebrew/bin/git remote add origin https://github.com/olamicreas/HenceLogistics
build	Checkout Code	2026-08-22T22:36:57.2488720Z ##[endgroup]
build	Checkout Code	2026-08-22T22:36:57.2490960Z ##[group]Disabling automatic garbage collection
build	Checkout Code	2026-08-22T22:36:57.2491890Z [command]/opt/homebrew/bin/git config --local gc.auto 0
build	Checkout Code	2026-08-22T22:36:57.2493190Z ##[endgroup]
build	Checkout Code	2026-08-22T22:36:57.2493810Z ##[group]Setting up auth
build	Checkout Code	2026-08-22T22:36:57.2494650Z [command]/opt/homebrew/bin/git config --local --name-only --get-regexp core\.sshCommand
build	Checkout Code	2026-08-22T22:36:57.2496570Z [command]/opt/homebrew/bin/git submodule foreach --recursive sh -c "git config --local --name-only --get-regexp 'core\.sshCommand' && git config --local --unset-all 'core.sshCommand' || :"
build	Checkout Code	2026-08-22T22:36:57.3114060Z [command]/opt/homebrew/bin/git config --local --name-only --get-regexp http\.https\:\/\/github\.com\/\.extraheader
build	Checkout Code	2026-08-22T22:36:57.3151030Z [command]/opt/homebrew/bin/git submodule foreach --recursive sh -c "git config --local --name-only --get-regexp 'http\.https\:\/\/github\.com\/\.extraheader' && git config --local --unset-all 'http.https://github.com/.extraheader' || :"
build	Checkout Code	2026-08-22T22:36:57.3596640Z [command]/opt/homebrew/bin/git config --local --name-only --get-regexp ^includeIf\.gitdir:
build	Checkout Code	2026-08-22T22:36:57.3630970Z [command]/opt/homebrew/bin/git submodule foreach --recursive git config --local --show-origin --name-only --get-regexp remote.origin.url
build	Checkout Code	2026-08-22T22:36:57.4096190Z [command]/opt/homebrew/bin/git config --local http.https://github.com/.extraheader AUTHORIZATION: basic ***
build	Checkout Code	2026-08-22T22:36:57.4135460Z ##[endgroup]
build	Checkout Code	2026-08-22T22:36:57.4136270Z ##[group]Fetching the repository
build	Checkout Code	2026-08-22T22:36:57.4140260Z [command]/opt/homebrew/bin/git -c protocol.version=2 fetch --no-tags --prune --no-recurse-submodules --depth=1 origin +6abe2c7101d2375a81a16ca97b5276cb0506816f:refs/remotes/origin/main
build	Checkout Code	2026-08-22T22:36:58.0933730Z From https://github.com/olamicreas/HenceLogistics
build	Checkout Code	2026-08-22T22:36:58.0934870Z  * [new ref]         6abe2c7101d2375a81a16ca97b5276cb0506816f -> origin/main
build	Checkout Code	2026-08-22T22:36:58.0995110Z ##[endgroup]
build	Checkout Code	2026-08-22T22:36:58.0996200Z ##[group]Determining the checkout info
build	Checkout Code	2026-08-22T22:36:58.0997030Z ##[endgroup]
build	Checkout Code	2026-08-22T22:36:58.0997880Z [command]/opt/homebrew/bin/git sparse-checkout disable
build	Checkout Code	2026-08-22T22:36:58.1054450Z [command]/opt/homebrew/bin/git config --local --unset-all extensions.worktreeConfig
build	Checkout Code	2026-08-22T22:36:58.1104560Z ##[group]Checking out the ref
build	Checkout Code	2026-08-22T22:36:58.1105570Z [command]/opt/homebrew/bin/git checkout --progress --force -B main refs/remotes/origin/main
build	Checkout Code	2026-08-22T22:36:58.1427960Z Switched to a new branch 'main'
build	Checkout Code	2026-08-22T22:36:58.1497400Z branch 'main' set up to track 'origin/main'.
build	Checkout Code	2026-08-22T22:36:58.1500160Z ##[endgroup]
build	Checkout Code	2026-08-22T22:36:58.1537130Z [command]/opt/homebrew/bin/git log -1 --format=%H
build	Checkout Code	2026-08-22T22:36:58.1587080Z 6abe2c7101d2375a81a16ca97b5276cb0506816f
build	Setup Node	﻿2026-08-22T22:36:58.1897860Z Node 20 is being deprecated. This workflow is running with Node 24 by default. If you need to temporarily use Node 20, you can set the ACTIONS_ALLOW_USE_UNSECURE_NODE_VERSION=true environment variable. For more information see: https://github.blog/changelog/2025-09-19-deprecation-of-node-20-on-github-actions-runners/
build	Setup Node	2026-08-22T22:36:58.1901980Z ##[group]Run actions/setup-node@v4
build	Setup Node	2026-08-22T22:36:58.1902760Z with:
build	Setup Node	2026-08-22T22:36:58.1903540Z   node-version: 22.x
build	Setup Node	2026-08-22T22:36:58.1904210Z   cache: npm
build	Setup Node	2026-08-22T22:36:58.1904780Z   always-auth: false
build	Setup Node	2026-08-22T22:36:58.1905440Z   check-latest: false
build	Setup Node	2026-08-22T22:36:58.1912270Z   token: ***
build	Setup Node	2026-08-22T22:36:58.1912830Z ##[endgroup]
build	Setup Node	2026-08-22T22:36:58.3127920Z Found in cache @ /Users/runner/hostedtoolcache/node/22.23.1/arm64
build	Setup Node	2026-08-22T22:36:58.3130360Z (node:15017) [DEP0040] DeprecationWarning: The `punycode` module is deprecated. Please use a userland alternative instead.
build	Setup Node	2026-08-22T22:36:58.3132230Z (Use `node --trace-deprecation ...` to show where the warning was created)
build	Setup Node	2026-08-22T22:36:58.3133980Z ##[group]Environment details
build	Setup Node	2026-08-22T22:36:58.6540450Z node: v22.23.1
build	Setup Node	2026-08-22T22:36:58.6540820Z npm: 10.9.8
build	Setup Node	2026-08-22T22:36:58.6541060Z yarn: 1.22.22
build	Setup Node	2026-08-22T22:36:58.6541730Z ##[endgroup]
build	Setup Node	2026-08-22T22:36:58.6554630Z [command]/Users/runner/hostedtoolcache/node/22.23.1/arm64/bin/npm config get cache
build	Setup Node	2026-08-22T22:36:58.7930330Z /Users/runner/.npm
build	Setup Node	2026-08-22T22:36:59.0415090Z npm cache is not found
build	Force Xcode 16.1 System-Wide	﻿2026-08-22T22:36:59.0491420Z ##[group]Run maxim-lobanov/setup-xcode@v1
build	Force Xcode 16.1 System-Wide	2026-08-22T22:36:59.0491880Z with:
build	Force Xcode 16.1 System-Wide	2026-08-22T22:36:59.0492190Z   xcode-version: 16.1
build	Force Xcode 16.1 System-Wide	2026-08-22T22:36:59.0492540Z ##[endgroup]
build	Force Xcode 16.1 System-Wide	2026-08-22T22:36:59.1075190Z Switching Xcode to version '16.1'...
build	Force Xcode 16.1 System-Wide	2026-08-22T22:36:59.1696590Z Xcode is set to 16.1.0 (16B40)
build	Install Project Dependencies	﻿2026-08-22T22:36:59.1776850Z ##[group]Run npm install
build	Install Project Dependencies	2026-08-22T22:36:59.1777380Z ^[[36;1mnpm install^[[0m
build	Install Project Dependencies	2026-08-22T22:36:59.1777740Z ^[[36;1mnpx expo install react-native-webview^[[0m
build	Install Project Dependencies	2026-08-22T22:36:59.1778180Z ^[[36;1mnpm install -g eas-cli^[[0m
build	Install Project Dependencies	2026-08-22T22:36:59.1842730Z shell: /bin/bash -e {0}
build	Install Project Dependencies	2026-08-22T22:36:59.1843070Z env:
build	Install Project Dependencies	2026-08-22T22:36:59.1843380Z   MD_APPLE_SDK_ROOT: /Applications/Xcode_16.1.app
build	Install Project Dependencies	2026-08-22T22:36:59.1843720Z ##[endgroup]
build	Install Project Dependencies	2026-08-22T22:37:01.3905610Z npm warn deprecated text-encoding@0.7.0: no longer maintained
build	Install Project Dependencies	2026-08-22T22:37:10.6195870Z 
build	Install Project Dependencies	2026-08-22T22:37:10.6196660Z > hencelogistics@1.0.0 postinstall
build	Install Project Dependencies	2026-08-22T22:37:10.6198740Z > node -e "const fs = require('fs'); const file = 'node_modules/expo-modules-jsi/apple/scripts/build-xcframework.sh'; if (fs.existsSync(file)) { let content = fs.readFileSync(file, 'utf8'); content = content.replace(/xcodebuild \\\\/g, 'xcodebuild ENABLE_USER_SCRIPT_SANDBOXING=NO \\\\'); content = content.replace(/-quiet \\\\/g, ''); fs.writeFileSync(file, content); console.log('Patched ExpoModulesJSI build script'); }"
build	Install Project Dependencies	2026-08-22T22:37:10.6200570Z 
build	Install Project Dependencies	2026-08-22T22:37:10.6522080Z Patched ExpoModulesJSI build script
build	Install Project Dependencies	2026-08-22T22:37:10.6611440Z 
build	Install Project Dependencies	2026-08-22T22:37:10.6612310Z added 742 packages, and audited 743 packages in 11s
build	Install Project Dependencies	2026-08-22T22:37:10.6612550Z 
build	Install Project Dependencies	2026-08-22T22:37:10.6612700Z 102 packages are looking for funding
build	Install Project Dependencies	2026-08-22T22:37:10.6612940Z   run `npm fund` for details
build	Install Project Dependencies	2026-08-22T22:37:10.6971610Z 
build	Install Project Dependencies	2026-08-22T22:37:10.6972470Z 24 vulnerabilities (1 low, 14 moderate, 9 high)
build	Install Project Dependencies	2026-08-22T22:37:10.6972820Z 
build	Install Project Dependencies	2026-08-22T22:37:10.6973200Z To address issues that do not require attention, run:
build	Install Project Dependencies	2026-08-22T22:37:10.6973660Z   npm audit fix
build	Install Project Dependencies	2026-08-22T22:37:10.6976770Z 
build	Install Project Dependencies	2026-08-22T22:37:10.6976990Z To address all issues (including breaking changes), run:
build	Install Project Dependencies	2026-08-22T22:37:10.6977290Z   npm audit fix --force
build	Install Project Dependencies	2026-08-22T22:37:10.6977420Z 
build	Install Project Dependencies	2026-08-22T22:37:10.6977540Z Run `npm audit` for details.
build	Install Project Dependencies	2026-08-22T22:37:11.5372850Z › Installing 1 SDK 57.0.0 compatible native module using npm
build	Install Project Dependencies	2026-08-22T22:37:11.5467830Z > npm install
build	Install Project Dependencies	2026-08-22T22:37:13.3009430Z 
build	Install Project Dependencies	2026-08-22T22:37:13.3022440Z > hencelogistics@1.0.0 postinstall
build	Install Project Dependencies	2026-08-22T22:37:13.3024420Z > node -e "const fs = require('fs'); const file = 'node_modules/expo-modules-jsi/apple/scripts/build-xcframework.sh'; if (fs.existsSync(file)) { let content = fs.readFileSync(file, 'utf8'); content = content.replace(/xcodebuild \\\\/g, 'xcodebuild ENABLE_USER_SCRIPT_SANDBOXING=NO \\\\'); content = content.replace(/-quiet \\\\/g, ''); fs.writeFileSync(file, content); console.log('Patched ExpoModulesJSI build script'); }"
build	Install Project Dependencies	2026-08-22T22:37:13.3025730Z 
build	Install Project Dependencies	2026-08-22T22:37:13.3271350Z Patched ExpoModulesJSI build script
build	Install Project Dependencies	2026-08-22T22:37:13.3312690Z 
build	Install Project Dependencies	2026-08-22T22:37:13.3313670Z added 1 package, and audited 744 packages in 2s
build	Install Project Dependencies	2026-08-22T22:37:13.3314190Z 
build	Install Project Dependencies	2026-08-22T22:37:13.3314470Z 102 packages are looking for funding
build	Install Project Dependencies	2026-08-22T22:37:13.3314790Z   run `npm fund` for details
build	Install Project Dependencies	2026-08-22T22:37:13.3710170Z 
build	Install Project Dependencies	2026-08-22T22:37:13.3710830Z 24 vulnerabilities (1 low, 14 moderate, 9 high)
build	Install Project Dependencies	2026-08-22T22:37:13.3711240Z 
build	Install Project Dependencies	2026-08-22T22:37:13.3712010Z To address issues that do not require attention, run:
build	Install Project Dependencies	2026-08-22T22:37:13.3722500Z   npm audit fix
build	Install Project Dependencies	2026-08-22T22:37:13.3743640Z 
build	Install Project Dependencies	2026-08-22T22:37:13.3745920Z To address all issues (including breaking changes), run:
build	Install Project Dependencies	2026-08-22T22:37:13.3836410Z   npm audit fix --force
build	Install Project Dependencies	2026-08-22T22:37:13.3836860Z 
build	Install Project Dependencies	2026-08-22T22:37:13.3837230Z Run `npm audit` for details.
build	Install Project Dependencies	2026-08-22T22:37:27.6022080Z npm warn deprecated inflight@1.0.6: This module is not supported, and leaks memory. Do not use it. Check out lru-cache if you want a good and tested way to coalesce async requests by a key value, which is much more comprehensive and powerful.
build	Install Project Dependencies	2026-08-22T22:37:27.9008150Z npm warn deprecated rimraf@2.4.5: Rimraf versions prior to v4 are no longer supported
build	Install Project Dependencies	2026-08-22T22:37:27.9260090Z npm warn deprecated glob@6.0.4: Old versions of glob are not supported, and contain widely publicized security vulnerabilities, which have been fixed in the current version. Please update. Support for old versions may be purchased (at exorbitant rates) by contacting i@izs.me
build	Install Project Dependencies	2026-08-22T22:37:28.0634030Z npm warn deprecated lodash.get@4.4.2: This package is deprecated. Use the optional chaining (?.) operator instead.
build	Install Project Dependencies	2026-08-22T22:37:28.4226410Z npm warn deprecated uuid@7.0.3: uuid@10 and below is no longer supported.  For ESM codebases, update to uuid@latest.  For CommonJS codebases, use uuid@11 (but be aware this version will likely be deprecated in 2028).
build	Install Project Dependencies	2026-08-22T22:37:29.3541770Z npm warn deprecated uuid@8.3.2: uuid@10 and below is no longer supported.  For ESM codebases, update to uuid@latest.  For CommonJS codebases, use uuid@11 (but be aware this version will likely be deprecated in 2028).
build	Install Project Dependencies	2026-08-22T22:37:29.3625580Z npm warn deprecated uuid@8.3.2: uuid@10 and below is no longer supported.  For ESM codebases, update to uuid@latest.  For CommonJS codebases, use uuid@11 (but be aware this version will likely be deprecated in 2028).
build	Install Project Dependencies	2026-08-22T22:37:29.4038470Z npm warn deprecated glob@10.5.0: Old versions of glob are not supported, and contain widely publicized security vulnerabilities, which have been fixed in the current version. Please update. Support for old versions may be purchased (at exorbitant rates) by contacting i@izs.me
build	Install Project Dependencies	2026-08-22T22:37:29.4215300Z npm warn deprecated uuid@9.0.1: uuid@10 and below is no longer supported.  For ESM codebases, update to uuid@latest.  For CommonJS codebases, use uuid@11 (but be aware this version will likely be deprecated in 2028).
build	Install Project Dependencies	2026-08-22T22:37:29.4705850Z npm warn deprecated glob@10.5.0: Old versions of glob are not supported, and contain widely publicized security vulnerabilities, which have been fixed in the current version. Please update. Support for old versions may be purchased (at exorbitant rates) by contacting i@izs.me
build	Install Project Dependencies	2026-08-22T22:37:29.4828940Z npm warn deprecated glob@10.5.0: Old versions of glob are not supported, and contain widely publicized security vulnerabilities, which have been fixed in the current version. Please update. Support for old versions may be purchased (at exorbitant rates) by contacting i@izs.me
build	Install Project Dependencies	2026-08-22T22:37:42.4239990Z 
build	Install Project Dependencies	2026-08-22T22:37:42.4240600Z added 518 packages in 29s
build	Install Project Dependencies	2026-08-22T22:37:42.4240790Z 
build	Install Project Dependencies	2026-08-22T22:37:42.4240990Z 70 packages are looking for funding
build	Install Project Dependencies	2026-08-22T22:37:42.4241380Z   run `npm fund` for details
build	Configure Sandbox Environment & Bypasses	﻿2026-08-22T22:37:42.4373510Z ##[group]Run # 1. Prevent SPM Rate Limiting & SSH Hangs
build	Configure Sandbox Environment & Bypasses	2026-08-22T22:37:42.4373870Z ^[[36;1m# 1. Prevent SPM Rate Limiting & SSH Hangs^[[0m
build	Configure Sandbox Environment & Bypasses	2026-08-22T22:37:42.4374250Z ^[[36;1mgit config --global url."https://github.com/".insteadOf "git@github.com:"^[[0m
build	Configure Sandbox Environment & Bypasses	2026-08-22T22:37:42.4374620Z ^[[36;1mgit config --global url."https://".insteadOf "git://"^[[0m
build	Configure Sandbox Environment & Bypasses	2026-08-22T22:37:42.4374890Z ^[[36;1m^[[0m
build	Configure Sandbox Environment & Bypasses	2026-08-22T22:37:42.4375070Z ^[[36;1m# 2. Inject Sandbox Variables into eas.json^[[0m
build	Configure Sandbox Environment & Bypasses	2026-08-22T22:37:42.4375310Z ^[[36;1mnode -e "^[[0m
build	Configure Sandbox Environment & Bypasses	2026-08-22T22:37:42.4375570Z ^[[36;1mconst fs = require('fs');^[[0m
build	Configure Sandbox Environment & Bypasses	2026-08-22T22:37:42.4375840Z ^[[36;1mconst eas = JSON.parse(fs.readFileSync('eas.json', 'utf8'));^[[0m
build	Configure Sandbox Environment & Bypasses	2026-08-22T22:37:42.4376180Z ^[[36;1meas.build = eas.build || {};^[[0m
build	Configure Sandbox Environment & Bypasses	2026-08-22T22:37:42.4376440Z ^[[36;1meas.build.production = eas.build.production || {};^[[0m
build	Configure Sandbox Environment & Bypasses	2026-08-22T22:37:42.4376790Z ^[[36;1meas.build.production.env = eas.build.production.env || {};^[[0m
build	Configure Sandbox Environment & Bypasses	2026-08-22T22:37:42.4377060Z ^[[36;1m^[[0m
build	Configure Sandbox Environment & Bypasses	2026-08-22T22:37:42.4377260Z ^[[36;1m// Give Xcode the exact absolute path to Node.js^[[0m
build	Configure Sandbox Environment & Bypasses	2026-08-22T22:37:42.4377630Z ^[[36;1meas.build.production.env.NODE_BINARY = process.execPath;^[[0m
build	Configure Sandbox Environment & Bypasses	2026-08-22T22:37:42.4377940Z ^[[36;1meas.build.production.env.EXPO_DEBUG = '1';^[[0m
build	Configure Sandbox Environment & Bypasses	2026-08-22T22:37:42.4378230Z ^[[36;1m^[[0m
build	Configure Sandbox Environment & Bypasses	2026-08-22T22:37:42.4378500Z ^[[36;1mfs.writeFileSync('eas.json', JSON.stringify(eas, null, 2));^[[0m
build	Configure Sandbox Environment & Bypasses	2026-08-22T22:37:42.4378920Z ^[[36;1mconsole.log('Successfully injected build-from-source flags into eas.json');^[[0m
build	Configure Sandbox Environment & Bypasses	2026-08-22T22:37:42.4379290Z ^[[36;1m"^[[0m
build	Configure Sandbox Environment & Bypasses	2026-08-22T22:37:42.4506540Z shell: /bin/bash -e {0}
build	Configure Sandbox Environment & Bypasses	2026-08-22T22:37:42.4506800Z env:
build	Configure Sandbox Environment & Bypasses	2026-08-22T22:37:42.4507240Z   MD_APPLE_SDK_ROOT: /Applications/Xcode_16.1.app
build	Configure Sandbox Environment & Bypasses	2026-08-22T22:37:42.4507490Z ##[endgroup]
build	Configure Sandbox Environment & Bypasses	2026-08-22T22:37:42.5323790Z Successfully injected build-from-source flags into eas.json
build	Build iOS Locally on Free Cloud Mac	﻿2026-08-22T22:37:42.5378730Z ##[group]Run EAS_NO_VCS=1 eas build --platform ios --local --non-interactive
build	Build iOS Locally on Free Cloud Mac	2026-08-22T22:37:42.5379180Z ^[[36;1mEAS_NO_VCS=1 eas build --platform ios --local --non-interactive^[[0m
build	Build iOS Locally on Free Cloud Mac	2026-08-22T22:37:42.5425160Z shell: /bin/bash -e {0}
build	Build iOS Locally on Free Cloud Mac	2026-08-22T22:37:42.5425380Z env:
build	Build iOS Locally on Free Cloud Mac	2026-08-22T22:37:42.5425630Z   MD_APPLE_SDK_ROOT: /Applications/Xcode_16.1.app
build	Build iOS Locally on Free Cloud Mac	2026-08-22T22:37:42.5426120Z   EXPO_TOKEN: ***
build	Build iOS Locally on Free Cloud Mac	2026-08-22T22:37:42.5426380Z   EXPO_APPLE_ID: info@hencedelivery.com
build	Build iOS Locally on Free Cloud Mac	2026-08-22T22:37:42.5426710Z ##[endgroup]
build	Build iOS Locally on Free Cloud Mac	2026-08-22T22:37:43.7704400Z Using EAS CLI without version control system is not recommended, use this mode only if you know what you are doing.
build	Build iOS Locally on Free Cloud Mac	2026-08-22T22:37:44.4370900Z Resolved "production" environment for the build. Learn more: https://docs.expo.dev/eas/environment-variables/#setting-the-environment-for-your-builds
build	Build iOS Locally on Free Cloud Mac	2026-08-22T22:37:44.5078740Z No environment variables with visibility "Plain text" and "Sensitive" found for the "production" environment on EAS.
build	Build iOS Locally on Free Cloud Mac	2026-08-22T22:37:44.5079740Z Environment variables loaded from the "production" build profile "env" configuration: NODE_BINARY, EXPO_DEBUG.
build	Build iOS Locally on Free Cloud Mac	2026-08-22T22:37:44.5081700Z 
build	Build iOS Locally on Free Cloud Mac	2026-08-22T22:37:46.1740520Z - Incrementing buildNumber from 101 to 102.
build	Build iOS Locally on Free Cloud Mac	2026-08-22T22:37:46.2652650Z ✔ Incremented buildNumber from 101 to 102.
build	Build iOS Locally on Free Cloud Mac	2026-08-22T22:37:46.4842290Z ✔ Using remote iOS credentials (Expo server)
build	Build iOS Locally on Free Cloud Mac	2026-08-22T22:37:46.4842660Z 
build	Build iOS Locally on Free Cloud Mac	2026-08-22T22:37:46.6565400Z Distribution Certificate is not validated for non-interactive builds.
build	Build iOS Locally on Free Cloud Mac	2026-08-22T22:37:46.8572870Z Using App Store Connect API Key from EAS credentials service.
build	Build iOS Locally on Free Cloud Mac	2026-08-22T22:37:46.9667040Z - Fetching Apple provisioning profiles
build	Build iOS Locally on Free Cloud Mac	2026-08-22T22:37:47.6715950Z ✔ Fetched Apple provisioning profiles
build	Build iOS Locally on Free Cloud Mac	2026-08-22T22:37:47.6817640Z 
build	Build iOS Locally on Free Cloud Mac	2026-08-22T22:37:47.6918350Z Project Credentials Configuration
build	Build iOS Locally on Free Cloud Mac	2026-08-22T22:37:47.7018850Z 
build	Build iOS Locally on Free Cloud Mac	2026-08-22T22:37:47.7119840Z Project                   @olamicreas/HenceLogistics
build	Build iOS Locally on Free Cloud Mac	2026-08-22T22:37:47.7155610Z Bundle Identifier         com.hence.oyedotun
build	Build iOS Locally on Free Cloud Mac	2026-08-22T22:37:47.7169870Z                           
build	Build iOS Locally on Free Cloud Mac	2026-08-22T22:37:47.7170840Z App Store Configuration   
build	Build iOS Locally on Free Cloud Mac	2026-08-22T22:37:47.7185360Z                           
build	Build iOS Locally on Free Cloud Mac	2026-08-22T22:37:47.7186010Z Distribution Certificate  
build	Build iOS Locally on Free Cloud Mac	2026-08-22T22:37:47.7186600Z Serial Number             EB7B31DE3CF5EF4CA943E062DC1C448
build	Build iOS Locally on Free Cloud Mac	2026-08-22T22:37:47.7187330Z Expiration Date           Sun, 01 Aug 2027 22:14:07 UTC
build	Build iOS Locally on Free Cloud Mac	2026-08-22T22:37:47.7200520Z Apple Team                Q42QY7STMH (HENCE LIMITED (Company/Organization))
build	Build iOS Locally on Free Cloud Mac	2026-08-22T22:37:47.7201610Z Updated                   21 days ago
build	Build iOS Locally on Free Cloud Mac	2026-08-22T22:37:47.7202120Z                           
build	Build iOS Locally on Free Cloud Mac	2026-08-22T22:37:47.7202570Z Provisioning Profile      
build	Build iOS Locally on Free Cloud Mac	2026-08-22T22:37:47.7203020Z Developer Portal ID       XKBD54QKQR
build	Build iOS Locally on Free Cloud Mac	2026-08-22T22:37:47.7204000Z Status                    active
build	Build iOS Locally on Free Cloud Mac	2026-08-22T22:37:47.7204830Z Expiration                Sun, 01 Aug 2027 22:14:07 UTC
build	Build iOS Locally on Free Cloud Mac	2026-08-22T22:37:47.7207270Z Apple Team                Q42QY7STMH (HENCE LIMITED (Company/Organization))
build	Build iOS Locally on Free Cloud Mac	2026-08-22T22:37:47.7207860Z Updated                   20 days ago
build	Build iOS Locally on Free Cloud Mac	2026-08-22T22:37:47.7208250Z                           
build	Build iOS Locally on Free Cloud Mac	2026-08-22T22:37:47.7208900Z All credentials are ready to build @olamicreas/HenceLogistics (com.hence.oyedotun)
build	Build iOS Locally on Free Cloud Mac	2026-08-22T22:37:47.7209460Z 
build	Build iOS Locally on Free Cloud Mac	2026-08-22T22:37:47.8786510Z - Computing project fingerprint
build	Build iOS Locally on Free Cloud Mac	2026-08-22T22:37:49.8688890Z ✔ Computed project fingerprint
build	Build iOS Locally on Free Cloud Mac	2026-08-22T22:37:55.7189100Z npm warn deprecated inflight@1.0.6: This module is not supported, and leaks memory. Do not use it. Check out lru-cache if you want a good and tested way to coalesce async requests by a key value, which is much more comprehensive and powerful.
build	Build iOS Locally on Free Cloud Mac	2026-08-22T22:37:55.7290420Z npm warn deprecated rimraf@2.4.5: Rimraf versions prior to v4 are no longer supported
build	Build iOS Locally on Free Cloud Mac	2026-08-22T22:37:55.7526740Z npm warn deprecated lodash.get@4.4.2: This package is deprecated. Use the optional chaining (?.) operator instead.
build	Build iOS Locally on Free Cloud Mac	2026-08-22T22:37:55.9460990Z npm warn deprecated glob@6.0.4: Old versions of glob are not supported, and contain widely publicized security vulnerabilities, which have been fixed in the current version. Please update. Support for old versions may be purchased (at exorbitant rates) by contacting i@izs.me
build	Build iOS Locally on Free Cloud Mac	2026-08-22T22:37:56.6010570Z npm warn deprecated uuid@7.0.3: uuid@10 and below is no longer supported.  For ESM codebases, update to uuid@latest.  For CommonJS codebases, use uuid@11 (but be aware this version will likely be deprecated in 2028).
build	Build iOS Locally on Free Cloud Mac	2026-08-22T22:37:56.7721880Z npm warn deprecated uuid@9.0.1: uuid@10 and below is no longer supported.  For ESM codebases, update to uuid@latest.  For CommonJS codebases, use uuid@11 (but be aware this version will likely be deprecated in 2028).
build	Build iOS Locally on Free Cloud Mac	2026-08-22T22:38:02.9936240Z [SETUP_WORKINGDIR] Preparing workingdir /var/folders/g3/pffjr_y96bq06blnkf72x_hw0000gn/T/eas-build-local-nodejs/e3c2f18c-efa8-490a-a480-4ca7aa049eaa
build	Build iOS Locally on Free Cloud Mac	2026-08-22T22:38:02.9967000Z [START_BUILD] Starting build
build	Build iOS Locally on Free Cloud Mac	2026-08-22T22:38:02.9968740Z   "job": {
build	Build iOS Locally on Free Cloud Mac	2026-08-22T22:38:02.9969330Z     "type": "managed",
build	Build iOS Locally on Free Cloud Mac	2026-08-22T22:38:02.9969560Z     "platform": "ios",
build	Build iOS Locally on Free Cloud Mac	2026-08-22T22:38:02.9969790Z     "projectArchive": {
build	Build iOS Locally on Free Cloud Mac	2026-08-22T22:38:02.9970030Z       "type": "PATH",
build	Build iOS Locally on Free Cloud Mac	2026-08-22T22:38:02.9970750Z       "path": "/var/folders/g3/pffjr_y96bq06blnkf72x_hw0000gn/T/eas-cli-nodejs/3af40952-cbe7-4fed-812d-56f57bd16203.tar.gz"
build	Build iOS Locally on Free Cloud Mac	2026-08-22T22:38:02.9971250Z     },
build	Build iOS Locally on Free Cloud Mac	2026-08-22T22:38:02.9971440Z     "projectRootDirectory": ".",
build	Build iOS Locally on Free Cloud Mac	2026-08-22T22:38:02.9971730Z     "builderEnvironment": {
build	Build iOS Locally on Free Cloud Mac	2026-08-22T22:38:02.9972040Z       "image": "latest",
build	Build iOS Locally on Free Cloud Mac	2026-08-22T22:38:02.9972270Z       "env": {
build	Build iOS Locally on Free Cloud Mac	2026-08-22T22:38:02.9979340Z         "NODE_BINARY": "/Users/runner/hostedtoolcache/node/22.23.1/arm64/bin/node",
build	Build iOS Locally on Free Cloud Mac	2026-08-22T22:38:02.9979690Z         "EXPO_DEBUG": "1"
build	Build iOS Locally on Free Cloud Mac	2026-08-22T22:38:02.9980020Z       }
build	Build iOS Locally on Free Cloud Mac	2026-08-22T22:38:02.9980290Z     },
build	Build iOS Locally on Free Cloud Mac	2026-08-22T22:38:02.9980470Z     "cache": {
build	Build iOS Locally on Free Cloud Mac	2026-08-22T22:38:02.9980710Z       "disabled": false,
build	Build iOS Locally on Free Cloud Mac	2026-08-22T22:38:02.9981000Z       "paths": [],
build	Build iOS Locally on Free Cloud Mac	2026-08-22T22:38:02.9981260Z       "clear": false
build	Build iOS Locally on Free Cloud Mac	2026-08-22T22:38:02.9981510Z     },
build	Build iOS Locally on Free Cloud Mac	2026-08-22T22:38:02.9981750Z     "updates": {},
build	Build iOS Locally on Free Cloud Mac	2026-08-22T22:38:02.9982050Z     "scheme": "Hence",
build	Build iOS Locally on Free Cloud Mac	2026-08-22T22:38:02.9982310Z     "username": "olamicreas",
build	Build iOS Locally on Free Cloud Mac	2026-08-22T22:38:02.9982510Z     "version": {
build	Build iOS Locally on Free Cloud Mac	2026-08-22T22:38:02.9982790Z       "buildNumber": "102"
build	Build iOS Locally on Free Cloud Mac	2026-08-22T22:38:02.9983050Z     },
build	Build iOS Locally on Free Cloud Mac	2026-08-22T22:38:02.9983270Z     "experimental": {},
build	Build iOS Locally on Free Cloud Mac	2026-08-22T22:38:02.9983540Z     "mode": "build",
build	Build iOS Locally on Free Cloud Mac	2026-08-22T22:38:02.9983810Z     "triggeredBy": "EAS_CLI",
build	Build iOS Locally on Free Cloud Mac	2026-08-22T22:38:02.9984200Z     "appId": "b0ad43f4-c5c8-4274-9639-2f6965170365",
build	Build iOS Locally on Free Cloud Mac	2026-08-22T22:38:02.9984660Z     "initiatingUserId": "111d6b7c-7a91-4431-8f03-0f2d8ff66bfb"
build	Build iOS Locally on Free Cloud Mac	2026-08-22T22:38:02.9985000Z   }
build	Build iOS Locally on Free Cloud Mac	2026-08-22T22:38:02.9997910Z Local build, skipping project archive refresh
build	Build iOS Locally on Free Cloud Mac	2026-08-22T22:38:03.0636250Z [READ_EAS_JSON] Using eas.json:
build	Build iOS Locally on Free Cloud Mac	2026-08-22T22:38:03.0636760Z [READ_EAS_JSON] {
build	Build iOS Locally on Free Cloud Mac	2026-08-22T22:38:03.0637040Z   "cli": {
build	Build iOS Locally on Free Cloud Mac	2026-08-22T22:38:03.0637380Z     "version": ">= 3.8.2",
build	Build iOS Locally on Free Cloud Mac	2026-08-22T22:38:03.0637740Z     "appVersionSource": "remote"
build	Build iOS Locally on Free Cloud Mac	2026-08-22T22:38:03.0638160Z   },
build	Build iOS Locally on Free Cloud Mac	2026-08-22T22:38:03.0638440Z   "build": {
build	Build iOS Locally on Free Cloud Mac	2026-08-22T22:38:03.0638700Z     "development": {
build	Build iOS Locally on Free Cloud Mac	2026-08-22T22:38:03.0639030Z       "developmentClient": true,
build	Build iOS Locally on Free Cloud Mac	2026-08-22T22:38:03.0639340Z       "distribution": "internal",
build	Build iOS Locally on Free Cloud Mac	2026-08-22T22:38:03.0639650Z       "android": {
build	Build iOS Locally on Free Cloud Mac	2026-08-22T22:38:03.0639950Z         "buildType": "apk"
build	Build iOS Locally on Free Cloud Mac	2026-08-22T22:38:03.0640210Z       }
build	Build iOS Locally on Free Cloud Mac	2026-08-22T22:38:03.0640490Z     },
build	Build iOS Locally on Free Cloud Mac	2026-08-22T22:38:03.0640720Z     "simulator": {
build	Build iOS Locally on Free Cloud Mac	2026-08-22T22:38:03.0641100Z       "developmentClient": true,
build	Build iOS Locally on Free Cloud Mac	2026-08-22T22:38:03.0641480Z       "ios": {
build	Build iOS Locally on Free Cloud Mac	2026-08-22T22:38:03.0641730Z         "simulator": true
build	Build iOS Locally on Free Cloud Mac	2026-08-22T22:38:03.0642050Z       }
build	Build iOS Locally on Free Cloud Mac	2026-08-22T22:38:03.0642260Z     },
build	Build iOS Locally on Free Cloud Mac	2026-08-22T22:38:03.0642470Z     "preview": {
build	Build iOS Locally on Free Cloud Mac	2026-08-22T22:38:03.0642750Z       "android": {
build	Build iOS Locally on Free Cloud Mac	2026-08-22T22:38:03.0643070Z         "buildType": "apk"
build	Build iOS Locally on Free Cloud Mac	2026-08-22T22:38:03.0643330Z       }
build	Build iOS Locally on Free Cloud Mac	2026-08-22T22:38:03.0643570Z     },
build	Build iOS Locally on Free Cloud Mac	2026-08-22T22:38:03.0643800Z     "production": {
build	Build iOS Locally on Free Cloud Mac	2026-08-22T22:38:03.0644120Z       "autoIncrement": true,
build	Build iOS Locally on Free Cloud Mac	2026-08-22T22:38:03.0644380Z       "ios": {
build	Build iOS Locally on Free Cloud Mac	2026-08-22T22:38:03.0658740Z         "image": "latest"
build	Build iOS Locally on Free Cloud Mac	2026-08-22T22:38:03.0659060Z       },
build	Build iOS Locally on Free Cloud Mac	2026-08-22T22:38:03.0659330Z       "env": {
build	Build iOS Locally on Free Cloud Mac	2026-08-22T22:38:03.0659910Z         "NODE_BINARY": "/Users/runner/hostedtoolcache/node/22.23.1/arm64/bin/node",
build	Build iOS Locally on Free Cloud Mac	2026-08-22T22:38:03.0660310Z         "EXPO_DEBUG": "1"
build	Build iOS Locally on Free Cloud Mac	2026-08-22T22:38:03.0660540Z       }
build	Build iOS Locally on Free Cloud Mac	2026-08-22T22:38:03.0660670Z     }
build	Build iOS Locally on Free Cloud Mac	2026-08-22T22:38:03.0660830Z   },
build	Build iOS Locally on Free Cloud Mac	2026-08-22T22:38:03.0660990Z   "submit": {
build	Build iOS Locally on Free Cloud Mac	2026-08-22T22:38:03.0661210Z     "production": {}
build	Build iOS Locally on Free Cloud Mac	2026-08-22T22:38:03.0661460Z   }
build	Build iOS Locally on Free Cloud Mac	2026-08-22T22:38:03.0661610Z }
build	Build iOS Locally on Free Cloud Mac	2026-08-22T22:38:03.0661930Z [READ_PACKAGE_JSON] Using package.json:
build	Build iOS Locally on Free Cloud Mac	2026-08-22T22:38:03.0662190Z [READ_PACKAGE_JSON] {
build	Build iOS Locally on Free Cloud Mac	2026-08-22T22:38:03.0662390Z   "name": "hencelogistics",
build	Build iOS Locally on Free Cloud Mac	2026-08-22T22:38:03.0662600Z   "version": "1.0.0",
build	Build iOS Locally on Free Cloud Mac	2026-08-22T22:38:03.0662800Z   "main": "index.ts",
build	Build iOS Locally on Free Cloud Mac	2026-08-22T22:38:03.0663250Z   "scripts": {
build	Build iOS Locally on Free Cloud Mac	2026-08-22T22:38:03.0663440Z     "start": "expo start",
build	Build iOS Locally on Free Cloud Mac	2026-08-22T22:38:03.0663740Z     "android": "expo run:android",
build	Build iOS Locally on Free Cloud Mac	2026-08-22T22:38:03.0663990Z     "ios": "expo run:ios",
build	Build iOS Locally on Free Cloud Mac	2026-08-22T22:38:03.0664230Z     "web": "expo start --web",
build	Build iOS Locally on Free Cloud Mac	2026-08-22T22:38:03.0665910Z     "postinstall": "node -e \"const fs = require('fs'); const file = 'node_modules/expo-modules-jsi/apple/scripts/build-xcframework.sh'; if (fs.existsSync(file)) { let content = fs.readFileSync(file, 'utf8'); content = content.replace(/xcodebuild \\\\\\\\/g, 'xcodebuild ENABLE_USER_SCRIPT_SANDBOXING=NO \\\\\\\\'); content = content.replace(/-quiet \\\\\\\\/g, ''); fs.writeFileSync(file, content); console.log('Patched ExpoModulesJSI build script'); }\""
build	Build iOS Locally on Free Cloud Mac	2026-08-22T22:38:03.0668100Z   },
build	Build iOS Locally on Free Cloud Mac	2026-08-22T22:38:03.0668290Z   "dependencies": {
build	Build iOS Locally on Free Cloud Mac	2026-08-22T22:38:03.0668690Z     "@expo/vector-icons": "^15.0.2",
build	Build iOS Locally on Free Cloud Mac	2026-08-22T22:38:03.0669070Z     "@react-native-async-storage/async-storage": "2.2.0",
build	Build iOS Locally on Free Cloud Mac	2026-08-22T22:38:03.0669540Z     "@react-native-community/datetimepicker": "9.1.0",
build	Build iOS Locally on Free Cloud Mac	2026-08-22T22:38:03.0669940Z     "@react-native-picker/picker": "2.11.4",
build	Build iOS Locally on Free Cloud Mac	2026-08-22T22:38:03.0670270Z     "@react-navigation/bottom-tabs": "^6.5.20",
build	Build iOS Locally on Free Cloud Mac	2026-08-22T22:38:03.0670640Z     "@react-navigation/native": "^6.1.17",
build	Build iOS Locally on Free Cloud Mac	2026-08-22T22:38:03.0670990Z     "@react-navigation/native-stack": "^6.9.26",
build	Build iOS Locally on Free Cloud Mac	2026-08-22T22:38:03.0671300Z     "@stripe/stripe-react-native": "0.64.0",
build	Build iOS Locally on Free Cloud Mac	2026-08-22T22:38:03.0671600Z     "axios": "^1.7.2",
build	Build iOS Locally on Free Cloud Mac	2026-08-22T22:38:03.0671810Z     "expo": "~57.0.13",
build	Build iOS Locally on Free Cloud Mac	2026-08-22T22:38:03.0671990Z     "expo-blur": "~57.0.2",
build	Build iOS Locally on Free Cloud Mac	2026-08-22T22:38:03.0672260Z     "expo-build-properties": "~57.0.13",
build	Build iOS Locally on Free Cloud Mac	2026-08-22T22:38:03.0672520Z     "expo-camera": "~57.0.3",
build	Build iOS Locally on Free Cloud Mac	2026-08-22T22:38:03.0672780Z     "expo-clipboard": "~57.0.1",
build	Build iOS Locally on Free Cloud Mac	2026-08-22T22:38:03.0673010Z     "expo-constants": "~57.0.11",
build	Build iOS Locally on Free Cloud Mac	2026-08-22T22:38:03.0673250Z     "expo-dev-client": "~57.0.12",
build	Build iOS Locally on Free Cloud Mac	2026-08-22T22:38:03.0673490Z     "expo-device": "~57.0.1",
build	Build iOS Locally on Free Cloud Mac	2026-08-22T22:38:03.0673740Z     "expo-font": "~57.0.1",
build	Build iOS Locally on Free Cloud Mac	2026-08-22T22:38:03.0673970Z     "expo-haptics": "~57.0.1",
build	Build iOS Locally on Free Cloud Mac	2026-08-22T22:38:03.0674290Z     "expo-image-picker": "~57.0.10",
build	Build iOS Locally on Free Cloud Mac	2026-08-22T22:38:03.0674550Z     "expo-linear-gradient": "~57.0.1",
build	Build iOS Locally on Free Cloud Mac	2026-08-22T22:38:03.0674840Z     "expo-linking": "~57.0.6",
build	Build iOS Locally on Free Cloud Mac	2026-08-22T22:38:03.0675200Z     "expo-location": "~57.0.10",
build	Build iOS Locally on Free Cloud Mac	2026-08-22T22:38:03.0675480Z     "expo-notifications": "~57.0.11",
build	Build iOS Locally on Free Cloud Mac	2026-08-22T22:38:03.0675730Z     "expo-sharing": "~57.0.12",
build	Build iOS Locally on Free Cloud Mac	2026-08-22T22:38:03.0675940Z     "expo-speech": "~57.0.1",
build	Build iOS Locally on Free Cloud Mac	2026-08-22T22:38:03.0676180Z     "expo-status-bar": "~57.0.1",
build	Build iOS Locally on Free Cloud Mac	2026-08-22T22:38:03.0676500Z     "expo-task-manager": "~57.0.10",
build	Build iOS Locally on Free Cloud Mac	2026-08-22T22:38:03.0676730Z     "react": "19.2.3",
build	Build iOS Locally on Free Cloud Mac	2026-08-22T22:38:03.0676930Z     "react-native": "0.86.2",
build	Build iOS Locally on Free Cloud Mac	2026-08-22T22:38:03.0677210Z     "react-native-chart-kit": "^6.12.0",
build	Build iOS Locally on Free Cloud Mac	2026-08-22T22:38:03.0677490Z     "react-native-maps": "1.27.2",
build	Build iOS Locally on Free Cloud Mac	2026-08-22T22:38:03.0677770Z     "react-native-qrcode-svg": "^6.3.21",
build	Build iOS Locally on Free Cloud Mac	2026-08-22T22:38:03.0678070Z     "react-native-safe-area-context": "~5.7.0",
build	Build iOS Locally on Free Cloud Mac	2026-08-22T22:38:03.0678450Z     "react-native-screens": "~4.26.0",
build	Build iOS Locally on Free Cloud Mac	2026-08-22T22:38:03.0678730Z     "react-native-svg": "15.15.4",
build	Build iOS Locally on Free Cloud Mac	2026-08-22T22:38:03.0678970Z     "react-native-webview": "13.16.1"
build	Build iOS Locally on Free Cloud Mac	2026-08-22T22:38:03.0679480Z   },
build	Build iOS Locally on Free Cloud Mac	2026-08-22T22:38:03.0679630Z   "devDependencies": {
build	Build iOS Locally on Free Cloud Mac	2026-08-22T22:38:03.0679870Z     "@react-native-community/cli": "^20.2.0",
build	Build iOS Locally on Free Cloud Mac	2026-08-22T22:38:03.0680130Z     "@types/react": "~19.2.4",
build	Build iOS Locally on Free Cloud Mac	2026-08-22T22:38:03.0680370Z     "@types/react-native": "~0.72.8",
build	Build iOS Locally on Free Cloud Mac	2026-08-22T22:38:03.0680620Z     "typescript": "~6.0.3"
build	Build iOS Locally on Free Cloud Mac	2026-08-22T22:38:03.0680810Z   },
build	Build iOS Locally on Free Cloud Mac	2026-08-22T22:38:03.0680970Z   "private": true
build	Build iOS Locally on Free Cloud Mac	2026-08-22T22:38:03.0681180Z }
build	Build iOS Locally on Free Cloud Mac	2026-08-22T22:38:03.0682120Z [INSTALL_DEPENDENCIES] Running "npm ci --include=dev" in /var/folders/g3/pffjr_y96bq06blnkf72x_hw0000gn/T/eas-build-local-nodejs/e3c2f18c-efa8-490a-a480-4ca7aa049eaa/build directory
build	Build iOS Locally on Free Cloud Mac	2026-08-22T22:38:07.0425810Z [INSTALL_DEPENDENCIES] npm warn deprecated text-encoding@0.7.0: no longer maintained
build	Build iOS Locally on Free Cloud Mac	2026-08-22T22:38:13.9876580Z [INSTALL_DEPENDENCIES] > hencelogistics@1.0.0 postinstall
build	Build iOS Locally on Free Cloud Mac	2026-08-22T22:38:13.9880070Z [INSTALL_DEPENDENCIES] > node -e "const fs = require('fs'); const file = 'node_modules/expo-modules-jsi/apple/scripts/build-xcframework.sh'; if (fs.existsSync(file)) { let content = fs.readFileSync(file, 'utf8'); content = content.replace(/xcodebuild \\\\/g, 'xcodebuild ENABLE_USER_SCRIPT_SANDBOXING=NO \\\\'); content = content.replace(/-quiet \\\\/g, ''); fs.writeFileSync(file, content); console.log('Patched ExpoModulesJSI build script'); }"
build	Build iOS Locally on Free Cloud Mac	2026-08-22T22:38:14.0303280Z [INSTALL_DEPENDENCIES] Patched ExpoModulesJSI build script
build	Build iOS Locally on Free Cloud Mac	2026-08-22T22:38:14.0415050Z [INSTALL_DEPENDENCIES] added 743 packages, and audited 744 packages in 11s
build	Build iOS Locally on Free Cloud Mac	2026-08-22T22:38:14.0421980Z [INSTALL_DEPENDENCIES] 
build	Build iOS Locally on Free Cloud Mac	2026-08-22T22:38:14.0422430Z [INSTALL_DEPENDENCIES] 102 packages are looking for funding
build	Build iOS Locally on Free Cloud Mac	2026-08-22T22:38:14.0422950Z [INSTALL_DEPENDENCIES]   run `npm fund` for details
build	Build iOS Locally on Free Cloud Mac	2026-08-22T22:38:14.0818070Z [INSTALL_DEPENDENCIES] 24 vulnerabilities (1 low, 14 moderate, 9 high)
build	Build iOS Locally on Free Cloud Mac	2026-08-22T22:38:14.0821330Z [INSTALL_DEPENDENCIES] 
build	Build iOS Locally on Free Cloud Mac	2026-08-22T22:38:14.0821840Z [INSTALL_DEPENDENCIES] To address issues that do not require attention, run:
build	Build iOS Locally on Free Cloud Mac	2026-08-22T22:38:14.0822410Z [INSTALL_DEPENDENCIES]   npm audit fix
build	Build iOS Locally on Free Cloud Mac	2026-08-22T22:38:14.0822690Z [INSTALL_DEPENDENCIES] 
build	Build iOS Locally on Free Cloud Mac	2026-08-22T22:38:14.0823290Z [INSTALL_DEPENDENCIES] To address all issues (including breaking changes), run:
build	Build iOS Locally on Free Cloud Mac	2026-08-22T22:38:14.0824200Z [INSTALL_DEPENDENCIES]   npm audit fix --force
build	Build iOS Locally on Free Cloud Mac	2026-08-22T22:38:14.0824490Z [INSTALL_DEPENDENCIES] 
build	Build iOS Locally on Free Cloud Mac	2026-08-22T22:38:14.0824840Z [INSTALL_DEPENDENCIES] Run `npm audit` for details.
build	Build iOS Locally on Free Cloud Mac	2026-08-22T22:38:14.1017700Z The NODE_ENV environment variable is required but was not specified. Ensure the project is bundled with Expo CLI or NODE_ENV is set.
build	Build iOS Locally on Free Cloud Mac	2026-08-22T22:38:14.1018420Z Proceeding without mode-specific .env
build	Build iOS Locally on Free Cloud Mac	2026-08-22T22:38:14.4819780Z [READ_APP_CONFIG] Using app configuration:
build	Build iOS Locally on Free Cloud Mac	2026-08-22T22:38:14.4920740Z [READ_APP_CONFIG] {
build	Build iOS Locally on Free Cloud Mac	2026-08-22T22:38:14.5022560Z   "name": "Hence",
build	Build iOS Locally on Free Cloud Mac	2026-08-22T22:38:14.5123590Z   "slug": "HenceLogistics",
build	Build iOS Locally on Free Cloud Mac	2026-08-22T22:38:14.5167810Z   "scheme": "hencelogistics",
build	Build iOS Locally on Free Cloud Mac	2026-08-22T22:38:14.5168160Z   "version": "1.0.0",
build	Build iOS Locally on Free Cloud Mac	2026-08-22T22:38:14.5168400Z   "orientation": "portrait",
build	Build iOS Locally on Free Cloud Mac	2026-08-22T22:38:14.5168740Z   "icon": "./assets/icon.png",
build	Build iOS Locally on Free Cloud Mac	2026-08-22T22:38:14.5169260Z   "userInterfaceStyle": "light",
build	Build iOS Locally on Free Cloud Mac	2026-08-22T22:38:14.5169500Z   "splash": {
build	Build iOS Locally on Free Cloud Mac	2026-08-22T22:38:14.5169750Z     "image": "./assets/splash-icon.png",
build	Build iOS Locally on Free Cloud Mac	2026-08-22T22:38:14.5170030Z     "resizeMode": "contain",
build	Build iOS Locally on Free Cloud Mac	2026-08-22T22:38:14.5170360Z     "backgroundColor": "#ffffff"
build	Build iOS Locally on Free Cloud Mac	2026-08-22T22:38:14.5170590Z   },
build	Build iOS Locally on Free Cloud Mac	2026-08-22T22:38:14.5170840Z   "ios": {
build	Build iOS Locally on Free Cloud Mac	2026-08-22T22:38:14.5171160Z     "bundleIdentifier": "com.hence.oyedotun",
build	Build iOS Locally on Free Cloud Mac	2026-08-22T22:38:14.5171580Z     "infoPlist": {
build	Build iOS Locally on Free Cloud Mac	2026-08-22T22:38:14.5171790Z       "UIBackgroundModes": [
build	Build iOS Locally on Free Cloud Mac	2026-08-22T22:38:14.5172010Z         "fetch",
build	Build iOS Locally on Free Cloud Mac	2026-08-22T22:38:14.5172220Z         "remote-notification"
build	Build iOS Locally on Free Cloud Mac	2026-08-22T22:38:14.5172440Z       ],
build	Build iOS Locally on Free Cloud Mac	2026-08-22T22:38:14.5172900Z       "NSCameraUsageDescription": "Hence Logistics needs camera access to take photos for proof of delivery.",
build	Build iOS Locally on Free Cloud Mac	2026-08-22T22:38:14.5173710Z       "NSPhotoLibraryUsageDescription": "Hence Logistics needs photo library access to upload profile pictures and delivery receipts.",
build	Build iOS Locally on Free Cloud Mac	2026-08-22T22:38:14.5181050Z       "NSLocationWhenInUseUsageDescription": "Hence Logistics needs your location to provide accurate tracking for deliveries.",
build	Build iOS Locally on Free Cloud Mac	2026-08-22T22:38:14.5181920Z       "NSLocationAlwaysAndWhenInUseUsageDescription": "Hence Logistics needs background location access to update delivery statuses while you are driving.",
build	Build iOS Locally on Free Cloud Mac	2026-08-22T22:38:14.5182780Z       "NSMicrophoneUsageDescription": "Hence Logistics needs microphone access for voice notes and video delivery proof.",
build	Build iOS Locally on Free Cloud Mac	2026-08-22T22:38:14.5183510Z       "NSUserTrackingUsageDescription": "Hence Logistics uses tracking to optimize the delivery experience.",
build	Build iOS Locally on Free Cloud Mac	2026-08-22T22:38:14.5184100Z       "NSFaceIDUsageDescription": "Hence Logistics uses Face ID for secure driver login.",
build	Build iOS Locally on Free Cloud Mac	2026-08-22T22:38:14.5184490Z       "ITSAppUsesNonExemptEncryption": false
build	Build iOS Locally on Free Cloud Mac	2026-08-22T22:38:14.5184790Z     }
build	Build iOS Locally on Free Cloud Mac	2026-08-22T22:38:14.5184920Z   },
build	Build iOS Locally on Free Cloud Mac	2026-08-22T22:38:14.5185120Z   "android": {
build	Build iOS Locally on Free Cloud Mac	2026-08-22T22:38:14.5185310Z     "package": "com.hencelogistics.app",
build	Build iOS Locally on Free Cloud Mac	2026-08-22T22:38:14.5185630Z     "usesCleartextTraffic": true,
build	Build iOS Locally on Free Cloud Mac	2026-08-22T22:38:14.5185920Z     "permissions": [
build	Build iOS Locally on Free Cloud Mac	2026-08-22T22:38:14.5186110Z       "ACCESS_FINE_LOCATION",
build	Build iOS Locally on Free Cloud Mac	2026-08-22T22:38:14.5186340Z       "ACCESS_COARSE_LOCATION",
build	Build iOS Locally on Free Cloud Mac	2026-08-22T22:38:14.5186580Z       "ACCESS_BACKGROUND_LOCATION",
build	Build iOS Locally on Free Cloud Mac	2026-08-22T22:38:14.5186760Z       "CAMERA",
build	Build iOS Locally on Free Cloud Mac	2026-08-22T22:38:14.5186910Z       "FOREGROUND_SERVICE",
build	Build iOS Locally on Free Cloud Mac	2026-08-22T22:38:14.5187120Z       "FOREGROUND_SERVICE_LOCATION",
build	Build iOS Locally on Free Cloud Mac	2026-08-22T22:38:14.5187720Z       "RECORD_AUDIO",
build	Build iOS Locally on Free Cloud Mac	2026-08-22T22:38:14.5187930Z       "android.permission.CAMERA",
build	Build iOS Locally on Free Cloud Mac	2026-08-22T22:38:14.5188170Z       "android.permission.RECORD_AUDIO",
build	Build iOS Locally on Free Cloud Mac	2026-08-22T22:38:14.5188470Z       "android.permission.ACCESS_COARSE_LOCATION",
build	Build iOS Locally on Free Cloud Mac	2026-08-22T22:38:14.5188790Z       "android.permission.ACCESS_FINE_LOCATION"
build	Build iOS Locally on Free Cloud Mac	2026-08-22T22:38:14.5189080Z     ],
build	Build iOS Locally on Free Cloud Mac	2026-08-22T22:38:14.5189290Z     "adaptiveIcon": {
build	Build iOS Locally on Free Cloud Mac	2026-08-22T22:38:14.5189530Z       "foregroundImage": "./assets/adaptive-icon.png",
build	Build iOS Locally on Free Cloud Mac	2026-08-22T22:38:14.5189890Z       "backgroundColor": "#ffffff"
build	Build iOS Locally on Free Cloud Mac	2026-08-22T22:38:14.5190080Z     }
build	Build iOS Locally on Free Cloud Mac	2026-08-22T22:38:14.5190250Z   },
build	Build iOS Locally on Free Cloud Mac	2026-08-22T22:38:14.5190370Z   "web": {
build	Build iOS Locally on Free Cloud Mac	2026-08-22T22:38:14.5190550Z     "favicon": "./assets/favicon.png"
build	Build iOS Locally on Free Cloud Mac	2026-08-22T22:38:14.5190730Z   },
build	Build iOS Locally on Free Cloud Mac	2026-08-22T22:38:14.5190860Z   "plugins": [
build	Build iOS Locally on Free Cloud Mac	2026-08-22T22:38:14.5190990Z     [
build	Build iOS Locally on Free Cloud Mac	2026-08-22T22:38:14.5191160Z       "@stripe/stripe-react-native",
build	Build iOS Locally on Free Cloud Mac	2026-08-22T22:38:14.5191340Z       {
build	Build iOS Locally on Free Cloud Mac	2026-08-22T22:38:14.5191590Z         "merchantIdentifier": "merchant.com.hencelogistics.test",
build	Build iOS Locally on Free Cloud Mac	2026-08-22T22:38:14.5191980Z         "enableGooglePay": false,
build	Build iOS Locally on Free Cloud Mac	2026-08-22T22:38:14.5192190Z         "enableApplePay": true
build	Build iOS Locally on Free Cloud Mac	2026-08-22T22:38:14.5192360Z       }
build	Build iOS Locally on Free Cloud Mac	2026-08-22T22:38:14.5192480Z     ],
build	Build iOS Locally on Free Cloud Mac	2026-08-22T22:38:14.5192670Z     "expo-font",
build	Build iOS Locally on Free Cloud Mac	2026-08-22T22:38:14.5192800Z     [
build	Build iOS Locally on Free Cloud Mac	2026-08-22T22:38:14.5192930Z       "expo-camera",
build	Build iOS Locally on Free Cloud Mac	2026-08-22T22:38:14.5193070Z       {
build	Build iOS Locally on Free Cloud Mac	2026-08-22T22:38:14.5193430Z         "cameraPermission": "Hence needs camera access to scan QR codes and upload delivery proof."
build	Build iOS Locally on Free Cloud Mac	2026-08-22T22:38:14.5193790Z       }
build	Build iOS Locally on Free Cloud Mac	2026-08-22T22:38:14.5193910Z     ],
build	Build iOS Locally on Free Cloud Mac	2026-08-22T22:38:14.5194060Z     [
build	Build iOS Locally on Free Cloud Mac	2026-08-22T22:38:14.5194240Z       "expo-location",
build	Build iOS Locally on Free Cloud Mac	2026-08-22T22:38:14.5194420Z       {
build	Build iOS Locally on Free Cloud Mac	2026-08-22T22:38:14.5194880Z         "locationAlwaysAndWhenInUsePermission": "Allow Hence to use your location to find nearby jobs and track deliveries."
build	Build iOS Locally on Free Cloud Mac	2026-08-22T22:38:14.5195310Z       }
build	Build iOS Locally on Free Cloud Mac	2026-08-22T22:38:14.5195450Z     ],
build	Build iOS Locally on Free Cloud Mac	2026-08-22T22:38:14.5195570Z     [
build	Build iOS Locally on Free Cloud Mac	2026-08-22T22:38:14.5195730Z       "expo-notifications",
build	Build iOS Locally on Free Cloud Mac	2026-08-22T22:38:14.5195910Z       {
build	Build iOS Locally on Free Cloud Mac	2026-08-22T22:38:14.5196040Z         "color": "#1A7A4A"
build	Build iOS Locally on Free Cloud Mac	2026-08-22T22:38:14.5196230Z       }
build	Build iOS Locally on Free Cloud Mac	2026-08-22T22:38:14.5196350Z     ],
build	Build iOS Locally on Free Cloud Mac	2026-08-22T22:38:14.5196550Z     "@react-native-community/datetimepicker",
build	Build iOS Locally on Free Cloud Mac	2026-08-22T22:38:14.5196790Z     "expo-sharing",
build	Build iOS Locally on Free Cloud Mac	2026-08-22T22:38:14.5196950Z     "expo-status-bar",
build	Build iOS Locally on Free Cloud Mac	2026-08-22T22:38:14.5197190Z     "./plugins/withDisableSandboxing.js",
build	Build iOS Locally on Free Cloud Mac	2026-08-22T22:38:14.5197400Z     [
build	Build iOS Locally on Free Cloud Mac	2026-08-22T22:38:14.5197560Z       "expo-build-properties",
build	Build iOS Locally on Free Cloud Mac	2026-08-22T22:38:14.5198030Z       {
build	Build iOS Locally on Free Cloud Mac	2026-08-22T22:38:14.5198160Z         "ios": {
build	Build iOS Locally on Free Cloud Mac	2026-08-22T22:38:14.5198350Z           "extraXCBuildSettings": {
build	Build iOS Locally on Free Cloud Mac	2026-08-22T22:38:14.5198600Z             "ENABLE_USER_SCRIPT_SANDBOXING": "NO"
build	Build iOS Locally on Free Cloud Mac	2026-08-22T22:38:14.5198840Z           }
build	Build iOS Locally on Free Cloud Mac	2026-08-22T22:38:14.5198990Z         }
build	Build iOS Locally on Free Cloud Mac	2026-08-22T22:38:14.5199180Z       }
build	Build iOS Locally on Free Cloud Mac	2026-08-22T22:38:14.5199320Z     ]
build	Build iOS Locally on Free Cloud Mac	2026-08-22T22:38:14.5199460Z   ],
build	Build iOS Locally on Free Cloud Mac	2026-08-22T22:38:14.5199590Z   "extra": {
build	Build iOS Locally on Free Cloud Mac	2026-08-22T22:38:14.5199740Z     "eas": {
build	Build iOS Locally on Free Cloud Mac	2026-08-22T22:38:14.5200000Z       "projectId": "b0ad43f4-c5c8-4274-9639-2f6965170365"
build	Build iOS Locally on Free Cloud Mac	2026-08-22T22:38:14.5200250Z     }
build	Build iOS Locally on Free Cloud Mac	2026-08-22T22:38:14.5200370Z   },
build	Build iOS Locally on Free Cloud Mac	2026-08-22T22:38:14.5200500Z   "sdkVersion": "57.0.0",
build	Build iOS Locally on Free Cloud Mac	2026-08-22T22:38:14.5200690Z   "platforms": [
build	Build iOS Locally on Free Cloud Mac	2026-08-22T22:38:14.5200840Z     "ios",
build	Build iOS Locally on Free Cloud Mac	2026-08-22T22:38:14.5200990Z     "android"
build	Build iOS Locally on Free Cloud Mac	2026-08-22T22:38:14.5201120Z   ]
build	Build iOS Locally on Free Cloud Mac	2026-08-22T22:38:14.5201240Z }
build	Build iOS Locally on Free Cloud Mac	2026-08-22T22:38:14.5201440Z [RUN_EXPO_DOCTOR] Running "expo doctor"
build	Build iOS Locally on Free Cloud Mac	2026-08-22T22:38:15.6075510Z [RUN_EXPO_DOCTOR] 2026-08-22T22:38:15.606Z expo:env /private/var/folders/g3/pffjr_y96bq06blnkf72x_hw0000gn/T/eas-build-local-nodejs/e3c2f18c-efa8-490a-a480-4ca7aa049eaa/build/.env does not exist, skipping this env file
build	Build iOS Locally on Free Cloud Mac	2026-08-22T22:38:15.6077200Z [RUN_EXPO_DOCTOR] 2026-08-22T22:38:15.607Z expo:env /private/var/folders/g3/pffjr_y96bq06blnkf72x_hw0000gn/T/eas-build-local-nodejs/e3c2f18c-efa8-490a-a480-4ca7aa049eaa/build/.env.development does not exist, skipping this env file
build	Build iOS Locally on Free Cloud Mac	2026-08-22T22:38:15.6079050Z [RUN_EXPO_DOCTOR] 2026-08-22T22:38:15.607Z expo:env /private/var/folders/g3/pffjr_y96bq06blnkf72x_hw0000gn/T/eas-build-local-nodejs/e3c2f18c-efa8-490a-a480-4ca7aa049eaa/build/.env.local does not exist, skipping this env file
build	Build iOS Locally on Free Cloud Mac	2026-08-22T22:38:15.6080590Z [RUN_EXPO_DOCTOR] 2026-08-22T22:38:15.607Z expo:env /private/var/folders/g3/pffjr_y96bq06blnkf72x_hw0000gn/T/eas-build-local-nodejs/e3c2f18c-efa8-490a-a480-4ca7aa049eaa/build/.env.development.local does not exist, skipping this env file
build	Build iOS Locally on Free Cloud Mac	2026-08-22T22:38:15.8636180Z [RUN_EXPO_DOCTOR] Running 21 checks on your project...
build	Build iOS Locally on Free Cloud Mac	2026-08-22T22:38:16.0020020Z [RUN_EXPO_DOCTOR] Expo Metro config:
build	Build iOS Locally on Free Cloud Mac	2026-08-22T22:38:16.0020530Z [RUN_EXPO_DOCTOR] - Version: 57.0.8
build	Build iOS Locally on Free Cloud Mac	2026-08-22T22:38:16.0020970Z [RUN_EXPO_DOCTOR] - Extensions: ts, tsx, mjs, js, jsx, json, cjs, scss, sass, css
build	Build iOS Locally on Free Cloud Mac	2026-08-22T22:38:16.0022260Z [RUN_EXPO_DOCTOR] - React Native: /private/var/folders/g3/pffjr_y96bq06blnkf72x_hw0000gn/T/eas-build-local-nodejs/e3c2f18c-efa8-490a-a480-4ca7aa049eaa/build/node_modules/react-native
build	Build iOS Locally on Free Cloud Mac	2026-08-22T22:38:16.0023020Z [RUN_EXPO_DOCTOR] - Watch Folders: 
build	Build iOS Locally on Free Cloud Mac	2026-08-22T22:38:16.0023290Z [RUN_EXPO_DOCTOR] - Node Module Paths: 
build	Build iOS Locally on Free Cloud Mac	2026-08-22T22:38:16.0023540Z [RUN_EXPO_DOCTOR] - Sass: null
build	Build iOS Locally on Free Cloud Mac	2026-08-22T22:38:16.0023810Z [RUN_EXPO_DOCTOR] - Reanimated: null
build	Build iOS Locally on Free Cloud Mac	2026-08-22T22:38:16.0024190Z [RUN_EXPO_DOCTOR] - Worklets: null
build	Build iOS Locally on Free Cloud Mac	2026-08-22T22:38:16.0024590Z [RUN_EXPO_DOCTOR] - Babel Runtime: null
build	Build iOS Locally on Free Cloud Mac	2026-08-22T22:38:16.1642380Z [RUN_EXPO_DOCTOR] Expo Metro config:
build	Build iOS Locally on Free Cloud Mac	2026-08-22T22:38:16.1643120Z [RUN_EXPO_DOCTOR] - Version: 57.0.8
build	Build iOS Locally on Free Cloud Mac	2026-08-22T22:38:16.1643840Z [RUN_EXPO_DOCTOR] - Extensions: ts, tsx, mjs, js, jsx, json, cjs, scss, sass, css
build	Build iOS Locally on Free Cloud Mac	2026-08-22T22:38:16.1645150Z [RUN_EXPO_DOCTOR] - React Native: /private/var/folders/g3/pffjr_y96bq06blnkf72x_hw0000gn/T/eas-build-local-nodejs/e3c2f18c-efa8-490a-a480-4ca7aa049eaa/build/node_modules/react-native
build	Build iOS Locally on Free Cloud Mac	2026-08-22T22:38:16.1646040Z [RUN_EXPO_DOCTOR] - Watch Folders: 
build	Build iOS Locally on Free Cloud Mac	2026-08-22T22:38:16.1653340Z [RUN_EXPO_DOCTOR] - Node Module Paths: 
build	Build iOS Locally on Free Cloud Mac	2026-08-22T22:38:16.1653660Z [RUN_EXPO_DOCTOR] - Sass: null
build	Build iOS Locally on Free Cloud Mac	2026-08-22T22:38:16.1653910Z [RUN_EXPO_DOCTOR] - Reanimated: null
build	Build iOS Locally on Free Cloud Mac	2026-08-22T22:38:16.1654180Z [RUN_EXPO_DOCTOR] - Worklets: null
build	Build iOS Locally on Free Cloud Mac	2026-08-22T22:38:16.1654430Z [RUN_EXPO_DOCTOR] - Babel Runtime: null
build	Build iOS Locally on Free Cloud Mac	2026-08-22T22:38:16.3986390Z [RUN_EXPO_DOCTOR] 
build	Build iOS Locally on Free Cloud Mac	2026-08-22T22:38:16.4087870Z [RUN_EXPO_DOCTOR] Expo Metro config:
build	Build iOS Locally on Free Cloud Mac	2026-08-22T22:38:16.4188210Z [RUN_EXPO_DOCTOR] - Version: 57.0.8
build	Build iOS Locally on Free Cloud Mac	2026-08-22T22:38:16.4289210Z [RUN_EXPO_DOCTOR] - Extensions: ts, tsx, mjs, js, jsx, json, cjs, scss, sass, css
build	Build iOS Locally on Free Cloud Mac	2026-08-22T22:38:16.4390070Z [RUN_EXPO_DOCTOR] - React Native: /private/var/folders/g3/pffjr_y96bq06blnkf72x_hw0000gn/T/eas-build-local-nodejs/e3c2f18c-efa8-490a-a480-4ca7aa049eaa/build/node_modules/react-native
build	Build iOS Locally on Free Cloud Mac	2026-08-22T22:38:16.4491740Z [RUN_EXPO_DOCTOR] - Watch Folders:
build	Build iOS Locally on Free Cloud Mac	2026-08-22T22:38:16.4592110Z [RUN_EXPO_DOCTOR] - Node Module Paths:
build	Build iOS Locally on Free Cloud Mac	2026-08-22T22:38:16.4692980Z [RUN_EXPO_DOCTOR] - Sass: null
build	Build iOS Locally on Free Cloud Mac	2026-08-22T22:38:16.4793380Z [RUN_EXPO_DOCTOR] - Reanimated: null
build	Build iOS Locally on Free Cloud Mac	2026-08-22T22:38:16.4894510Z [RUN_EXPO_DOCTOR] - Worklets: null
build	Build iOS Locally on Free Cloud Mac	2026-08-22T22:38:16.4994980Z [RUN_EXPO_DOCTOR] - Babel Runtime: null
build	Build iOS Locally on Free Cloud Mac	2026-08-22T22:38:16.5095640Z [RUN_EXPO_DOCTOR] 
build	Build iOS Locally on Free Cloud Mac	2026-08-22T22:38:18.0135720Z [RUN_EXPO_DOCTOR] 18/21 checks passed. 3 checks failed. Possible issues detected:
build	Build iOS Locally on Free Cloud Mac	2026-08-22T22:38:18.0139720Z [RUN_EXPO_DOCTOR] Use the --verbose flag to see more details about passed checks.
build	Build iOS Locally on Free Cloud Mac	2026-08-22T22:38:18.0142830Z [RUN_EXPO_DOCTOR] ✖ Check Expo config (app.json/ app.config.js) schema
build	Build iOS Locally on Free Cloud Mac	2026-08-22T22:38:18.0146210Z [RUN_EXPO_DOCTOR] Errors validating fields in /private/var/folders/g3/pffjr_y96bq06blnkf72x_hw0000gn/T/eas-build-local-nodejs/e3c2f18c-efa8-490a-a480-4ca7aa049eaa/build/app.json:
build	Build iOS Locally on Free Cloud Mac	2026-08-22T22:38:18.0147170Z [RUN_EXPO_DOCTOR] 3 checks failed, indicating possible issues with the project.
build	Build iOS Locally on Free Cloud Mac	2026-08-22T22:38:18.0148170Z [RUN_EXPO_DOCTOR]  should NOT have additional property 'splash'.
build	Build iOS Locally on Free Cloud Mac	2026-08-22T22:38:18.0154570Z [RUN_EXPO_DOCTOR]  Field: android - should NOT have additional property 'usesCleartextTraffic'.
build	Build iOS Locally on Free Cloud Mac	2026-08-22T22:38:18.0155860Z [RUN_EXPO_DOCTOR] Advice:
build	Build iOS Locally on Free Cloud Mac	2026-08-22T22:38:18.0158280Z [RUN_EXPO_DOCTOR] Resolve schema errors in your app config. Learn more: https://docs.expo.dev/workflow/configuration/
build	Build iOS Locally on Free Cloud Mac	2026-08-22T22:38:18.0159140Z [RUN_EXPO_DOCTOR] ✖ Check dependencies for packages that should not be installed directly
build	Build iOS Locally on Free Cloud Mac	2026-08-22T22:38:18.0160280Z [RUN_EXPO_DOCTOR] The package  "@types/react-native" should not be installed directly in your project, as types are included with the "react-native" package.
build	Build iOS Locally on Free Cloud Mac	2026-08-22T22:38:18.0160960Z [RUN_EXPO_DOCTOR] Advice:
build	Build iOS Locally on Free Cloud Mac	2026-08-22T22:38:18.0161470Z [RUN_EXPO_DOCTOR] Remove these packages from your package.json.
build	Build iOS Locally on Free Cloud Mac	2026-08-22T22:38:18.0161760Z [RUN_EXPO_DOCTOR] 
build	Build iOS Locally on Free Cloud Mac	2026-08-22T22:38:18.0162530Z [RUN_EXPO_DOCTOR] ✖ Check that packages match versions required by installed Expo SDK
build	Build iOS Locally on Free Cloud Mac	2026-08-22T22:38:18.0163040Z [RUN_EXPO_DOCTOR] 
build	Build iOS Locally on Free Cloud Mac	2026-08-22T22:38:18.0163870Z [RUN_EXPO_DOCTOR] 🔧 Patch version mismatches
build	Build iOS Locally on Free Cloud Mac	2026-08-22T22:38:18.0167470Z [RUN_EXPO_DOCTOR] package             expected  found    
build	Build iOS Locally on Free Cloud Mac	2026-08-22T22:38:18.0168300Z [RUN_EXPO_DOCTOR] expo                ~57.0.15  57.0.13  
build	Build iOS Locally on Free Cloud Mac	2026-08-22T22:38:18.0168800Z [RUN_EXPO_DOCTOR] expo-camera         ~57.0.4   57.0.3   
build	Build iOS Locally on Free Cloud Mac	2026-08-22T22:38:18.0169260Z [RUN_EXPO_DOCTOR] expo-constants      ~57.0.13  57.0.11  
build	Build iOS Locally on Free Cloud Mac	2026-08-22T22:38:18.0169780Z [RUN_EXPO_DOCTOR] expo-dev-client     ~57.0.14  57.0.12  
build	Build iOS Locally on Free Cloud Mac	2026-08-22T22:38:18.0170310Z [RUN_EXPO_DOCTOR] expo-image-picker   ~57.0.12  57.0.10  
build	Build iOS Locally on Free Cloud Mac	2026-08-22T22:38:18.0170860Z [RUN_EXPO_DOCTOR] expo-linking        ~57.0.7   57.0.6   
build	Build iOS Locally on Free Cloud Mac	2026-08-22T22:38:18.0171310Z [RUN_EXPO_DOCTOR] expo-location       ~57.0.12  57.0.10  
build	Build iOS Locally on Free Cloud Mac	2026-08-22T22:38:18.0171770Z [RUN_EXPO_DOCTOR] expo-notifications  ~57.0.13  57.0.11  
build	Build iOS Locally on Free Cloud Mac	2026-08-22T22:38:18.0172330Z [RUN_EXPO_DOCTOR] expo-sharing        ~57.0.14  57.0.12  
build	Build iOS Locally on Free Cloud Mac	2026-08-22T22:38:18.0172770Z [RUN_EXPO_DOCTOR] expo-task-manager   ~57.0.12  57.0.10  
build	Build iOS Locally on Free Cloud Mac	2026-08-22T22:38:18.0178050Z [RUN_EXPO_DOCTOR] 
build	Build iOS Locally on Free Cloud Mac	2026-08-22T22:38:18.0178420Z [RUN_EXPO_DOCTOR] Changelogs:
build	Build iOS Locally on Free Cloud Mac	2026-08-22T22:38:18.0179440Z [RUN_EXPO_DOCTOR] - expo-camera → https://github.com/expo/expo/blob/sdk-57/packages/expo-camera/CHANGELOG.md
build	Build iOS Locally on Free Cloud Mac	2026-08-22T22:38:18.0180290Z [RUN_EXPO_DOCTOR] - expo-constants → https://github.com/expo/expo/blob/sdk-57/packages/expo-constants/CHANGELOG.md
build	Build iOS Locally on Free Cloud Mac	2026-08-22T22:38:18.0181150Z [RUN_EXPO_DOCTOR] - expo-dev-client → https://github.com/expo/expo/blob/sdk-57/packages/expo-dev-client/CHANGELOG.md
build	Build iOS Locally on Free Cloud Mac	2026-08-22T22:38:18.0182060Z [RUN_EXPO_DOCTOR] - expo-image-picker → https://github.com/expo/expo/blob/sdk-57/packages/expo-image-picker/CHANGELOG.md
build	Build iOS Locally on Free Cloud Mac	2026-08-22T22:38:18.0183790Z [RUN_EXPO_DOCTOR] - expo-linking → https://github.com/expo/expo/blob/sdk-57/packages/expo-linking/CHANGELOG.md
build	Build iOS Locally on Free Cloud Mac	2026-08-22T22:38:18.0184610Z [RUN_EXPO_DOCTOR] - expo-location → https://github.com/expo/expo/blob/sdk-57/packages/expo-location/CHANGELOG.md
build	Build iOS Locally on Free Cloud Mac	2026-08-22T22:38:18.0185480Z [RUN_EXPO_DOCTOR] - expo-notifications → https://github.com/expo/expo/blob/sdk-57/packages/expo-notifications/CHANGELOG.md
build	Build iOS Locally on Free Cloud Mac	2026-08-22T22:38:18.0186310Z [RUN_EXPO_DOCTOR] - expo-sharing → https://github.com/expo/expo/blob/sdk-57/packages/expo-sharing/CHANGELOG.md
build	Build iOS Locally on Free Cloud Mac	2026-08-22T22:38:18.0187180Z [RUN_EXPO_DOCTOR] - expo-task-manager → https://github.com/expo/expo/blob/sdk-57/packages/expo-task-manager/CHANGELOG.md
build	Build iOS Locally on Free Cloud Mac	2026-08-22T22:38:18.0187610Z [RUN_EXPO_DOCTOR] 
build	Build iOS Locally on Free Cloud Mac	2026-08-22T22:38:18.0187840Z [RUN_EXPO_DOCTOR] 10 packages out of date.
build	Build iOS Locally on Free Cloud Mac	2026-08-22T22:38:18.0188120Z [RUN_EXPO_DOCTOR] Advice:
build	Build iOS Locally on Free Cloud Mac	2026-08-22T22:38:18.0188560Z [RUN_EXPO_DOCTOR] Use 'npx expo install --check' to review and upgrade your dependencies.
build	Build iOS Locally on Free Cloud Mac	2026-08-22T22:38:18.0189360Z [RUN_EXPO_DOCTOR] To ignore specific packages, add them to "expo.install.exclude" in package.json. Learn more: https://expo.fyi/dependency-validation
build	Build iOS Locally on Free Cloud Mac	2026-08-22T22:38:18.0228940Z [RUN_EXPO_DOCTOR] Command "expo doctor" failed.
build	Build iOS Locally on Free Cloud Mac	2026-08-22T22:38:18.0234210Z Error: npx -y expo-doctor exited with non-zero code: 1
build	Build iOS Locally on Free Cloud Mac	2026-08-22T22:38:18.0234830Z [PREPARE_CREDENTIALS] Preparing credentials
build	Build iOS Locally on Free Cloud Mac	2026-08-22T22:38:18.0235650Z     at ChildProcess.completionListener (/Users/runner/.npm/_npx/cec30832843bb978/node_modules/@expo/spawn-async/build/spawnAsync.js:113:23)
build	Build iOS Locally on Free Cloud Mac	2026-08-22T22:38:18.0236670Z [PREPARE_CREDENTIALS] Creating keychain
build	Build iOS Locally on Free Cloud Mac	2026-08-22T22:38:18.0237120Z     at Object.onceWrapper (node:events:634:26)
build	Build iOS Locally on Free Cloud Mac	2026-08-22T22:38:18.0237470Z     at ChildProcess.emit (node:events:519:28)
build	Build iOS Locally on Free Cloud Mac	2026-08-22T22:38:18.0237840Z     at ChildProcess.emit (node:domain:489:12)
build	Build iOS Locally on Free Cloud Mac	2026-08-22T22:38:18.0238250Z     at maybeClose (node:internal/child_process:1101:16)
build	Build iOS Locally on Free Cloud Mac	2026-08-22T22:38:18.0238700Z     at ChildProcess._handle.onexit (node:internal/child_process:304:5)
build	Build iOS Locally on Free Cloud Mac	2026-08-22T22:38:18.0239100Z     ...
build	Build iOS Locally on Free Cloud Mac	2026-08-22T22:38:18.0239640Z     at spawnAsync (/Users/runner/.npm/_npx/cec30832843bb978/node_modules/@expo/spawn-async/build/spawnAsync.js:9:23)
build	Build iOS Locally on Free Cloud Mac	2026-08-22T22:38:18.0240310Z     at spawn (/Users/runner/.npm/_npx/cec30832843bb978/node_modules/@expo/turtle-spawn/dist/index.js:16:47)
build	Build iOS Locally on Free Cloud Mac	2026-08-22T22:38:18.0241030Z     at runExpoDoctor (/Users/runner/.npm/_npx/cec30832843bb978/node_modules/@expo/build-tools/dist/common/setup.js:158:52)
build	Build iOS Locally on Free Cloud Mac	2026-08-22T22:38:18.0241640Z     at process.processTicksAndRejections (node:internal/process/task_queues:103:5)
build	Build iOS Locally on Free Cloud Mac	2026-08-22T22:38:18.0242210Z     at async /Users/runner/.npm/_npx/cec30832843bb978/node_modules/@expo/build-tools/dist/common/setup.js:137:17
build	Build iOS Locally on Free Cloud Mac	2026-08-22T22:38:18.0242920Z     at async BuildContext.runBuildPhase (/Users/runner/.npm/_npx/cec30832843bb978/node_modules/@expo/build-tools/dist/context.js:126:28)
build	Build iOS Locally on Free Cloud Mac	2026-08-22T22:38:18.0243770Z     at async setupAsync (/Users/runner/.npm/_npx/cec30832843bb978/node_modules/@expo/build-tools/dist/common/setup.js:135:9)
build	Build iOS Locally on Free Cloud Mac	2026-08-22T22:38:18.0244960Z     at async buildInnerAsync (/Users/runner/.npm/_npx/cec30832843bb978/node_modules/@expo/build-tools/dist/builders/ios.js:66:5)
build	Build iOS Locally on Free Cloud Mac	2026-08-22T22:38:18.0245850Z     at async buildAsync (/Users/runner/.npm/_npx/cec30832843bb978/node_modules/@expo/build-tools/dist/builders/ios.js:56:9)
build	Build iOS Locally on Free Cloud Mac	2026-08-22T22:38:18.0246710Z     at async runBuilderWithHooksAsync (/Users/runner/.npm/_npx/cec30832843bb978/node_modules/@expo/build-tools/dist/builders/common.js:13:13)
build	Build iOS Locally on Free Cloud Mac	2026-08-22T22:38:19.3742360Z [PREPARE_CREDENTIALS] Preparing credentials for target 'Hence'
build	Build iOS Locally on Free Cloud Mac	2026-08-22T22:38:19.3743270Z [PREPARE_CREDENTIALS] Getting distribution certificate fingerprint and common name
build	Build iOS Locally on Free Cloud Mac	2026-08-22T22:38:19.4136280Z [PREPARE_CREDENTIALS] Fingerprint = "3B911D328AA09817105F625D0E0A6B7122079BEB", common name = iPhone Distribution: HENCE LIMITED (Q42QY7STMH)
build	Build iOS Locally on Free Cloud Mac	2026-08-22T22:38:19.4142360Z [PREPARE_CREDENTIALS] Writing distribution certificate to /var/folders/g3/pffjr_y96bq06blnkf72x_hw0000gn/T/ea6f4395-b045-412b-89cc-d958a0c6937c.p12
build	Build iOS Locally on Free Cloud Mac	2026-08-22T22:38:19.4143520Z [PREPARE_CREDENTIALS] Importing distribution certificate into the keychain
build	Build iOS Locally on Free Cloud Mac	2026-08-22T22:38:20.5921120Z [PREPARE_CREDENTIALS] Initializing provisioning profile
build	Build iOS Locally on Free Cloud Mac	2026-08-22T22:38:20.6282990Z [PREPARE_CREDENTIALS] Validating whether the distribution certificate has been imported successfully
build	Build iOS Locally on Free Cloud Mac	2026-08-22T22:38:20.6527460Z [PREPARE_CREDENTIALS] Verifying whether the distribution certificate and provisioning profile match
build	Build iOS Locally on Free Cloud Mac	2026-08-22T22:38:20.9840270Z [PREBUILD] 2026-08-22T22:38:20.983Z expo:telemetry Recording 1 event(s)
build	Build iOS Locally on Free Cloud Mac	2026-08-22T22:38:20.9988830Z [PREBUILD] 2026-08-22T22:38:20.998Z expo:env /private/var/folders/g3/pffjr_y96bq06blnkf72x_hw0000gn/T/eas-build-local-nodejs/e3c2f18c-efa8-490a-a480-4ca7aa049eaa/build/.env does not exist, skipping this env file
build	Build iOS Locally on Free Cloud Mac	2026-08-22T22:38:20.9990500Z [PREBUILD] 2026-08-22T22:38:20.998Z expo:env /private/var/folders/g3/pffjr_y96bq06blnkf72x_hw0000gn/T/eas-build-local-nodejs/e3c2f18c-efa8-490a-a480-4ca7aa049eaa/build/.env.development does not exist, skipping this env file
build	Build iOS Locally on Free Cloud Mac	2026-08-22T22:38:20.9992050Z [PREBUILD] 2026-08-22T22:38:20.998Z expo:env /private/var/folders/g3/pffjr_y96bq06blnkf72x_hw0000gn/T/eas-build-local-nodejs/e3c2f18c-efa8-490a-a480-4ca7aa049eaa/build/.env.local does not exist, skipping this env file
build	Build iOS Locally on Free Cloud Mac	2026-08-22T22:38:20.9993610Z [PREBUILD] 2026-08-22T22:38:20.998Z expo:env /private/var/folders/g3/pffjr_y96bq06blnkf72x_hw0000gn/T/eas-build-local-nodejs/e3c2f18c-efa8-490a-a480-4ca7aa049eaa/build/.env.development.local does not exist, skipping this env file
build	Build iOS Locally on Free Cloud Mac	2026-08-22T22:38:21.1071080Z [PREBUILD] - Creating native directory (./ios)
build	Build iOS Locally on Free Cloud Mac	2026-08-22T22:38:21.1079000Z [PREBUILD] 2026-08-22T22:38:21.107Z expo:prebuild:resolveLocalTemplate Using local template from Expo package: /private/var/folders/g3/pffjr_y96bq06blnkf72x_hw0000gn/T/eas-build-local-nodejs/e3c2f18c-efa8-490a-a480-4ca7aa049eaa/build/node_modules/expo/template.tgz
build	Build iOS Locally on Free Cloud Mac	2026-08-22T22:38:21.1177580Z [PREBUILD] 2026-08-22T22:38:21.117Z expo:utils:tar write(644): /var/folders/g3/pffjr_y96bq06blnkf72x_hw0000gn/T/89257724658e7b75379ab37610ca5c21/.gitattributes
build	Build iOS Locally on Free Cloud Mac	2026-08-22T22:38:21.1197840Z [PREBUILD] 2026-08-22T22:38:21.119Z expo:utils:tar mkdir(p): /var/folders/g3/pffjr_y96bq06blnkf72x_hw0000gn/T/89257724658e7b75379ab37610ca5c21/android
build	Build iOS Locally on Free Cloud Mac	2026-08-22T22:38:21.1201290Z [PREBUILD] 2026-08-22T22:38:21.119Z expo:utils:tar write(644): /var/folders/g3/pffjr_y96bq06blnkf72x_hw0000gn/T/89257724658e7b75379ab37610ca5c21/android/.gitignore
build	Build iOS Locally on Free Cloud Mac	2026-08-22T22:38:21.1207930Z [PREBUILD] 2026-08-22T22:38:21.120Z expo:utils:tar write(644): /var/folders/g3/pffjr_y96bq06blnkf72x_hw0000gn/T/89257724658e7b75379ab37610ca5c21/.gitignore
build	Build iOS Locally on Free Cloud Mac	2026-08-22T22:38:21.1212010Z [PREBUILD] 2026-08-22T22:38:21.121Z expo:utils:tar mkdir(p): /var/folders/g3/pffjr_y96bq06blnkf72x_hw0000gn/T/89257724658e7b75379ab37610ca5c21/ios
build	Build iOS Locally on Free Cloud Mac	2026-08-22T22:38:21.1214920Z [PREBUILD] 2026-08-22T22:38:21.121Z expo:utils:tar write(644): /var/folders/g3/pffjr_y96bq06blnkf72x_hw0000gn/T/89257724658e7b75379ab37610ca5c21/ios/.gitignore
build	Build iOS Locally on Free Cloud Mac	2026-08-22T22:38:21.1223380Z [PREBUILD] 2026-08-22T22:38:21.122Z expo:utils:tar write(755): /var/folders/g3/pffjr_y96bq06blnkf72x_hw0000gn/T/89257724658e7b75379ab37610ca5c21/android/gradlew
build	Build iOS Locally on Free Cloud Mac	2026-08-22T22:38:21.1233910Z [PREBUILD] 2026-08-22T22:38:21.123Z expo:utils:tar write(644): /var/folders/g3/pffjr_y96bq06blnkf72x_hw0000gn/T/89257724658e7b75379ab37610ca5c21/ios/Podfile
build	Build iOS Locally on Free Cloud Mac	2026-08-22T22:38:21.1248640Z [PREBUILD] 2026-08-22T22:38:21.124Z expo:utils:tar write(644): /var/folders/g3/pffjr_y96bq06blnkf72x_hw0000gn/T/89257724658e7b75379ab37610ca5c21/android/gradlew.bat
build	Build iOS Locally on Free Cloud Mac	2026-08-22T22:38:21.1252750Z [PREBUILD] 2026-08-22T22:38:21.125Z expo:utils:tar write(644): /var/folders/g3/pffjr_y96bq06blnkf72x_hw0000gn/T/89257724658e7b75379ab37610ca5c21/ios/.xcode.env
build	Build iOS Locally on Free Cloud Mac	2026-08-22T22:38:21.1258980Z [PREBUILD] 2026-08-22T22:38:21.125Z expo:utils:tar mkdir(p): /var/folders/g3/pffjr_y96bq06blnkf72x_hw0000gn/T/89257724658e7b75379ab37610ca5c21/android/app
build	Build iOS Locally on Free Cloud Mac	2026-08-22T22:38:21.1260150Z [PREBUILD] 2026-08-22T22:38:21.125Z expo:utils:tar write(644): /var/folders/g3/pffjr_y96bq06blnkf72x_hw0000gn/T/89257724658e7b75379ab37610ca5c21/android/app/build.gradle
build	Build iOS Locally on Free Cloud Mac	2026-08-22T22:38:21.1264470Z [PREBUILD] 2026-08-22T22:38:21.126Z expo:utils:tar write(644): /var/folders/g3/pffjr_y96bq06blnkf72x_hw0000gn/T/89257724658e7b75379ab37610ca5c21/android/build.gradle
build	Build iOS Locally on Free Cloud Mac	2026-08-22T22:38:21.1270390Z [PREBUILD] 2026-08-22T22:38:21.126Z expo:utils:tar write(644): /var/folders/g3/pffjr_y96bq06blnkf72x_hw0000gn/T/89257724658e7b75379ab37610ca5c21/android/settings.gradle
build	Build iOS Locally on Free Cloud Mac	2026-08-22T22:38:21.1275150Z [PREBUILD] 2026-08-22T22:38:21.127Z expo:utils:tar mkdir(p): /var/folders/g3/pffjr_y96bq06blnkf72x_hw0000gn/T/89257724658e7b75379ab37610ca5c21/ios/Hence
build	Build iOS Locally on Free Cloud Mac	2026-08-22T22:38:21.1276370Z [PREBUILD] 2026-08-22T22:38:21.127Z expo:utils:tar write(644): /var/folders/g3/pffjr_y96bq06blnkf72x_hw0000gn/T/89257724658e7b75379ab37610ca5c21/ios/Hence/Hence-Bridging-Header.h
build	Build iOS Locally on Free Cloud Mac	2026-08-22T22:38:21.1279740Z [PREBUILD] 2026-08-22T22:38:21.127Z expo:utils:tar mkdir(p): /var/folders/g3/pffjr_y96bq06blnkf72x_hw0000gn/T/89257724658e7b75379ab37610ca5c21/android/gradle/wrapper
build	Build iOS Locally on Free Cloud Mac	2026-08-22T22:38:21.1281840Z [PREBUILD] 2026-08-22T22:38:21.127Z expo:utils:tar write(644): /var/folders/g3/pffjr_y96bq06blnkf72x_hw0000gn/T/89257724658e7b75379ab37610ca5c21/android/gradle/wrapper/gradle-wrapper.jar
build	Build iOS Locally on Free Cloud Mac	2026-08-22T22:38:21.1289990Z [PREBUILD] 2026-08-22T22:38:21.128Z expo:utils:tar write(644): /var/folders/g3/pffjr_y96bq06blnkf72x_hw0000gn/T/89257724658e7b75379ab37610ca5c21/App.js
build	Build iOS Locally on Free Cloud Mac	2026-08-22T22:38:21.1293380Z [PREBUILD] 2026-08-22T22:38:21.129Z expo:utils:tar write(644): /var/folders/g3/pffjr_y96bq06blnkf72x_hw0000gn/T/89257724658e7b75379ab37610ca5c21/index.js
build	Build iOS Locally on Free Cloud Mac	2026-08-22T22:38:21.1296810Z [PREBUILD] 2026-08-22T22:38:21.129Z expo:utils:tar write(644): /var/folders/g3/pffjr_y96bq06blnkf72x_hw0000gn/T/89257724658e7b75379ab37610ca5c21/metro.config.js
build	Build iOS Locally on Free Cloud Mac	2026-08-22T22:38:21.1299410Z [PREBUILD] 2026-08-22T22:38:21.129Z expo:utils:tar write(644): /var/folders/g3/pffjr_y96bq06blnkf72x_hw0000gn/T/89257724658e7b75379ab37610ca5c21/app.json
build	Build iOS Locally on Free Cloud Mac	2026-08-22T22:38:21.1302710Z [PREBUILD] 2026-08-22T22:38:21.130Z expo:utils:tar mkdir(p): /var/folders/g3/pffjr_y96bq06blnkf72x_hw0000gn/T/89257724658e7b75379ab37610ca5c21/ios/Hence/Images.xcassets/AppIcon.appiconset
build	Build iOS Locally on Free Cloud Mac	2026-08-22T22:38:21.1304720Z [PREBUILD] 2026-08-22T22:38:21.130Z expo:utils:tar write(644): /var/folders/g3/pffjr_y96bq06blnkf72x_hw0000gn/T/89257724658e7b75379ab37610ca5c21/ios/Hence/Images.xcassets/AppIcon.appiconset/Contents.json
build	Build iOS Locally on Free Cloud Mac	2026-08-22T22:38:21.1307300Z [PREBUILD] 2026-08-22T22:38:21.130Z expo:utils:tar write(644): /var/folders/g3/pffjr_y96bq06blnkf72x_hw0000gn/T/89257724658e7b75379ab37610ca5c21/ios/Hence/Images.xcassets/Contents.json
build	Build iOS Locally on Free Cloud Mac	2026-08-22T22:38:21.1311380Z [PREBUILD] 2026-08-22T22:38:21.130Z expo:utils:tar write(644): /var/folders/g3/pffjr_y96bq06blnkf72x_hw0000gn/T/89257724658e7b75379ab37610ca5c21/package.json
build	Build iOS Locally on Free Cloud Mac	2026-08-22T22:38:21.1314780Z [PREBUILD] 2026-08-22T22:38:21.131Z expo:utils:tar write(644): /var/folders/g3/pffjr_y96bq06blnkf72x_hw0000gn/T/89257724658e7b75379ab37610ca5c21/ios/Podfile.properties.json
build	Build iOS Locally on Free Cloud Mac	2026-08-22T22:38:21.1317530Z [PREBUILD] 2026-08-22T22:38:21.131Z expo:utils:tar write(644): /var/folders/g3/pffjr_y96bq06blnkf72x_hw0000gn/T/89257724658e7b75379ab37610ca5c21/android/app/debug.keystore
build	Build iOS Locally on Free Cloud Mac	2026-08-22T22:38:21.1321290Z [PREBUILD] 2026-08-22T22:38:21.131Z expo:utils:tar mkdir(p): /var/folders/g3/pffjr_y96bq06blnkf72x_hw0000gn/T/89257724658e7b75379ab37610ca5c21/android/app/src/main/java/com/hence
build	Build iOS Locally on Free Cloud Mac	2026-08-22T22:38:21.1325880Z [PREBUILD] 2026-08-22T22:38:21.132Z expo:utils:tar write(644): /var/folders/g3/pffjr_y96bq06blnkf72x_hw0000gn/T/89257724658e7b75379ab37610ca5c21/android/app/src/main/java/com/hence/MainActivity.kt
build	Build iOS Locally on Free Cloud Mac	2026-08-22T22:38:21.1327770Z [PREBUILD] 2026-08-22T22:38:21.132Z expo:utils:tar write(644): /var/folders/g3/pffjr_y96bq06blnkf72x_hw0000gn/T/89257724658e7b75379ab37610ca5c21/android/app/src/main/java/com/hence/MainApplication.kt
build	Build iOS Locally on Free Cloud Mac	2026-08-22T22:38:21.1331060Z [PREBUILD] 2026-08-22T22:38:21.132Z expo:utils:tar mkdir(p): /var/folders/g3/pffjr_y96bq06blnkf72x_hw0000gn/T/89257724658e7b75379ab37610ca5c21/ios/Hence.xcodeproj
build	Build iOS Locally on Free Cloud Mac	2026-08-22T22:38:21.1332800Z [PREBUILD] 2026-08-22T22:38:21.133Z expo:utils:tar write(644): /var/folders/g3/pffjr_y96bq06blnkf72x_hw0000gn/T/89257724658e7b75379ab37610ca5c21/ios/Hence.xcodeproj/project.pbxproj
build	Build iOS Locally on Free Cloud Mac	2026-08-22T22:38:21.1336770Z [PREBUILD] 2026-08-22T22:38:21.133Z expo:utils:tar mkdir(p): /var/folders/g3/pffjr_y96bq06blnkf72x_hw0000gn/T/89257724658e7b75379ab37610ca5c21/ios/Hence/Supporting
build	Build iOS Locally on Free Cloud Mac	2026-08-22T22:38:21.1338270Z [PREBUILD] 2026-08-22T22:38:21.133Z expo:utils:tar write(644): /var/folders/g3/pffjr_y96bq06blnkf72x_hw0000gn/T/89257724658e7b75379ab37610ca5c21/ios/Hence/Supporting/Expo.plist
build	Build iOS Locally on Free Cloud Mac	2026-08-22T22:38:21.1340280Z [PREBUILD] 2026-08-22T22:38:21.133Z expo:utils:tar mkdir(p): /var/folders/g3/pffjr_y96bq06blnkf72x_hw0000gn/T/89257724658e7b75379ab37610ca5c21/ios/Hence.xcodeproj/project.xcworkspace/xcshareddata
build	Build iOS Locally on Free Cloud Mac	2026-08-22T22:38:21.1342700Z [PREBUILD] 2026-08-22T22:38:21.134Z expo:utils:tar write(644): /var/folders/g3/pffjr_y96bq06blnkf72x_hw0000gn/T/89257724658e7b75379ab37610ca5c21/ios/Hence.xcodeproj/project.xcworkspace/xcshareddata/IDEWorkspaceChecks.plist
build	Build iOS Locally on Free Cloud Mac	2026-08-22T22:38:21.1345360Z [PREBUILD] 2026-08-22T22:38:21.134Z expo:utils:tar write(644): /var/folders/g3/pffjr_y96bq06blnkf72x_hw0000gn/T/89257724658e7b75379ab37610ca5c21/ios/Hence/Info.plist
build	Build iOS Locally on Free Cloud Mac	2026-08-22T22:38:21.1348350Z [PREBUILD] 2026-08-22T22:38:21.134Z expo:utils:tar mkdir(p): /var/folders/g3/pffjr_y96bq06blnkf72x_hw0000gn/T/89257724658e7b75379ab37610ca5c21/android/app/src/main/res/drawable-hdpi
build	Build iOS Locally on Free Cloud Mac	2026-08-22T22:38:21.1350460Z [PREBUILD] 2026-08-22T22:38:21.134Z expo:utils:tar write(644): /var/folders/g3/pffjr_y96bq06blnkf72x_hw0000gn/T/89257724658e7b75379ab37610ca5c21/android/app/src/main/res/drawable-hdpi/splashscreen_logo.png
build	Build iOS Locally on Free Cloud Mac	2026-08-22T22:38:21.1356000Z [PREBUILD] 2026-08-22T22:38:21.135Z expo:utils:tar mkdir(p): /var/folders/g3/pffjr_y96bq06blnkf72x_hw0000gn/T/89257724658e7b75379ab37610ca5c21/android/app/src/main/res/drawable-mdpi
build	Build iOS Locally on Free Cloud Mac	2026-08-22T22:38:21.1357290Z [PREBUILD] 2026-08-22T22:38:21.135Z expo:utils:tar write(644): /var/folders/g3/pffjr_y96bq06blnkf72x_hw0000gn/T/89257724658e7b75379ab37610ca5c21/android/app/src/main/res/drawable-mdpi/splashscreen_logo.png
build	Build iOS Locally on Free Cloud Mac	2026-08-22T22:38:21.1361270Z [PREBUILD] 2026-08-22T22:38:21.135Z expo:utils:tar mkdir(p): /var/folders/g3/pffjr_y96bq06blnkf72x_hw0000gn/T/89257724658e7b75379ab37610ca5c21/android/app/src/main/res/drawable-xhdpi
build	Build iOS Locally on Free Cloud Mac	2026-08-22T22:38:21.1362820Z [PREBUILD] 2026-08-22T22:38:21.136Z expo:utils:tar write(644): /var/folders/g3/pffjr_y96bq06blnkf72x_hw0000gn/T/89257724658e7b75379ab37610ca5c21/android/app/src/main/res/drawable-xhdpi/splashscreen_logo.png
build	Build iOS Locally on Free Cloud Mac	2026-08-22T22:38:21.1367810Z [PREBUILD] 2026-08-22T22:38:21.136Z expo:utils:tar mkdir(p): /var/folders/g3/pffjr_y96bq06blnkf72x_hw0000gn/T/89257724658e7b75379ab37610ca5c21/android/app/src/main/res/drawable-xxhdpi
build	Build iOS Locally on Free Cloud Mac	2026-08-22T22:38:21.1369180Z [PREBUILD] 2026-08-22T22:38:21.136Z expo:utils:tar write(644): /var/folders/g3/pffjr_y96bq06blnkf72x_hw0000gn/T/89257724658e7b75379ab37610ca5c21/android/app/src/main/res/drawable-xxhdpi/splashscreen_logo.png
build	Build iOS Locally on Free Cloud Mac	2026-08-22T22:38:21.1377120Z [PREBUILD] 2026-08-22T22:38:21.137Z expo:utils:tar mkdir(p): /var/folders/g3/pffjr_y96bq06blnkf72x_hw0000gn/T/89257724658e7b75379ab37610ca5c21/android/app/src/main/res/drawable-xxxhdpi
build	Build iOS Locally on Free Cloud Mac	2026-08-22T22:38:21.1378960Z [PREBUILD] 2026-08-22T22:38:21.137Z expo:utils:tar write(644): /var/folders/g3/pffjr_y96bq06blnkf72x_hw0000gn/T/89257724658e7b75379ab37610ca5c21/android/app/src/main/res/drawable-xxxhdpi/splashscreen_logo.png
build	Build iOS Locally on Free Cloud Mac	2026-08-22T22:38:21.1385870Z [PREBUILD] 2026-08-22T22:38:21.138Z expo:utils:tar write(644): /var/folders/g3/pffjr_y96bq06blnkf72x_hw0000gn/T/89257724658e7b75379ab37610ca5c21/android/app/proguard-rules.pro
build	Build iOS Locally on Free Cloud Mac	2026-08-22T22:38:21.1397190Z [PREBUILD] 2026-08-22T22:38:21.139Z expo:utils:tar write(644): /var/folders/g3/pffjr_y96bq06blnkf72x_hw0000gn/T/89257724658e7b75379ab37610ca5c21/android/gradle/wrapper/gradle-wrapper.properties
build	Build iOS Locally on Free Cloud Mac	2026-08-22T22:38:21.1400310Z [PREBUILD] 2026-08-22T22:38:21.139Z expo:utils:tar write(644): /var/folders/g3/pffjr_y96bq06blnkf72x_hw0000gn/T/89257724658e7b75379ab37610ca5c21/android/gradle.properties
build	Build iOS Locally on Free Cloud Mac	2026-08-22T22:38:21.1403030Z [PREBUILD] 2026-08-22T22:38:21.140Z expo:utils:tar write(644): /var/folders/g3/pffjr_y96bq06blnkf72x_hw0000gn/T/89257724658e7b75379ab37610ca5c21/ios/Hence/SplashScreen.storyboard
build	Build iOS Locally on Free Cloud Mac	2026-08-22T22:38:21.1405880Z [PREBUILD] 2026-08-22T22:38:21.140Z expo:utils:tar write(644): /var/folders/g3/pffjr_y96bq06blnkf72x_hw0000gn/T/89257724658e7b75379ab37610ca5c21/ios/Hence/AppDelegate.swift
build	Build iOS Locally on Free Cloud Mac	2026-08-22T22:38:21.1409630Z [PREBUILD] 2026-08-22T22:38:21.140Z expo:utils:tar mkdir(p): /var/folders/g3/pffjr_y96bq06blnkf72x_hw0000gn/T/89257724658e7b75379ab37610ca5c21/android/app/src/main/res/mipmap-hdpi
build	Build iOS Locally on Free Cloud Mac	2026-08-22T22:38:21.1410980Z [PREBUILD] 2026-08-22T22:38:21.140Z expo:utils:tar write(644): /var/folders/g3/pffjr_y96bq06blnkf72x_hw0000gn/T/89257724658e7b75379ab37610ca5c21/android/app/src/main/res/mipmap-hdpi/ic_launcher_round.webp
build	Build iOS Locally on Free Cloud Mac	2026-08-22T22:38:21.1413040Z [PREBUILD] 2026-08-22T22:38:21.141Z expo:utils:tar mkdir(p): /var/folders/g3/pffjr_y96bq06blnkf72x_hw0000gn/T/89257724658e7b75379ab37610ca5c21/android/app/src/main/res/mipmap-mdpi
build	Build iOS Locally on Free Cloud Mac	2026-08-22T22:38:21.1414420Z [PREBUILD] 2026-08-22T22:38:21.141Z expo:utils:tar write(644): /var/folders/g3/pffjr_y96bq06blnkf72x_hw0000gn/T/89257724658e7b75379ab37610ca5c21/android/app/src/main/res/mipmap-mdpi/ic_launcher_round.webp
build	Build iOS Locally on Free Cloud Mac	2026-08-22T22:38:21.1416980Z [PREBUILD] 2026-08-22T22:38:21.141Z expo:utils:tar mkdir(p): /var/folders/g3/pffjr_y96bq06blnkf72x_hw0000gn/T/89257724658e7b75379ab37610ca5c21/android/app/src/main/res/mipmap-xhdpi
build	Build iOS Locally on Free Cloud Mac	2026-08-22T22:38:21.1418680Z [PREBUILD] 2026-08-22T22:38:21.141Z expo:utils:tar write(644): /var/folders/g3/pffjr_y96bq06blnkf72x_hw0000gn/T/89257724658e7b75379ab37610ca5c21/android/app/src/main/res/mipmap-xhdpi/ic_launcher_round.webp
build	Build iOS Locally on Free Cloud Mac	2026-08-22T22:38:21.1425420Z [PREBUILD] 2026-08-22T22:38:21.142Z expo:utils:tar mkdir(p): /var/folders/g3/pffjr_y96bq06blnkf72x_hw0000gn/T/89257724658e7b75379ab37610ca5c21/android/app/src/main/res/mipmap-xxhdpi
build	Build iOS Locally on Free Cloud Mac	2026-08-22T22:38:21.1427180Z [PREBUILD] 2026-08-22T22:38:21.142Z expo:utils:tar write(644): /var/folders/g3/pffjr_y96bq06blnkf72x_hw0000gn/T/89257724658e7b75379ab37610ca5c21/android/app/src/main/res/mipmap-xxhdpi/ic_launcher_round.webp
build	Build iOS Locally on Free Cloud Mac	2026-08-22T22:38:21.1429770Z [PREBUILD] 2026-08-22T22:38:21.142Z expo:utils:tar mkdir(p): /var/folders/g3/pffjr_y96bq06blnkf72x_hw0000gn/T/89257724658e7b75379ab37610ca5c21/android/app/src/main/res/mipmap-xxxhdpi
build	Build iOS Locally on Free Cloud Mac	2026-08-22T22:38:21.1431220Z [PREBUILD] 2026-08-22T22:38:21.142Z expo:utils:tar write(644): /var/folders/g3/pffjr_y96bq06blnkf72x_hw0000gn/T/89257724658e7b75379ab37610ca5c21/android/app/src/main/res/mipmap-xxxhdpi/ic_launcher_round.webp
build	Build iOS Locally on Free Cloud Mac	2026-08-22T22:38:21.1434820Z [PREBUILD] 2026-08-22T22:38:21.143Z expo:utils:tar write(644): /var/folders/g3/pffjr_y96bq06blnkf72x_hw0000gn/T/89257724658e7b75379ab37610ca5c21/android/app/src/main/res/mipmap-hdpi/ic_launcher.webp
build	Build iOS Locally on Free Cloud Mac	2026-08-22T22:38:21.1437850Z [PREBUILD] 2026-08-22T22:38:21.143Z expo:utils:tar write(644): /var/folders/g3/pffjr_y96bq06blnkf72x_hw0000gn/T/89257724658e7b75379ab37610ca5c21/android/app/src/main/res/mipmap-mdpi/ic_launcher.webp
build	Build iOS Locally on Free Cloud Mac	2026-08-22T22:38:21.1440820Z [PREBUILD] 2026-08-22T22:38:21.143Z expo:utils:tar write(644): /var/folders/g3/pffjr_y96bq06blnkf72x_hw0000gn/T/89257724658e7b75379ab37610ca5c21/android/app/src/main/res/mipmap-xhdpi/ic_launcher.webp
build	Build iOS Locally on Free Cloud Mac	2026-08-22T22:38:21.1443760Z [PREBUILD] 2026-08-22T22:38:21.144Z expo:utils:tar write(644): /var/folders/g3/pffjr_y96bq06blnkf72x_hw0000gn/T/89257724658e7b75379ab37610ca5c21/android/app/src/main/res/mipmap-xxhdpi/ic_launcher.webp
build	Build iOS Locally on Free Cloud Mac	2026-08-22T22:38:21.1446420Z [PREBUILD] 2026-08-22T22:38:21.144Z expo:utils:tar write(644): /var/folders/g3/pffjr_y96bq06blnkf72x_hw0000gn/T/89257724658e7b75379ab37610ca5c21/android/app/src/main/res/mipmap-xxxhdpi/ic_launcher.webp
build	Build iOS Locally on Free Cloud Mac	2026-08-22T22:38:21.1449520Z [PREBUILD] 2026-08-22T22:38:21.144Z expo:utils:tar mkdir(p): /var/folders/g3/pffjr_y96bq06blnkf72x_hw0000gn/T/89257724658e7b75379ab37610ca5c21/ios/Hence.xcodeproj/xcshareddata/xcschemes
build	Build iOS Locally on Free Cloud Mac	2026-08-22T22:38:21.1452020Z [PREBUILD] 2026-08-22T22:38:21.145Z expo:utils:tar write(644): /var/folders/g3/pffjr_y96bq06blnkf72x_hw0000gn/T/89257724658e7b75379ab37610ca5c21/ios/Hence.xcodeproj/xcshareddata/xcschemes/Hence.xcscheme
build	Build iOS Locally on Free Cloud Mac	2026-08-22T22:38:21.1454450Z [PREBUILD] 2026-08-22T22:38:21.145Z expo:utils:tar write(644): /var/folders/g3/pffjr_y96bq06blnkf72x_hw0000gn/T/89257724658e7b75379ab37610ca5c21/ios/Hence.xcodeproj/project.xcworkspace/contents.xcworkspacedata
build	Build iOS Locally on Free Cloud Mac	2026-08-22T22:38:21.1457350Z [PREBUILD] 2026-08-22T22:38:21.145Z expo:utils:tar mkdir(p): /var/folders/g3/pffjr_y96bq06blnkf72x_hw0000gn/T/89257724658e7b75379ab37610ca5c21/android/app/src/debug
build	Build iOS Locally on Free Cloud Mac	2026-08-22T22:38:21.1458660Z [PREBUILD] 2026-08-22T22:38:21.145Z expo:utils:tar write(644): /var/folders/g3/pffjr_y96bq06blnkf72x_hw0000gn/T/89257724658e7b75379ab37610ca5c21/android/app/src/debug/AndroidManifest.xml
build	Build iOS Locally on Free Cloud Mac	2026-08-22T22:38:21.1460430Z [PREBUILD] 2026-08-22T22:38:21.145Z expo:utils:tar mkdir(p): /var/folders/g3/pffjr_y96bq06blnkf72x_hw0000gn/T/89257724658e7b75379ab37610ca5c21/android/app/src/debugOptimized
build	Build iOS Locally on Free Cloud Mac	2026-08-22T22:38:21.1461720Z [PREBUILD] 2026-08-22T22:38:21.145Z expo:utils:tar write(644): /var/folders/g3/pffjr_y96bq06blnkf72x_hw0000gn/T/89257724658e7b75379ab37610ca5c21/android/app/src/debugOptimized/AndroidManifest.xml
build	Build iOS Locally on Free Cloud Mac	2026-08-22T22:38:21.1465520Z [PREBUILD] 2026-08-22T22:38:21.146Z expo:utils:tar write(644): /var/folders/g3/pffjr_y96bq06blnkf72x_hw0000gn/T/89257724658e7b75379ab37610ca5c21/android/app/src/main/AndroidManifest.xml
build	Build iOS Locally on Free Cloud Mac	2026-08-22T22:38:21.1466980Z [PREBUILD] 2026-08-22T22:38:21.146Z expo:utils:tar mkdir(p): /var/folders/g3/pffjr_y96bq06blnkf72x_hw0000gn/T/89257724658e7b75379ab37610ca5c21/android/app/src/main/res/values
build	Build iOS Locally on Free Cloud Mac	2026-08-22T22:38:21.1468160Z [PREBUILD] 2026-08-22T22:38:21.146Z expo:utils:tar write(644): /var/folders/g3/pffjr_y96bq06blnkf72x_hw0000gn/T/89257724658e7b75379ab37610ca5c21/android/app/src/main/res/values/colors.xml
build	Build iOS Locally on Free Cloud Mac	2026-08-22T22:38:21.1469950Z [PREBUILD] 2026-08-22T22:38:21.146Z expo:utils:tar mkdir(p): /var/folders/g3/pffjr_y96bq06blnkf72x_hw0000gn/T/89257724658e7b75379ab37610ca5c21/android/app/src/main/res/drawable
build	Build iOS Locally on Free Cloud Mac	2026-08-22T22:38:21.1471350Z [PREBUILD] 2026-08-22T22:38:21.146Z expo:utils:tar write(644): /var/folders/g3/pffjr_y96bq06blnkf72x_hw0000gn/T/89257724658e7b75379ab37610ca5c21/android/app/src/main/res/drawable/ic_launcher_background.xml
build	Build iOS Locally on Free Cloud Mac	2026-08-22T22:38:21.1474130Z [PREBUILD] 2026-08-22T22:38:21.147Z expo:utils:tar write(644): /var/folders/g3/pffjr_y96bq06blnkf72x_hw0000gn/T/89257724658e7b75379ab37610ca5c21/android/app/src/main/res/drawable/rn_edit_text_material.xml
build	Build iOS Locally on Free Cloud Mac	2026-08-22T22:38:21.1476520Z [PREBUILD] 2026-08-22T22:38:21.147Z expo:utils:tar write(644): /var/folders/g3/pffjr_y96bq06blnkf72x_hw0000gn/T/89257724658e7b75379ab37610ca5c21/android/app/src/main/res/values/strings.xml
build	Build iOS Locally on Free Cloud Mac	2026-08-22T22:38:21.1479330Z [PREBUILD] 2026-08-22T22:38:21.147Z expo:utils:tar write(644): /var/folders/g3/pffjr_y96bq06blnkf72x_hw0000gn/T/89257724658e7b75379ab37610ca5c21/android/app/src/main/res/values/styles.xml
build	Build iOS Locally on Free Cloud Mac	2026-08-22T22:38:21.1481930Z [PREBUILD] 2026-08-22T22:38:21.148Z expo:utils:tar write(644): /var/folders/g3/pffjr_y96bq06blnkf72x_hw0000gn/T/89257724658e7b75379ab37610ca5c21/LICENSE
build	Build iOS Locally on Free Cloud Mac	2026-08-22T22:38:21.1519950Z [PREBUILD] 2026-08-22T22:38:21.151Z expo:prebuild:copyTemplateFiles All platforms have an internal gitignore: true
build	Build iOS Locally on Free Cloud Mac	2026-08-22T22:38:21.3635040Z [PREBUILD] 2026-08-22T22:38:21.354Z expo:prebuild:copyTemplateFiles Got files to transform: ["ios/Podfile","app.json","ios/Hence.xcodeproj/project.pbxproj","ios/Hence.xcodeproj/xcshareddata/xcschemes/Hence.xcscheme","ios/Hence.xcodeproj/project.xcworkspace/contents.xcworkspacedata","node_modules/react-native-qrcode-svg/Example/app.json","node_modules/expo/node_modules/@expo/log-box/app.json"]
build	Build iOS Locally on Free Cloud Mac	2026-08-22T22:38:21.3636600Z [PREBUILD] ✔ Created native directory
build	Build iOS Locally on Free Cloud Mac	2026-08-22T22:38:21.3738630Z [PREBUILD] 2026-08-22T22:38:21.355Z expo:prebuild:copyTemplateFiles Renaming app name in file: /private/var/folders/g3/pffjr_y96bq06blnkf72x_hw0000gn/T/eas-build-local-nodejs/e3c2f18c-efa8-490a-a480-4ca7aa049eaa/build/ios/Podfile
build	Build iOS Locally on Free Cloud Mac	2026-08-22T22:38:21.3740040Z [PREBUILD] - Updating package.json
build	Build iOS Locally on Free Cloud Mac	2026-08-22T22:38:21.3789760Z [PREBUILD] 2026-08-22T22:38:21.355Z expo:prebuild:copyTemplateFiles Renaming app name in file: /private/var/folders/g3/pffjr_y96bq06blnkf72x_hw0000gn/T/eas-build-local-nodejs/e3c2f18c-efa8-490a-a480-4ca7aa049eaa/build/app.json
build	Build iOS Locally on Free Cloud Mac	2026-08-22T22:38:21.3791110Z [PREBUILD] ✔ Updated package.json | no changes
build	Build iOS Locally on Free Cloud Mac	2026-08-22T22:38:21.3795910Z [PREBUILD] 2026-08-22T22:38:21.355Z expo:prebuild:copyTemplateFiles Renaming app name in file: /private/var/folders/g3/pffjr_y96bq06blnkf72x_hw0000gn/T/eas-build-local-nodejs/e3c2f18c-efa8-490a-a480-4ca7aa049eaa/build/ios/Hence.xcodeproj/project.pbxproj
build	Build iOS Locally on Free Cloud Mac	2026-08-22T22:38:21.3799530Z [PREBUILD] 2026-08-22T22:38:21.355Z expo:prebuild:copyTemplateFiles Renaming app name in file: /private/var/folders/g3/pffjr_y96bq06blnkf72x_hw0000gn/T/eas-build-local-nodejs/e3c2f18c-efa8-490a-a480-4ca7aa049eaa/build/ios/Hence.xcodeproj/project.xcworkspace/contents.xcworkspacedata
build	Build iOS Locally on Free Cloud Mac	2026-08-22T22:38:21.3838320Z [PREBUILD] 2026-08-22T22:38:21.355Z expo:prebuild:copyTemplateFiles Renaming app name in file: /private/var/folders/g3/pffjr_y96bq06blnkf72x_hw0000gn/T/eas-build-local-nodejs/e3c2f18c-efa8-490a-a480-4ca7aa049eaa/build/ios/Hence.xcodeproj/xcshareddata/xcschemes/Hence.xcscheme
build	Build iOS Locally on Free Cloud Mac	2026-08-22T22:38:21.3841910Z [PREBUILD] 2026-08-22T22:38:21.356Z expo:prebuild:copyTemplateFiles Renaming app name in file: /private/var/folders/g3/pffjr_y96bq06blnkf72x_hw0000gn/T/eas-build-local-nodejs/e3c2f18c-efa8-490a-a480-4ca7aa049eaa/build/node_modules/expo/node_modules/@expo/log-box/app.json
build	Build iOS Locally on Free Cloud Mac	2026-08-22T22:38:21.3844150Z [PREBUILD] 2026-08-22T22:38:21.356Z expo:prebuild:copyTemplateFiles Renaming app name in file: /private/var/folders/g3/pffjr_y96bq06blnkf72x_hw0000gn/T/eas-build-local-nodejs/e3c2f18c-efa8-490a-a480-4ca7aa049eaa/build/node_modules/react-native-qrcode-svg/Example/app.json
build	Build iOS Locally on Free Cloud Mac	2026-08-22T22:38:21.4616780Z [PREBUILD] 2026-08-22T22:38:21.461Z expo:config-plugins:ios:maps Google Maps API Key: null
build	Build iOS Locally on Free Cloud Mac	2026-08-22T22:38:21.4649940Z [PREBUILD] 2026-08-22T22:38:21.464Z expo:prebuild-config Skipping unlinked auto plugin: expo-firebase-analytics
build	Build iOS Locally on Free Cloud Mac	2026-08-22T22:38:21.4652970Z [PREBUILD] 2026-08-22T22:38:21.464Z expo:prebuild-config Skipping unlinked auto plugin: expo-firebase-core
build	Build iOS Locally on Free Cloud Mac	2026-08-22T22:38:21.4653890Z [PREBUILD] 2026-08-22T22:38:21.464Z expo:prebuild-config Skipping unlinked auto plugin: expo-google-sign-in
build	Build iOS Locally on Free Cloud Mac	2026-08-22T22:38:21.4658580Z [PREBUILD] 2026-08-22T22:38:21.464Z expo:prebuild-config Skipping unlinked auto plugin: expo-app-auth
build	Build iOS Locally on Free Cloud Mac	2026-08-22T22:38:21.4659290Z [PREBUILD] 2026-08-22T22:38:21.464Z expo:prebuild-config Skipping unlinked auto plugin: expo-av
build	Build iOS Locally on Free Cloud Mac	2026-08-22T22:38:21.4660020Z [PREBUILD] 2026-08-22T22:38:21.464Z expo:prebuild-config Skipping unlinked auto plugin: expo-background-fetch
build	Build iOS Locally on Free Cloud Mac	2026-08-22T22:38:21.4660750Z [PREBUILD] 2026-08-22T22:38:21.464Z expo:prebuild-config Skipping unlinked auto plugin: expo-brightness
build	Build iOS Locally on Free Cloud Mac	2026-08-22T22:38:21.4661430Z [PREBUILD] 2026-08-22T22:38:21.464Z expo:prebuild-config Skipping unlinked auto plugin: expo-calendar
build	Build iOS Locally on Free Cloud Mac	2026-08-22T22:38:21.4662120Z [PREBUILD] 2026-08-22T22:38:21.464Z expo:prebuild-config Skipping unlinked auto plugin: expo-cellular
build	Build iOS Locally on Free Cloud Mac	2026-08-22T22:38:21.4709700Z [PREBUILD] 2026-08-22T22:38:21.470Z expo:prebuild-config Skipping unlinked auto plugin: expo-media-library
build	Build iOS Locally on Free Cloud Mac	2026-08-22T22:38:21.4711040Z [PREBUILD] 2026-08-22T22:38:21.470Z expo:prebuild-config Skipping unlinked auto plugin: expo-screen-orientation
build	Build iOS Locally on Free Cloud Mac	2026-08-22T22:38:21.4711780Z [PREBUILD] 2026-08-22T22:38:21.470Z expo:prebuild-config Skipping unlinked auto plugin: expo-sensors
build	Build iOS Locally on Free Cloud Mac	2026-08-22T22:38:21.4719170Z [PREBUILD] 2026-08-22T22:38:21.471Z expo:prebuild-config Skipping unlinked auto plugin: expo-local-authentication
build	Build iOS Locally on Free Cloud Mac	2026-08-22T22:38:21.4804350Z [PREBUILD] 2026-08-22T22:38:21.480Z expo:config-plugins:mod-compiler run in order: dangerous, xcodeproj, entitlements, infoPlist, podfileProperties, podfile, appDelegate, expoPlist
build	Build iOS Locally on Free Cloud Mac	2026-08-22T22:38:21.4837280Z [PREBUILD] ios.dangerous: withDefaultBaseMods ➜ withIosBaseMods ➜ withGeneratedBaseMods ➜ withIosDangerousBaseMod
build	Build iOS Locally on Free Cloud Mac	2026-08-22T22:38:21.4838800Z [PREBUILD] 2026-08-22T22:38:21.483Z expo:config-plugins:base-mods mods.ios.dangerous: file path: [skipped]
build	Build iOS Locally on Free Cloud Mac	2026-08-22T22:38:21.4840250Z [PREBUILD] ios.dangerous: withIosExpoPlugins ➜ withPlugins ➜ withStaticPlugin ➜ withIosIcons ➜ withDangerousMod
build	Build iOS Locally on Free Cloud Mac	2026-08-22T22:38:21.8632010Z [PREBUILD] 2026-08-22T22:38:21.862Z expo:config-plugins:base-mods mods.ios.xcodeproj: file path: /private/var/folders/g3/pffjr_y96bq06blnkf72x_hw0000gn/T/eas-build-local-nodejs/e3c2f18c-efa8-490a-a480-4ca7aa049eaa/build/ios/Hence.xcodeproj/project.pbxproj
build	Build iOS Locally on Free Cloud Mac	2026-08-22T22:38:21.8633560Z [PREBUILD] ios.xcodeproj: withDefaultBaseMods ➜ withIosBaseMods ➜ withGeneratedBaseMods ➜ withIosXcodeprojBaseMod
build	Build iOS Locally on Free Cloud Mac	2026-08-22T22:38:21.8735360Z [PREBUILD] ios.xcodeproj: withIosExpoPlugins ➜ withPlugins ➜ withStaticPlugin ➜ withIosIcons ➜ withXcodeProject
build	Build iOS Locally on Free Cloud Mac	2026-08-22T22:38:21.8852970Z [PREBUILD] ios.xcodeproj: withIosExpoPlugins ➜ withPlugins ➜ withStaticPlugin ➜ withDevelopmentTeam ➜ withXcodeProject
build	Build iOS Locally on Free Cloud Mac	2026-08-22T22:38:21.8962690Z [PREBUILD] 2026-08-22T22:38:21.885Z expo:config-plugins:base-mods mods.ios.entitlements: file path: /private/var/folders/g3/pffjr_y96bq06blnkf72x_hw0000gn/T/eas-build-local-nodejs/e3c2f18c-efa8-490a-a480-4ca7aa049eaa/build/ios/Hence/Hence.entitlements
build	Build iOS Locally on Free Cloud Mac	2026-08-22T22:38:21.8964160Z [PREBUILD] ios.xcodeproj: withIosExpoPlugins ➜ withPlugins ➜ withStaticPlugin ➜ withLocales ➜ withXcodeProject
build	Build iOS Locally on Free Cloud Mac	2026-08-22T22:38:21.8966080Z [PREBUILD] 2026-08-22T22:38:21.895Z expo:config-plugins:base-mods mods.ios.infoPlist: file path: /private/var/folders/g3/pffjr_y96bq06blnkf72x_hw0000gn/T/eas-build-local-nodejs/e3c2f18c-efa8-490a-a480-4ca7aa049eaa/build/ios/Hence/Info.plist
build	Build iOS Locally on Free Cloud Mac	2026-08-22T22:38:21.9057690Z [PREBUILD] ios.xcodeproj: withIosExpoPlugins ➜ withPlugins ➜ withStaticPlugin ➜ withBitcode ➜ withXcodeProject
build	Build iOS Locally on Free Cloud Mac	2026-08-22T22:38:21.9068240Z [PREBUILD] 2026-08-22T22:38:21.897Z expo:config-plugins:ios:permissions Setting "NSPhotoLibraryUsageDescription" to "Hence Logistics needs photo library access to upload profile pictures and delivery receipts."
build	Build iOS Locally on Free Cloud Mac	2026-08-22T22:38:21.9159430Z [PREBUILD] ios.xcodeproj: withIosExpoPlugins ➜ withPlugins ➜ withStaticPlugin ➜ withDeviceFamily ➜ withXcodeProject
build	Build iOS Locally on Free Cloud Mac	2026-08-22T22:38:21.9170110Z [PREBUILD] 2026-08-22T22:38:21.897Z expo:config-plugins:ios:permissions Setting "NSCameraUsageDescription" to "Hence Logistics needs camera access to take photos for proof of delivery."
build	Build iOS Locally on Free Cloud Mac	2026-08-22T22:38:21.9261590Z [PREBUILD] ios.xcodeproj: withIosExpoPlugins ➜ withPlugins ➜ withStaticPlugin ➜ withDeploymentTarget ➜ withXcodeProject
build	Build iOS Locally on Free Cloud Mac	2026-08-22T22:38:21.9271810Z [PREBUILD] 2026-08-22T22:38:21.897Z expo:config-plugins:ios:permissions Setting "NSMicrophoneUsageDescription" to "Hence Logistics needs microphone access for voice notes and video delivery proof."
build	Build iOS Locally on Free Cloud Mac	2026-08-22T22:38:21.9337320Z [PREBUILD] ios.xcodeproj: withIosExpoPlugins ➜ withPlugins ➜ withStaticPlugin ➜ withGoogleServicesFile ➜ withXcodeProject
build	Build iOS Locally on Free Cloud Mac	2026-08-22T22:38:21.9339910Z [PREBUILD] 2026-08-22T22:38:21.898Z expo:config-plugins:ios:permissions Setting "NSLocationAlwaysAndWhenInUseUsageDescription" to "Allow Hence to use your location to find nearby jobs and track deliveries."
build	Build iOS Locally on Free Cloud Mac	2026-08-22T22:38:21.9348400Z [PREBUILD] ios.xcodeproj: withIosExpoPlugins ➜ withPlugins ➜ withStaticPlugin ➜ withProductName ➜ withXcodeProject
build	Build iOS Locally on Free Cloud Mac	2026-08-22T22:38:21.9363480Z [PREBUILD] 2026-08-22T22:38:21.898Z expo:config-plugins:ios:permissions Setting "NSLocationAlwaysUsageDescription" to "Allow $(PRODUCT_NAME) to access your location"
build	Build iOS Locally on Free Cloud Mac	2026-08-22T22:38:21.9364810Z [PREBUILD] ios.xcodeproj: withIosExpoPlugins ➜ withPlugins ➜ withStaticPlugin ➜ withBundleIdentifier ➜ withXcodeProject
build	Build iOS Locally on Free Cloud Mac	2026-08-22T22:38:21.9366950Z [PREBUILD] 2026-08-22T22:38:21.898Z expo:config-plugins:ios:permissions Setting "NSLocationWhenInUseUsageDescription" to "Hence Logistics needs your location to provide accurate tracking for deliveries."
build	Build iOS Locally on Free Cloud Mac	2026-08-22T22:38:21.9368360Z [PREBUILD] 2026-08-22T22:38:21.898Z expo:config-plugins:ios:permissions Setting "NSMotionUsageDescription" to "Allow $(PRODUCT_NAME) to detect your current motion activity"
build	Build iOS Locally on Free Cloud Mac	2026-08-22T22:38:21.9370040Z [PREBUILD] 2026-08-22T22:38:21.898Z expo:config-plugins:ios:permissions Setting "NSCameraUsageDescription" to "Hence needs camera access to scan QR codes and upload delivery proof."
build	Build iOS Locally on Free Cloud Mac	2026-08-22T22:38:21.9371330Z [PREBUILD] 2026-08-22T22:38:21.898Z expo:config-plugins:ios:permissions Setting "NSMicrophoneUsageDescription" to "Hence Logistics needs microphone access for voice notes and video delivery proof."
build	Build iOS Locally on Free Cloud Mac	2026-08-22T22:38:21.9372910Z [PREBUILD] 2026-08-22T22:38:21.899Z expo:config-plugins:base-mods mods.ios.podfileProperties: file path: /private/var/folders/g3/pffjr_y96bq06blnkf72x_hw0000gn/T/eas-build-local-nodejs/e3c2f18c-efa8-490a-a480-4ca7aa049eaa/build/ios/Podfile.properties.json
build	Build iOS Locally on Free Cloud Mac	2026-08-22T22:38:21.9374670Z [PREBUILD] 2026-08-22T22:38:21.901Z expo:config-plugins:base-mods mods.ios.podfile: file path: /private/var/folders/g3/pffjr_y96bq06blnkf72x_hw0000gn/T/eas-build-local-nodejs/e3c2f18c-efa8-490a-a480-4ca7aa049eaa/build/ios/Podfile
build	Build iOS Locally on Free Cloud Mac	2026-08-22T22:38:21.9375630Z [PREBUILD] 2026-08-22T22:38:21.901Z expo:config-plugins:ios:maps Is Expo Autolinked: true
build	Build iOS Locally on Free Cloud Mac	2026-08-22T22:38:21.9376900Z [PREBUILD] 2026-08-22T22:38:21.901Z expo:config-plugins:ios:maps react-native-maps path: /private/var/folders/g3/pffjr_y96bq06blnkf72x_hw0000gn/T/eas-build-local-nodejs/e3c2f18c-efa8-490a-a480-4ca7aa049eaa/build/node_modules/react-native-maps
build	Build iOS Locally on Free Cloud Mac	2026-08-22T22:38:21.9378720Z [PREBUILD] 2026-08-22T22:38:21.902Z expo:config-plugins:base-mods mods.ios.appDelegate: file path: /private/var/folders/g3/pffjr_y96bq06blnkf72x_hw0000gn/T/eas-build-local-nodejs/e3c2f18c-efa8-490a-a480-4ca7aa049eaa/build/ios/Hence/AppDelegate.swift
build	Build iOS Locally on Free Cloud Mac	2026-08-22T22:38:21.9380390Z [PREBUILD] 2026-08-22T22:38:21.903Z expo:config-plugins:base-mods mods.ios.expoPlist: file path: /private/var/folders/g3/pffjr_y96bq06blnkf72x_hw0000gn/T/eas-build-local-nodejs/e3c2f18c-efa8-490a-a480-4ca7aa049eaa/build/ios/Hence/Supporting/Expo.plist
build	Build iOS Locally on Free Cloud Mac	2026-08-22T22:38:21.9381420Z [PREBUILD] 2026-08-22T22:38:21.905Z expo:config-plugins:mod-compiler skip platform: android
build	Build iOS Locally on Free Cloud Mac	2026-08-22T22:38:21.9381930Z [PREBUILD] 2026-08-22T22:38:21.907Z expo:prebuild Skipped pod install
build	Build iOS Locally on Free Cloud Mac	2026-08-22T22:38:21.9382460Z [PREBUILD] 2026-08-22T22:38:21.911Z expo:telemetry:client:detached Detached flush started
build	Build iOS Locally on Free Cloud Mac	2026-08-22T22:38:21.9383280Z [PREBUILD] ios.xcodeproj: withStaticPlugin ➜ withRunOnce ➜ withStripLocalNetworkKeysForRelease ➜ withXcodeProject
build	Build iOS Locally on Free Cloud Mac	2026-08-22T22:38:21.9384270Z [PREBUILD] ios.xcodeproj: withStaticPlugin ➜ withRunOnce ➜ withNotifications ➜ withNotificationsIOS ➜ withNotificationSounds ➜ withXcodeProject
build	Build iOS Locally on Free Cloud Mac	2026-08-22T22:38:21.9385260Z [PREBUILD] ios.xcodeproj: withStaticPlugin ➜ withRunOnce ➜ withStripe ➜ withNoopSwiftFile ➜ withBuildSourceFile ➜ withXcodeProject
build	Build iOS Locally on Free Cloud Mac	2026-08-22T22:38:21.9386620Z [PREBUILD] ios.entitlements: withDefaultBaseMods ➜ withIosBaseMods ➜ withGeneratedBaseMods ➜ withIosEntitlementsBaseMod
build	Build iOS Locally on Free Cloud Mac	2026-08-22T22:38:21.9387560Z [PREBUILD] ios.entitlements: withIosExpoPlugins ➜ withPlugins ➜ withStaticPlugin ➜ withAssociatedDomains ➜ withEntitlementsPlist
build	Build iOS Locally on Free Cloud Mac	2026-08-22T22:38:21.9388510Z [PREBUILD] ios.entitlements: withStaticPlugin ➜ withExpoContacts ➜ withRunOnce ➜ withAccessesContactNotes ➜ withEntitlementsPlist
build	Build iOS Locally on Free Cloud Mac	2026-08-22T22:38:21.9389500Z [PREBUILD] ios.entitlements: withStaticPlugin ➜ withExpoAppleAuthentication ➜ withRunOnce ➜ withAppleSignInWarning ➜ withEntitlementsPlist
build	Build iOS Locally on Free Cloud Mac	2026-08-22T22:38:21.9390460Z [PREBUILD] ios.entitlements: withStaticPlugin ➜ withRunOnce ➜ withNotifications ➜ withNotificationsIOS ➜ withEntitlementsPlist
build	Build iOS Locally on Free Cloud Mac	2026-08-22T22:38:21.9391320Z [PREBUILD] ios.entitlements: withStaticPlugin ➜ withRunOnce ➜ withStripe ➜ withStripeIos ➜ withEntitlementsPlist
build	Build iOS Locally on Free Cloud Mac	2026-08-22T22:38:21.9392130Z [PREBUILD] ios.infoPlist: withDefaultBaseMods ➜ withIosBaseMods ➜ withGeneratedBaseMods ➜ withIosInfoPlistBaseMod
build	Build iOS Locally on Free Cloud Mac	2026-08-22T22:38:21.9392930Z [PREBUILD] ios.infoPlist: withIosExpoPlugins ➜ withPlugins ➜ withStaticPlugin ➜ withVersion ➜ withInfoPlist
build	Build iOS Locally on Free Cloud Mac	2026-08-22T22:38:21.9393770Z [PREBUILD] ios.infoPlist: withIosExpoPlugins ➜ withPlugins ➜ withStaticPlugin ➜ withBuildNumber ➜ withInfoPlist
build	Build iOS Locally on Free Cloud Mac	2026-08-22T22:38:21.9394870Z [PREBUILD] ios.infoPlist: withIosExpoPlugins ➜ withPlugins ➜ withStaticPlugin ➜ withUsesNonExemptEncryption ➜ withInfoPlist
build	Build iOS Locally on Free Cloud Mac	2026-08-22T22:38:21.9395710Z [PREBUILD] ios.infoPlist: withIosExpoPlugins ➜ withPlugins ➜ withStaticPlugin ➜ withMetroPort ➜ withInfoPlist
build	Build iOS Locally on Free Cloud Mac	2026-08-22T22:38:21.9396690Z [PREBUILD] ios.infoPlist: withIosExpoPlugins ➜ withPlugins ➜ withStaticPlugin ➜ withScheme ➜ withInfoPlist
build	Build iOS Locally on Free Cloud Mac	2026-08-22T22:38:21.9397530Z [PREBUILD] ios.infoPlist: withIosExpoPlugins ➜ withPlugins ➜ withStaticPlugin ➜ withRequiresFullScreen ➜ withInfoPlist
build	Build iOS Locally on Free Cloud Mac	2026-08-22T22:38:21.9398370Z [PREBUILD] ios.infoPlist: withIosExpoPlugins ➜ withPlugins ➜ withStaticPlugin ➜ withOrientation ➜ withInfoPlist
build	Build iOS Locally on Free Cloud Mac	2026-08-22T22:38:21.9399160Z [PREBUILD] ios.infoPlist: withIosExpoPlugins ➜ withPlugins ➜ withStaticPlugin ➜ withDisplayName ➜ withInfoPlist
build	Build iOS Locally on Free Cloud Mac	2026-08-22T22:38:21.9399950Z [PREBUILD] ios.infoPlist: withIosExpoPlugins ➜ withPlugins ➜ withStaticPlugin ➜ withGoogle ➜ withInfoPlist
build	Build iOS Locally on Free Cloud Mac	2026-08-22T22:38:21.9400660Z [PREBUILD] ios.infoPlist: withStaticPlugin ➜ withRunOnce ➜ withTaskManager ➜ withInfoPlist
build	Build iOS Locally on Free Cloud Mac	2026-08-22T22:38:21.9401400Z [PREBUILD] ios.infoPlist: withStaticPlugin ➜ withRunOnce ➜ withImagePicker ➜ withIosPermissions ➜ withInfoPlist
build	Build iOS Locally on Free Cloud Mac	2026-08-22T22:38:21.9402210Z [PREBUILD] ios.infoPlist: withStaticPlugin ➜ withRunOnce ➜ withDevClient ➜ withGeneratedIosScheme ➜ withInfoPlist
build	Build iOS Locally on Free Cloud Mac	2026-08-22T22:38:21.9403160Z [PREBUILD] ios.infoPlist: withStaticPlugin ➜ withRunOnce ➜ withLocalNetworkPermission ➜ withInfoPlist
build	Build iOS Locally on Free Cloud Mac	2026-08-22T22:38:21.9403810Z [PREBUILD] ios.infoPlist: withStaticPlugin ➜ withRunOnce ➜ withInfoPlist
build	Build iOS Locally on Free Cloud Mac	2026-08-22T22:38:21.9404600Z [PREBUILD] ios.infoPlist: withFallback ➜ withPlugins ➜ withStaticPlugin ➜ withIosUserInterfaceStyle ➜ withInfoPlist
build	Build iOS Locally on Free Cloud Mac	2026-08-22T22:38:21.9405480Z [PREBUILD] ios.infoPlist: withFallback ➜ withPlugins ➜ withStaticPlugin ➜ withIosRootViewBackgroundColor ➜ withInfoPlist
build	Build iOS Locally on Free Cloud Mac	2026-08-22T22:38:21.9406350Z [PREBUILD] ios.infoPlist: withFallback ➜ withPlugins ➜ withStaticPlugin ➜ withMaps ➜ withGoogleMapsKey ➜ withInfoPlist
build	Build iOS Locally on Free Cloud Mac	2026-08-22T22:38:21.9407150Z [PREBUILD] ios.infoPlist: withStaticPlugin ➜ withRunOnce ➜ withLocation ➜ withIosPermissions ➜ withInfoPlist
build	Build iOS Locally on Free Cloud Mac	2026-08-22T22:38:21.9407940Z [PREBUILD] ios.infoPlist: withStaticPlugin ➜ withRunOnce ➜ withCamera ➜ withIosPermissions ➜ withInfoPlist
build	Build iOS Locally on Free Cloud Mac	2026-08-22T22:38:21.9408850Z [PREBUILD] ios.podfileProperties: withDefaultBaseMods ➜ withIosBaseMods ➜ withGeneratedBaseMods ➜ withIosPodfilePropertiesBaseMod
build	Build iOS Locally on Free Cloud Mac	2026-08-22T22:38:21.9409890Z [PREBUILD] ios.podfileProperties: withIosExpoPlugins ➜ withPlugins ➜ withStaticPlugin ➜ withDeploymentTargetPodfileProps ➜ withPodfileProperties
build	Build iOS Locally on Free Cloud Mac	2026-08-22T22:38:21.9411030Z [PREBUILD] ios.podfileProperties: withVersionedExpoSDKPlugins ➜ withPlugins ➜ withStaticPlugin ➜ withInlineModules ➜ withIosInlineModules ➜ withPodfileProperties
build	Build iOS Locally on Free Cloud Mac	2026-08-22T22:38:21.9412240Z [PREBUILD] ios.podfileProperties: withUnversionedUpdates ➜ withUpdates ➜ withPlugins ➜ withStaticPlugin ➜ withUpdatesNativeDebugPodfileProps ➜ withPodfileProperties
build	Build iOS Locally on Free Cloud Mac	2026-08-22T22:38:21.9413420Z [PREBUILD] ios.podfileProperties: withConfigPlugins ➜ withPlugins ➜ withStaticPlugin ➜ withBuildProperties ➜ withIosBuildProperties ➜ withPodfileProperties
build	Build iOS Locally on Free Cloud Mac	2026-08-22T22:38:21.9414310Z [PREBUILD] ios.podfileProperties: withStaticPlugin ➜ withRunOnce ➜ withCamera ➜ withPodfileProperties
build	Build iOS Locally on Free Cloud Mac	2026-08-22T22:38:21.9415190Z [PREBUILD] ios.podfile: withDefaultBaseMods ➜ withIosBaseMods ➜ withGeneratedBaseMods ➜ withIosPodfileBaseMod
build	Build iOS Locally on Free Cloud Mac	2026-08-22T22:38:21.9416030Z [PREBUILD] ios.podfile: withFallback ➜ withPlugins ➜ withStaticPlugin ➜ withMaps ➜ withMapsCocoaPods ➜ withPodfile
build	Build iOS Locally on Free Cloud Mac	2026-08-22T22:38:21.9416840Z [PREBUILD] ios.podfile: withConfigPlugins ➜ withPlugins ➜ withStaticPlugin ➜ withDisableSandboxing ➜ withPodfile
build	Build iOS Locally on Free Cloud Mac	2026-08-22T22:38:21.9417680Z [PREBUILD] ios.appDelegate: withDefaultBaseMods ➜ withIosBaseMods ➜ withGeneratedBaseMods ➜ withIosAppDelegateBaseMod
build	Build iOS Locally on Free Cloud Mac	2026-08-22T22:38:21.9418610Z [PREBUILD] ios.appDelegate: withFallback ➜ withPlugins ➜ withStaticPlugin ➜ withMaps ➜ withGoogleMapsAppDelegate ➜ withAppDelegate
build	Build iOS Locally on Free Cloud Mac	2026-08-22T22:38:21.9419790Z [PREBUILD] ios.expoPlist: withDefaultBaseMods ➜ withIosBaseMods ➜ withGeneratedBaseMods ➜ withIosExpoPlistBaseMod
build	Build iOS Locally on Free Cloud Mac	2026-08-22T22:38:21.9420690Z [PREBUILD] ios.expoPlist: withUnversionedUpdates ➜ withUpdates ➜ withPlugins ➜ withStaticPlugin ➜ withUpdatesPlist ➜ withExpoPlist
build	Build iOS Locally on Free Cloud Mac	2026-08-22T22:38:21.9421180Z [PREBUILD] Evaluated config:
build	Build iOS Locally on Free Cloud Mac	2026-08-22T22:38:21.9421380Z [PREBUILD] {
build	Build iOS Locally on Free Cloud Mac	2026-08-22T22:38:21.9421620Z [PREBUILD]   name: ^[[32m'Hence'^[[39m,
build	Build iOS Locally on Free Cloud Mac	2026-08-22T22:38:21.9421940Z [PREBUILD]   slug: ^[[32m'HenceLogistics'^[[39m,
build	Build iOS Locally on Free Cloud Mac	2026-08-22T22:38:21.9422290Z [PREBUILD]   scheme: ^[[32m'hencelogistics'^[[39m,
build	Build iOS Locally on Free Cloud Mac	2026-08-22T22:38:21.9422610Z [PREBUILD]   version: ^[[32m'1.0.0'^[[39m,
build	Build iOS Locally on Free Cloud Mac	2026-08-22T22:38:21.9422930Z [PREBUILD]   orientation: ^[[32m'portrait'^[[39m,
build	Build iOS Locally on Free Cloud Mac	2026-08-22T22:38:21.9423280Z [PREBUILD]   icon: ^[[32m'./assets/icon.png'^[[39m,
build	Build iOS Locally on Free Cloud Mac	2026-08-22T22:38:21.9423640Z [PREBUILD]   userInterfaceStyle: ^[[32m'light'^[[39m,
build	Build iOS Locally on Free Cloud Mac	2026-08-22T22:38:21.9423910Z [PREBUILD]   plugins: [
build	Build iOS Locally on Free Cloud Mac	2026-08-22T22:38:21.9424080Z [PREBUILD]     [
build	Build iOS Locally on Free Cloud Mac	2026-08-22T22:38:21.9424400Z [PREBUILD]       ^[[32m'@stripe/stripe-react-native'^[[39m,
build	Build iOS Locally on Free Cloud Mac	2026-08-22T22:38:21.9424660Z [PREBUILD]       {
build	Build iOS Locally on Free Cloud Mac	2026-08-22T22:38:21.9425090Z [PREBUILD]         merchantIdentifier: ^[[32m'merchant.com.hencelogistics.test'^[[39m,
build	Build iOS Locally on Free Cloud Mac	2026-08-22T22:38:21.9425550Z [PREBUILD]         enableGooglePay: ^[[33mfalse^[[39m,
build	Build iOS Locally on Free Cloud Mac	2026-08-22T22:38:21.9426020Z [PREBUILD]         enableApplePay: ^[[33mtrue^[[39m
build	Build iOS Locally on Free Cloud Mac	2026-08-22T22:38:21.9426260Z [PREBUILD]       }
build	Build iOS Locally on Free Cloud Mac	2026-08-22T22:38:21.9426480Z [PREBUILD]     ],
build	Build iOS Locally on Free Cloud Mac	2026-08-22T22:38:21.9426720Z [PREBUILD]     ^[[32m'expo-font'^[[39m,
build	Build iOS Locally on Free Cloud Mac	2026-08-22T22:38:21.9426910Z [PREBUILD]     [
build	Build iOS Locally on Free Cloud Mac	2026-08-22T22:38:21.9427160Z [PREBUILD]       ^[[32m'expo-camera'^[[39m,
build	Build iOS Locally on Free Cloud Mac	2026-08-22T22:38:21.9427380Z [PREBUILD]       {
build	Build iOS Locally on Free Cloud Mac	2026-08-22T22:38:21.9427960Z [PREBUILD]         cameraPermission: ^[[32m'Hence needs camera access to scan QR codes and upload delivery proof.'^[[39m
build	Build iOS Locally on Free Cloud Mac	2026-08-22T22:38:21.9428610Z [PREBUILD]       }
build	Build iOS Locally on Free Cloud Mac	2026-08-22T22:38:21.9428780Z [PREBUILD]     ],
build	Build iOS Locally on Free Cloud Mac	2026-08-22T22:38:21.9428930Z [PREBUILD]     [
build	Build iOS Locally on Free Cloud Mac	2026-08-22T22:38:21.9429230Z [PREBUILD]       ^[[32m'expo-location'^[[39m,
build	Build iOS Locally on Free Cloud Mac	2026-08-22T22:38:21.9429620Z [PREBUILD]       {
build	Build iOS Locally on Free Cloud Mac	2026-08-22T22:38:21.9430320Z [PREBUILD]         locationAlwaysAndWhenInUsePermission: ^[[32m'Allow Hence to use your location to find nearby jobs and track deliveries.'^[[39m
build	Build iOS Locally on Free Cloud Mac	2026-08-22T22:38:21.9430810Z [PREBUILD]       }
build	Build iOS Locally on Free Cloud Mac	2026-08-22T22:38:21.9430980Z [PREBUILD]     ],
build	Build iOS Locally on Free Cloud Mac	2026-08-22T22:38:21.9431130Z [PREBUILD]     [
build	Build iOS Locally on Free Cloud Mac	2026-08-22T22:38:21.9431410Z [PREBUILD]       ^[[32m'expo-notifications'^[[39m,
build	Build iOS Locally on Free Cloud Mac	2026-08-22T22:38:21.9431650Z [PREBUILD]       {
build	Build iOS Locally on Free Cloud Mac	2026-08-22T22:38:21.9431920Z [PREBUILD]         color: ^[[32m'#1A7A4A'^[[39m
build	Build iOS Locally on Free Cloud Mac	2026-08-22T22:38:21.9432150Z [PREBUILD]       }
build	Build iOS Locally on Free Cloud Mac	2026-08-22T22:38:21.9432320Z [PREBUILD]     ],
build	Build iOS Locally on Free Cloud Mac	2026-08-22T22:38:21.9432680Z [PREBUILD]     ^[[32m'@react-native-community/datetimepicker'^[[39m,
build	Build iOS Locally on Free Cloud Mac	2026-08-22T22:38:21.9433050Z [PREBUILD]     ^[[32m'expo-sharing'^[[39m,
build	Build iOS Locally on Free Cloud Mac	2026-08-22T22:38:21.9433380Z [PREBUILD]     ^[[32m'expo-status-bar'^[[39m,
build	Build iOS Locally on Free Cloud Mac	2026-08-22T22:38:21.9433780Z [PREBUILD]     ^[[32m'./plugins/withDisableSandboxing.js'^[[39m,
build	Build iOS Locally on Free Cloud Mac	2026-08-22T22:38:21.9434050Z [PREBUILD]     [
build	Build iOS Locally on Free Cloud Mac	2026-08-22T22:38:21.9434350Z [PREBUILD]       ^[[32m'expo-build-properties'^[[39m,
build	Build iOS Locally on Free Cloud Mac	2026-08-22T22:38:21.9434600Z [PREBUILD]       {
build	Build iOS Locally on Free Cloud Mac	2026-08-22T22:38:21.9434770Z [PREBUILD]         ios: {
build	Build iOS Locally on Free Cloud Mac	2026-08-22T22:38:21.9435030Z [PREBUILD]           extraXCBuildSettings: {
build	Build iOS Locally on Free Cloud Mac	2026-08-22T22:38:21.9435460Z [PREBUILD]             ENABLE_USER_SCRIPT_SANDBOXING: ^[[32m'NO'^[[39m
build	Build iOS Locally on Free Cloud Mac	2026-08-22T22:38:21.9435730Z [PREBUILD]           }
build	Build iOS Locally on Free Cloud Mac	2026-08-22T22:38:21.9435900Z [PREBUILD]         }
build	Build iOS Locally on Free Cloud Mac	2026-08-22T22:38:21.9436080Z [PREBUILD]       }
build	Build iOS Locally on Free Cloud Mac	2026-08-22T22:38:21.9436220Z [PREBUILD]     ]
build	Build iOS Locally on Free Cloud Mac	2026-08-22T22:38:21.9436370Z [PREBUILD]   ],
build	Build iOS Locally on Free Cloud Mac	2026-08-22T22:38:21.9436640Z [PREBUILD]   description: ^[[90mundefined^[[39m,
build	Build iOS Locally on Free Cloud Mac	2026-08-22T22:38:21.9436980Z [PREBUILD]   sdkVersion: ^[[32m'57.0.0'^[[39m,
build	Build iOS Locally on Free Cloud Mac	2026-08-22T22:38:21.9437220Z [PREBUILD]   platforms: [
build	Build iOS Locally on Free Cloud Mac	2026-08-22T22:38:21.9437670Z [PREBUILD]     ^[[32m'ios'^[[39m,
build	Build iOS Locally on Free Cloud Mac	2026-08-22T22:38:21.9437940Z [PREBUILD]     ^[[32m'android'^[[39m
build	Build iOS Locally on Free Cloud Mac	2026-08-22T22:38:21.9438120Z [PREBUILD]   ],
build	Build iOS Locally on Free Cloud Mac	2026-08-22T22:38:21.9438290Z [PREBUILD]   splash: {
build	Build iOS Locally on Free Cloud Mac	2026-08-22T22:38:21.9438700Z [PREBUILD]     image: ^[[32m'./assets/splash-icon.png'^[[39m,
build	Build iOS Locally on Free Cloud Mac	2026-08-22T22:38:21.9439100Z [PREBUILD]     resizeMode: ^[[32m'contain'^[[39m,
build	Build iOS Locally on Free Cloud Mac	2026-08-22T22:38:21.9439450Z [PREBUILD]     backgroundColor: ^[[32m'#ffffff'^[[39m
build	Build iOS Locally on Free Cloud Mac	2026-08-22T22:38:21.9439690Z [PREBUILD]   },
build	Build iOS Locally on Free Cloud Mac	2026-08-22T22:38:21.9439850Z [PREBUILD]   ios: {
build	Build iOS Locally on Free Cloud Mac	2026-08-22T22:38:21.9440210Z [PREBUILD]     bundleIdentifier: ^[[32m'com.hence.oyedotun'^[[39m,
build	Build iOS Locally on Free Cloud Mac	2026-08-22T22:38:21.9440500Z [PREBUILD]     infoPlist: {
build	Build iOS Locally on Free Cloud Mac	2026-08-22T22:38:21.9440920Z [PREBUILD]       CADisableMinimumFrameDurationOnPhone: ^[[33mtrue^[[39m,
build	Build iOS Locally on Free Cloud Mac	2026-08-22T22:38:21.9441960Z [PREBUILD]       CFBundleDevelopmentRegion: ^[[32m'$(DEVELOPMENT_LANGUAGE)'^[[39m,
build	Build iOS Locally on Free Cloud Mac	2026-08-22T22:38:21.9442650Z [PREBUILD]       CFBundleExecutable: ^[[32m'$(EXECUTABLE_NAME)'^[[39m,
build	Build iOS Locally on Free Cloud Mac	2026-08-22T22:38:21.9443210Z [PREBUILD]       CFBundleIdentifier: ^[[32m'$(PRODUCT_BUNDLE_IDENTIFIER)'^[[39m,
build	Build iOS Locally on Free Cloud Mac	2026-08-22T22:38:21.9443710Z [PREBUILD]       CFBundleInfoDictionaryVersion: ^[[32m'6.0'^[[39m,
build	Build iOS Locally on Free Cloud Mac	2026-08-22T22:38:21.9444160Z [PREBUILD]       CFBundleName: ^[[32m'$(PRODUCT_NAME)'^[[39m,
build	Build iOS Locally on Free Cloud Mac	2026-08-22T22:38:21.9444680Z [PREBUILD]       CFBundlePackageType: ^[[32m'$(PRODUCT_BUNDLE_PACKAGE_TYPE)'^[[39m,
build	Build iOS Locally on Free Cloud Mac	2026-08-22T22:38:21.9445180Z [PREBUILD]       CFBundleShortVersionString: ^[[32m'1.0.0'^[[39m,
build	Build iOS Locally on Free Cloud Mac	2026-08-22T22:38:21.9445920Z [PREBUILD]       CFBundleSignature: ^[[32m'????'^[[39m,
build	Build iOS Locally on Free Cloud Mac	2026-08-22T22:38:21.9446780Z [PREBUILD]       CFBundleVersion: ^[[32m'1'^[[39m,
build	Build iOS Locally on Free Cloud Mac	2026-08-22T22:38:21.9447310Z [PREBUILD]       LSRequiresIPhoneOS: ^[[33mtrue^[[39m,
build	Build iOS Locally on Free Cloud Mac	2026-08-22T22:38:21.9447720Z [PREBUILD]       LSMinimumSystemVersion: ^[[32m'12.0'^[[39m,
build	Build iOS Locally on Free Cloud Mac	2026-08-22T22:38:21.9448160Z [PREBUILD]       NSAppTransportSecurity: [Object: null prototype] {
build	Build iOS Locally on Free Cloud Mac	2026-08-22T22:38:21.9448630Z [PREBUILD]         NSAllowsArbitraryLoads: ^[[33mfalse^[[39m,
build	Build iOS Locally on Free Cloud Mac	2026-08-22T22:38:21.9449050Z [PREBUILD]         NSAllowsLocalNetworking: ^[[33mtrue^[[39m
build	Build iOS Locally on Free Cloud Mac	2026-08-22T22:38:21.9449360Z [PREBUILD]       },
build	Build iOS Locally on Free Cloud Mac	2026-08-22T22:38:21.9449730Z [PREBUILD]       UILaunchStoryboardName: ^[[32m'SplashScreen'^[[39m,
build	Build iOS Locally on Free Cloud Mac	2026-08-22T22:38:21.9450110Z [PREBUILD]       UIRequiredDeviceCapabilities: [
build	Build iOS Locally on Free Cloud Mac	2026-08-22T22:38:21.9450430Z [PREBUILD]         ^[[32m'arm64'^[[39m
build	Build iOS Locally on Free Cloud Mac	2026-08-22T22:38:21.9450640Z [PREBUILD]       ],
build	Build iOS Locally on Free Cloud Mac	2026-08-22T22:38:21.9451010Z [PREBUILD]       UIStatusBarStyle: ^[[32m'UIStatusBarStyleDefault'^[[39m,
build	Build iOS Locally on Free Cloud Mac	2026-08-22T22:38:21.9451430Z [PREBUILD]       UISupportedInterfaceOrientations: [
build	Build iOS Locally on Free Cloud Mac	2026-08-22T22:38:21.9451860Z [PREBUILD]         ^[[32m'UIInterfaceOrientationPortrait'^[[39m,
build	Build iOS Locally on Free Cloud Mac	2026-08-22T22:38:21.9452350Z [PREBUILD]         ^[[32m'UIInterfaceOrientationPortraitUpsideDown'^[[39m
build	Build iOS Locally on Free Cloud Mac	2026-08-22T22:38:21.9452650Z [PREBUILD]       ],
build	Build iOS Locally on Free Cloud Mac	2026-08-22T22:38:21.9453060Z [PREBUILD]       UIViewControllerBasedStatusBarAppearance: ^[[33mfalse^[[39m,
build	Build iOS Locally on Free Cloud Mac	2026-08-22T22:38:21.9453450Z [PREBUILD]       UIBackgroundModes: [
build	Build iOS Locally on Free Cloud Mac	2026-08-22T22:38:21.9453740Z [PREBUILD]         ^[[32m'fetch'^[[39m,
build	Build iOS Locally on Free Cloud Mac	2026-08-22T22:38:21.9454070Z [PREBUILD]         ^[[32m'remote-notification'^[[39m
build	Build iOS Locally on Free Cloud Mac	2026-08-22T22:38:21.9454310Z [PREBUILD]       ],
build	Build iOS Locally on Free Cloud Mac	2026-08-22T22:38:21.9454920Z [PREBUILD]       NSCameraUsageDescription: ^[[32m'Hence needs camera access to scan QR codes and upload delivery proof.'^[[39m,
build	Build iOS Locally on Free Cloud Mac	2026-08-22T22:38:21.9455930Z [PREBUILD]       NSPhotoLibraryUsageDescription: ^[[32m'Hence Logistics needs photo library access to upload profile pictures and delivery receipts.'^[[39m,
build	Build iOS Locally on Free Cloud Mac	2026-08-22T22:38:21.9457010Z [PREBUILD]       NSLocationWhenInUseUsageDescription: ^[[32m'Hence Logistics needs your location to provide accurate tracking for deliveries.'^[[39m,
build	Build iOS Locally on Free Cloud Mac	2026-08-22T22:38:21.9458090Z [PREBUILD]       NSLocationAlwaysAndWhenInUseUsageDescription: ^[[32m'Allow Hence to use your location to find nearby jobs and track deliveries.'^[[39m,
build	Build iOS Locally on Free Cloud Mac	2026-08-22T22:38:21.9459140Z [PREBUILD]       NSMicrophoneUsageDescription: ^[[32m'Hence Logistics needs microphone access for voice notes and video delivery proof.'^[[39m,
build	Build iOS Locally on Free Cloud Mac	2026-08-22T22:38:21.9460330Z [PREBUILD]       NSUserTrackingUsageDescription: ^[[32m'Hence Logistics uses tracking to optimize the delivery experience.'^[[39m,
build	Build iOS Locally on Free Cloud Mac	2026-08-22T22:38:21.9461190Z [PREBUILD]       NSFaceIDUsageDescription: ^[[32m'Hence Logistics uses Face ID for secure driver login.'^[[39m,
build	Build iOS Locally on Free Cloud Mac	2026-08-22T22:38:21.9461770Z [PREBUILD]       ITSAppUsesNonExemptEncryption: ^[[33mfalse^[[39m,
build	Build iOS Locally on Free Cloud Mac	2026-08-22T22:38:21.9462220Z [PREBUILD]       RCTMetroPort: ^[[32m'$(RCT_METRO_PORT)'^[[39m,
build	Build iOS Locally on Free Cloud Mac	2026-08-22T22:38:21.9462590Z [PREBUILD]       CFBundleURLTypes: [
build	Build iOS Locally on Free Cloud Mac	2026-08-22T22:38:21.9462800Z [PREBUILD]         {
build	Build iOS Locally on Free Cloud Mac	2026-08-22T22:38:21.9463050Z [PREBUILD]           CFBundleURLSchemes: [
build	Build iOS Locally on Free Cloud Mac	2026-08-22T22:38:21.9463390Z [PREBUILD]             ^[[32m'hencelogistics'^[[39m,
build	Build iOS Locally on Free Cloud Mac	2026-08-22T22:38:21.9463760Z [PREBUILD]             ^[[32m'com.hence.oyedotun'^[[39m
build	Build iOS Locally on Free Cloud Mac	2026-08-22T22:38:21.9464010Z [PREBUILD]           ]
build	Build iOS Locally on Free Cloud Mac	2026-08-22T22:38:21.9464190Z [PREBUILD]         },
build	Build iOS Locally on Free Cloud Mac	2026-08-22T22:38:21.9464360Z [PREBUILD]         {
build	Build iOS Locally on Free Cloud Mac	2026-08-22T22:38:21.9464600Z [PREBUILD]           CFBundleURLSchemes: [
build	Build iOS Locally on Free Cloud Mac	2026-08-22T22:38:21.9464940Z [PREBUILD]             ^[[32m'exp+hencelogistics'^[[39m
build	Build iOS Locally on Free Cloud Mac	2026-08-22T22:38:21.9465180Z [PREBUILD]           ]
build	Build iOS Locally on Free Cloud Mac	2026-08-22T22:38:21.9465360Z [PREBUILD]         }
build	Build iOS Locally on Free Cloud Mac	2026-08-22T22:38:21.9465520Z [PREBUILD]       ],
build	Build iOS Locally on Free Cloud Mac	2026-08-22T22:38:21.9465950Z [PREBUILD]       UIRequiresFullScreen: ^[[33mfalse^[[39m,
build	Build iOS Locally on Free Cloud Mac	2026-08-22T22:38:21.9466340Z [PREBUILD]       CFBundleDisplayName: ^[[32m'Hence'^[[39m,
build	Build iOS Locally on Free Cloud Mac	2026-08-22T22:38:21.9466750Z [PREBUILD]       NSBonjourServices: [
build	Build iOS Locally on Free Cloud Mac	2026-08-22T22:38:21.9467070Z [PREBUILD]         ^[[32m'_expo._tcp'^[[39m
build	Build iOS Locally on Free Cloud Mac	2026-08-22T22:38:21.9467280Z [PREBUILD]       ],
build	Build iOS Locally on Free Cloud Mac	2026-08-22T22:38:21.9468310Z [PREBUILD]       NSLocalNetworkUsageDescription: ^[[32m'Expo Dev Launcher uses the local network to discover and connect to development servers running on your computer.'^[[39m,
build	Build iOS Locally on Free Cloud Mac	2026-08-22T22:38:21.9470170Z [PREBUILD]       UIUserInterfaceStyle: ^[[32m'Light'^[[39m,
build	Build iOS Locally on Free Cloud Mac	2026-08-22T22:38:21.9470840Z [PREBUILD]       NSLocationAlwaysUsageDescription: ^[[32m'Allow $(PRODUCT_NAME) to access your location'^[[39m,
build	Build iOS Locally on Free Cloud Mac	2026-08-22T22:38:21.9471660Z [PREBUILD]       NSMotionUsageDescription: ^[[32m'Allow $(PRODUCT_NAME) to detect your current motion activity'^[[39m
build	Build iOS Locally on Free Cloud Mac	2026-08-22T22:38:21.9472080Z [PREBUILD]     },
build	Build iOS Locally on Free Cloud Mac	2026-08-22T22:38:21.9472290Z [PREBUILD]     entitlements: {
build	Build iOS Locally on Free Cloud Mac	2026-08-22T22:38:21.9472690Z [PREBUILD]       ^[[32m'aps-environment'^[[39m: ^[[32m'development'^[[39m,
build	Build iOS Locally on Free Cloud Mac	2026-08-22T22:38:21.9473170Z [PREBUILD]       ^[[32m'com.apple.developer.in-app-payments'^[[39m: [
build	Build iOS Locally on Free Cloud Mac	2026-08-22T22:38:21.9473630Z [PREBUILD]         ^[[32m'merchant.com.hencelogistics.test'^[[39m
build	Build iOS Locally on Free Cloud Mac	2026-08-22T22:38:21.9473910Z [PREBUILD]       ]
build	Build iOS Locally on Free Cloud Mac	2026-08-22T22:38:21.9474060Z [PREBUILD]     }
build	Build iOS Locally on Free Cloud Mac	2026-08-22T22:38:21.9474200Z [PREBUILD]   },
build	Build iOS Locally on Free Cloud Mac	2026-08-22T22:38:21.9474360Z [PREBUILD]   android: {
build	Build iOS Locally on Free Cloud Mac	2026-08-22T22:38:21.9474700Z [PREBUILD]     package: ^[[32m'com.hencelogistics.app'^[[39m,
build	Build iOS Locally on Free Cloud Mac	2026-08-22T22:38:21.9475100Z [PREBUILD]     usesCleartextTraffic: ^[[33mtrue^[[39m,
build	Build iOS Locally on Free Cloud Mac	2026-08-22T22:38:21.9475370Z [PREBUILD]     permissions: [
build	Build iOS Locally on Free Cloud Mac	2026-08-22T22:38:21.9475770Z [PREBUILD]       ^[[32m'android.permission.ACCESS_FINE_LOCATION'^[[39m,
build	Build iOS Locally on Free Cloud Mac	2026-08-22T22:38:21.9476250Z [PREBUILD]       ^[[32m'android.permission.ACCESS_COARSE_LOCATION'^[[39m,
build	Build iOS Locally on Free Cloud Mac	2026-08-22T22:38:21.9476760Z [PREBUILD]       ^[[32m'android.permission.ACCESS_BACKGROUND_LOCATION'^[[39m,
build	Build iOS Locally on Free Cloud Mac	2026-08-22T22:38:21.9477200Z [PREBUILD]       ^[[32m'android.permission.CAMERA'^[[39m,
build	Build iOS Locally on Free Cloud Mac	2026-08-22T22:38:21.9477640Z [PREBUILD]       ^[[32m'android.permission.FOREGROUND_SERVICE'^[[39m,
build	Build iOS Locally on Free Cloud Mac	2026-08-22T22:38:21.9478140Z [PREBUILD]       ^[[32m'android.permission.FOREGROUND_SERVICE_LOCATION'^[[39m,
build	Build iOS Locally on Free Cloud Mac	2026-08-22T22:38:21.9478610Z [PREBUILD]       ^[[32m'android.permission.RECORD_AUDIO'^[[39m,
build	Build iOS Locally on Free Cloud Mac	2026-08-22T22:38:21.9479020Z [PREBUILD]       ^[[32m'android.permission.CAMERA'^[[39m,
build	Build iOS Locally on Free Cloud Mac	2026-08-22T22:38:21.9479430Z [PREBUILD]       ^[[32m'android.permission.RECORD_AUDIO'^[[39m,
build	Build iOS Locally on Free Cloud Mac	2026-08-22T22:38:21.9479880Z [PREBUILD]       ^[[32m'android.permission.ACCESS_COARSE_LOCATION'^[[39m,
build	Build iOS Locally on Free Cloud Mac	2026-08-22T22:38:21.9480360Z [PREBUILD]       ^[[32m'android.permission.ACCESS_FINE_LOCATION'^[[39m
build	Build iOS Locally on Free Cloud Mac	2026-08-22T22:38:21.9480790Z [PREBUILD]     ],
build	Build iOS Locally on Free Cloud Mac	2026-08-22T22:38:21.9480990Z [PREBUILD]     adaptiveIcon: {
build	Build iOS Locally on Free Cloud Mac	2026-08-22T22:38:21.9481400Z [PREBUILD]       foregroundImage: ^[[32m'./assets/adaptive-icon.png'^[[39m,
build	Build iOS Locally on Free Cloud Mac	2026-08-22T22:38:21.9481830Z [PREBUILD]       backgroundColor: ^[[32m'#ffffff'^[[39m
build	Build iOS Locally on Free Cloud Mac	2026-08-22T22:38:21.9482060Z [PREBUILD]     }
build	Build iOS Locally on Free Cloud Mac	2026-08-22T22:38:21.9482200Z [PREBUILD]   },
build	Build iOS Locally on Free Cloud Mac	2026-08-22T22:38:21.9482370Z [PREBUILD]   web: {
build	Build iOS Locally on Free Cloud Mac	2026-08-22T22:38:21.9482670Z [PREBUILD]     favicon: ^[[32m'./assets/favicon.png'^[[39m
build	Build iOS Locally on Free Cloud Mac	2026-08-22T22:38:21.9483180Z [PREBUILD]   },
build	Build iOS Locally on Free Cloud Mac	2026-08-22T22:38:21.9483440Z [PREBUILD]   extra: {
build	Build iOS Locally on Free Cloud Mac	2026-08-22T22:38:21.9489400Z [PREBUILD]     eas: {
build	Build iOS Locally on Free Cloud Mac	2026-08-22T22:38:21.9489860Z [PREBUILD]       projectId: ^[[32m'b0ad43f4-c5c8-4274-9639-2f6965170365'^[[39m
build	Build iOS Locally on Free Cloud Mac	2026-08-22T22:38:21.9490160Z [PREBUILD]     }
build	Build iOS Locally on Free Cloud Mac	2026-08-22T22:38:21.9490310Z [PREBUILD]   },
build	Build iOS Locally on Free Cloud Mac	2026-08-22T22:38:21.9490480Z [PREBUILD]   _internal: {
build	Build iOS Locally on Free Cloud Mac	2026-08-22T22:38:21.9490750Z [PREBUILD]     isDebug: ^[[33mtrue^[[39m,
build	Build iOS Locally on Free Cloud Mac	2026-08-22T22:38:21.9491600Z [PREBUILD]     projectRoot: ^[[32m'/private/var/folders/g3/pffjr_y96bq06blnkf72x_hw0000gn/T/eas-build-local-nodejs/e3c2f18c-efa8-490a-a480-4ca7aa049eaa/build'^[[39m,
build	Build iOS Locally on Free Cloud Mac	2026-08-22T22:38:21.9492830Z [PREBUILD]     staticConfigPath: ^[[32m'/private/var/folders/g3/pffjr_y96bq06blnkf72x_hw0000gn/T/eas-build-local-nodejs/e3c2f18c-efa8-490a-a480-4ca7aa049eaa/build/app.json'^[[39m,
build	Build iOS Locally on Free Cloud Mac	2026-08-22T22:38:21.9494100Z [PREBUILD]     packageJsonPath: ^[[32m'/private/var/folders/g3/pffjr_y96bq06blnkf72x_hw0000gn/T/eas-build-local-nodejs/e3c2f18c-efa8-490a-a480-4ca7aa049eaa/build/package.json'^[[39m,
build	Build iOS Locally on Free Cloud Mac	2026-08-22T22:38:21.9494950Z [PREBUILD]     autolinkedModules: [
build	Build iOS Locally on Free Cloud Mac	2026-08-22T22:38:21.9495270Z [PREBUILD]       ^[[32m'@expo/dom-webview'^[[39m,
build	Build iOS Locally on Free Cloud Mac	2026-08-22T22:38:21.9495600Z [PREBUILD]       ^[[32m'@expo/log-box'^[[39m,
build	Build iOS Locally on Free Cloud Mac	2026-08-22T22:38:21.9495890Z [PREBUILD]       ^[[32m'expo'^[[39m,
build	Build iOS Locally on Free Cloud Mac	2026-08-22T22:38:21.9496190Z [PREBUILD]       ^[[32m'expo-application'^[[39m,
build	Build iOS Locally on Free Cloud Mac	2026-08-22T22:38:21.9496510Z [PREBUILD]       ^[[32m'expo-asset'^[[39m,
build	Build iOS Locally on Free Cloud Mac	2026-08-22T22:38:21.9496800Z [PREBUILD]       ^[[32m'expo-blur'^[[39m,
build	Build iOS Locally on Free Cloud Mac	2026-08-22T22:38:21.9497090Z [PREBUILD]       ^[[32m'expo-camera'^[[39m,
build	Build iOS Locally on Free Cloud Mac	2026-08-22T22:38:21.9497410Z [PREBUILD]       ^[[32m'expo-clipboard'^[[39m,
build	Build iOS Locally on Free Cloud Mac	2026-08-22T22:38:21.9497720Z [PREBUILD]       ^[[32m'expo-constants'^[[39m,
build	Build iOS Locally on Free Cloud Mac	2026-08-22T22:38:21.9498050Z [PREBUILD]       ^[[32m'expo-dev-client'^[[39m,
build	Build iOS Locally on Free Cloud Mac	2026-08-22T22:38:21.9498390Z [PREBUILD]       ^[[32m'expo-dev-launcher'^[[39m,
build	Build iOS Locally on Free Cloud Mac	2026-08-22T22:38:21.9498720Z [PREBUILD]       ^[[32m'expo-dev-menu'^[[39m,
build	Build iOS Locally on Free Cloud Mac	2026-08-22T22:38:21.9499080Z [PREBUILD]       ^[[32m'expo-dev-menu-interface'^[[39m,
build	Build iOS Locally on Free Cloud Mac	2026-08-22T22:38:21.9499420Z [PREBUILD]       ^[[32m'expo-device'^[[39m,
build	Build iOS Locally on Free Cloud Mac	2026-08-22T22:38:21.9499750Z [PREBUILD]       ^[[32m'expo-file-system'^[[39m,
build	Build iOS Locally on Free Cloud Mac	2026-08-22T22:38:21.9500050Z [PREBUILD]       ^[[32m'expo-font'^[[39m,
build	Build iOS Locally on Free Cloud Mac	2026-08-22T22:38:21.9500350Z [PREBUILD]       ^[[32m'expo-haptics'^[[39m,
build	Build iOS Locally on Free Cloud Mac	2026-08-22T22:38:21.9500670Z [PREBUILD]       ^[[32m'expo-image-picker'^[[39m,
build	Build iOS Locally on Free Cloud Mac	2026-08-22T22:38:21.9501000Z [PREBUILD]       ^[[32m'expo-json-utils'^[[39m,
build	Build iOS Locally on Free Cloud Mac	2026-08-22T22:38:21.9501340Z [PREBUILD]       ^[[32m'expo-keep-awake'^[[39m,
build	Build iOS Locally on Free Cloud Mac	2026-08-22T22:38:21.9501680Z [PREBUILD]       ^[[32m'expo-linear-gradient'^[[39m,
build	Build iOS Locally on Free Cloud Mac	2026-08-22T22:38:21.9502000Z [PREBUILD]       ^[[32m'expo-linking'^[[39m,
build	Build iOS Locally on Free Cloud Mac	2026-08-22T22:38:21.9502310Z [PREBUILD]       ^[[32m'expo-location'^[[39m,
build	Build iOS Locally on Free Cloud Mac	2026-08-22T22:38:21.9502630Z [PREBUILD]       ^[[32m'expo-manifests'^[[39m,
build	Build iOS Locally on Free Cloud Mac	2026-08-22T22:38:21.9502960Z [PREBUILD]       ^[[32m'expo-modules-core'^[[39m,
build	Build iOS Locally on Free Cloud Mac	2026-08-22T22:38:21.9503520Z [PREBUILD]       ^[[32m'expo-modules-jsi'^[[39m,
build	Build iOS Locally on Free Cloud Mac	2026-08-22T22:38:21.9503860Z [PREBUILD]       ^[[32m'expo-notifications'^[[39m,
build	Build iOS Locally on Free Cloud Mac	2026-08-22T22:38:21.9504190Z [PREBUILD]       ^[[32m'expo-sharing'^[[39m,
build	Build iOS Locally on Free Cloud Mac	2026-08-22T22:38:21.9504490Z [PREBUILD]       ^[[32m'expo-speech'^[[39m,
build	Build iOS Locally on Free Cloud Mac	2026-08-22T22:38:21.9504810Z [PREBUILD]       ^[[32m'expo-task-manager'^[[39m,
build	Build iOS Locally on Free Cloud Mac	2026-08-22T22:38:21.9505170Z [PREBUILD]       ^[[32m'expo-updates-interface'^[[39m,
build	Build iOS Locally on Free Cloud Mac	2026-08-22T22:38:21.9505530Z [PREBUILD]       ^[[32m'unimodules-app-loader'^[[39m
build	Build iOS Locally on Free Cloud Mac	2026-08-22T22:38:21.9505880Z [PREBUILD]     ],
build	Build iOS Locally on Free Cloud Mac	2026-08-22T22:38:21.9506300Z [PREBUILD]     templateChecksum: ^[[32m'afd5d1cf8464f7c0d801f03c638c3c51'^[[39m,
build	Build iOS Locally on Free Cloud Mac	2026-08-22T22:38:21.9506670Z [PREBUILD]     dynamicConfigPath: {},
build	Build iOS Locally on Free Cloud Mac	2026-08-22T22:38:21.9506930Z [PREBUILD]     pluginHistory: {
build	Build iOS Locally on Free Cloud Mac	2026-08-22T22:38:21.9507280Z [PREBUILD]       ^[[32m'@stripe/stripe-react-native'^[[39m: {
build	Build iOS Locally on Free Cloud Mac	2026-08-22T22:38:21.9507720Z [PREBUILD]         name: ^[[32m'@stripe/stripe-react-native'^[[39m,
build	Build iOS Locally on Free Cloud Mac	2026-08-22T22:38:21.9508100Z [PREBUILD]         version: ^[[32m'0.64.0'^[[39m
build	Build iOS Locally on Free Cloud Mac	2026-08-22T22:38:21.9508330Z [PREBUILD]       },
build	Build iOS Locally on Free Cloud Mac	2026-08-22T22:38:21.9508580Z [PREBUILD]       ^[[32m'expo-font'^[[39m: {
build	Build iOS Locally on Free Cloud Mac	2026-08-22T22:38:21.9508910Z [PREBUILD]         name: ^[[32m'expo-font'^[[39m,
build	Build iOS Locally on Free Cloud Mac	2026-08-22T22:38:21.9509240Z [PREBUILD]         version: ^[[32m'57.0.1'^[[39m
build	Build iOS Locally on Free Cloud Mac	2026-08-22T22:38:21.9509520Z [PREBUILD]       },
build	Build iOS Locally on Free Cloud Mac	2026-08-22T22:38:21.9509780Z [PREBUILD]       ^[[32m'expo-camera'^[[39m: {
build	Build iOS Locally on Free Cloud Mac	2026-08-22T22:38:21.9510120Z [PREBUILD]         name: ^[[32m'expo-camera'^[[39m,
build	Build iOS Locally on Free Cloud Mac	2026-08-22T22:38:21.9510450Z [PREBUILD]         version: ^[[32m'57.0.3'^[[39m
build	Build iOS Locally on Free Cloud Mac	2026-08-22T22:38:21.9510770Z [PREBUILD]       },
build	Build iOS Locally on Free Cloud Mac	2026-08-22T22:38:21.9511070Z [PREBUILD]       ^[[32m'expo-location'^[[39m: {
build	Build iOS Locally on Free Cloud Mac	2026-08-22T22:38:21.9511420Z [PREBUILD]         name: ^[[32m'expo-location'^[[39m,
build	Build iOS Locally on Free Cloud Mac	2026-08-22T22:38:21.9511770Z [PREBUILD]         version: ^[[32m'57.0.10'^[[39m
build	Build iOS Locally on Free Cloud Mac	2026-08-22T22:38:21.9512010Z [PREBUILD]       },
build	Build iOS Locally on Free Cloud Mac	2026-08-22T22:38:21.9512310Z [PREBUILD]       ^[[32m'expo-notifications'^[[39m: {
build	Build iOS Locally on Free Cloud Mac	2026-08-22T22:38:21.9512810Z [PREBUILD]         name: ^[[32m'expo-notifications'^[[39m,
build	Build iOS Locally on Free Cloud Mac	2026-08-22T22:38:21.9513160Z [PREBUILD]         version: ^[[32m'57.0.11'^[[39m
build	Build iOS Locally on Free Cloud Mac	2026-08-22T22:38:21.9513390Z [PREBUILD]       },
build	Build iOS Locally on Free Cloud Mac	2026-08-22T22:38:21.9513650Z [PREBUILD]       ^[[32m'expo-sharing'^[[39m: {
build	Build iOS Locally on Free Cloud Mac	2026-08-22T22:38:21.9513990Z [PREBUILD]         name: ^[[32m'expo-sharing'^[[39m,
build	Build iOS Locally on Free Cloud Mac	2026-08-22T22:38:21.9514330Z [PREBUILD]         version: ^[[32m'57.0.12'^[[39m
build	Build iOS Locally on Free Cloud Mac	2026-08-22T22:38:21.9514560Z [PREBUILD]       },
build	Build iOS Locally on Free Cloud Mac	2026-08-22T22:38:21.9515000Z [PREBUILD]       ^[[32m'expo-status-bar'^[[39m: {
build	Build iOS Locally on Free Cloud Mac	2026-08-22T22:38:21.9515370Z [PREBUILD]         name: ^[[32m'expo-status-bar'^[[39m,
build	Build iOS Locally on Free Cloud Mac	2026-08-22T22:38:21.9515720Z [PREBUILD]         version: ^[[32m'57.0.1'^[[39m
build	Build iOS Locally on Free Cloud Mac	2026-08-22T22:38:21.9515930Z [PREBUILD]       },
build	Build iOS Locally on Free Cloud Mac	2026-08-22T22:38:21.9516210Z [PREBUILD]       ^[[32m'react-native-maps'^[[39m: {
build	Build iOS Locally on Free Cloud Mac	2026-08-22T22:38:21.9516580Z [PREBUILD]         name: ^[[32m'react-native-maps'^[[39m,
build	Build iOS Locally on Free Cloud Mac	2026-08-22T22:38:21.9516950Z [PREBUILD]         version: ^[[32m'UNVERSIONED'^[[39m
build	Build iOS Locally on Free Cloud Mac	2026-08-22T22:38:21.9517180Z [PREBUILD]       },
build	Build iOS Locally on Free Cloud Mac	2026-08-22T22:38:21.9517500Z [PREBUILD]       ^[[32m'expo-apple-authentication'^[[39m: {
build	Build iOS Locally on Free Cloud Mac	2026-08-22T22:38:21.9517920Z [PREBUILD]         name: ^[[32m'expo-apple-authentication'^[[39m,
build	Build iOS Locally on Free Cloud Mac	2026-08-22T22:38:21.9518360Z [PREBUILD]         version: ^[[32m'UNVERSIONED'^[[39m
build	Build iOS Locally on Free Cloud Mac	2026-08-22T22:38:21.9518590Z [PREBUILD]       },
build	Build iOS Locally on Free Cloud Mac	2026-08-22T22:38:21.9518860Z [PREBUILD]       ^[[32m'expo-contacts'^[[39m: {
build	Build iOS Locally on Free Cloud Mac	2026-08-22T22:38:21.9519210Z [PREBUILD]         name: ^[[32m'expo-contacts'^[[39m,
build	Build iOS Locally on Free Cloud Mac	2026-08-22T22:38:21.9519570Z [PREBUILD]         version: ^[[32m'UNVERSIONED'^[[39m
build	Build iOS Locally on Free Cloud Mac	2026-08-22T22:38:21.9519810Z [PREBUILD]       },
build	Build iOS Locally on Free Cloud Mac	2026-08-22T22:38:21.9520080Z [PREBUILD]       ^[[32m'expo-updates'^[[39m: {
build	Build iOS Locally on Free Cloud Mac	2026-08-22T22:38:21.9520420Z [PREBUILD]         name: ^[[32m'expo-updates'^[[39m,
build	Build iOS Locally on Free Cloud Mac	2026-08-22T22:38:21.9520830Z [PREBUILD]         version: ^[[32m'UNVERSIONED'^[[39m
build	Build iOS Locally on Free Cloud Mac	2026-08-22T22:38:21.9521060Z [PREBUILD]       },
build	Build iOS Locally on Free Cloud Mac	2026-08-22T22:38:21.9521350Z [PREBUILD]       ^[[32m'expo-document-picker'^[[39m: {
build	Build iOS Locally on Free Cloud Mac	2026-08-22T22:38:21.9521740Z [PREBUILD]         name: ^[[32m'expo-document-picker'^[[39m,
build	Build iOS Locally on Free Cloud Mac	2026-08-22T22:38:21.9522120Z [PREBUILD]         version: ^[[32m'UNVERSIONED'^[[39m
build	Build iOS Locally on Free Cloud Mac	2026-08-22T22:38:21.9522350Z [PREBUILD]       },
build	Build iOS Locally on Free Cloud Mac	2026-08-22T22:38:21.9522620Z [PREBUILD]       ^[[32m'expo-system-ui'^[[39m: {
build	Build iOS Locally on Free Cloud Mac	2026-08-22T22:38:21.9522980Z [PREBUILD]         name: ^[[32m'expo-system-ui'^[[39m,
build	Build iOS Locally on Free Cloud Mac	2026-08-22T22:38:21.9523330Z [PREBUILD]         version: ^[[32m'UNVERSIONED'^[[39m
build	Build iOS Locally on Free Cloud Mac	2026-08-22T22:38:21.9523570Z [PREBUILD]       },
build	Build iOS Locally on Free Cloud Mac	2026-08-22T22:38:21.9523840Z [PREBUILD]       ^[[32m'expo-dev-menu'^[[39m: {
build	Build iOS Locally on Free Cloud Mac	2026-08-22T22:38:21.9524350Z [PREBUILD]         name: ^[[32m'expo-dev-menu'^[[39m,
build	Build iOS Locally on Free Cloud Mac	2026-08-22T22:38:21.9524700Z [PREBUILD]         version: ^[[32m'57.0.12'^[[39m
build	Build iOS Locally on Free Cloud Mac	2026-08-22T22:38:21.9524920Z [PREBUILD]       },
build	Build iOS Locally on Free Cloud Mac	2026-08-22T22:38:21.9525220Z [PREBUILD]       ^[[32m'expo-dev-launcher'^[[39m: {
build	Build iOS Locally on Free Cloud Mac	2026-08-22T22:38:21.9525660Z [PREBUILD]         name: ^[[32m'expo-dev-launcher'^[[39m,
build	Build iOS Locally on Free Cloud Mac	2026-08-22T22:38:21.9526140Z [PREBUILD]         version: ^[[32m'57.0.12'^[[39m
build	Build iOS Locally on Free Cloud Mac	2026-08-22T22:38:21.9526370Z [PREBUILD]       },
build	Build iOS Locally on Free Cloud Mac	2026-08-22T22:38:21.9526680Z [PREBUILD]       ^[[32m'expo-dev-client'^[[39m: {
build	Build iOS Locally on Free Cloud Mac	2026-08-22T22:38:21.9527050Z [PREBUILD]         name: ^[[32m'expo-dev-client'^[[39m,
build	Build iOS Locally on Free Cloud Mac	2026-08-22T22:38:21.9527400Z [PREBUILD]         version: ^[[32m'57.0.12'^[[39m
build	Build iOS Locally on Free Cloud Mac	2026-08-22T22:38:21.9527760Z [PREBUILD]       },
build	Build iOS Locally on Free Cloud Mac	2026-08-22T22:38:21.9528170Z [PREBUILD]       ^[[32m'expo-image-picker'^[[39m: {
build	Build iOS Locally on Free Cloud Mac	2026-08-22T22:38:21.9528550Z [PREBUILD]         name: ^[[32m'expo-image-picker'^[[39m,
build	Build iOS Locally on Free Cloud Mac	2026-08-22T22:38:21.9528900Z [PREBUILD]         version: ^[[32m'57.0.10'^[[39m
build	Build iOS Locally on Free Cloud Mac	2026-08-22T22:38:21.9529130Z [PREBUILD]       },
build	Build iOS Locally on Free Cloud Mac	2026-08-22T22:38:21.9529440Z [PREBUILD]       ^[[32m'expo-task-manager'^[[39m: {
build	Build iOS Locally on Free Cloud Mac	2026-08-22T22:38:21.9529810Z [PREBUILD]         name: ^[[32m'expo-task-manager'^[[39m,
build	Build iOS Locally on Free Cloud Mac	2026-08-22T22:38:21.9530160Z [PREBUILD]         version: ^[[32m'57.0.10'^[[39m
build	Build iOS Locally on Free Cloud Mac	2026-08-22T22:38:21.9530390Z [PREBUILD]       }
build	Build iOS Locally on Free Cloud Mac	2026-08-22T22:38:21.9530540Z [PREBUILD]     }
build	Build iOS Locally on Free Cloud Mac	2026-08-22T22:38:21.9530690Z [PREBUILD]   },
build	Build iOS Locally on Free Cloud Mac	2026-08-22T22:38:21.9530840Z [PREBUILD]   mods: {
build	Build iOS Locally on Free Cloud Mac	2026-08-22T22:38:21.9531160Z [PREBUILD]     ios: {
build	Build iOS Locally on Free Cloud Mac	2026-08-22T22:38:21.9531480Z [PREBUILD]       entitlements: [AsyncFunction: interceptingMod] {
build	Build iOS Locally on Free Cloud Mac	2026-08-22T22:38:21.9531960Z [PREBUILD]         isProvider: ^[[33mtrue^[[39m,
build	Build iOS Locally on Free Cloud Mac	2026-08-22T22:38:21.9532300Z [PREBUILD]         isIntrospective: ^[[33mtrue^[[39m
build	Build iOS Locally on Free Cloud Mac	2026-08-22T22:38:21.9532540Z [PREBUILD]       },
build	Build iOS Locally on Free Cloud Mac	2026-08-22T22:38:21.9532850Z [PREBUILD]       xcodeproj: [AsyncFunction: interceptingMod] {
build	Build iOS Locally on Free Cloud Mac	2026-08-22T22:38:21.9533270Z [PREBUILD]         isProvider: ^[[33mtrue^[[39m
build	Build iOS Locally on Free Cloud Mac	2026-08-22T22:38:21.9533540Z [PREBUILD]       },
build	Build iOS Locally on Free Cloud Mac	2026-08-22T22:38:21.9533850Z [PREBUILD]       infoPlist: [AsyncFunction: interceptingMod] {
build	Build iOS Locally on Free Cloud Mac	2026-08-22T22:38:21.9534230Z [PREBUILD]         isProvider: ^[[33mtrue^[[39m,
build	Build iOS Locally on Free Cloud Mac	2026-08-22T22:38:21.9534580Z [PREBUILD]         isIntrospective: ^[[33mtrue^[[39m
build	Build iOS Locally on Free Cloud Mac	2026-08-22T22:38:21.9534820Z [PREBUILD]       },
build	Build iOS Locally on Free Cloud Mac	2026-08-22T22:38:21.9535150Z [PREBUILD]       podfileProperties: [AsyncFunction: interceptingMod] {
build	Build iOS Locally on Free Cloud Mac	2026-08-22T22:38:21.9535550Z [PREBUILD]         isProvider: ^[[33mtrue^[[39m,
build	Build iOS Locally on Free Cloud Mac	2026-08-22T22:38:21.9535900Z [PREBUILD]         isIntrospective: ^[[33mtrue^[[39m
build	Build iOS Locally on Free Cloud Mac	2026-08-22T22:38:21.9536130Z [PREBUILD]       },
build	Build iOS Locally on Free Cloud Mac	2026-08-22T22:38:21.9536420Z [PREBUILD]       podfile: [AsyncFunction: interceptingMod] {
build	Build iOS Locally on Free Cloud Mac	2026-08-22T22:38:21.9536780Z [PREBUILD]         isProvider: ^[[33mtrue^[[39m
build	Build iOS Locally on Free Cloud Mac	2026-08-22T22:38:21.9537010Z [PREBUILD]       },
build	Build iOS Locally on Free Cloud Mac	2026-08-22T22:38:21.9537320Z [PREBUILD]       appDelegate: [AsyncFunction: interceptingMod] {
build	Build iOS Locally on Free Cloud Mac	2026-08-22T22:38:21.9537700Z [PREBUILD]         isProvider: ^[[33mtrue^[[39m
build	Build iOS Locally on Free Cloud Mac	2026-08-22T22:38:21.9537920Z [PREBUILD]       },
build	Build iOS Locally on Free Cloud Mac	2026-08-22T22:38:21.9538230Z [PREBUILD]       expoPlist: [AsyncFunction: interceptingMod] {
build	Build iOS Locally on Free Cloud Mac	2026-08-22T22:38:21.9538620Z [PREBUILD]         isProvider: ^[[33mtrue^[[39m,
build	Build iOS Locally on Free Cloud Mac	2026-08-22T22:38:21.9538990Z [PREBUILD]         isIntrospective: ^[[33mtrue^[[39m
build	Build iOS Locally on Free Cloud Mac	2026-08-22T22:38:21.9539220Z [PREBUILD]       },
build	Build iOS Locally on Free Cloud Mac	2026-08-22T22:38:21.9539520Z [PREBUILD]       dangerous: [AsyncFunction: interceptingMod] {
build	Build iOS Locally on Free Cloud Mac	2026-08-22T22:38:21.9539890Z [PREBUILD]         isProvider: ^[[33mtrue^[[39m
build	Build iOS Locally on Free Cloud Mac	2026-08-22T22:38:21.9540120Z [PREBUILD]       }
build	Build iOS Locally on Free Cloud Mac	2026-08-22T22:38:21.9540280Z [PREBUILD]     },
build	Build iOS Locally on Free Cloud Mac	2026-08-22T22:38:21.9540450Z [PREBUILD]     android: {
build	Build iOS Locally on Free Cloud Mac	2026-08-22T22:38:21.9540770Z [PREBUILD]       manifest: [AsyncFunction: interceptingMod] {
build	Build iOS Locally on Free Cloud Mac	2026-08-22T22:38:21.9541130Z [PREBUILD]         isProvider: ^[[33mtrue^[[39m,
build	Build iOS Locally on Free Cloud Mac	2026-08-22T22:38:21.9541520Z [PREBUILD]         isIntrospective: ^[[33mtrue^[[39m
build	Build iOS Locally on Free Cloud Mac	2026-08-22T22:38:21.9541760Z [PREBUILD]       },
build	Build iOS Locally on Free Cloud Mac	2026-08-22T22:38:21.9542110Z [PREBUILD]       gradleProperties: [AsyncFunction: interceptingMod] {
build	Build iOS Locally on Free Cloud Mac	2026-08-22T22:38:21.9542680Z [PREBUILD]         isProvider: ^[[33mtrue^[[39m,
build	Build iOS Locally on Free Cloud Mac	2026-08-22T22:38:21.9543020Z [PREBUILD]         isIntrospective: ^[[33mtrue^[[39m
build	Build iOS Locally on Free Cloud Mac	2026-08-22T22:38:21.9543250Z [PREBUILD]       },
build	Build iOS Locally on Free Cloud Mac	2026-08-22T22:38:21.9543560Z [PREBUILD]       dangerous: [AsyncFunction: interceptingMod] {
build	Build iOS Locally on Free Cloud Mac	2026-08-22T22:38:21.9543930Z [PREBUILD]         isProvider: ^[[33mtrue^[[39m
build	Build iOS Locally on Free Cloud Mac	2026-08-22T22:38:21.9544150Z [PREBUILD]       },
build	Build iOS Locally on Free Cloud Mac	2026-08-22T22:38:21.9544440Z [PREBUILD]       colors: [AsyncFunction: interceptingMod] {
build	Build iOS Locally on Free Cloud Mac	2026-08-22T22:38:21.9544810Z [PREBUILD]         isProvider: ^[[33mtrue^[[39m,
build	Build iOS Locally on Free Cloud Mac	2026-08-22T22:38:21.9545170Z [PREBUILD]         isIntrospective: ^[[33mtrue^[[39m
build	Build iOS Locally on Free Cloud Mac	2026-08-22T22:38:21.9545400Z [PREBUILD]       },
build	Build iOS Locally on Free Cloud Mac	2026-08-22T22:38:21.9545710Z [PREBUILD]       colorsNight: [AsyncFunction: interceptingMod] {
build	Build iOS Locally on Free Cloud Mac	2026-08-22T22:38:21.9546080Z [PREBUILD]         isProvider: ^[[33mtrue^[[39m,
build	Build iOS Locally on Free Cloud Mac	2026-08-22T22:38:21.9546430Z [PREBUILD]         isIntrospective: ^[[33mtrue^[[39m
build	Build iOS Locally on Free Cloud Mac	2026-08-22T22:38:21.9546650Z [PREBUILD]       },
build	Build iOS Locally on Free Cloud Mac	2026-08-22T22:38:21.9546950Z [PREBUILD]       styles: [AsyncFunction: interceptingMod] {
build	Build iOS Locally on Free Cloud Mac	2026-08-22T22:38:21.9547310Z [PREBUILD]         isProvider: ^[[33mtrue^[[39m,
build	Build iOS Locally on Free Cloud Mac	2026-08-22T22:38:21.9547680Z [PREBUILD]         isIntrospective: ^[[33mtrue^[[39m
build	Build iOS Locally on Free Cloud Mac	2026-08-22T22:38:21.9547920Z [PREBUILD]       },
build	Build iOS Locally on Free Cloud Mac	2026-08-22T22:38:21.9548240Z [PREBUILD]       settingsGradle: [AsyncFunction: interceptingMod] {
build	Build iOS Locally on Free Cloud Mac	2026-08-22T22:38:21.9548620Z [PREBUILD]         isProvider: ^[[33mtrue^[[39m
build	Build iOS Locally on Free Cloud Mac	2026-08-22T22:38:21.9548980Z [PREBUILD]       },
build	Build iOS Locally on Free Cloud Mac	2026-08-22T22:38:21.9549280Z [PREBUILD]       strings: [AsyncFunction: interceptingMod] {
build	Build iOS Locally on Free Cloud Mac	2026-08-22T22:38:21.9549660Z [PREBUILD]         isProvider: ^[[33mtrue^[[39m,
build	Build iOS Locally on Free Cloud Mac	2026-08-22T22:38:21.9550000Z [PREBUILD]         isIntrospective: ^[[33mtrue^[[39m
build	Build iOS Locally on Free Cloud Mac	2026-08-22T22:38:21.9550230Z [PREBUILD]       }
build	Build iOS Locally on Free Cloud Mac	2026-08-22T22:38:21.9550370Z [PREBUILD]     }
build	Build iOS Locally on Free Cloud Mac	2026-08-22T22:38:21.9550520Z [PREBUILD]   }
build	Build iOS Locally on Free Cloud Mac	2026-08-22T22:38:21.9550660Z [PREBUILD] }
build	Build iOS Locally on Free Cloud Mac	2026-08-22T22:38:21.9550820Z [PREBUILD] Finished prebuild
build	Build iOS Locally on Free Cloud Mac	2026-08-22T22:38:21.9551620Z [PREBUILD] Running "npm install --include=dev" in /var/folders/g3/pffjr_y96bq06blnkf72x_hw0000gn/T/eas-build-local-nodejs/e3c2f18c-efa8-490a-a480-4ca7aa049eaa/build directory
build	Build iOS Locally on Free Cloud Mac	2026-08-22T22:38:23.0863550Z [PREBUILD] > hencelogistics@1.0.0 postinstall
build	Build iOS Locally on Free Cloud Mac	2026-08-22T22:38:23.0865710Z [PREBUILD] > node -e "const fs = require('fs'); const file = 'node_modules/expo-modules-jsi/apple/scripts/build-xcframework.sh'; if (fs.existsSync(file)) { let content = fs.readFileSync(file, 'utf8'); content = content.replace(/xcodebuild \\\\/g, 'xcodebuild ENABLE_USER_SCRIPT_SANDBOXING=NO \\\\'); content = content.replace(/-quiet \\\\/g, ''); fs.writeFileSync(file, content); console.log('Patched ExpoModulesJSI build script'); }"
build	Build iOS Locally on Free Cloud Mac	2026-08-22T22:38:23.1157150Z [PREBUILD] Patched ExpoModulesJSI build script
build	Build iOS Locally on Free Cloud Mac	2026-08-22T22:38:23.1209530Z [PREBUILD] up to date, audited 744 packages in 1s
build	Build iOS Locally on Free Cloud Mac	2026-08-22T22:38:23.1210070Z [PREBUILD] 102 packages are looking for funding
build	Build iOS Locally on Free Cloud Mac	2026-08-22T22:38:23.1210390Z [PREBUILD]   run `npm fund` for details
build	Build iOS Locally on Free Cloud Mac	2026-08-22T22:38:23.1653490Z [PREBUILD] 24 vulnerabilities (1 low, 14 moderate, 9 high)
build	Build iOS Locally on Free Cloud Mac	2026-08-22T22:38:23.1661390Z [PREBUILD] 
build	Build iOS Locally on Free Cloud Mac	2026-08-22T22:38:23.1662480Z [PREBUILD] To address issues that do not require attention, run:
build	Build iOS Locally on Free Cloud Mac	2026-08-22T22:38:23.1663030Z [PREBUILD]   npm audit fix
build	Build iOS Locally on Free Cloud Mac	2026-08-22T22:38:23.1674850Z [PREBUILD] 
build	Build iOS Locally on Free Cloud Mac	2026-08-22T22:38:23.1675270Z [PREBUILD] To address all issues (including breaking changes), run:
build	Build iOS Locally on Free Cloud Mac	2026-08-22T22:38:23.1675680Z [PREBUILD]   npm audit fix --force
build	Build iOS Locally on Free Cloud Mac	2026-08-22T22:38:23.1675960Z [PREBUILD] 
build	Build iOS Locally on Free Cloud Mac	2026-08-22T22:38:23.1676230Z [PREBUILD] Run `npm audit` for details.
build	Build iOS Locally on Free Cloud Mac	2026-08-22T22:38:23.1702890Z [RESTORE_CACHE] Local builds do not support restoring cache
build	Build iOS Locally on Free Cloud Mac	2026-08-22T22:38:25.0028680Z [INSTALL_PODS] Using Expo modules
build	Build iOS Locally on Free Cloud Mac	2026-08-22T22:38:25.0038650Z [INSTALL_PODS] [Expo] Enabling modular headers for pod ExpoModulesCore
build	Build iOS Locally on Free Cloud Mac	2026-08-22T22:38:25.0039460Z [INSTALL_PODS] [Expo] Enabling modular headers for pod ExpoModulesJSI
build	Build iOS Locally on Free Cloud Mac	2026-08-22T22:38:25.0040270Z [INSTALL_PODS] [Expo] Enabling modular headers for pod React-RCTAppDelegate
build	Build iOS Locally on Free Cloud Mac	2026-08-22T22:38:25.0041480Z [INSTALL_PODS] [Expo] Enabling modular headers for pod React-RCTFabric
build	Build iOS Locally on Free Cloud Mac	2026-08-22T22:38:25.0042120Z [INSTALL_PODS] [Expo] Enabling modular headers for pod ReactAppDependencyProvider
build	Build iOS Locally on Free Cloud Mac	2026-08-22T22:38:25.0042780Z [INSTALL_PODS] [Expo] Enabling modular headers for pod React-Core
build	Build iOS Locally on Free Cloud Mac	2026-08-22T22:38:25.0043410Z [INSTALL_PODS] [Expo] Enabling modular headers for pod ReactCodegen
build	Build iOS Locally on Free Cloud Mac	2026-08-22T22:38:25.0044150Z [INSTALL_PODS] [Expo] Enabling modular headers for pod RCTRequired
build	Build iOS Locally on Free Cloud Mac	2026-08-22T22:38:25.0045070Z [INSTALL_PODS] [Expo] Enabling modular headers for pod RCTTypeSafety
build	Build iOS Locally on Free Cloud Mac	2026-08-22T22:38:25.0045970Z [INSTALL_PODS] [Expo] Enabling modular headers for pod ReactCommon
build	Build iOS Locally on Free Cloud Mac	2026-08-22T22:38:25.0050390Z [INSTALL_PODS] [Expo] Enabling modular headers for pod React-NativeModulesApple
build	Build iOS Locally on Free Cloud Mac	2026-08-22T22:38:25.0051070Z [INSTALL_PODS] [Expo] Enabling modular headers for pod Yoga
build	Build iOS Locally on Free Cloud Mac	2026-08-22T22:38:25.0051620Z [INSTALL_PODS] [Expo] Enabling modular headers for pod React-Fabric
build	Build iOS Locally on Free Cloud Mac	2026-08-22T22:38:25.0052290Z [INSTALL_PODS] [Expo] Enabling modular headers for pod React-graphics
build	Build iOS Locally on Free Cloud Mac	2026-08-22T22:38:25.0052900Z [INSTALL_PODS] [Expo] Enabling modular headers for pod React-utils
build	Build iOS Locally on Free Cloud Mac	2026-08-22T22:38:25.0053470Z [INSTALL_PODS] [Expo] Enabling modular headers for pod React-featureflags
build	Build iOS Locally on Free Cloud Mac	2026-08-22T22:38:25.0054190Z [INSTALL_PODS] [Expo] Enabling modular headers for pod React-debug
build	Build iOS Locally on Free Cloud Mac	2026-08-22T22:38:25.0054900Z [INSTALL_PODS] [Expo] Enabling modular headers for pod React-ImageManager
build	Build iOS Locally on Free Cloud Mac	2026-08-22T22:38:25.0056040Z [INSTALL_PODS] [Expo] Enabling modular headers for pod React-rendererdebug
build	Build iOS Locally on Free Cloud Mac	2026-08-22T22:38:25.0068640Z [INSTALL_PODS] [Expo] Enabling modular headers for pod React-jsi
build	Build iOS Locally on Free Cloud Mac	2026-08-22T22:38:25.0069450Z [INSTALL_PODS] [Expo] Enabling modular headers for pod React-renderercss
build	Build iOS Locally on Free Cloud Mac	2026-08-22T22:38:25.0070220Z [INSTALL_PODS] [Expo] Enabling modular headers for pod hermes-engine
build	Build iOS Locally on Free Cloud Mac	2026-08-22T22:38:25.0070910Z [INSTALL_PODS] [Expo] Enabling modular headers for pod glog
build	Build iOS Locally on Free Cloud Mac	2026-08-22T22:38:25.0071580Z [INSTALL_PODS] [Expo] Enabling modular headers for pod boost
build	Build iOS Locally on Free Cloud Mac	2026-08-22T22:38:25.0072370Z [INSTALL_PODS] [Expo] Enabling modular headers for pod DoubleConversion
build	Build iOS Locally on Free Cloud Mac	2026-08-22T22:38:25.0073080Z [INSTALL_PODS] [Expo] Enabling modular headers for pod fast_float
build	Build iOS Locally on Free Cloud Mac	2026-08-22T22:38:25.0073750Z [INSTALL_PODS] [Expo] Enabling modular headers for pod fmt
build	Build iOS Locally on Free Cloud Mac	2026-08-22T22:38:25.0075040Z [INSTALL_PODS] [Expo] Enabling modular headers for pod RCT-Folly
build	Build iOS Locally on Free Cloud Mac	2026-08-22T22:38:25.0076420Z [INSTALL_PODS] [Expo] Enabling modular headers for pod SocketRocket
build	Build iOS Locally on Free Cloud Mac	2026-08-22T22:38:25.0078480Z [INSTALL_PODS] [Expo] Enabling modular headers for pod expo-dev-menu-interface
build	Build iOS Locally on Free Cloud Mac	2026-08-22T22:38:25.0079220Z [INSTALL_PODS] [Expo] Enabling modular headers for pod EXManifests
build	Build iOS Locally on Free Cloud Mac	2026-08-22T22:38:25.0079930Z [INSTALL_PODS] [Expo] Enabling modular headers for pod EXUpdatesInterface
build	Build iOS Locally on Free Cloud Mac	2026-08-22T22:38:25.0080520Z [INSTALL_PODS] [Expo] Enabling modular headers for pod expo-dev-menu
build	Build iOS Locally on Free Cloud Mac	2026-08-22T22:38:25.0081170Z [INSTALL_PODS] [Expo] Enabling modular headers for pod React-jsinspector
build	Build iOS Locally on Free Cloud Mac	2026-08-22T22:38:25.0081790Z [INSTALL_PODS] [Expo] Enabling modular headers for pod expo-dev-launcher
build	Build iOS Locally on Free Cloud Mac	2026-08-22T22:38:25.0082470Z [INSTALL_PODS] [Expo] Enabling modular headers for pod UMAppLoader
build	Build iOS Locally on Free Cloud Mac	2026-08-22T22:38:25.0083390Z [INSTALL_PODS] [Expo-precompiled] react-native-safe-area-context: prebuilt xcframework unavailable; building from source
build	Build iOS Locally on Free Cloud Mac	2026-08-22T22:38:25.0085260Z [INSTALL_PODS] [Expo-precompiled]   Expected tarball: /private/var/folders/g3/pffjr_y96bq06blnkf72x_hw0000gn/T/eas-build-local-nodejs/e3c2f18c-efa8-490a-a480-4ca7aa049eaa/build/packages/precompile/.build/react-native-safe-area-context/output/5.7.0/0.86.2/250829098.0.16/debug/xcframeworks/RNCSafeAreaContext.tar.gz
build	Build iOS Locally on Free Cloud Mac	2026-08-22T22:38:25.0086820Z [INSTALL_PODS] [Expo-precompiled] RNScreens: prebuilt xcframework unavailable; building from source
build	Build iOS Locally on Free Cloud Mac	2026-08-22T22:38:25.0088650Z [INSTALL_PODS] [Expo-precompiled]   Expected tarball: /private/var/folders/g3/pffjr_y96bq06blnkf72x_hw0000gn/T/eas-build-local-nodejs/e3c2f18c-efa8-490a-a480-4ca7aa049eaa/build/packages/precompile/.build/react-native-screens/output/4.26.2/0.86.2/250829098.0.16/debug/xcframeworks/RNScreens.tar.gz
build	Build iOS Locally on Free Cloud Mac	2026-08-22T22:38:25.0090600Z [INSTALL_PODS] [Expo-precompiled] RNSVG: prebuilt xcframework unavailable; building from source
build	Build iOS Locally on Free Cloud Mac	2026-08-22T22:38:25.0092390Z [INSTALL_PODS] [Expo-precompiled]   Expected tarball: /private/var/folders/g3/pffjr_y96bq06blnkf72x_hw0000gn/T/eas-build-local-nodejs/e3c2f18c-efa8-490a-a480-4ca7aa049eaa/build/packages/precompile/.build/react-native-svg/output/15.15.4/0.86.2/250829098.0.16/debug/xcframeworks/RNSVG.tar.gz
build	Build iOS Locally on Free Cloud Mac	2026-08-22T22:38:25.0093860Z [INSTALL_PODS] [Expo-precompiled] RNCAsyncStorage: prebuilt xcframework unavailable; building from source
build	Build iOS Locally on Free Cloud Mac	2026-08-22T22:38:25.0095870Z [INSTALL_PODS] [Expo-precompiled]   Expected tarball: /private/var/folders/g3/pffjr_y96bq06blnkf72x_hw0000gn/T/eas-build-local-nodejs/e3c2f18c-efa8-490a-a480-4ca7aa049eaa/build/packages/precompile/.build/@react-native-async-storage/async-storage/output/2.2.0/0.86.2/250829098.0.16/debug/xcframeworks/RNCAsyncStorage.tar.gz
build	Build iOS Locally on Free Cloud Mac	2026-08-22T22:38:25.4459950Z [INSTALL_PODS] Found 10 modules for target `Hence`
build	Build iOS Locally on Free Cloud Mac	2026-08-22T22:38:25.4486930Z [INSTALL_PODS] link_native_modules! {:ios_packages=>[{:configurations=>[], :name=>"@react-native-async-storage/async-storage", :root=>"/private/var/folders/g3/pffjr_y96bq06blnkf72x_hw0000gn/T/eas-build-local-nodejs/e3c2f18c-efa8-490a-a480-4ca7aa049eaa/build/node_modules/@react-native-async-storage/async-storage", :path=>"../node_modules/@react-native-async-storage/async-storage", :podspec_path=>"/private/var/folders/g3/pffjr_y96bq06blnkf72x_hw0000gn/T/eas-build-local-nodejs/e3c2f18c-efa8-490a-a480-4ca7aa049eaa/build/node_modules/@react-native-async-storage/async-storage/RNCAsyncStorage.podspec", :script_phases=>[]}, {:configurations=>[], :name=>"@react-native-community/datetimepicker", :root=>"/private/var/folders/g3/pffjr_y96bq06blnkf72x_hw0000gn/T/eas-build-local-nodejs/e3c2f18c-efa8-490a-a480-4ca7aa049eaa/build/node_modules/@react-native-community/datetimepicker", :path=>"../node_modules/@react-native-community/datetimepicker", :podspec_path=>"/private/var/folders/g3/pffjr_y96bq06blnkf72x_hw0000gn/T/eas-build-local-nodejs/e3c2f18c-efa8-490a-a480-4ca7aa049eaa/build/node_modules/@react-native-community/datetimepicker/RNDateTimePicker.podspec", :script_phases=>[]}, {:configurations=>[], :name=>"@react-native-picker/picker", :root=>"/private/var/folders/g3/pffjr_y96bq06blnkf72x_hw0000gn/T/eas-build-local-nodejs/e3c2f18c-efa8-490a-a480-4ca7aa049eaa/build/node_modules/@react-native-picker/picker", :path=>"../node_modules/@react-native-picker/picker", :podspec_path=>"/private/var/folders/g3/pffjr_y96bq06blnkf72x_hw0000gn/T/eas-build-local-nodejs/e3c2f18c-efa8-490a-a480-4ca7aa049eaa/build/node_modules/@react-native-picker/picker/RNCPicker.podspec", :script_phases=>[]}, {:configurations=>[], :name=>"@stripe/stripe-react-native", :root=>"/private/var/folders/g3/pffjr_y96bq06blnkf72x_hw0000gn/T/eas-build-local-nodejs/e3c2f18c-efa8-490a-a480-4ca7aa049eaa/build/node_modules/@stripe/stripe-react-native", :path=>"../node_modules/@stripe/stripe-react-native", :podspec_path=>"/private/var/folders/g3/pffjr_y96bq06blnkf72x_hw0000gn/T/eas-build-local-nodejs/e3c2f18c-efa8-490a-a480-4ca7aa049eaa/build/node_modules/@stripe/stripe-react-native/stripe-react-native.podspec", :script_phases=>[]}, {:configurations=>[], :name=>"expo", :root=>"/private/var/folders/g3/pffjr_y96bq06blnkf72x_hw0000gn/T/eas-build-local-nodejs/e3c2f18c-efa8-490a-a480-4ca7aa049eaa/build/node_modules/expo", :path=>"../node_modules/expo", :podspec_path=>"/private/var/folders/g3/pffjr_y96bq06blnkf72x_hw0000gn/T/eas-build-local-nodejs/e3c2f18c-efa8-490a-a480-4ca7aa049eaa/build/node_modules/expo/Expo.podspec", :script_phases=>[]}, {:configurations=>[], :name=>"react-native-maps", :root=>"/private/var/folders/g3/pffjr_y96bq06blnkf72x_hw0000gn/T/eas-build-local-nodejs/e3c2f18c-efa8-490a-a480-4ca7aa049eaa/build/node_modules/react-native-maps", :path=>"../node_modules/react-native-maps", :podspec_path=>"/private/var/folders/g3/pffjr_y96bq06blnkf72x_hw0000gn/T/eas-build-local-nodejs/e3c2f18c-efa8-490a-a480-4ca7aa049eaa/build/node_modules/react-native-maps/react-native-maps.podspec", :script_phases=>[]}, {:configurations=>[], :name=>"react-native-safe-area-context", :root=>"/private/var/folders/g3/pffjr_y96bq06blnkf72x_hw0000gn/T/eas-build-local-nodejs/e3c2f18c-efa8-490a-a480-4ca7aa049eaa/build/node_modules/react-native-safe-area-context", :path=>"../node_modules/react-native-safe-area-context", :podspec_path=>"/private/var/folders/g3/pffjr_y96bq06blnkf72x_hw0000gn/T/eas-build-local-nodejs/e3c2f18c-efa8-490a-a480-4ca7aa049eaa/build/node_modules/react-native-safe-area-context/react-native-safe-area-context.podspec", :script_phases=>[]}, {:configurations=>[], :name=>"react-native-screens", :root=>"/private/var/folders/g3/pffjr_y96bq06blnkf72x_hw0000gn/T/eas-build-local-nodejs/e3c2f18c-efa8-490a-a480-4ca7aa049eaa/build/node_modules/react-native-screens", :path=>"../node_modules/react-native-screens", :podspec_path=>"/private/var/folders/g3/pffjr_y96bq06blnkf72x_hw0000gn/T/eas-build-local-nodejs/e3c2f18c-efa8-490a-a480-4ca7aa049eaa/build/node_modules/react-native-screens/RNScreens.podspec", :script_phases=>[]}, {:configurations=>[], :name=>"react-native-svg", :root=>"/private/var/folders/g3/pffjr_y96bq06blnkf72x_hw0000gn/T/eas-build-local-nodejs/e3c2f18c-efa8-490a-a480-4ca7aa049eaa/build/node_modules/react-native-svg", :path=>"../node_modules/react-native-svg", :podspec_path=>"/private/var/folders/g3/pffjr_y96bq06blnkf72x_hw0000gn/T/eas-build-local-nodejs/e3c2f18c-efa8-490a-a480-4ca7aa049eaa/build/node_modules/react-native-svg/RNSVG.podspec", :script_phases=>[]}, {:configurations=>[], :name=>"react-native-webview", :root=>"/private/var/folders/g3/pffjr_y96bq06blnkf72x_hw0000gn/T/eas-build-local-nodejs/e3c2f18c-efa8-490a-a480-4ca7aa049eaa/build/node_modules/react-native-webview", :path=>"../node_modules/react-native-webview", :podspec_path=>"/private/var/folders/g3/pffjr_y96bq06blnkf72x_hw0000gn/T/eas-build-local-nodejs/e3c2f18c-efa8-490a-a480-4ca7aa049eaa/build/node_modules/react-native-webview/react-native-webview.podspec", :script_phases=>[]}], :ios_project_root_path=>"/private/var/folders/g3/pffjr_y96bq06blnkf72x_hw0000gn/T/eas-build-local-nodejs/e3c2f18c-efa8-490a-a480-4ca7aa049eaa/build/ios", :react_native_path=>"../node_modules/react-native"}
build	Build iOS Locally on Free Cloud Mac	2026-08-22T22:38:25.5887520Z [INSTALL_PODS] Auto-linking React Native modules for target `Hence`: RNCAsyncStorage, RNCPicker, RNDateTimePicker, RNSVG, RNScreens, react-native-maps, react-native-safe-area-context, react-native-webview, and stripe-react-native
build	Build iOS Locally on Free Cloud Mac	2026-08-22T22:38:25.6596910Z [INSTALL_PODS] Framework build type is static library
build	Build iOS Locally on Free Cloud Mac	2026-08-22T22:38:25.6678630Z [INSTALL_PODS] [ReactNativeDependencies] Setting up ReactNativeDependencies...
build	Build iOS Locally on Free Cloud Mac	2026-08-22T22:38:25.7681190Z [INSTALL_PODS] [ReactNativeDependencies] Building from source: false
build	Build iOS Locally on Free Cloud Mac	2026-08-22T22:38:25.7683110Z [INSTALL_PODS] [ReactNativeDependencies] Using tarball from URL: https://repo1.maven.org/maven2/com/facebook/react/react-native-artifacts/0.86.2/react-native-artifacts-0.86.2-reactnative-dependencies-debug.tar.gz
build	Build iOS Locally on Free Cloud Mac	2026-08-22T22:38:25.7820050Z [INSTALL_PODS] [ReactNativeDependencies] Cache miss: downloading reactnative-dependencies-0.86.2-debug.tar.gz from https://repo1.maven.org/maven2/com/facebook/react/react-native-artifacts/0.86.2/react-native-artifacts-0.86.2-reactnative-dependencies-debug.tar.gz
build	Build iOS Locally on Free Cloud Mac	2026-08-22T22:38:25.8096540Z [INSTALL_PODS] % Total    % Received % Xferd  Average Spe
build	Build iOS Locally on Free Cloud Mac	2026-08-22T22:38:25.8097440Z [INSTALL_PODS] ed   Time    Time     Time  Current
build	Build iOS Locally on Free Cloud Mac	2026-08-22T22:38:25.8098120Z [INSTALL_PODS]                                  Dload  Upload   Total   Spent    Left  Speed
build	Build iOS Locally on Free Cloud Mac	2026-08-22T22:38:25.8098480Z [INSTALL_PODS] 
build	Build iOS Locally on Free Cloud Mac	2026-08-22T22:38:25.8098870Z   0     0    0     0    0     0      0      0 --:--:-- --:--:-- --:--:--     0
build	Build iOS Locally on Free Cloud Mac	2026-08-22T22:38:25.9867170Z [INSTALL_PODS] 43 17.8M   43 7916k    0     0  44.1M
build	Build iOS Locally on Free Cloud Mac	2026-08-22T22:38:25.9974920Z [INSTALL_PODS] 0 --:--:-- --:--:-- --:--:-- 43.9M
build	Build iOS Locally on Free Cloud Mac	2026-08-22T22:38:26.0777620Z [INSTALL_PODS] 100 17.8M  100 17.8M    0     0  68.3M      0 --:--:-- --:--:-- --:--:-
build	Build iOS Locally on Free Cloud Mac	2026-08-22T22:38:26.0879670Z [INSTALL_PODS] - 68.2M
build	Build iOS Locally on Free Cloud Mac	2026-08-22T22:38:26.0880610Z [INSTALL_PODS] [ReactNativeDependencies] Verifying checksum for downloaded reactnative-dependencies-0.86.2-debug.tar.gz...
build	Build iOS Locally on Free Cloud Mac	2026-08-22T22:38:26.1657140Z [INSTALL_PODS] [Cache] SHA1 verified for reactnative-dependencies-0.86.2-debug.tar.gz
build	Build iOS Locally on Free Cloud Mac	2026-08-22T22:38:26.1789840Z [INSTALL_PODS] [ReactNativeDependencies] Saved reactnative-dependencies-0.86.2-debug.tar.gz to shared cache (/Users/runner/Library/Caches/ReactNative)
build	Build iOS Locally on Free Cloud Mac	2026-08-22T22:38:26.1887200Z [INSTALL_PODS] [ReactNativeDependencies] Cache miss: downloading reactnative-dependencies-0.86.2-release.tar.gz from https://repo1.maven.org/maven2/com/facebook/react/react-native-artifacts/0.86.2/react-native-artifacts-0.86.2-reactnative-dependencies-release.tar.gz
build	Build iOS Locally on Free Cloud Mac	2026-08-22T22:38:26.2018060Z [INSTALL_PODS] % Total    % Received % Xferd  Average Speed   T
build	Build iOS Locally on Free Cloud Mac	2026-08-22T22:38:26.2018850Z [INSTALL_PODS] ime    Time     Time  Current
build	Build iOS Locally on Free Cloud Mac	2026-08-22T22:38:26.2019440Z [INSTALL_PODS]                                  Dload  Upload   Total   Spent    Left  Speed
build	Build iOS Locally on Free Cloud Mac	2026-08-22T22:38:26.2019820Z [INSTALL_PODS] 
build	Build iOS Locally on Free Cloud Mac	2026-08-22T22:38:26.2020190Z   0     0    0     0    0     0      0      0 --:--:-- --:--:-- --:--:--     0
build	Build iOS Locally on Free Cloud Mac	2026-08-22T22:38:26.3938440Z [INSTALL_PODS] 100  9.9M  100  9.9M    0     0  54.5M      0 --:--:-- --:--:-- --:--:-- 54.6
build	Build iOS Locally on Free Cloud Mac	2026-08-22T22:38:26.3939490Z [INSTALL_PODS] [ReactNativeDependencies] Verifying checksum for downloaded reactnative-dependencies-0.86.2-release.tar.gz...
build	Build iOS Locally on Free Cloud Mac	2026-08-22T22:38:26.3940530Z [INSTALL_PODS] M
build	Build iOS Locally on Free Cloud Mac	2026-08-22T22:38:26.4744160Z [INSTALL_PODS] [Cache] SHA1 verified for reactnative-dependencies-0.86.2-release.tar.gz
build	Build iOS Locally on Free Cloud Mac	2026-08-22T22:38:26.4863170Z [INSTALL_PODS] [ReactNativeDependencies] Saved reactnative-dependencies-0.86.2-release.tar.gz to shared cache (/Users/runner/Library/Caches/ReactNative)
build	Build iOS Locally on Free Cloud Mac	2026-08-22T22:38:26.4866370Z [INSTALL_PODS] [ReactNativeDependencies] Source: {:http=>"https://repo1.maven.org/maven2/com/facebook/react/react-native-artifacts/0.86.2/react-native-artifacts-0.86.2-reactnative-dependencies-debug.tar.gz"}
build	Build iOS Locally on Free Cloud Mac	2026-08-22T22:38:26.4878390Z [INSTALL_PODS] [ReactNativeCore] Setting up ReactNativeCore...
build	Build iOS Locally on Free Cloud Mac	2026-08-22T22:38:26.5711210Z [INSTALL_PODS] [ReactNativeCore] Building from source: false
build	Build iOS Locally on Free Cloud Mac	2026-08-22T22:38:26.5713390Z [INSTALL_PODS] Configuring the target with the New Architecture
build	Build iOS Locally on Free Cloud Mac	2026-08-22T22:38:26.5714190Z [INSTALL_PODS] [ReactNativeCore] Using React Native Core and React Native Dependencies prebuilt versions.
build	Build iOS Locally on Free Cloud Mac	2026-08-22T22:38:27.1272580Z [INSTALL_PODS] ^[[36m^[[1m[Codegen]^[[0m Analyzing /private/var/folders/g3/pffjr_y96bq06blnkf72x_hw0000gn/T/eas-build-local-nodejs/e3c2f18c-efa8-490a-a480-4ca7aa049eaa/build/package.json^[[0m
build	Build iOS Locally on Free Cloud Mac	2026-08-22T22:38:27.1286000Z [INSTALL_PODS] ^[[36m^[[1m[Codegen]^[[0m ^[[33mSearching for codegen-enabled libraries in the app.^[[0m
build	Build iOS Locally on Free Cloud Mac	2026-08-22T22:38:27.1287230Z [INSTALL_PODS] ^[[36m^[[1m[Codegen]^[[0m ^[[33mThe "codegenConfig" field is not defined in package.json. Assuming there is nothing to generate at the app level.^[[0m
build	Build iOS Locally on Free Cloud Mac	2026-08-22T22:38:27.1289140Z [INSTALL_PODS] ^[[36m^[[1m[Codegen]^[[0m ^[[33mSearching for codegen-enabled libraries in react-native.config.js^[[0m
build	Build iOS Locally on Free Cloud Mac	2026-08-22T22:38:27.1290120Z [INSTALL_PODS] ^[[36m^[[1m[Codegen]^[[0m Found @react-native-async-storage/async-storage^[[0m
build	Build iOS Locally on Free Cloud Mac	2026-08-22T22:38:27.1290870Z [INSTALL_PODS] ^[[36m^[[1m[Codegen]^[[0m Found @react-native-community/datetimepicker^[[0m
build	Build iOS Locally on Free Cloud Mac	2026-08-22T22:38:27.1291600Z [INSTALL_PODS] ^[[36m^[[1m[Codegen]^[[0m Found @react-native-picker/picker^[[0m
build	Build iOS Locally on Free Cloud Mac	2026-08-22T22:38:27.1292250Z [INSTALL_PODS] ^[[36m^[[1m[Codegen]^[[0m Found @stripe/stripe-react-native^[[0m
build	Build iOS Locally on Free Cloud Mac	2026-08-22T22:38:27.1292890Z [INSTALL_PODS] ^[[36m^[[1m[Codegen]^[[0m Found react-native-maps^[[0m
build	Build iOS Locally on Free Cloud Mac	2026-08-22T22:38:27.1293730Z [INSTALL_PODS] ^[[36m^[[1m[Codegen]^[[0m Found react-native-safe-area-context^[[0m
build	Build iOS Locally on Free Cloud Mac	2026-08-22T22:38:27.1294360Z [INSTALL_PODS] ^[[36m^[[1m[Codegen]^[[0m Found react-native-screens^[[0m
build	Build iOS Locally on Free Cloud Mac	2026-08-22T22:38:27.1294970Z [INSTALL_PODS] ^[[36m^[[1m[Codegen]^[[0m Found react-native-svg^[[0m
build	Build iOS Locally on Free Cloud Mac	2026-08-22T22:38:27.1295930Z [INSTALL_PODS] ^[[36m^[[1m[Codegen]^[[0m Found react-native-webview^[[0m
build	Build iOS Locally on Free Cloud Mac	2026-08-22T22:38:27.1296560Z [INSTALL_PODS] ^[[36m^[[1m[Codegen]^[[0m Processing rnasyncstorage^[[0m
build	Build iOS Locally on Free Cloud Mac	2026-08-22T22:38:27.1297360Z [INSTALL_PODS] ^[[36m^[[1m[Codegen]^[[0m ^[[33mSearching for podspec in the project dependencies.^[[0m
build	Build iOS Locally on Free Cloud Mac	2026-08-22T22:38:27.1298290Z [INSTALL_PODS] ^[[36m^[[1m[Codegen]^[[0m Supported Apple platforms: ios, macos, tvos, visionos for rnasyncstorage^[[0m
build	Build iOS Locally on Free Cloud Mac	2026-08-22T22:38:27.1299090Z [INSTALL_PODS] ^[[36m^[[1m[Codegen]^[[0m Processing RNDateTimePickerCGen^[[0m
build	Build iOS Locally on Free Cloud Mac	2026-08-22T22:38:27.1299890Z [INSTALL_PODS] ^[[36m^[[1m[Codegen]^[[0m ^[[33mSearching for podspec in the project dependencies.^[[0m
build	Build iOS Locally on Free Cloud Mac	2026-08-22T22:38:27.1300810Z [INSTALL_PODS] ^[[36m^[[1m[Codegen]^[[0m Supported Apple platforms: ios, visionos for RNDateTimePickerCGen^[[0m
build	Build iOS Locally on Free Cloud Mac	2026-08-22T22:38:27.1301570Z [INSTALL_PODS] ^[[36m^[[1m[Codegen]^[[0m Processing rnpicker^[[0m
build	Build iOS Locally on Free Cloud Mac	2026-08-22T22:38:27.1302240Z [INSTALL_PODS] ^[[36m^[[1m[Codegen]^[[0m ^[[33mSearching for podspec in the project dependencies.^[[0m
build	Build iOS Locally on Free Cloud Mac	2026-08-22T22:38:27.1303130Z [INSTALL_PODS] ^[[36m^[[1m[Codegen]^[[0m Supported Apple platforms: ios, macos, tvos for rnpicker^[[0m
build	Build iOS Locally on Free Cloud Mac	2026-08-22T22:38:27.1303850Z [INSTALL_PODS] ^[[36m^[[1m[Codegen]^[[0m Processing rnstripe^[[0m
build	Build iOS Locally on Free Cloud Mac	2026-08-22T22:38:27.1304590Z [INSTALL_PODS] ^[[36m^[[1m[Codegen]^[[0m ^[[33mSearching for podspec in the project dependencies.^[[0m
build	Build iOS Locally on Free Cloud Mac	2026-08-22T22:38:27.1305300Z [INSTALL_PODS] ^[[36m^[[1m[Codegen]^[[0m Supported Apple platforms: ios for rnstripe^[[0m
build	Build iOS Locally on Free Cloud Mac	2026-08-22T22:38:27.1306490Z [INSTALL_PODS] ^[[36m^[[1m[Codegen]^[[0m Processing RNMapsSpecs^[[0m
build	Build iOS Locally on Free Cloud Mac	2026-08-22T22:38:27.1307360Z [INSTALL_PODS] ^[[36m^[[1m[Codegen]^[[0m ^[[33mSearching for podspec in the project dependencies.^[[0m
build	Build iOS Locally on Free Cloud Mac	2026-08-22T22:38:27.1308120Z [INSTALL_PODS] ^[[36m^[[1m[Codegen]^[[0m Supported Apple platforms: ios for RNMapsSpecs^[[0m
build	Build iOS Locally on Free Cloud Mac	2026-08-22T22:38:27.1308870Z [INSTALL_PODS] ^[[36m^[[1m[Codegen]^[[0m Processing safeareacontext^[[0m
build	Build iOS Locally on Free Cloud Mac	2026-08-22T22:38:27.1309680Z [INSTALL_PODS] ^[[36m^[[1m[Codegen]^[[0m ^[[33mSearching for podspec in the project dependencies.^[[0m
build	Build iOS Locally on Free Cloud Mac	2026-08-22T22:38:27.1310620Z [INSTALL_PODS] ^[[36m^[[1m[Codegen]^[[0m Supported Apple platforms: ios, macos, tvos, visionos for safeareacontext^[[0m
build	Build iOS Locally on Free Cloud Mac	2026-08-22T22:38:27.1311360Z [INSTALL_PODS] ^[[36m^[[1m[Codegen]^[[0m Processing rnscreens^[[0m
build	Build iOS Locally on Free Cloud Mac	2026-08-22T22:38:27.1312210Z [INSTALL_PODS] ^[[36m^[[1m[Codegen]^[[0m ^[[33mSearching for podspec in the project dependencies.^[[0m
build	Build iOS Locally on Free Cloud Mac	2026-08-22T22:38:27.1313130Z [INSTALL_PODS] ^[[36m^[[1m[Codegen]^[[0m Supported Apple platforms: ios, tvos, visionos for rnscreens^[[0m
build	Build iOS Locally on Free Cloud Mac	2026-08-22T22:38:27.1314180Z [INSTALL_PODS] ^[[36m^[[1m[Codegen]^[[0m Processing rnsvg^[[0m
build	Build iOS Locally on Free Cloud Mac	2026-08-22T22:38:27.1314890Z [INSTALL_PODS] ^[[36m^[[1m[Codegen]^[[0m ^[[33mSearching for podspec in the project dependencies.^[[0m
build	Build iOS Locally on Free Cloud Mac	2026-08-22T22:38:27.1316250Z [INSTALL_PODS] ^[[36m^[[1m[Codegen]^[[0m Supported Apple platforms: ios, macos, tvos, visionos for rnsvg^[[0m
build	Build iOS Locally on Free Cloud Mac	2026-08-22T22:38:27.1317330Z [INSTALL_PODS] ^[[36m^[[1m[Codegen]^[[0m Processing RNCWebViewSpec^[[0m
build	Build iOS Locally on Free Cloud Mac	2026-08-22T22:38:27.1318140Z [INSTALL_PODS] ^[[36m^[[1m[Codegen]^[[0m ^[[33mSearching for podspec in the project dependencies.^[[0m
build	Build iOS Locally on Free Cloud Mac	2026-08-22T22:38:27.1319230Z [INSTALL_PODS] ^[[36m^[[1m[Codegen]^[[0m Supported Apple platforms: ios, macos, visionos for RNCWebViewSpec^[[0m
build	Build iOS Locally on Free Cloud Mac	2026-08-22T22:38:27.1320250Z [INSTALL_PODS] ^[[36m^[[1m[Codegen]^[[0m Generating Native Code for rnasyncstorage - ios^[[0m
build	Build iOS Locally on Free Cloud Mac	2026-08-22T22:38:27.1321740Z [INSTALL_PODS] ^[[36m^[[1m[Codegen]^[[0m Generated artifacts: /private/var/folders/g3/pffjr_y96bq06blnkf72x_hw0000gn/T/eas-build-local-nodejs/e3c2f18c-efa8-490a-a480-4ca7aa049eaa/build/ios/build/generated/ios/ReactCodegen^[[0m
build	Build iOS Locally on Free Cloud Mac	2026-08-22T22:38:27.1323270Z [INSTALL_PODS] ^[[36m^[[1m[Codegen]^[[0m Generating Native Code for RNDateTimePickerCGen - ios^[[0m
build	Build iOS Locally on Free Cloud Mac	2026-08-22T22:38:27.1325000Z [INSTALL_PODS] ^[[36m^[[1m[Codegen]^[[0m Generated artifacts: /private/var/folders/g3/pffjr_y96bq06blnkf72x_hw0000gn/T/eas-build-local-nodejs/e3c2f18c-efa8-490a-a480-4ca7aa049eaa/build/ios/build/generated/ios/ReactCodegen^[[0m
build	Build iOS Locally on Free Cloud Mac	2026-08-22T22:38:27.1326220Z [INSTALL_PODS] ^[[36m^[[1m[Codegen]^[[0m Generating Native Code for rnpicker - ios^[[0m
build	Build iOS Locally on Free Cloud Mac	2026-08-22T22:38:27.1327830Z [INSTALL_PODS] ^[[36m^[[1m[Codegen]^[[0m Generated artifacts: /private/var/folders/g3/pffjr_y96bq06blnkf72x_hw0000gn/T/eas-build-local-nodejs/e3c2f18c-efa8-490a-a480-4ca7aa049eaa/build/ios/build/generated/ios/ReactCodegen^[[0m
build	Build iOS Locally on Free Cloud Mac	2026-08-22T22:38:27.1329820Z [INSTALL_PODS] ^[[36m^[[1m[Codegen]^[[0m Generating Native Code for rnstripe - ios^[[0m
build	Build iOS Locally on Free Cloud Mac	2026-08-22T22:38:27.1331720Z [INSTALL_PODS] ^[[36m^[[1m[Codegen]^[[0m Generated artifacts: /private/var/folders/g3/pffjr_y96bq06blnkf72x_hw0000gn/T/eas-build-local-nodejs/e3c2f18c-efa8-490a-a480-4ca7aa049eaa/build/ios/build/generated/ios/ReactCodegen^[[0m
build	Build iOS Locally on Free Cloud Mac	2026-08-22T22:38:27.1333270Z [INSTALL_PODS] ^[[36m^[[1m[Codegen]^[[0m Generating Native Code for safeareacontext - ios^[[0m
build	Build iOS Locally on Free Cloud Mac	2026-08-22T22:38:27.1335920Z [INSTALL_PODS] ^[[36m^[[1m[Codegen]^[[0m Generated artifacts: /private/var/folders/g3/pffjr_y96bq06blnkf72x_hw0000gn/T/eas-build-local-nodejs/e3c2f18c-efa8-490a-a480-4ca7aa049eaa/build/ios/build/generated/ios/ReactCodegen^[[0m
build	Build iOS Locally on Free Cloud Mac	2026-08-22T22:38:27.1338090Z [INSTALL_PODS] ^[[36m^[[1m[Codegen]^[[0m Generating Native Code for rnscreens - ios^[[0m
build	Build iOS Locally on Free Cloud Mac	2026-08-22T22:38:27.1339390Z [INSTALL_PODS] ^[[36m^[[1m[Codegen]^[[0m Generated artifacts: /private/var/folders/g3/pffjr_y96bq06blnkf72x_hw0000gn/T/eas-build-local-nodejs/e3c2f18c-efa8-490a-a480-4ca7aa049eaa/build/ios/build/generated/ios/ReactCodegen^[[0m
build	Build iOS Locally on Free Cloud Mac	2026-08-22T22:38:27.1341650Z [INSTALL_PODS] ^[[36m^[[1m[Codegen]^[[0m Generating Native Code for rnsvg - ios^[[0m
build	Build iOS Locally on Free Cloud Mac	2026-08-22T22:38:27.1343580Z [INSTALL_PODS] ^[[36m^[[1m[Codegen]^[[0m Generated artifacts: /private/var/folders/g3/pffjr_y96bq06blnkf72x_hw0000gn/T/eas-build-local-nodejs/e3c2f18c-efa8-490a-a480-4ca7aa049eaa/build/ios/build/generated/ios/ReactCodegen^[[0m
build	Build iOS Locally on Free Cloud Mac	2026-08-22T22:38:27.1344580Z [INSTALL_PODS] ^[[36m^[[1m[Codegen]^[[0m Generating Native Code for RNCWebViewSpec - ios^[[0m
build	Build iOS Locally on Free Cloud Mac	2026-08-22T22:38:27.1346400Z [INSTALL_PODS] ^[[36m^[[1m[Codegen]^[[0m Generated artifacts: /private/var/folders/g3/pffjr_y96bq06blnkf72x_hw0000gn/T/eas-build-local-nodejs/e3c2f18c-efa8-490a-a480-4ca7aa049eaa/build/ios/build/generated/ios/ReactCodegen^[[0m
build	Build iOS Locally on Free Cloud Mac	2026-08-22T22:38:27.1347510Z [INSTALL_PODS] ^[[36m^[[1m[Codegen]^[[0m Generating RCTThirdPartyComponentsProvider.h^[[0m
build	Build iOS Locally on Free Cloud Mac	2026-08-22T22:38:27.1348970Z [INSTALL_PODS] ^[[36m^[[1m[Codegen]^[[0m Generated artifact: /private/var/folders/g3/pffjr_y96bq06blnkf72x_hw0000gn/T/eas-build-local-nodejs/e3c2f18c-efa8-490a-a480-4ca7aa049eaa/build/ios/build/generated/ios/ReactCodegen/RCTThirdPartyComponentsProvider.h^[[0m
build	Build iOS Locally on Free Cloud Mac	2026-08-22T22:38:27.1350360Z [INSTALL_PODS] ^[[36m^[[1m[Codegen]^[[0m Generating RCTThirdPartyComponentsProvider.mm^[[0m
build	Build iOS Locally on Free Cloud Mac	2026-08-22T22:38:27.1351800Z [INSTALL_PODS] ^[[36m^[[1m[Codegen]^[[0m Generated artifact: /private/var/folders/g3/pffjr_y96bq06blnkf72x_hw0000gn/T/eas-build-local-nodejs/e3c2f18c-efa8-490a-a480-4ca7aa049eaa/build/ios/build/generated/ios/ReactCodegen/RCTThirdPartyComponentsProvider.mm^[[0m
build	Build iOS Locally on Free Cloud Mac	2026-08-22T22:38:27.1352830Z [INSTALL_PODS] ^[[36m^[[1m[Codegen]^[[0m Generating RCTModulesProvider.h^[[0m
build	Build iOS Locally on Free Cloud Mac	2026-08-22T22:38:27.1354340Z [INSTALL_PODS] ^[[36m^[[1m[Codegen]^[[0m Generated artifact: /private/var/folders/g3/pffjr_y96bq06blnkf72x_hw0000gn/T/eas-build-local-nodejs/e3c2f18c-efa8-490a-a480-4ca7aa049eaa/build/ios/build/generated/ios/ReactCodegen/RCTModuleProviders.h^[[0m
build	Build iOS Locally on Free Cloud Mac	2026-08-22T22:38:27.1355440Z [INSTALL_PODS] ^[[36m^[[1m[Codegen]^[[0m Generating RCTModuleProviders.mm^[[0m
build	Build iOS Locally on Free Cloud Mac	2026-08-22T22:38:27.1356790Z [INSTALL_PODS] ^[[36m^[[1m[Codegen]^[[0m Generated artifact: /private/var/folders/g3/pffjr_y96bq06blnkf72x_hw0000gn/T/eas-build-local-nodejs/e3c2f18c-efa8-490a-a480-4ca7aa049eaa/build/ios/build/generated/ios/ReactCodegen/RCTModuleProviders.mm^[[0m
build	Build iOS Locally on Free Cloud Mac	2026-08-22T22:38:27.1357980Z [INSTALL_PODS] ^[[36m^[[1m[Codegen]^[[0m Generating RCTAppDependencyProvider^[[0m
build	Build iOS Locally on Free Cloud Mac	2026-08-22T22:38:27.1359480Z [INSTALL_PODS] ^[[36m^[[1m[Codegen]^[[0m Generated artifact: /private/var/folders/g3/pffjr_y96bq06blnkf72x_hw0000gn/T/eas-build-local-nodejs/e3c2f18c-efa8-490a-a480-4ca7aa049eaa/build/ios/build/generated/ios/ReactAppDependencyProvider/RCTAppDependencyProvider.h^[[0m
build	Build iOS Locally on Free Cloud Mac	2026-08-22T22:38:27.1361410Z [INSTALL_PODS] ^[[36m^[[1m[Codegen]^[[0m Generated artifact: /private/var/folders/g3/pffjr_y96bq06blnkf72x_hw0000gn/T/eas-build-local-nodejs/e3c2f18c-efa8-490a-a480-4ca7aa049eaa/build/ios/build/generated/ios/ReactAppDependencyProvider/RCTAppDependencyProvider.mm^[[0m
build	Build iOS Locally on Free Cloud Mac	2026-08-22T22:38:27.1363770Z [INSTALL_PODS] ^[[36m^[[1m[Codegen]^[[0m Generated podspec: /private/var/folders/g3/pffjr_y96bq06blnkf72x_hw0000gn/T/eas-build-local-nodejs/e3c2f18c-efa8-490a-a480-4ca7aa049eaa/build/ios/build/generated/ios/ReactAppDependencyProvider/ReactAppDependencyProvider.podspec^[[0m
build	Build iOS Locally on Free Cloud Mac	2026-08-22T22:38:27.1365780Z [INSTALL_PODS] ^[[36m^[[1m[Codegen]^[[0m Generated podspec: /private/var/folders/g3/pffjr_y96bq06blnkf72x_hw0000gn/T/eas-build-local-nodejs/e3c2f18c-efa8-490a-a480-4ca7aa049eaa/build/ios/build/generated/ios/ReactCodegen/ReactCodegen.podspec^[[0m
build	Build iOS Locally on Free Cloud Mac	2026-08-22T22:38:27.1366900Z [INSTALL_PODS] ^[[36m^[[1m[Codegen]^[[0m Generating Package.swift^[[0m
build	Build iOS Locally on Free Cloud Mac	2026-08-22T22:38:27.1368270Z [INSTALL_PODS] ^[[36m^[[1m[Codegen]^[[0m Generated artifact: /private/var/folders/g3/pffjr_y96bq06blnkf72x_hw0000gn/T/eas-build-local-nodejs/e3c2f18c-efa8-490a-a480-4ca7aa049eaa/build/ios/build/generated/ios/Package.swift^[[0m
build	Build iOS Locally on Free Cloud Mac	2026-08-22T22:38:27.1369340Z [INSTALL_PODS] ^[[36m^[[1m[Codegen]^[[0m ^[[33mDone.^[[0m
build	Build iOS Locally on Free Cloud Mac	2026-08-22T22:38:27.1369650Z [INSTALL_PODS] Analyzing dependencies
build	Build iOS Locally on Free Cloud Mac	2026-08-22T22:38:27.1370200Z [INSTALL_PODS] [Expo-precompiled] Bundled SPM frameworks: ZXingObjC
build	Build iOS Locally on Free Cloud Mac	2026-08-22T22:38:27.1819500Z [INSTALL_PODS] Fetching podspec for `ExpoCamera` from `../node_modules/expo-camera/ios/ExpoCamera.podspec`
build	Build iOS Locally on Free Cloud Mac	2026-08-22T22:38:27.1891180Z [INSTALL_PODS] Fetching podspec for `ExpoCameraBarcodeScanning` from `../node_modules/expo-camera/ios/ExpoCameraBarcodeScanning.podspec`
build	Build iOS Locally on Free Cloud Mac	2026-08-22T22:38:27.1924840Z [INSTALL_PODS] [Expo-precompiled] Stripping bundled dependency 'ZXingObjC/PDF417' from ExpoCameraBarcodeScanning
build	Build iOS Locally on Free Cloud Mac	2026-08-22T22:38:27.1925760Z [INSTALL_PODS] [Expo-precompiled] Stripping bundled dependency 'ZXingObjC/OneD' from ExpoCameraBarcodeScanning
build	Build iOS Locally on Free Cloud Mac	2026-08-22T22:38:27.1962700Z [INSTALL_PODS] Fetching podspec for `ExpoFileSystem` from `../node_modules/expo/node_modules/expo-file-system/ios/ExpoFileSystem.podspec`
build	Build iOS Locally on Free Cloud Mac	2026-08-22T22:38:27.1978420Z [INSTALL_PODS] Fetching podspec for `ExpoFont` from `../node_modules/expo-font/ios/ExpoFont.podspec`
build	Build iOS Locally on Free Cloud Mac	2026-08-22T22:38:27.2052460Z [INSTALL_PODS] Fetching podspec for `ExpoLocation` from `../node_modules/expo-location/ios/ExpoLocation.podspec`
build	Build iOS Locally on Free Cloud Mac	2026-08-22T22:38:27.2295380Z [INSTALL_PODS] Fetching podspec for `ExpoModulesCore` from `../node_modules/expo-modules-core/ExpoModulesCore.podspec`
build	Build iOS Locally on Free Cloud Mac	2026-08-22T22:38:27.2677950Z [INSTALL_PODS] Fetching podspec for `ExpoModulesWorklets` from `../node_modules/expo-modules-core/ExpoModulesWorklets.podspec`
build	Build iOS Locally on Free Cloud Mac	2026-08-22T22:38:27.3385370Z [INSTALL_PODS] Fetching podspec for `React-Core-prebuilt` from `../node_modules/react-native/React-Core-prebuilt.podspec`
build	Build iOS Locally on Free Cloud Mac	2026-08-22T22:38:27.3449220Z [INSTALL_PODS] [ReactNativeCore] Cache miss: downloading reactnative-core-0.86.2-debug.tar.gz from https://repo1.maven.org/maven2/com/facebook/react/react-native-artifacts/0.86.2/react-native-artifacts-0.86.2-reactnative-core-debug.tar.gz
build	Build iOS Locally on Free Cloud Mac	2026-08-22T22:38:27.3553880Z [INSTALL_PODS] % Total    % Received % Xferd  Averag
build	Build iOS Locally on Free Cloud Mac	2026-08-22T22:38:27.3555230Z [INSTALL_PODS] e Speed   Time    Time     Time  Current
build	Build iOS Locally on Free Cloud Mac	2026-08-22T22:38:27.3555940Z [INSTALL_PODS]                                  Dload  Upload   Total   Spent    Left  Speed
build	Build iOS Locally on Free Cloud Mac	2026-08-22T22:38:27.3556410Z [INSTALL_PODS] 
build	Build iOS Locally on Free Cloud Mac	2026-08-22T22:38:27.3556750Z   0     0    0     0    0     0      0      0 --:--:-- --:--:-- --:--:--     0
build	Build iOS Locally on Free Cloud Mac	2026-08-22T22:38:27.9829720Z [INSTALL_PODS] 23 94.2M   23 21.9M    0     0  34.9M      0  0:00:
build	Build iOS Locally on Free Cloud Mac	2026-08-22T22:38:27.9930840Z [INSTALL_PODS] 02 --:--:--  0:00:02 34.9M
build	Build iOS Locally on Free Cloud Mac	2026-08-22T22:38:28.9791020Z [INSTALL_PODS] 100 94.2M  100 94.2M    0     0
build	Build iOS Locally on Free Cloud Mac	2026-08-22T22:38:28.9791730Z [INSTALL_PODS] 58.0M      0  0:00:01  0:00:01 --:--:-- 58.0M
build	Build iOS Locally on Free Cloud Mac	2026-08-22T22:38:28.9869880Z [INSTALL_PODS] [ReactNativeCore] Verifying checksum for downloaded reactnative-core-0.86.2-debug.tar.gz...
build	Build iOS Locally on Free Cloud Mac	2026-08-22T22:38:29.1386100Z [INSTALL_PODS] [Cache] SHA1 verified for reactnative-core-0.86.2-debug.tar.gz
build	Build iOS Locally on Free Cloud Mac	2026-08-22T22:38:29.1789000Z [INSTALL_PODS] [ReactNativeCore] Saved reactnative-core-0.86.2-debug.tar.gz to shared cache (/Users/runner/Library/Caches/ReactNative)
build	Build iOS Locally on Free Cloud Mac	2026-08-22T22:38:29.1891050Z [INSTALL_PODS] [ReactNativeCore] Cache miss: downloading reactnative-core-0.86.2-release.tar.gz from https://repo1.maven.org/maven2/com/facebook/react/react-native-artifacts/0.86.2/react-native-artifacts-0.86.2-reactnative-core-release.tar.gz
build	Build iOS Locally on Free Cloud Mac	2026-08-22T22:38:29.2046270Z [INSTALL_PODS] % Total    % Received % Xferd  Average Speed   Time    Time     Time  Current
build	Build iOS Locally on Free Cloud Mac	2026-08-22T22:38:29.2126830Z [INSTALL_PODS]                                  Dload  Upload   Total   Spent    Left  Speed
build	Build iOS Locally on Free Cloud Mac	2026-08-22T22:38:29.2135770Z [INSTALL_PODS] 
build	Build iOS Locally on Free Cloud Mac	2026-08-22T22:38:29.2144580Z   0     0    0     0    0     0      0      0 --:--:-- --:--:-- --:--:--     0
build	Build iOS Locally on Free Cloud Mac	2026-08-22T22:38:29.4943550Z [INSTALL_PODS] 100 29.5M  100 29.5M    0     0   101M      0 --:--:-- --:--
build	Build iOS Locally on Free Cloud Mac	2026-08-22T22:38:29.5044640Z [INSTALL_PODS] :-- --:--:--  101M
build	Build iOS Locally on Free Cloud Mac	2026-08-22T22:38:29.5045380Z [INSTALL_PODS] [ReactNativeCore] Verifying checksum for downloaded reactnative-core-0.86.2-release.tar.gz...
build	Build iOS Locally on Free Cloud Mac	2026-08-22T22:38:29.5879750Z [INSTALL_PODS] [Cache] SHA1 verified for reactnative-core-0.86.2-release.tar.gz
build	Build iOS Locally on Free Cloud Mac	2026-08-22T22:38:29.6011600Z [INSTALL_PODS] [ReactNativeCore] Saved reactnative-core-0.86.2-release.tar.gz to shared cache (/Users/runner/Library/Caches/ReactNative)
build	Build iOS Locally on Free Cloud Mac	2026-08-22T22:38:29.6018760Z [INSTALL_PODS] [ReactNativeCore] Resolved stable ReactNativeCore-prebuilt version:
build	Build iOS Locally on Free Cloud Mac	2026-08-22T22:38:29.6020180Z [INSTALL_PODS] [ReactNativeCore]   ../../ios/Pods/ReactNativeCore-artifacts/reactnative-core-0.86.2-debug.tar.gz
build	Build iOS Locally on Free Cloud Mac	2026-08-22T22:38:29.6022350Z [INSTALL_PODS] [ReactNativeCore]   ../../ios/Pods/ReactNativeCore-artifacts/reactnative-core-0.86.2-release.tar.gz
build	Build iOS Locally on Free Cloud Mac	2026-08-22T22:38:29.6813880Z [INSTALL_PODS] Fetching podspec for `ReactNativeDependencies` from `../node_modules/react-native/third-party-podspecs/ReactNativeDependencies.podspec`
build	Build iOS Locally on Free Cloud Mac	2026-08-22T22:38:29.7388020Z [INSTALL_PODS] [ReactNativeDependencies] Using tarball from URL: https://repo1.maven.org/maven2/com/facebook/react/react-native-artifacts/0.86.2/react-native-artifacts-0.86.2-reactnative-dependencies-debug.tar.gz
build	Build iOS Locally on Free Cloud Mac	2026-08-22T22:38:29.7389580Z [INSTALL_PODS] [ReactNativeDependencies] Tarball reactnative-dependencies-0.86.2-debug.tar.gz already exists in Pods. Skipping download.
build	Build iOS Locally on Free Cloud Mac	2026-08-22T22:38:29.7391070Z [INSTALL_PODS] [ReactNativeDependencies] Tarball reactnative-dependencies-0.86.2-release.tar.gz already exists in Pods. Skipping download.
build	Build iOS Locally on Free Cloud Mac	2026-08-22T22:38:29.8148620Z [INSTALL_PODS] Fetching podspec for `hermes-engine` from `../node_modules/react-native/sdks/hermes-engine/hermes-engine.podspec`
build	Build iOS Locally on Free Cloud Mac	2026-08-22T22:38:29.9854590Z [INSTALL_PODS] [Hermes] Using release tarball from URL: https://repo1.maven.org/maven2/com/facebook/hermes/hermes-ios/250829098.0.16/hermes-ios-250829098.0.16-hermes-ios-debug.tar.gz
build	Build iOS Locally on Free Cloud Mac	2026-08-22T22:38:29.9956940Z [INSTALL_PODS] [Hermes] Cache miss: downloading hermes-ios-250829098.0.16-debug.tar.gz from https://repo1.maven.org/maven2/com/facebook/hermes/hermes-ios/250829098.0.16/hermes-ios-250829098.0.16-hermes-ios-debug.tar.gz
build	Build iOS Locally on Free Cloud Mac	2026-08-22T22:38:30.0156830Z [INSTALL_PODS] % Total    % Received % Xferd  Average Speed   Time    Time     Time  Current
build	Build iOS Locally on Free Cloud Mac	2026-08-22T22:38:30.0258490Z [INSTALL_PODS] Dload  Upload   Total   Spent    Left  Speed
build	Build iOS Locally on Free Cloud Mac	2026-08-22T22:38:30.0358760Z [INSTALL_PODS] 
build	Build iOS Locally on Free Cloud Mac	2026-08-22T22:38:30.0459540Z   0     0    0     0    0     0      0      0 --:--:-- --:--:-- --:--:--     0
build	Build iOS Locally on Free Cloud Mac	2026-08-22T22:38:30.3450540Z [INSTALL_PODS] 100 31.1M  100 31.1M    0     0  92.1M      0 --:--:-- --:--:-- --:--:-- 92.2M
build	Build iOS Locally on Free Cloud Mac	2026-08-22T22:38:30.3535000Z [INSTALL_PODS] [Hermes] Verifying checksum for downloaded hermes-ios-250829098.0.16-debug.tar.gz...
build	Build iOS Locally on Free Cloud Mac	2026-08-22T22:38:30.4560160Z [INSTALL_PODS] [Hermes] SHA1 verified for hermes-ios-250829098.0.16-debug.tar.gz
build	Build iOS Locally on Free Cloud Mac	2026-08-22T22:38:30.4763020Z [INSTALL_PODS] [Hermes] Saved hermes-ios-250829098.0.16-debug.tar.gz to shared cache (/Users/runner/Library/Caches/ReactNative)
build	Build iOS Locally on Free Cloud Mac	2026-08-22T22:38:30.4863080Z [INSTALL_PODS] [Hermes] Cache miss: downloading hermes-ios-250829098.0.16-release.tar.gz from https://repo1.maven.org/maven2/com/facebook/hermes/hermes-ios/250829098.0.16/hermes-ios-250829098.0.16-hermes-ios-release.tar.gz
build	Build iOS Locally on Free Cloud Mac	2026-08-22T22:38:30.4988970Z [INSTALL_PODS] % Total    % Received % Xferd  Average Speed   Time    Time     Time  Current
build	Build iOS Locally on Free Cloud Mac	2026-08-22T22:38:30.5010060Z [INSTALL_PODS]                                  Dload  Upload   Total   Spent    Left  Speed
build	Build iOS Locally on Free Cloud Mac	2026-08-22T22:38:30.5013660Z [INSTALL_PODS] 
build	Build iOS Locally on Free Cloud Mac	2026-08-22T22:38:30.5014290Z   0     0    0     0    0     0      0      0 --:--:-- --:--:-- --:--:--     0
build	Build iOS Locally on Free Cloud Mac	2026-08-22T22:38:30.7924190Z [INSTALL_PODS] 100 24.3M  100 24.3M    0     0  85.
build	Build iOS Locally on Free Cloud Mac	2026-08-22T22:38:30.7926400Z [INSTALL_PODS] [Hermes] Verifying checksum for downloaded hermes-ios-250829098.0.16-release.tar.gz...
build	Build iOS Locally on Free Cloud Mac	2026-08-22T22:38:30.7951260Z [INSTALL_PODS] 5M      0 --:--:-- --:--:-- --:--:-- 85.6M
build	Build iOS Locally on Free Cloud Mac	2026-08-22T22:38:30.9002040Z [INSTALL_PODS] [Hermes] SHA1 verified for hermes-ios-250829098.0.16-release.tar.gz
build	Build iOS Locally on Free Cloud Mac	2026-08-22T22:38:30.9387650Z [INSTALL_PODS] [Hermes] Saved hermes-ios-250829098.0.16-release.tar.gz to shared cache (/Users/runner/Library/Caches/ReactNative)
build	Build iOS Locally on Free Cloud Mac	2026-08-22T22:38:36.9899960Z [INSTALL_PODS] Adding spec repo `trunk` with CDN `https://cdn.cocoapods.org/`
build	Build iOS Locally on Free Cloud Mac	2026-08-22T22:38:36.9901830Z [INSTALL_PODS] Downloading dependencies
build	Build iOS Locally on Free Cloud Mac	2026-08-22T22:38:36.9902470Z [INSTALL_PODS] Installing EXApplication (57.0.2)
build	Build iOS Locally on Free Cloud Mac	2026-08-22T22:38:36.9903520Z [INSTALL_PODS] Installing EXConstants (57.0.11)
build	Build iOS Locally on Free Cloud Mac	2026-08-22T22:38:36.9903980Z [INSTALL_PODS] Installing EXJSONUtils (57.0.1)
build	Build iOS Locally on Free Cloud Mac	2026-08-22T22:38:36.9904490Z [INSTALL_PODS] Installing EXManifests (57.0.1)
build	Build iOS Locally on Free Cloud Mac	2026-08-22T22:38:36.9904980Z [INSTALL_PODS] Installing EXUpdatesInterface (57.0.1)
build	Build iOS Locally on Free Cloud Mac	2026-08-22T22:38:36.9905490Z [INSTALL_PODS] Installing Expo (57.0.13)
build	Build iOS Locally on Free Cloud Mac	2026-08-22T22:38:36.9905920Z [INSTALL_PODS] Installing ExpoAsset (57.0.11)
build	Build iOS Locally on Free Cloud Mac	2026-08-22T22:38:36.9906330Z [INSTALL_PODS] Installing ExpoBlur (57.0.2)
build	Build iOS Locally on Free Cloud Mac	2026-08-22T22:38:36.9906880Z [INSTALL_PODS] Installing ExpoCamera (57.0.3)
build	Build iOS Locally on Free Cloud Mac	2026-08-22T22:38:37.4844550Z [INSTALL_PODS] Installing ExpoCameraBarcodeScanning (57.0.3)
build	Build iOS Locally on Free Cloud Mac	2026-08-22T22:38:37.7509160Z [INSTALL_PODS] Installing ExpoClipboard (57.0.1)
build	Build iOS Locally on Free Cloud Mac	2026-08-22T22:38:37.7610370Z [INSTALL_PODS] Installing ExpoDevice (57.0.1)
build	Build iOS Locally on Free Cloud Mac	2026-08-22T22:38:37.7662960Z [INSTALL_PODS] Installing ExpoDomWebView (57.0.1)
build	Build iOS Locally on Free Cloud Mac	2026-08-22T22:38:37.7663550Z [INSTALL_PODS] Installing ExpoFileSystem (57.0.4)
build	Build iOS Locally on Free Cloud Mac	2026-08-22T22:38:38.1787010Z [INSTALL_PODS] Installing ExpoFont (57.0.1)
build	Build iOS Locally on Free Cloud Mac	2026-08-22T22:38:38.5426590Z [INSTALL_PODS] Installing ExpoHaptics (57.0.1)
build	Build iOS Locally on Free Cloud Mac	2026-08-22T22:38:38.5427600Z [INSTALL_PODS] Installing ExpoImagePicker (57.0.10)
build	Build iOS Locally on Free Cloud Mac	2026-08-22T22:38:38.5428080Z [INSTALL_PODS] Installing ExpoKeepAwake (57.0.1)
build	Build iOS Locally on Free Cloud Mac	2026-08-22T22:38:38.5428540Z [INSTALL_PODS] Installing ExpoLinearGradient (57.0.1)
build	Build iOS Locally on Free Cloud Mac	2026-08-22T22:38:38.5429460Z [INSTALL_PODS] Installing ExpoLinking (57.0.6)
build	Build iOS Locally on Free Cloud Mac	2026-08-22T22:38:38.5429900Z [INSTALL_PODS] Installing ExpoLocation (57.0.10)
build	Build iOS Locally on Free Cloud Mac	2026-08-22T22:38:38.9615470Z [INSTALL_PODS] Installing ExpoLogBox (57.0.2)
build	Build iOS Locally on Free Cloud Mac	2026-08-22T22:38:38.9717800Z [INSTALL_PODS] Installing ExpoModulesCore (57.0.11)
build	Build iOS Locally on Free Cloud Mac	2026-08-22T22:38:39.8009610Z [INSTALL_PODS] Installing ExpoModulesJSI (57.0.4)
build	Build iOS Locally on Free Cloud Mac	2026-08-22T22:38:40.1277900Z [INSTALL_PODS] Installing ExpoModulesWorklets (57.0.11)
build	Build iOS Locally on Free Cloud Mac	2026-08-22T22:38:40.5401520Z [INSTALL_PODS] Installing ExpoNotifications (57.0.11)
build	Build iOS Locally on Free Cloud Mac	2026-08-22T22:38:40.5402090Z [INSTALL_PODS] Installing ExpoSharing (57.0.12)
build	Build iOS Locally on Free Cloud Mac	2026-08-22T22:38:40.5402620Z [INSTALL_PODS] Installing ExpoSpeech (57.0.1)
build	Build iOS Locally on Free Cloud Mac	2026-08-22T22:38:40.5407070Z [INSTALL_PODS] Installing ExpoTaskManager (57.0.10)
build	Build iOS Locally on Free Cloud Mac	2026-08-22T22:38:40.5407480Z [INSTALL_PODS] Installing FBLazyVector (0.86.2)
build	Build iOS Locally on Free Cloud Mac	2026-08-22T22:38:40.5407850Z [INSTALL_PODS] Installing RCTDeprecation (0.86.2)
build	Build iOS Locally on Free Cloud Mac	2026-08-22T22:38:40.5408250Z [INSTALL_PODS] Installing RCTRequired (0.86.2)
build	Build iOS Locally on Free Cloud Mac	2026-08-22T22:38:40.5408680Z [INSTALL_PODS] Installing RCTSwiftUI (0.86.2)
build	Build iOS Locally on Free Cloud Mac	2026-08-22T22:38:40.5409150Z [INSTALL_PODS] Installing RCTSwiftUIWrapper (0.86.2)
build	Build iOS Locally on Free Cloud Mac	2026-08-22T22:38:40.5410080Z [INSTALL_PODS] Installing RCTTypeSafety (0.86.2)
build	Build iOS Locally on Free Cloud Mac	2026-08-22T22:38:40.5410570Z [INSTALL_PODS] Installing RNCAsyncStorage (2.2.0)
build	Build iOS Locally on Free Cloud Mac	2026-08-22T22:38:40.5410950Z [INSTALL_PODS] Installing RNCPicker (2.11.4)
build	Build iOS Locally on Free Cloud Mac	2026-08-22T22:38:40.5411280Z [INSTALL_PODS] Installing RNDateTimePicker (9.1.0)
build	Build iOS Locally on Free Cloud Mac	2026-08-22T22:38:40.5411630Z [INSTALL_PODS] Installing RNSVG (15.15.4)
build	Build iOS Locally on Free Cloud Mac	2026-08-22T22:38:40.5411940Z [INSTALL_PODS] Installing RNScreens (4.26.2)
build	Build iOS Locally on Free Cloud Mac	2026-08-22T22:38:40.5412260Z [INSTALL_PODS] Installing React (0.86.2)
build	Build iOS Locally on Free Cloud Mac	2026-08-22T22:38:40.5412570Z [INSTALL_PODS] Installing React-Core (0.86.2)
build	Build iOS Locally on Free Cloud Mac	2026-08-22T22:38:40.5412930Z [INSTALL_PODS] Installing React-Core-prebuilt (0.86.2)
build	Build iOS Locally on Free Cloud Mac	2026-08-22T22:38:49.8455240Z [INSTALL_PODS] Installing React-CoreModules (0.86.2)
build	Build iOS Locally on Free Cloud Mac	2026-08-22T22:38:49.8456510Z [INSTALL_PODS] Installing React-Fabric (0.86.2)
build	Build iOS Locally on Free Cloud Mac	2026-08-22T22:38:49.8457260Z [INSTALL_PODS] Installing React-FabricComponents (0.86.2)
build	Build iOS Locally on Free Cloud Mac	2026-08-22T22:38:49.8458130Z [INSTALL_PODS] Installing React-FabricImage (0.86.2)
build	Build iOS Locally on Free Cloud Mac	2026-08-22T22:38:49.8458700Z [INSTALL_PODS] Installing React-ImageManager (0.86.2)
build	Build iOS Locally on Free Cloud Mac	2026-08-22T22:38:49.8459280Z [INSTALL_PODS] Installing React-Mapbuffer (0.86.2)
build	Build iOS Locally on Free Cloud Mac	2026-08-22T22:38:49.8459890Z [INSTALL_PODS] Installing React-NativeModulesApple (0.86.2)
build	Build iOS Locally on Free Cloud Mac	2026-08-22T22:38:49.8460620Z [INSTALL_PODS] Installing React-RCTActionSheet (0.86.2)
build	Build iOS Locally on Free Cloud Mac	2026-08-22T22:38:49.8461220Z [INSTALL_PODS] Installing React-RCTAnimation (0.86.2)
build	Build iOS Locally on Free Cloud Mac	2026-08-22T22:38:49.8462820Z [INSTALL_PODS] Installing React-RCTAppDelegate (0.86.2)
build	Build iOS Locally on Free Cloud Mac	2026-08-22T22:38:49.8466000Z [INSTALL_PODS] Installing React-RCTBlob (0.86.2)
build	Build iOS Locally on Free Cloud Mac	2026-08-22T22:38:49.8466490Z [INSTALL_PODS] Installing React-RCTFBReactNativeSpec (0.86.2)
build	Build iOS Locally on Free Cloud Mac	2026-08-22T22:38:49.8466950Z [INSTALL_PODS] Installing React-RCTFabric (0.86.2)
build	Build iOS Locally on Free Cloud Mac	2026-08-22T22:38:49.8467350Z [INSTALL_PODS] Installing React-RCTImage (0.86.2)
build	Build iOS Locally on Free Cloud Mac	2026-08-22T22:38:49.8467750Z [INSTALL_PODS] Installing React-RCTLinking (0.86.2)
build	Build iOS Locally on Free Cloud Mac	2026-08-22T22:38:49.8468170Z [INSTALL_PODS] Installing React-RCTNetwork (0.86.2)
build	Build iOS Locally on Free Cloud Mac	2026-08-22T22:38:49.8468580Z [INSTALL_PODS] Installing React-RCTRuntime (0.86.2)
build	Build iOS Locally on Free Cloud Mac	2026-08-22T22:38:49.8469000Z [INSTALL_PODS] Installing React-RCTSettings (0.86.2)
build	Build iOS Locally on Free Cloud Mac	2026-08-22T22:38:49.8469420Z [INSTALL_PODS] Installing React-RCTText (0.86.2)
build	Build iOS Locally on Free Cloud Mac	2026-08-22T22:38:49.8469810Z [INSTALL_PODS] Installing React-RCTVibration (0.86.2)
build	Build iOS Locally on Free Cloud Mac	2026-08-22T22:38:49.8470220Z [INSTALL_PODS] Installing React-RuntimeApple (0.86.2)
build	Build iOS Locally on Free Cloud Mac	2026-08-22T22:38:49.8470620Z [INSTALL_PODS] Installing React-RuntimeCore (0.86.2)
build	Build iOS Locally on Free Cloud Mac	2026-08-22T22:38:49.8471070Z [INSTALL_PODS] Installing React-RuntimeHermes (0.86.2)
build	Build iOS Locally on Free Cloud Mac	2026-08-22T22:38:49.8471510Z [INSTALL_PODS] Installing React-callinvoker (0.86.2)
build	Build iOS Locally on Free Cloud Mac	2026-08-22T22:38:49.8471900Z [INSTALL_PODS] Installing React-cxxreact (0.86.2)
build	Build iOS Locally on Free Cloud Mac	2026-08-22T22:38:49.8472300Z [INSTALL_PODS] Installing React-debug (0.86.2)
build	Build iOS Locally on Free Cloud Mac	2026-08-22T22:38:49.8472700Z [INSTALL_PODS] Installing React-defaultsnativemodule (0.86.2)
build	Build iOS Locally on Free Cloud Mac	2026-08-22T22:38:49.8473180Z [INSTALL_PODS] Installing React-domnativemodule (0.86.2)
build	Build iOS Locally on Free Cloud Mac	2026-08-22T22:38:49.8473550Z [INSTALL_PODS] Installing React-featureflags (0.86.2)
build	Build iOS Locally on Free Cloud Mac	2026-08-22T22:38:49.8473960Z [INSTALL_PODS] Installing React-featureflagsnativemodule (0.86.2)
build	Build iOS Locally on Free Cloud Mac	2026-08-22T22:38:49.8474370Z [INSTALL_PODS] Installing React-graphics (0.86.2)
build	Build iOS Locally on Free Cloud Mac	2026-08-22T22:38:49.8474760Z [INSTALL_PODS] Installing React-hermes (0.86.2)
build	Build iOS Locally on Free Cloud Mac	2026-08-22T22:38:49.8475190Z [INSTALL_PODS] Installing React-idlecallbacksnativemodule (0.86.2)
build	Build iOS Locally on Free Cloud Mac	2026-08-22T22:38:49.8475770Z [INSTALL_PODS] Installing React-intersectionobservernativemodule (0.86.2)
build	Build iOS Locally on Free Cloud Mac	2026-08-22T22:38:49.8476240Z [INSTALL_PODS] Installing React-jserrorhandler (0.86.2)
build	Build iOS Locally on Free Cloud Mac	2026-08-22T22:38:49.8476580Z [INSTALL_PODS] Installing React-jsi (0.86.2)
build	Build iOS Locally on Free Cloud Mac	2026-08-22T22:38:49.8476980Z [INSTALL_PODS] Installing React-jsiexecutor (0.86.2)
build	Build iOS Locally on Free Cloud Mac	2026-08-22T22:38:49.8477410Z [INSTALL_PODS] Installing React-jsinspector (0.86.2)
build	Build iOS Locally on Free Cloud Mac	2026-08-22T22:38:49.8477800Z [INSTALL_PODS] Installing React-jsinspectorcdp (0.86.2)
build	Build iOS Locally on Free Cloud Mac	2026-08-22T22:38:49.8478190Z [INSTALL_PODS] Installing React-jsinspectornetwork (0.86.2)
build	Build iOS Locally on Free Cloud Mac	2026-08-22T22:38:49.8479180Z [INSTALL_PODS] Installing React-jsinspectortracing (0.86.2)
build	Build iOS Locally on Free Cloud Mac	2026-08-22T22:38:49.8488900Z [INSTALL_PODS] Installing React-jsitooling (0.86.2)
build	Build iOS Locally on Free Cloud Mac	2026-08-22T22:38:49.8489270Z [INSTALL_PODS] Installing React-jsitracing (0.86.2)
build	Build iOS Locally on Free Cloud Mac	2026-08-22T22:38:49.8489620Z [INSTALL_PODS] Installing React-logger (0.86.2)
build	Build iOS Locally on Free Cloud Mac	2026-08-22T22:38:49.8490070Z [INSTALL_PODS] Installing React-microtasksnativemodule (0.86.2)
build	Build iOS Locally on Free Cloud Mac	2026-08-22T22:38:49.8490540Z [INSTALL_PODS] Installing React-mutationobservernativemodule (0.86.2)
build	Build iOS Locally on Free Cloud Mac	2026-08-22T22:38:49.8491030Z [INSTALL_PODS] Installing React-networking (0.86.2)
build	Build iOS Locally on Free Cloud Mac	2026-08-22T22:38:49.8491370Z [INSTALL_PODS] Installing React-oscompat (0.86.2)
build	Build iOS Locally on Free Cloud Mac	2026-08-22T22:38:49.8491770Z [INSTALL_PODS] Installing React-perflogger (0.86.2)
build	Build iOS Locally on Free Cloud Mac	2026-08-22T22:38:49.8492170Z [INSTALL_PODS] Installing React-performancecdpmetrics (0.86.2)
build	Build iOS Locally on Free Cloud Mac	2026-08-22T22:38:49.8492620Z [INSTALL_PODS] Installing React-performancetimeline (0.86.2)
build	Build iOS Locally on Free Cloud Mac	2026-08-22T22:38:49.8493030Z [INSTALL_PODS] Installing React-rendererconsistency (0.86.2)
build	Build iOS Locally on Free Cloud Mac	2026-08-22T22:38:49.8493410Z [INSTALL_PODS] Installing React-renderercss (0.86.2)
build	Build iOS Locally on Free Cloud Mac	2026-08-22T22:38:49.8493830Z [INSTALL_PODS] Installing React-rendererdebug (0.86.2)
build	Build iOS Locally on Free Cloud Mac	2026-08-22T22:38:49.8494200Z [INSTALL_PODS] Installing React-runtimeexecutor (0.86.2)
build	Build iOS Locally on Free Cloud Mac	2026-08-22T22:38:49.8494570Z [INSTALL_PODS] Installing React-runtimescheduler (0.86.2)
build	Build iOS Locally on Free Cloud Mac	2026-08-22T22:38:49.8494990Z [INSTALL_PODS] Installing React-timing (0.86.2)
build	Build iOS Locally on Free Cloud Mac	2026-08-22T22:38:49.8495310Z [INSTALL_PODS] Installing React-utils (0.86.2)
build	Build iOS Locally on Free Cloud Mac	2026-08-22T22:38:49.8495970Z [INSTALL_PODS] Installing React-viewtransitionnativemodule (0.86.2)
build	Build iOS Locally on Free Cloud Mac	2026-08-22T22:38:49.8496440Z [INSTALL_PODS] Installing React-webperformancenativemodule (0.86.2)
build	Build iOS Locally on Free Cloud Mac	2026-08-22T22:38:49.8496930Z [INSTALL_PODS] Installing ReactAppDependencyProvider (0.86.2)
build	Build iOS Locally on Free Cloud Mac	2026-08-22T22:38:49.8497300Z [INSTALL_PODS] Installing ReactCodegen (0.86.2)
build	Build iOS Locally on Free Cloud Mac	2026-08-22T22:38:49.8497620Z [INSTALL_PODS] Installing ReactCommon (0.86.2)
build	Build iOS Locally on Free Cloud Mac	2026-08-22T22:38:49.8498030Z [INSTALL_PODS] Installing ReactNativeDependencies (0.86.2)
build	Build iOS Locally on Free Cloud Mac	2026-08-22T22:38:54.3571280Z [INSTALL_PODS] Installing Stripe (25.11.0)
build	Build iOS Locally on Free Cloud Mac	2026-08-22T22:39:07.0681610Z [INSTALL_PODS] Installing StripeApplePay (25.11.0)
build	Build iOS Locally on Free Cloud Mac	2026-08-22T22:39:17.3511470Z [INSTALL_PODS] Installing StripeCore (25.11.0)
build	Build iOS Locally on Free Cloud Mac	2026-08-22T22:39:27.7562500Z [INSTALL_PODS] Installing StripeFinancialConnections (25.11.0)
build	Build iOS Locally on Free Cloud Mac	2026-08-22T22:39:38.7024380Z [INSTALL_PODS] Installing StripeIssuing (25.11.0)
build	Build iOS Locally on Free Cloud Mac	2026-08-22T22:39:46.4500450Z [INSTALL_PODS] Installing StripePaymentSheet (25.11.0)
build	Build iOS Locally on Free Cloud Mac	2026-08-22T22:40:00.7531620Z [INSTALL_PODS] Installing StripePayments (25.11.0)
build	Build iOS Locally on Free Cloud Mac	2026-08-22T22:40:12.1557470Z [INSTALL_PODS] Installing StripePaymentsUI (25.11.0)
build	Build iOS Locally on Free Cloud Mac	2026-08-22T22:40:21.5632870Z [INSTALL_PODS] Installing StripeUICore (25.11.0)
build	Build iOS Locally on Free Cloud Mac	2026-08-22T22:40:30.6832740Z [INSTALL_PODS] Installing UMAppLoader (57.0.1)
build	Build iOS Locally on Free Cloud Mac	2026-08-22T22:40:30.6833460Z [INSTALL_PODS] Installing Yoga (0.0.0)
build	Build iOS Locally on Free Cloud Mac	2026-08-22T22:40:30.6834110Z [INSTALL_PODS] Installing expo-dev-client (57.0.12)
build	Build iOS Locally on Free Cloud Mac	2026-08-22T22:40:30.6835050Z [INSTALL_PODS] Installing expo-dev-launcher (57.0.12)
build	Build iOS Locally on Free Cloud Mac	2026-08-22T22:40:30.6835530Z [INSTALL_PODS] Installing expo-dev-menu (57.0.12)
build	Build iOS Locally on Free Cloud Mac	2026-08-22T22:40:30.6836050Z [INSTALL_PODS] Installing expo-dev-menu-interface (57.0.0)
build	Build iOS Locally on Free Cloud Mac	2026-08-22T22:40:30.6836530Z [INSTALL_PODS] Installing hermes-engine (250829098.0.16)
build	Build iOS Locally on Free Cloud Mac	2026-08-22T22:40:31.8534350Z [INSTALL_PODS] Installing react-native-maps (1.27.2)
build	Build iOS Locally on Free Cloud Mac	2026-08-22T22:40:31.8537880Z [INSTALL_PODS] Installing react-native-safe-area-context (5.7.0)
build	Build iOS Locally on Free Cloud Mac	2026-08-22T22:40:31.8538820Z [INSTALL_PODS] Installing react-native-webview (13.16.1)
build	Build iOS Locally on Free Cloud Mac	2026-08-22T22:40:31.8539480Z [INSTALL_PODS] Installing stripe-react-native (0.64.0)
build	Build iOS Locally on Free Cloud Mac	2026-08-22T22:40:31.8672980Z [INSTALL_PODS] [Expo] Ensuring required slices in ExpoModulesJSI.xcframework
build	Build iOS Locally on Free Cloud Mac	2026-08-22T22:40:44.6662610Z [INSTALL_PODS] [Expo] Staged 1/1 shared SPM xcframework(s) (debug)
build	Build iOS Locally on Free Cloud Mac	2026-08-22T22:40:44.6766460Z [INSTALL_PODS] Generating Pods project
build	Build iOS Locally on Free Cloud Mac	2026-08-22T22:40:44.6774220Z [INSTALL_PODS] Setting USE_HERMES build settings
build	Build iOS Locally on Free Cloud Mac	2026-08-22T22:40:44.6777410Z [INSTALL_PODS] Setting REACT_NATIVE_PATH build settings
build	Build iOS Locally on Free Cloud Mac	2026-08-22T22:40:44.6781170Z [INSTALL_PODS] Setting SWIFT_ACTIVE_COMPILATION_CONDITIONS build settings
build	Build iOS Locally on Free Cloud Mac	2026-08-22T22:40:45.9970110Z [INSTALL_PODS] [Ccache]: Removing Ccache from CC, LD, CXX & LDPLUSPLUS build settings
build	Build iOS Locally on Free Cloud Mac	2026-08-22T22:40:45.9977350Z [INSTALL_PODS] Setting SWIFT_ENABLE_EXPLICIT_MODULES build settings
build	Build iOS Locally on Free Cloud Mac	2026-08-22T22:40:45.9996640Z [INSTALL_PODS] [ReactNativeCore] Processing VFS overlay file...
build	Build iOS Locally on Free Cloud Mac	2026-08-22T22:40:46.0001330Z [INSTALL_PODS] [ReactNativeCore]   Created VFS overlay at /private/var/folders/g3/pffjr_y96bq06blnkf72x_hw0000gn/T/eas-build-local-nodejs/e3c2f18c-efa8-490a-a480-4ca7aa049eaa/build/ios/Pods/React-Core-prebuilt/React-VFS.yaml
build	Build iOS Locally on Free Cloud Mac	2026-08-22T22:40:46.0007640Z [INSTALL_PODS] [ReactNativeCore] VFS overlay setup complete
build	Build iOS Locally on Free Cloud Mac	2026-08-22T22:40:46.0014420Z [INSTALL_PODS] [ReactNativeCore] Configuring xcconfig for prebuilt React Native Core...
build	Build iOS Locally on Free Cloud Mac	2026-08-22T22:40:46.0020710Z [INSTALL_PODS] [ReactNativeCore] Prebuilt xcconfig configuration complete
build	Build iOS Locally on Free Cloud Mac	2026-08-22T22:40:46.0024110Z [INSTALL_PODS] [SPM] Cleaning old SPM dependencies from Pods project
build	Build iOS Locally on Free Cloud Mac	2026-08-22T22:40:46.0028340Z [INSTALL_PODS] [SPM] Adding SPM dependencies to Pods project
build	Build iOS Locally on Free Cloud Mac	2026-08-22T22:40:46.0039390Z [INSTALL_PODS] [Privacy Manifest Aggregation] No existing PrivacyInfo.xcprivacy file found, creating a new one.
build	Build iOS Locally on Free Cloud Mac	2026-08-22T22:40:46.0043230Z [INSTALL_PODS] [Privacy Manifest Aggregation] Reading .xcprivacy files to aggregate all used Required Reason APIs.
build	Build iOS Locally on Free Cloud Mac	2026-08-22T22:40:46.0049430Z [INSTALL_PODS] file_root: Hence
build	Build iOS Locally on Free Cloud Mac	2026-08-22T22:40:46.0058280Z [INSTALL_PODS] Setting CLANG_CXX_LANGUAGE_STANDARD to c++20 on /private/var/folders/g3/pffjr_y96bq06blnkf72x_hw0000gn/T/eas-build-local-nodejs/e3c2f18c-efa8-490a-a480-4ca7aa049eaa/build/ios/Hence.xcodeproj
build	Build iOS Locally on Free Cloud Mac	2026-08-22T22:40:47.7861100Z [INSTALL_PODS] ==================== DEPRECATION NOTICE =====================
build	Build iOS Locally on Free Cloud Mac	2026-08-22T22:40:47.7862090Z [INSTALL_PODS] Calling `pod install` directly is deprecated in React Native
build	Build iOS Locally on Free Cloud Mac	2026-08-22T22:40:47.7862850Z [INSTALL_PODS] because we are moving away from Cocoapods toward alternative
build	Build iOS Locally on Free Cloud Mac	2026-08-22T22:40:47.7863430Z [INSTALL_PODS] solutions to build the project.
build	Build iOS Locally on Free Cloud Mac	2026-08-22T22:40:47.7863910Z [INSTALL_PODS] * If you are using Expo, please run:
build	Build iOS Locally on Free Cloud Mac	2026-08-22T22:40:47.7864280Z [INSTALL_PODS] `npx expo run:ios`
build	Build iOS Locally on Free Cloud Mac	2026-08-22T22:40:47.7864800Z [INSTALL_PODS] * If you are using the Community CLI, please run:
build	Build iOS Locally on Free Cloud Mac	2026-08-22T22:40:47.7865200Z [INSTALL_PODS] `yarn ios`
build	Build iOS Locally on Free Cloud Mac	2026-08-22T22:40:47.7865710Z [INSTALL_PODS] =============================================================
build	Build iOS Locally on Free Cloud Mac	2026-08-22T22:40:47.7866210Z [INSTALL_PODS] Pod install took 143 [s] to run
build	Build iOS Locally on Free Cloud Mac	2026-08-22T22:40:47.7866580Z [INSTALL_PODS] Integrating client project
build	Build iOS Locally on Free Cloud Mac	2026-08-22T22:40:47.7867270Z [INSTALL_PODS] [!] Please close any current Xcode sessions and use `Hence.xcworkspace` for this project from now on.
build	Build iOS Locally on Free Cloud Mac	2026-08-22T22:40:47.9671490Z [INSTALL_PODS] [Expo] Installing the build script for target Hence
build	Build iOS Locally on Free Cloud Mac	2026-08-22T22:40:50.0494100Z [INSTALL_PODS] [!] ExpoCamera has added 2 script phases. Please inspect before executing a build. See `https://guides.cocoapods.org/syntax/podspec.html#script_phases` for more information.
build	Build iOS Locally on Free Cloud Mac	2026-08-22T22:40:50.0495330Z [INSTALL_PODS] Pod installation complete! There are 119 dependencies from the Podfile and 127 total pods installed.
build	Build iOS Locally on Free Cloud Mac	2026-08-22T22:40:50.0557710Z [INSTALL_PODS] [!] ExpoCameraBarcodeScanning has added 2 script phases. Please inspect before executing a build. See `https://guides.cocoapods.org/syntax/podspec.html#script_phases` for more information.
build	Build iOS Locally on Free Cloud Mac	2026-08-22T22:40:50.0558640Z [INSTALL_PODS] [Expo-precompiled] Precompiled modules:
build	Build iOS Locally on Free Cloud Mac	2026-08-22T22:40:50.0657510Z [INSTALL_PODS] [!] ExpoFileSystem has added 2 script phases. Please inspect before executing a build. See `https://guides.cocoapods.org/syntax/podspec.html#script_phases` for more information.
build	Build iOS Locally on Free Cloud Mac	2026-08-22T22:40:50.0659760Z [INSTALL_PODS] [Expo-precompiled]   📦 ExpoCamera (57.0.3)
build	Build iOS Locally on Free Cloud Mac	2026-08-22T22:40:50.0676140Z [INSTALL_PODS] [!] ExpoFont has added 2 script phases. Please inspect before executing a build. See `https://guides.cocoapods.org/syntax/podspec.html#script_phases` for more information.
build	Build iOS Locally on Free Cloud Mac	2026-08-22T22:40:50.0677870Z [INSTALL_PODS] [Expo-precompiled]   📦 ExpoCameraBarcodeScanning (57.0.3)
build	Build iOS Locally on Free Cloud Mac	2026-08-22T22:40:50.0683930Z [INSTALL_PODS] [!] ExpoLocation has added 2 script phases. Please inspect before executing a build. See `https://guides.cocoapods.org/syntax/podspec.html#script_phases` for more information.
build	Build iOS Locally on Free Cloud Mac	2026-08-22T22:40:50.0685020Z [INSTALL_PODS] [Expo-precompiled]       ∟ ZXingObjC.xcframework (3.6.9)
build	Build iOS Locally on Free Cloud Mac	2026-08-22T22:40:50.0690730Z [INSTALL_PODS] [!] ExpoModulesCore has added 2 script phases. Please inspect before executing a build. See `https://guides.cocoapods.org/syntax/podspec.html#script_phases` for more information.
build	Build iOS Locally on Free Cloud Mac	2026-08-22T22:40:50.0691710Z [INSTALL_PODS] [Expo-precompiled]   📦 ExpoFileSystem (57.0.4)
build	Build iOS Locally on Free Cloud Mac	2026-08-22T22:40:50.0698320Z [INSTALL_PODS] [!] ExpoModulesWorklets has added 2 script phases. Please inspect before executing a build. See `https://guides.cocoapods.org/syntax/podspec.html#script_phases` for more information.
build	Build iOS Locally on Free Cloud Mac	2026-08-22T22:40:50.0699340Z [INSTALL_PODS] [Expo-precompiled]   📦 ExpoFont (57.0.1)
build	Build iOS Locally on Free Cloud Mac	2026-08-22T22:40:50.0708560Z [INSTALL_PODS] [!] React-Core-prebuilt has added 1 script phase. Please inspect before executing a build. See `https://guides.cocoapods.org/syntax/podspec.html#script_phases` for more information.
build	Build iOS Locally on Free Cloud Mac	2026-08-22T22:40:50.0709710Z [INSTALL_PODS] [Expo-precompiled]   📦 ExpoLocation (57.0.10)
build	Build iOS Locally on Free Cloud Mac	2026-08-22T22:40:50.0724160Z [INSTALL_PODS] [!] ReactNativeDependencies has added 1 script phase. Please inspect before executing a build. See `https://guides.cocoapods.org/syntax/podspec.html#script_phases` for more information.
build	Build iOS Locally on Free Cloud Mac	2026-08-22T22:40:50.0726250Z [INSTALL_PODS] [Expo-precompiled]   📦 ExpoModulesCore (57.0.11)
build	Build iOS Locally on Free Cloud Mac	2026-08-22T22:40:50.0741100Z [INSTALL_PODS] [!] hermes-engine has added 1 script phase. Please inspect before executing a build. See `https://guides.cocoapods.org/syntax/podspec.html#script_phases` for more information.
build	Build iOS Locally on Free Cloud Mac	2026-08-22T22:40:50.0742220Z [INSTALL_PODS] [Expo-precompiled]   📦 ExpoModulesWorklets (57.0.11)
build	Build iOS Locally on Free Cloud Mac	2026-08-22T22:40:50.0773430Z [INSTALL_PODS] [Expo] Disabling SWIFT_EMIT_MODULE_INTERFACE for pod targets (prebuilt React compatibility)
build	Build iOS Locally on Free Cloud Mac	2026-08-22T22:40:50.0779600Z [INSTALL_PODS] [Expo-precompiled] Looking for ExpoModulesCore.xcframework at: /private/var/folders/g3/pffjr_y96bq06blnkf72x_hw0000gn/T/eas-build-local-nodejs/e3c2f18c-efa8-490a-a480-4ca7aa049eaa/build/ios/Pods/ExpoModulesCore/ExpoModulesCore.xcframework
build	Build iOS Locally on Free Cloud Mac	2026-08-22T22:40:50.0787870Z [INSTALL_PODS] [Expo-precompiled] Adding ExpoModulesJSI header search paths to all targets
build	Build iOS Locally on Free Cloud Mac	2026-08-22T22:40:50.0814710Z [INSTALL_PODS] [Expo] Adding '[Expo] Remove duplicate codegen output' build phase to ReactCodegen
build	Build iOS Locally on Free Cloud Mac	2026-08-22T22:40:50.0829910Z [INSTALL_PODS] [Expo] Raised resource bundle deployment targets to match their pods: RNCAsyncStorage-RNCAsyncStorage_resources, RNSVG-RNSVGFilters, Stripe-StripeBundle, StripeCore-StripeCoreBundle, StripeFinancialConnections-StripeFinancialConnectionsBundle, StripePaymentSheet-StripePaymentSheetBundle, StripePayments-StripePaymentsBundle, StripePayments-Stripe3DS2, StripePaymentsUI-StripePaymentsUIBundle, StripeUICore-StripeUICoreBundle
build	Build iOS Locally on Free Cloud Mac	2026-08-22T22:40:50.0866480Z [CONFIGURE_XCODE_PROJECT] Configuring Xcode project
build	Build iOS Locally on Free Cloud Mac	2026-08-22T22:40:50.0873820Z [CONFIGURE_XCODE_PROJECT] Assigning provisioning profile '*[expo] com.hence.oyedotun AppStore 2026-08-02T10:43:24.097Z' (Apple Team ID: Q42QY7STMH) to target 'Hence'
build	Build iOS Locally on Free Cloud Mac	2026-08-22T22:40:50.1522380Z [CONFIGURE_XCODE_PROJECT] Updating versions in /var/folders/g3/pffjr_y96bq06blnkf72x_hw0000gn/T/eas-build-local-nodejs/e3c2f18c-efa8-490a-a480-4ca7aa049eaa/build/ios/Hence/Info.plist
build	Build iOS Locally on Free Cloud Mac	2026-08-22T22:40:50.7025860Z [EAGER_BUNDLE] 2026-08-22T22:40:50.701Z expo:telemetry Switching strategy from detached to instant
build	Build iOS Locally on Free Cloud Mac	2026-08-22T22:40:50.7026640Z [EAGER_BUNDLE] 2026-08-22T22:40:50.702Z expo:telemetry Recording 1 event(s)
build	Build iOS Locally on Free Cloud Mac	2026-08-22T22:40:50.8453820Z [EAGER_BUNDLE] 2026-08-22T22:40:50.844Z expo:env /private/var/folders/g3/pffjr_y96bq06blnkf72x_hw0000gn/T/eas-build-local-nodejs/e3c2f18c-efa8-490a-a480-4ca7aa049eaa/build/.env does not exist, skipping this env file
build	Build iOS Locally on Free Cloud Mac	2026-08-22T22:40:50.8455910Z [EAGER_BUNDLE] 2026-08-22T22:40:50.844Z expo:env /private/var/folders/g3/pffjr_y96bq06blnkf72x_hw0000gn/T/eas-build-local-nodejs/e3c2f18c-efa8-490a-a480-4ca7aa049eaa/build/.env.production does not exist, skipping this env file
build	Build iOS Locally on Free Cloud Mac	2026-08-22T22:40:50.8469750Z [EAGER_BUNDLE] 2026-08-22T22:40:50.845Z expo:env /private/var/folders/g3/pffjr_y96bq06blnkf72x_hw0000gn/T/eas-build-local-nodejs/e3c2f18c-efa8-490a-a480-4ca7aa049eaa/build/.env.local does not exist, skipping this env file
build	Build iOS Locally on Free Cloud Mac	2026-08-22T22:40:50.8471810Z [EAGER_BUNDLE] 2026-08-22T22:40:50.845Z expo:env /private/var/folders/g3/pffjr_y96bq06blnkf72x_hw0000gn/T/eas-build-local-nodejs/e3c2f18c-efa8-490a-a480-4ca7aa049eaa/build/.env.production.local does not exist, skipping this env file
build	Build iOS Locally on Free Cloud Mac	2026-08-22T22:40:50.8513880Z [EAGER_BUNDLE] 2026-08-22T22:40:50.849Z expo:export:embed Bundling to non-standard location: /var/folders/g3/pffjr_y96bq06blnkf72x_hw0000gn/T/9tstziwmse/main.jsbundle
build	Build iOS Locally on Free Cloud Mac	2026-08-22T22:40:50.9829690Z [EAGER_BUNDLE] 2026-08-22T22:40:50.982Z expo:start:server:devServer Stopping dev server (bundler: metro)
build	Build iOS Locally on Free Cloud Mac	2026-08-22T22:40:50.9830490Z [EAGER_BUNDLE] 2026-08-22T22:40:50.982Z expo:start:server:devServer Stopped dev server (bundler: metro)
build	Build iOS Locally on Free Cloud Mac	2026-08-22T22:40:50.9881790Z [EAGER_BUNDLE] 2026-08-22T22:40:50.987Z expo:start:server:metro:router Using app as the root directory for Expo Router.
build	Build iOS Locally on Free Cloud Mac	2026-08-22T22:40:51.0820830Z [EAGER_BUNDLE] 
build	Build iOS Locally on Free Cloud Mac	2026-08-22T22:40:51.0821350Z [EAGER_BUNDLE] Expo Metro config:
build	Build iOS Locally on Free Cloud Mac	2026-08-22T22:40:51.0822200Z [EAGER_BUNDLE] - Version: 57.0.8
build	Build iOS Locally on Free Cloud Mac	2026-08-22T22:40:51.0822900Z [EAGER_BUNDLE] - Extensions: ts, tsx, mjs, js, jsx, json, cjs, scss, sass, css
build	Build iOS Locally on Free Cloud Mac	2026-08-22T22:40:51.0824060Z [EAGER_BUNDLE] - React Native: /private/var/folders/g3/pffjr_y96bq06blnkf72x_hw0000gn/T/eas-build-local-nodejs/e3c2f18c-efa8-490a-a480-4ca7aa049eaa/build/node_modules/react-native
build	Build iOS Locally on Free Cloud Mac	2026-08-22T22:40:51.0824880Z [EAGER_BUNDLE] - Watch Folders: 
build	Build iOS Locally on Free Cloud Mac	2026-08-22T22:40:51.0825250Z [EAGER_BUNDLE] - Node Module Paths: 
build	Build iOS Locally on Free Cloud Mac	2026-08-22T22:40:51.0825480Z [EAGER_BUNDLE] - Sass: null
build	Build iOS Locally on Free Cloud Mac	2026-08-22T22:40:51.0825770Z [EAGER_BUNDLE] - Reanimated: null
build	Build iOS Locally on Free Cloud Mac	2026-08-22T22:40:51.0826140Z [EAGER_BUNDLE] - Worklets: null
build	Build iOS Locally on Free Cloud Mac	2026-08-22T22:40:51.0826430Z [EAGER_BUNDLE] - Babel Runtime: null
build	Build iOS Locally on Free Cloud Mac	2026-08-22T22:40:51.2299100Z [EAGER_BUNDLE] Expo Metro config:
build	Build iOS Locally on Free Cloud Mac	2026-08-22T22:40:51.2307010Z [EAGER_BUNDLE] - Version: 57.0.8
build	Build iOS Locally on Free Cloud Mac	2026-08-22T22:40:51.2308010Z [EAGER_BUNDLE] - Extensions: ts, tsx, mjs, js, jsx, json, cjs, scss, sass, css
build	Build iOS Locally on Free Cloud Mac	2026-08-22T22:40:51.2309290Z [EAGER_BUNDLE] - React Native: /private/var/folders/g3/pffjr_y96bq06blnkf72x_hw0000gn/T/eas-build-local-nodejs/e3c2f18c-efa8-490a-a480-4ca7aa049eaa/build/node_modules/react-native
build	Build iOS Locally on Free Cloud Mac	2026-08-22T22:40:51.2310120Z [EAGER_BUNDLE] - Watch Folders: 
build	Build iOS Locally on Free Cloud Mac	2026-08-22T22:40:51.2310470Z [EAGER_BUNDLE] - Node Module Paths: 
build	Build iOS Locally on Free Cloud Mac	2026-08-22T22:40:51.2310830Z [EAGER_BUNDLE] - Sass: null
build	Build iOS Locally on Free Cloud Mac	2026-08-22T22:40:51.2311130Z [EAGER_BUNDLE] - Reanimated: null
build	Build iOS Locally on Free Cloud Mac	2026-08-22T22:40:51.2311480Z [EAGER_BUNDLE] - Worklets: null
build	Build iOS Locally on Free Cloud Mac	2026-08-22T22:40:51.2311840Z [EAGER_BUNDLE] - Babel Runtime: null
build	Build iOS Locally on Free Cloud Mac	2026-08-22T22:40:51.2323710Z [EAGER_BUNDLE] 2026-08-22T22:40:51.232Z expo:metro:withMetroResolvers Appending 8 custom resolvers to Metro config. (has custom resolver: false)
build	Build iOS Locally on Free Cloud Mac	2026-08-22T22:40:51.2326430Z [EAGER_BUNDLE] 2026-08-22T22:40:51.232Z expo:start:server:urlCreator URL: http://127.0.0.1:8081
build	Build iOS Locally on Free Cloud Mac	2026-08-22T22:40:51.3262470Z [EAGER_BUNDLE] Starting Metro Bundler
build	Build iOS Locally on Free Cloud Mac	2026-08-22T22:40:51.3482400Z [EAGER_BUNDLE] 2026-08-22T22:40:51.347Z expo:metro:options Disabling lazy bundling for export build
build	Build iOS Locally on Free Cloud Mac	2026-08-22T22:40:51.4935600Z [EAGER_BUNDLE] 2026-08-22T22:40:51.491Z expo:start:server:metro:multi-platform Enabling alias: react-native-vector-icons -> @expo/vector-icons
build	Build iOS Locally on Free Cloud Mac	2026-08-22T22:40:51.8771250Z [EAGER_BUNDLE] | 2026-08-22T22:40:51.876Z expo:babel:exports Found assignment to module.exports or exports at 4
build	Build iOS Locally on Free Cloud Mac	2026-08-22T22:40:52.2217490Z [EAGER_BUNDLE] | 2026-08-22T22:40:52.215Z expo:babel:exports Found assignment to module.exports or exports at 4
build	Build iOS Locally on Free Cloud Mac	2026-08-22T22:40:52.3120350Z [EAGER_BUNDLE] | 2026-08-22T22:40:52.305Z expo:babel:exports Found assignment to module.exports or exports at 345
build	Build iOS Locally on Free Cloud Mac	2026-08-22T22:40:52.6598000Z [EAGER_BUNDLE] | 2026-08-22T22:40:52.657Z expo:babel:exports Found assignment to module.exports or exports at 32
build	Build iOS Locally on Free Cloud Mac	2026-08-22T22:40:52.8503200Z [EAGER_BUNDLE] | 2026-08-22T22:40:52.845Z expo:babel:exports Found assignment to module.exports or exports at 32
build	Build iOS Locally on Free Cloud Mac	2026-08-22T22:40:54.3108970Z [EAGER_BUNDLE] | 2026-08-22T22:40:54.310Z expo:babel:exports Found assignment to module.exports or exports at 49
build	Build iOS Locally on Free Cloud Mac	2026-08-22T22:40:55.1331630Z [EAGER_BUNDLE] | 2026-08-22T22:40:55.132Z expo:babel:exports Found assignment to module.exports or exports at 24
build	Build iOS Locally on Free Cloud Mac	2026-08-22T22:40:55.1373130Z [EAGER_BUNDLE] | 2026-08-22T22:40:55.136Z expo:babel:exports Found assignment to module.exports or exports at 69
build	Build iOS Locally on Free Cloud Mac	2026-08-22T22:40:55.1428990Z [EAGER_BUNDLE] | 2026-08-22T22:40:55.141Z expo:babel:exports Found assignment to module.exports or exports at 45
build	Build iOS Locally on Free Cloud Mac	2026-08-22T22:40:55.1560180Z [EAGER_BUNDLE] | 2026-08-22T22:40:55.146Z expo:babel:exports Found assignment to module.exports or exports at 5
build	Build iOS Locally on Free Cloud Mac	2026-08-22T22:40:55.2120620Z [EAGER_BUNDLE] | 2026-08-22T22:40:55.202Z expo:babel:exports Found assignment to module.exports or exports at 2
build	Build iOS Locally on Free Cloud Mac	2026-08-22T22:40:55.2675030Z [EAGER_BUNDLE] | 2026-08-22T22:40:55.265Z expo:babel:exports Found assignment to module.exports or exports at 51
build	Build iOS Locally on Free Cloud Mac	2026-08-22T22:40:55.3957600Z [EAGER_BUNDLE] | 2026-08-22T22:40:55.394Z expo:babel:exports Found assignment to module.exports or exports at 12
build	Build iOS Locally on Free Cloud Mac	2026-08-22T22:40:55.4864400Z [EAGER_BUNDLE] | 2026-08-22T22:40:55.484Z expo:babel:exports Found assignment to module.exports or exports at 115
build	Build iOS Locally on Free Cloud Mac	2026-08-22T22:40:55.7845580Z [EAGER_BUNDLE] | 2026-08-22T22:40:55.784Z expo:babel:exports Found assignment to module.exports or exports at 4
build	Build iOS Locally on Free Cloud Mac	2026-08-22T22:40:55.7914230Z [EAGER_BUNDLE] | 2026-08-22T22:40:55.790Z expo:babel:exports Found assignment to module.exports or exports at 1
build	Build iOS Locally on Free Cloud Mac	2026-08-22T22:40:55.9783280Z [EAGER_BUNDLE] | 2026-08-22T22:40:55.975Z expo:babel:exports Found assignment to module.exports or exports at 172
build	Build iOS Locally on Free Cloud Mac	2026-08-22T22:40:56.1526560Z [EAGER_BUNDLE] | 2026-08-22T22:40:56.151Z expo:babel:exports Found assignment to module.exports or exports at 55
build	Build iOS Locally on Free Cloud Mac	2026-08-22T22:40:56.6537320Z [EAGER_BUNDLE] | 2026-08-22T22:40:56.645Z expo:babel:exports Found assignment to module.exports or exports at 484
build	Build iOS Locally on Free Cloud Mac	2026-08-22T22:40:56.7441400Z [EAGER_BUNDLE] | 2026-08-22T22:40:56.741Z expo:babel:exports Found assignment to module.exports or exports at 26
build	Build iOS Locally on Free Cloud Mac	2026-08-22T22:40:56.8044610Z [EAGER_BUNDLE] | 2026-08-22T22:40:56.798Z expo:babel:exports Found assignment to module.exports or exports at 20
build	Build iOS Locally on Free Cloud Mac	2026-08-22T22:40:56.9241020Z [EAGER_BUNDLE] | 2026-08-22T22:40:56.923Z expo:babel:exports Found assignment to module.exports or exports at 92
build	Build iOS Locally on Free Cloud Mac	2026-08-22T22:40:57.1152680Z [EAGER_BUNDLE] | 2026-08-22T22:40:57.114Z expo:babel:exports Found assignment to module.exports or exports at 3
build	Build iOS Locally on Free Cloud Mac	2026-08-22T22:40:57.2952790Z [EAGER_BUNDLE] | 2026-08-22T22:40:57.294Z expo:babel:exports Found assignment to module.exports or exports at 102
build	Build iOS Locally on Free Cloud Mac	2026-08-22T22:40:57.3036280Z [EAGER_BUNDLE] | 2026-08-22T22:40:57.302Z expo:babel:exports Found assignment to module.exports or exports at 170
build	Build iOS Locally on Free Cloud Mac	2026-08-22T22:40:57.3173710Z [EAGER_BUNDLE] 2026-08-22T22:40:57.316Z expo:metro:withMetroResolvers Custom resolver (requestPostRewrites) threw: FailedToResolveNameError. (module: expo-asset, platform: ios, env: undefined, origin: /private/var/folders/g3/pffjr_y96bq06blnkf72x_hw0000gn/T/eas-build-local-nodejs/e3c2f18c-efa8-490a-a480-4ca7aa049eaa/build/node_modules/expo-font/build/FontLoader.js)
build	Build iOS Locally on Free Cloud Mac	2026-08-22T22:40:57.3210290Z [EAGER_BUNDLE] 2026-08-22T22:40:57.317Z expo:start:server:metro:fallback-resolver Fallback resolution for ios: expo-asset -> from origin: expo
build	Build iOS Locally on Free Cloud Mac	2026-08-22T22:40:57.4601410Z [EAGER_BUNDLE] | 2026-08-22T22:40:57.459Z expo:babel:exports Found assignment to module.exports or exports at 3
build	Build iOS Locally on Free Cloud Mac	2026-08-22T22:40:57.5141940Z [EAGER_BUNDLE] | 2026-08-22T22:40:57.511Z expo:babel:exports Found assignment to module.exports or exports at 69
build	Build iOS Locally on Free Cloud Mac	2026-08-22T22:40:57.5359600Z [EAGER_BUNDLE] | 2026-08-22T22:40:57.535Z expo:babel:exports Found assignment to module.exports or exports at 10518
build	Build iOS Locally on Free Cloud Mac	2026-08-22T22:40:57.7215500Z [EAGER_BUNDLE] | 2026-08-22T22:40:57.720Z expo:babel:exports Found assignment to module.exports or exports at 3
build	Build iOS Locally on Free Cloud Mac	2026-08-22T22:40:58.0557640Z [EAGER_BUNDLE] | 2026-08-22T22:40:58.055Z expo:babel:exports Found assignment to module.exports or exports at 55
build	Build iOS Locally on Free Cloud Mac	2026-08-22T22:40:58.0595780Z [EAGER_BUNDLE] | 2026-08-22T22:40:58.059Z expo:babel:exports Found assignment to module.exports or exports at 5
build	Build iOS Locally on Free Cloud Mac	2026-08-22T22:40:58.0665790Z [EAGER_BUNDLE] | 2026-08-22T22:40:58.065Z expo:babel:exports Found assignment to module.exports or exports at 21
build	Build iOS Locally on Free Cloud Mac	2026-08-22T22:40:58.0792290Z [EAGER_BUNDLE] | 2026-08-22T22:40:58.078Z expo:babel:exports Found assignment to module.exports or exports at 474
build	Build iOS Locally on Free Cloud Mac	2026-08-22T22:40:58.1077560Z [EAGER_BUNDLE] | 2026-08-22T22:40:58.101Z expo:babel:exports Found assignment to module.exports or exports at 140
build	Build iOS Locally on Free Cloud Mac	2026-08-22T22:40:58.2667790Z [EAGER_BUNDLE] | 2026-08-22T22:40:58.266Z expo:babel:exports Found assignment to module.exports or exports at 50
build	Build iOS Locally on Free Cloud Mac	2026-08-22T22:40:58.2981380Z [EAGER_BUNDLE] | 2026-08-22T22:40:58.295Z expo:babel:exports Found assignment to module.exports or exports at 4
build	Build iOS Locally on Free Cloud Mac	2026-08-22T22:40:58.3426430Z [EAGER_BUNDLE] | 2026-08-22T22:40:58.342Z expo:babel:exports Found assignment to module.exports or exports at 36
build	Build iOS Locally on Free Cloud Mac	2026-08-22T22:40:58.3543870Z [EAGER_BUNDLE] | 2026-08-22T22:40:58.353Z expo:babel:exports Found assignment to module.exports or exports at 1
build	Build iOS Locally on Free Cloud Mac	2026-08-22T22:40:58.3567990Z [EAGER_BUNDLE] | 2026-08-22T22:40:58.356Z expo:babel:exports Found assignment to module.exports or exports at 65
build	Build iOS Locally on Free Cloud Mac	2026-08-22T22:40:58.3594910Z [EAGER_BUNDLE] | 2026-08-22T22:40:58.359Z expo:babel:exports Found assignment to module.exports or exports at 16
build	Build iOS Locally on Free Cloud Mac	2026-08-22T22:40:58.3629480Z [EAGER_BUNDLE] | 2026-08-22T22:40:58.362Z expo:babel:exports Found assignment to module.exports or exports at 27
build	Build iOS Locally on Free Cloud Mac	2026-08-22T22:40:58.3666210Z [EAGER_BUNDLE] | 2026-08-22T22:40:58.365Z expo:babel:exports Found assignment to module.exports or exports at 37
build	Build iOS Locally on Free Cloud Mac	2026-08-22T22:40:58.3738590Z [EAGER_BUNDLE] | 2026-08-22T22:40:58.373Z expo:babel:exports Found assignment to module.exports or exports at 11
build	Build iOS Locally on Free Cloud Mac	2026-08-22T22:40:58.3814910Z [EAGER_BUNDLE] | 2026-08-22T22:40:58.376Z expo:babel:exports Found assignment to module.exports or exports at 17
build	Build iOS Locally on Free Cloud Mac	2026-08-22T22:40:58.3857010Z [EAGER_BUNDLE] | 2026-08-22T22:40:58.382Z expo:babel:exports Found assignment to module.exports or exports at 99
build	Build iOS Locally on Free Cloud Mac	2026-08-22T22:40:58.3864470Z [EAGER_BUNDLE] | 2026-08-22T22:40:58.382Z expo:babel:exports Found assignment to module.exports or exports at 56
build	Build iOS Locally on Free Cloud Mac	2026-08-22T22:40:58.3894160Z [EAGER_BUNDLE] | 2026-08-22T22:40:58.388Z expo:babel:exports Found assignment to module.exports or exports at 11
build	Build iOS Locally on Free Cloud Mac	2026-08-22T22:40:58.3951820Z [EAGER_BUNDLE] | 2026-08-22T22:40:58.391Z expo:babel:exports Found assignment to module.exports or exports at 5
build	Build iOS Locally on Free Cloud Mac	2026-08-22T22:40:58.3956990Z [EAGER_BUNDLE] | 2026-08-22T22:40:58.393Z expo:babel:exports Found assignment to module.exports or exports at 56
build	Build iOS Locally on Free Cloud Mac	2026-08-22T22:40:58.4069670Z [EAGER_BUNDLE] | 2026-08-22T22:40:58.404Z expo:babel:exports Found assignment to module.exports or exports at 281
build	Build iOS Locally on Free Cloud Mac	2026-08-22T22:40:58.4224200Z [EAGER_BUNDLE] | 2026-08-22T22:40:58.419Z expo:babel:exports Found assignment to module.exports or exports at 1
build	Build iOS Locally on Free Cloud Mac	2026-08-22T22:40:58.4323520Z [EAGER_BUNDLE] | 2026-08-22T22:40:58.422Z expo:babel:exports Found assignment to module.exports or exports at 5
build	Build iOS Locally on Free Cloud Mac	2026-08-22T22:40:58.4324650Z [EAGER_BUNDLE] | 2026-08-22T22:40:58.428Z expo:babel:exports Found assignment to module.exports or exports at 7
build	Build iOS Locally on Free Cloud Mac	2026-08-22T22:40:58.4863000Z [EAGER_BUNDLE] | 2026-08-22T22:40:58.481Z expo:babel:exports Found assignment to module.exports or exports at 518
build	Build iOS Locally on Free Cloud Mac	2026-08-22T22:40:58.5209050Z [EAGER_BUNDLE] | 2026-08-22T22:40:58.518Z expo:babel:exports Found assignment to module.exports or exports at 312
build	Build iOS Locally on Free Cloud Mac	2026-08-22T22:40:58.5685760Z [EAGER_BUNDLE] | 2026-08-22T22:40:58.567Z expo:babel:exports Found assignment to module.exports or exports at 1316
build	Build iOS Locally on Free Cloud Mac	2026-08-22T22:40:58.5889200Z [EAGER_BUNDLE] | 2026-08-22T22:40:58.587Z expo:babel:exports Found assignment to module.exports or exports at 1563
build	Build iOS Locally on Free Cloud Mac	2026-08-22T22:40:58.6149130Z [EAGER_BUNDLE] | 2026-08-22T22:40:58.609Z expo:babel:exports Found assignment to module.exports or exports at 18
build	Build iOS Locally on Free Cloud Mac	2026-08-22T22:40:58.6153800Z [EAGER_BUNDLE] | 2026-08-22T22:40:58.613Z expo:babel:exports Found assignment to module.exports or exports at 10
build	Build iOS Locally on Free Cloud Mac	2026-08-22T22:40:58.6210440Z [EAGER_BUNDLE] | 2026-08-22T22:40:58.617Z expo:babel:exports Found assignment to module.exports or exports at 7
build	Build iOS Locally on Free Cloud Mac	2026-08-22T22:40:58.6214880Z [EAGER_BUNDLE] | 2026-08-22T22:40:58.619Z expo:babel:exports Found assignment to module.exports or exports at 11
build	Build iOS Locally on Free Cloud Mac	2026-08-22T22:40:58.6228620Z [EAGER_BUNDLE] | 2026-08-22T22:40:58.622Z expo:babel:exports Found assignment to module.exports or exports at 30
build	Build iOS Locally on Free Cloud Mac	2026-08-22T22:40:58.6283210Z [EAGER_BUNDLE] | 2026-08-22T22:40:58.625Z expo:babel:exports Found assignment to module.exports or exports at 43
build	Build iOS Locally on Free Cloud Mac	2026-08-22T22:40:58.6287900Z [EAGER_BUNDLE] | 2026-08-22T22:40:58.628Z expo:babel:exports Found assignment to module.exports or exports at 54
build	Build iOS Locally on Free Cloud Mac	2026-08-22T22:40:58.6348910Z [EAGER_BUNDLE] | 2026-08-22T22:40:58.631Z expo:babel:exports Found assignment to module.exports or exports at 59
build	Build iOS Locally on Free Cloud Mac	2026-08-22T22:40:58.6376710Z [EAGER_BUNDLE] | 2026-08-22T22:40:58.636Z expo:babel:exports Found assignment to module.exports or exports at 164
build	Build iOS Locally on Free Cloud Mac	2026-08-22T22:40:58.6429450Z [EAGER_BUNDLE] | 2026-08-22T22:40:58.641Z expo:babel:exports Found assignment to module.exports or exports at 1
build	Build iOS Locally on Free Cloud Mac	2026-08-22T22:40:58.6704850Z [EAGER_BUNDLE] | 2026-08-22T22:40:58.670Z expo:babel:exports Found assignment to module.exports or exports at 14
build	Build iOS Locally on Free Cloud Mac	2026-08-22T22:40:58.6745030Z [EAGER_BUNDLE] | 2026-08-22T22:40:58.674Z expo:babel:exports Found assignment to module.exports or exports at 52
build	Build iOS Locally on Free Cloud Mac	2026-08-22T22:40:58.7330030Z [EAGER_BUNDLE] | 2026-08-22T22:40:58.732Z expo:babel:exports Found assignment to module.exports or exports at 41
build	Build iOS Locally on Free Cloud Mac	2026-08-22T22:40:58.7823060Z [EAGER_BUNDLE] | 2026-08-22T22:40:58.781Z expo:babel:exports Found assignment to module.exports or exports at 17
build	Build iOS Locally on Free Cloud Mac	2026-08-22T22:40:58.8027300Z [EAGER_BUNDLE] | 2026-08-22T22:40:58.802Z expo:babel:exports Found assignment to module.exports or exports at 75
build	Build iOS Locally on Free Cloud Mac	2026-08-22T22:40:58.8087630Z [EAGER_BUNDLE] | 2026-08-22T22:40:58.806Z expo:babel:exports Found assignment to module.exports or exports at 1
build	Build iOS Locally on Free Cloud Mac	2026-08-22T22:40:58.8267200Z [EAGER_BUNDLE] | 2026-08-22T22:40:58.823Z expo:babel:exports Found assignment to module.exports or exports at 3
build	Build iOS Locally on Free Cloud Mac	2026-08-22T22:40:58.8379340Z [EAGER_BUNDLE] | 2026-08-22T22:40:58.831Z expo:babel:exports Found assignment to module.exports or exports at 1
build	Build iOS Locally on Free Cloud Mac	2026-08-22T22:40:58.8490270Z [EAGER_BUNDLE] | 2026-08-22T22:40:58.848Z expo:babel:exports Found assignment to module.exports or exports at 3
build	Build iOS Locally on Free Cloud Mac	2026-08-22T22:40:58.8553360Z [EAGER_BUNDLE] | 2026-08-22T22:40:58.854Z expo:babel:exports Found assignment to module.exports or exports at 12
build	Build iOS Locally on Free Cloud Mac	2026-08-22T22:40:58.8631380Z [EAGER_BUNDLE] | 2026-08-22T22:40:58.861Z expo:babel:exports Found assignment to module.exports or exports at 3
build	Build iOS Locally on Free Cloud Mac	2026-08-22T22:40:58.8717940Z [EAGER_BUNDLE] | 2026-08-22T22:40:58.869Z expo:babel:exports Found assignment to module.exports or exports at 82
build	Build iOS Locally on Free Cloud Mac	2026-08-22T22:40:58.8809860Z [EAGER_BUNDLE] | 2026-08-22T22:40:58.880Z expo:babel:exports Found assignment to module.exports or exports at 576
build	Build iOS Locally on Free Cloud Mac	2026-08-22T22:40:58.9019630Z [EAGER_BUNDLE] | 2026-08-22T22:40:58.899Z expo:babel:exports Found assignment to module.exports or exports at 219
build	Build iOS Locally on Free Cloud Mac	2026-08-22T22:40:58.9081980Z [EAGER_BUNDLE] | 2026-08-22T22:40:58.907Z expo:babel:exports Found assignment to module.exports or exports at 466
build	Build iOS Locally on Free Cloud Mac	2026-08-22T22:40:58.9095090Z [EAGER_BUNDLE] | 2026-08-22T22:40:58.909Z expo:babel:exports Found assignment to module.exports or exports at 1
build	Build iOS Locally on Free Cloud Mac	2026-08-22T22:40:58.9149100Z [EAGER_BUNDLE] | 2026-08-22T22:40:58.913Z expo:babel:exports Found assignment to module.exports or exports at 22
build	Build iOS Locally on Free Cloud Mac	2026-08-22T22:40:58.9259810Z [EAGER_BUNDLE] | 2026-08-22T22:40:58.924Z expo:babel:exports Found assignment to module.exports or exports at 3
build	Build iOS Locally on Free Cloud Mac	2026-08-22T22:40:58.9316460Z [EAGER_BUNDLE] | 2026-08-22T22:40:58.931Z expo:babel:exports Found assignment to module.exports or exports at 146
build	Build iOS Locally on Free Cloud Mac	2026-08-22T22:40:58.9375320Z [EAGER_BUNDLE] | 2026-08-22T22:40:58.937Z expo:babel:exports Found assignment to module.exports or exports at 591
build	Build iOS Locally on Free Cloud Mac	2026-08-22T22:40:58.9449400Z [EAGER_BUNDLE] | 2026-08-22T22:40:58.944Z expo:babel:exports Found assignment to module.exports or exports at 87
build	Build iOS Locally on Free Cloud Mac	2026-08-22T22:40:58.9537330Z [EAGER_BUNDLE] | 2026-08-22T22:40:58.951Z expo:babel:exports Found assignment to module.exports or exports at 3
build	Build iOS Locally on Free Cloud Mac	2026-08-22T22:40:58.9593990Z [EAGER_BUNDLE] | 2026-08-22T22:40:58.958Z expo:babel:exports Found assignment to module.exports or exports at 140
build	Build iOS Locally on Free Cloud Mac	2026-08-22T22:40:58.9603210Z [EAGER_BUNDLE] | 2026-08-22T22:40:58.960Z expo:babel:exports Found assignment to module.exports or exports at 99
build	Build iOS Locally on Free Cloud Mac	2026-08-22T22:40:58.9664890Z [EAGER_BUNDLE] | 2026-08-22T22:40:58.966Z expo:babel:exports Found assignment to module.exports or exports at 1
build	Build iOS Locally on Free Cloud Mac	2026-08-22T22:40:58.9742490Z [EAGER_BUNDLE] | 2026-08-22T22:40:58.971Z expo:babel:exports Found assignment to module.exports or exports at 99
build	Build iOS Locally on Free Cloud Mac	2026-08-22T22:40:58.9818900Z [EAGER_BUNDLE] | 2026-08-22T22:40:58.981Z expo:babel:exports Found assignment to module.exports or exports at 1
build	Build iOS Locally on Free Cloud Mac	2026-08-22T22:40:58.9835250Z [EAGER_BUNDLE] | 2026-08-22T22:40:58.982Z expo:babel:exports Found assignment to module.exports or exports at 1
build	Build iOS Locally on Free Cloud Mac	2026-08-22T22:40:58.9840150Z [EAGER_BUNDLE] | 2026-08-22T22:40:58.983Z expo:babel:exports Found assignment to module.exports or exports at 1
build	Build iOS Locally on Free Cloud Mac	2026-08-22T22:40:58.9993370Z [EAGER_BUNDLE] | 2026-08-22T22:40:58.998Z expo:babel:exports Found assignment to module.exports or exports at 1
build	Build iOS Locally on Free Cloud Mac	2026-08-22T22:40:59.0018000Z [EAGER_BUNDLE] | 2026-08-22T22:40:59.001Z expo:babel:exports Found assignment to module.exports or exports at 37
build	Build iOS Locally on Free Cloud Mac	2026-08-22T22:40:59.0084700Z [EAGER_BUNDLE] | 2026-08-22T22:40:59.003Z expo:babel:exports Found assignment to module.exports or exports at 231
build	Build iOS Locally on Free Cloud Mac	2026-08-22T22:40:59.0085550Z [EAGER_BUNDLE] | 2026-08-22T22:40:59.005Z expo:babel:exports Found assignment to module.exports or exports at 7
build	Build iOS Locally on Free Cloud Mac	2026-08-22T22:40:59.0129860Z [EAGER_BUNDLE] | 2026-08-22T22:40:59.012Z expo:babel:exports Found assignment to module.exports or exports at 113
build	Build iOS Locally on Free Cloud Mac	2026-08-22T22:40:59.0200170Z [EAGER_BUNDLE] | 2026-08-22T22:40:59.018Z expo:babel:exports Found assignment to module.exports or exports at 568
build	Build iOS Locally on Free Cloud Mac	2026-08-22T22:40:59.0205870Z [EAGER_BUNDLE] | 2026-08-22T22:40:59.018Z expo:babel:exports Found assignment to module.exports or exports at 3
build	Build iOS Locally on Free Cloud Mac	2026-08-22T22:40:59.0227300Z [EAGER_BUNDLE] | 2026-08-22T22:40:59.022Z expo:babel:exports Found assignment to module.exports or exports at 8
build	Build iOS Locally on Free Cloud Mac	2026-08-22T22:40:59.0322540Z [EAGER_BUNDLE] | 2026-08-22T22:40:59.030Z expo:babel:exports Found assignment to module.exports or exports at 67
build	Build iOS Locally on Free Cloud Mac	2026-08-22T22:40:59.0323520Z [EAGER_BUNDLE] | 2026-08-22T22:40:59.031Z expo:babel:exports Found assignment to module.exports or exports at 124
build	Build iOS Locally on Free Cloud Mac	2026-08-22T22:40:59.0426360Z [EAGER_BUNDLE] | 2026-08-22T22:40:59.040Z expo:babel:exports Found assignment to module.exports or exports at 74
build	Build iOS Locally on Free Cloud Mac	2026-08-22T22:40:59.0456520Z [EAGER_BUNDLE] | 2026-08-22T22:40:59.045Z expo:babel:exports Found assignment to module.exports or exports at 523
build	Build iOS Locally on Free Cloud Mac	2026-08-22T22:40:59.0552950Z [EAGER_BUNDLE] | 2026-08-22T22:40:59.054Z expo:babel:exports Found assignment to module.exports or exports at 63
build	Build iOS Locally on Free Cloud Mac	2026-08-22T22:40:59.0610030Z [EAGER_BUNDLE] | 2026-08-22T22:40:59.060Z expo:babel:exports Found assignment to module.exports or exports at 143
build	Build iOS Locally on Free Cloud Mac	2026-08-22T22:40:59.0701610Z [EAGER_BUNDLE] | 2026-08-22T22:40:59.064Z expo:babel:exports Found assignment to module.exports or exports at 633
build	Build iOS Locally on Free Cloud Mac	2026-08-22T22:40:59.0781570Z [EAGER_BUNDLE] | 2026-08-22T22:40:59.075Z expo:babel:exports Found assignment to module.exports or exports at 439
build	Build iOS Locally on Free Cloud Mac	2026-08-22T22:40:59.0818710Z [EAGER_BUNDLE] | 2026-08-22T22:40:59.081Z expo:babel:exports Found assignment to module.exports or exports at 4
build	Build iOS Locally on Free Cloud Mac	2026-08-22T22:40:59.0845000Z [EAGER_BUNDLE] | 2026-08-22T22:40:59.084Z expo:babel:exports Found assignment to module.exports or exports at 5
build	Build iOS Locally on Free Cloud Mac	2026-08-22T22:40:59.0873620Z [EAGER_BUNDLE] | 2026-08-22T22:40:59.087Z expo:babel:exports Found assignment to module.exports or exports at 231
build	Build iOS Locally on Free Cloud Mac	2026-08-22T22:40:59.0886110Z [EAGER_BUNDLE] | 2026-08-22T22:40:59.088Z expo:babel:exports Found assignment to module.exports or exports at 91
build	Build iOS Locally on Free Cloud Mac	2026-08-22T22:40:59.0943900Z [EAGER_BUNDLE] | 2026-08-22T22:40:59.093Z expo:babel:exports Found assignment to module.exports or exports at 34
build	Build iOS Locally on Free Cloud Mac	2026-08-22T22:40:59.0980130Z [EAGER_BUNDLE] | 2026-08-22T22:40:59.097Z expo:babel:exports Found assignment to module.exports or exports at 84
build	Build iOS Locally on Free Cloud Mac	2026-08-22T22:40:59.0981100Z [EAGER_BUNDLE] | 2026-08-22T22:40:59.097Z expo:babel:exports Found assignment to module.exports or exports at 6
build	Build iOS Locally on Free Cloud Mac	2026-08-22T22:40:59.1076650Z [EAGER_BUNDLE] | 2026-08-22T22:40:59.105Z expo:babel:exports Found assignment to module.exports or exports at 100
build	Build iOS Locally on Free Cloud Mac	2026-08-22T22:40:59.1081090Z [EAGER_BUNDLE] | 2026-08-22T22:40:59.106Z expo:babel:exports Found assignment to module.exports or exports at 3
build	Build iOS Locally on Free Cloud Mac	2026-08-22T22:40:59.1091910Z [EAGER_BUNDLE] | 2026-08-22T22:40:59.108Z expo:babel:exports Found assignment to module.exports or exports at 3
build	Build iOS Locally on Free Cloud Mac	2026-08-22T22:40:59.1132620Z [EAGER_BUNDLE] | 2026-08-22T22:40:59.111Z expo:babel:exports Found assignment to module.exports or exports at 6
build	Build iOS Locally on Free Cloud Mac	2026-08-22T22:40:59.1167860Z [EAGER_BUNDLE] | 2026-08-22T22:40:59.116Z expo:babel:exports Found assignment to module.exports or exports at 7
build	Build iOS Locally on Free Cloud Mac	2026-08-22T22:40:59.1179520Z [EAGER_BUNDLE] | 2026-08-22T22:40:59.117Z expo:babel:exports Found assignment to module.exports or exports at 28
build	Build iOS Locally on Free Cloud Mac	2026-08-22T22:40:59.1193930Z [EAGER_BUNDLE] | 2026-08-22T22:40:59.119Z expo:babel:exports Found assignment to module.exports or exports at 8
build	Build iOS Locally on Free Cloud Mac	2026-08-22T22:40:59.1220690Z [EAGER_BUNDLE] | 2026-08-22T22:40:59.121Z expo:babel:exports Found assignment to module.exports or exports at 10
build	Build iOS Locally on Free Cloud Mac	2026-08-22T22:40:59.1305800Z [EAGER_BUNDLE] | 2026-08-22T22:40:59.124Z expo:babel:exports Found assignment to module.exports or exports at 6
build	Build iOS Locally on Free Cloud Mac	2026-08-22T22:40:59.1306840Z [EAGER_BUNDLE] | 2026-08-22T22:40:59.124Z expo:babel:exports Found assignment to module.exports or exports at 12
build	Build iOS Locally on Free Cloud Mac	2026-08-22T22:40:59.1307680Z [EAGER_BUNDLE] | 2026-08-22T22:40:59.129Z expo:babel:exports Found assignment to module.exports or exports at 42
build	Build iOS Locally on Free Cloud Mac	2026-08-22T22:40:59.1308560Z [EAGER_BUNDLE] | 2026-08-22T22:40:59.128Z expo:babel:exports Found assignment to module.exports or exports at 6
build	Build iOS Locally on Free Cloud Mac	2026-08-22T22:40:59.1329190Z [EAGER_BUNDLE] | 2026-08-22T22:40:59.132Z expo:babel:exports Found assignment to module.exports or exports at 6
build	Build iOS Locally on Free Cloud Mac	2026-08-22T22:40:59.1374790Z [EAGER_BUNDLE] | 2026-08-22T22:40:59.137Z expo:babel:exports Found assignment to module.exports or exports at 6
build	Build iOS Locally on Free Cloud Mac	2026-08-22T22:40:59.1404530Z [EAGER_BUNDLE] | 2026-08-22T22:40:59.139Z expo:babel:exports Found assignment to module.exports or exports at 5
build	Build iOS Locally on Free Cloud Mac	2026-08-22T22:40:59.1419310Z [EAGER_BUNDLE] | 2026-08-22T22:40:59.141Z expo:babel:exports Found assignment to module.exports or exports at 11
build	Build iOS Locally on Free Cloud Mac	2026-08-22T22:40:59.1421830Z [EAGER_BUNDLE] | 2026-08-22T22:40:59.142Z expo:babel:exports Found assignment to module.exports or exports at 3
build	Build iOS Locally on Free Cloud Mac	2026-08-22T22:40:59.1450290Z [EAGER_BUNDLE] | 2026-08-22T22:40:59.144Z expo:babel:exports Found assignment to module.exports or exports at 1
build	Build iOS Locally on Free Cloud Mac	2026-08-22T22:40:59.1464370Z [EAGER_BUNDLE] | 2026-08-22T22:40:59.146Z expo:babel:exports Found assignment to module.exports or exports at 6
build	Build iOS Locally on Free Cloud Mac	2026-08-22T22:40:59.1483630Z [EAGER_BUNDLE] | 2026-08-22T22:40:59.147Z expo:babel:exports Found assignment to module.exports or exports at 3
build	Build iOS Locally on Free Cloud Mac	2026-08-22T22:40:59.1496920Z [EAGER_BUNDLE] | 2026-08-22T22:40:59.149Z expo:babel:exports Found assignment to module.exports or exports at 2
build	Build iOS Locally on Free Cloud Mac	2026-08-22T22:40:59.1504250Z [EAGER_BUNDLE] | 2026-08-22T22:40:59.150Z expo:babel:exports Found assignment to module.exports or exports at 6
build	Build iOS Locally on Free Cloud Mac	2026-08-22T22:40:59.1529760Z [EAGER_BUNDLE] | 2026-08-22T22:40:59.152Z expo:babel:exports Found assignment to module.exports or exports at 9
build	Build iOS Locally on Free Cloud Mac	2026-08-22T22:40:59.1534190Z [EAGER_BUNDLE] | 2026-08-22T22:40:59.153Z expo:babel:exports Found assignment to module.exports or exports at 9
build	Build iOS Locally on Free Cloud Mac	2026-08-22T22:40:59.1579370Z [EAGER_BUNDLE] | 2026-08-22T22:40:59.157Z expo:babel:exports Found assignment to module.exports or exports at 35
build	Build iOS Locally on Free Cloud Mac	2026-08-22T22:40:59.1610740Z [EAGER_BUNDLE] | 2026-08-22T22:40:59.158Z expo:babel:exports Found assignment to module.exports or exports at 22
build	Build iOS Locally on Free Cloud Mac	2026-08-22T22:40:59.1631490Z [EAGER_BUNDLE] | 2026-08-22T22:40:59.162Z expo:babel:exports Found assignment to module.exports or exports at 51
build	Build iOS Locally on Free Cloud Mac	2026-08-22T22:40:59.1641800Z [EAGER_BUNDLE] | 2026-08-22T22:40:59.163Z expo:babel:exports Found assignment to module.exports or exports at 8
build	Build iOS Locally on Free Cloud Mac	2026-08-22T22:40:59.1670990Z [EAGER_BUNDLE] | 2026-08-22T22:40:59.166Z expo:babel:exports Found assignment to module.exports or exports at 5
build	Build iOS Locally on Free Cloud Mac	2026-08-22T22:40:59.1703400Z [EAGER_BUNDLE] | 2026-08-22T22:40:59.169Z expo:babel:exports Found assignment to module.exports or exports at 3
build	Build iOS Locally on Free Cloud Mac	2026-08-22T22:40:59.1745510Z [EAGER_BUNDLE] | 2026-08-22T22:40:59.172Z expo:babel:exports Found assignment to module.exports or exports at 14
build	Build iOS Locally on Free Cloud Mac	2026-08-22T22:40:59.1746660Z [EAGER_BUNDLE] | 2026-08-22T22:40:59.173Z expo:babel:exports Found assignment to module.exports or exports at 144
build	Build iOS Locally on Free Cloud Mac	2026-08-22T22:40:59.1764090Z [EAGER_BUNDLE] | 2026-08-22T22:40:59.176Z expo:babel:exports Found assignment to module.exports or exports at 24
build	Build iOS Locally on Free Cloud Mac	2026-08-22T22:40:59.1792160Z [EAGER_BUNDLE] | 2026-08-22T22:40:59.178Z expo:babel:exports Found assignment to module.exports or exports at 8
build	Build iOS Locally on Free Cloud Mac	2026-08-22T22:40:59.1820100Z [EAGER_BUNDLE] | 2026-08-22T22:40:59.181Z expo:babel:exports Found assignment to module.exports or exports at 1
build	Build iOS Locally on Free Cloud Mac	2026-08-22T22:40:59.1824170Z [EAGER_BUNDLE] | 2026-08-22T22:40:59.181Z expo:babel:exports Found assignment to module.exports or exports at 1
build	Build iOS Locally on Free Cloud Mac	2026-08-22T22:40:59.1841960Z [EAGER_BUNDLE] | 2026-08-22T22:40:59.183Z expo:babel:exports Found assignment to module.exports or exports at 10
build	Build iOS Locally on Free Cloud Mac	2026-08-22T22:40:59.1869710Z [EAGER_BUNDLE] | 2026-08-22T22:40:59.186Z expo:babel:exports Found assignment to module.exports or exports at 1
build	Build iOS Locally on Free Cloud Mac	2026-08-22T22:40:59.1888390Z [EAGER_BUNDLE] | 2026-08-22T22:40:59.188Z expo:babel:exports Found assignment to module.exports or exports at 78
build	Build iOS Locally on Free Cloud Mac	2026-08-22T22:40:59.1889760Z [EAGER_BUNDLE] | 2026-08-22T22:40:59.188Z expo:babel:exports Found assignment to module.exports or exports at 1
build	Build iOS Locally on Free Cloud Mac	2026-08-22T22:40:59.1918990Z [EAGER_BUNDLE] | 2026-08-22T22:40:59.190Z expo:babel:exports Found assignment to module.exports or exports at 1
build	Build iOS Locally on Free Cloud Mac	2026-08-22T22:40:59.1929450Z [EAGER_BUNDLE] | 2026-08-22T22:40:59.192Z expo:babel:exports Found assignment to module.exports or exports at 1
build	Build iOS Locally on Free Cloud Mac	2026-08-22T22:40:59.1940340Z [EAGER_BUNDLE] | 2026-08-22T22:40:59.193Z expo:babel:exports Found assignment to module.exports or exports at 1
build	Build iOS Locally on Free Cloud Mac	2026-08-22T22:40:59.1942720Z [EAGER_BUNDLE] | 2026-08-22T22:40:59.193Z expo:babel:exports Found assignment to module.exports or exports at 1
build	Build iOS Locally on Free Cloud Mac	2026-08-22T22:40:59.1954930Z [EAGER_BUNDLE] | 2026-08-22T22:40:59.195Z expo:babel:exports Found assignment to module.exports or exports at 1
build	Build iOS Locally on Free Cloud Mac	2026-08-22T22:40:59.1964550Z [EAGER_BUNDLE] | 2026-08-22T22:40:59.195Z expo:babel:exports Found assignment to module.exports or exports at 1
build	Build iOS Locally on Free Cloud Mac	2026-08-22T22:40:59.1968510Z [EAGER_BUNDLE] | 2026-08-22T22:40:59.196Z expo:babel:exports Found assignment to module.exports or exports at 1
build	Build iOS Locally on Free Cloud Mac	2026-08-22T22:40:59.1984290Z [EAGER_BUNDLE] | 2026-08-22T22:40:59.198Z expo:babel:exports Found assignment to module.exports or exports at 1
build	Build iOS Locally on Free Cloud Mac	2026-08-22T22:40:59.1985230Z [EAGER_BUNDLE] | 2026-08-22T22:40:59.198Z expo:babel:exports Found assignment to module.exports or exports at 1
build	Build iOS Locally on Free Cloud Mac	2026-08-22T22:40:59.2000380Z [EAGER_BUNDLE] | 2026-08-22T22:40:59.199Z expo:babel:exports Found assignment to module.exports or exports at 1
build	Build iOS Locally on Free Cloud Mac	2026-08-22T22:40:59.2014360Z [EAGER_BUNDLE] | 2026-08-22T22:40:59.201Z expo:babel:exports Found assignment to module.exports or exports at 1
build	Build iOS Locally on Free Cloud Mac	2026-08-22T22:40:59.2116830Z [EAGER_BUNDLE] | 2026-08-22T22:40:59.201Z expo:babel:exports Found assignment to module.exports or exports at 1
build	Build iOS Locally on Free Cloud Mac	2026-08-22T22:40:59.2159020Z [EAGER_BUNDLE] | 2026-08-22T22:40:59.202Z expo:babel:exports Found assignment to module.exports or exports at 9
build	Build iOS Locally on Free Cloud Mac	2026-08-22T22:40:59.2160300Z [EAGER_BUNDLE] | 2026-08-22T22:40:59.205Z expo:babel:exports Found assignment to module.exports or exports at 1
build	Build iOS Locally on Free Cloud Mac	2026-08-22T22:40:59.2161130Z [EAGER_BUNDLE] | 2026-08-22T22:40:59.207Z expo:babel:exports Found assignment to module.exports or exports at 74
build	Build iOS Locally on Free Cloud Mac	2026-08-22T22:40:59.2311440Z [EAGER_BUNDLE] | 2026-08-22T22:40:59.230Z expo:babel:exports Found assignment to module.exports or exports at 425
build	Build iOS Locally on Free Cloud Mac	2026-08-22T22:40:59.2436700Z [EAGER_BUNDLE] | 2026-08-22T22:40:59.242Z expo:babel:exports Found assignment to module.exports or exports at 55
build	Build iOS Locally on Free Cloud Mac	2026-08-22T22:40:59.2537100Z [EAGER_BUNDLE] | 2026-08-22T22:40:59.251Z expo:babel:exports Found assignment to module.exports or exports at 81
build	Build iOS Locally on Free Cloud Mac	2026-08-22T22:40:59.2601590Z [EAGER_BUNDLE] | 2026-08-22T22:40:59.255Z expo:babel:exports Found assignment to module.exports or exports at 92
build	Build iOS Locally on Free Cloud Mac	2026-08-22T22:40:59.2602660Z [EAGER_BUNDLE] | 2026-08-22T22:40:59.258Z expo:babel:exports Found assignment to module.exports or exports at 24
build	Build iOS Locally on Free Cloud Mac	2026-08-22T22:40:59.2636860Z [EAGER_BUNDLE] | 2026-08-22T22:40:59.262Z expo:babel:exports Found assignment to module.exports or exports at 8
build	Build iOS Locally on Free Cloud Mac	2026-08-22T22:40:59.2657210Z [EAGER_BUNDLE] | 2026-08-22T22:40:59.264Z expo:babel:exports Found assignment to module.exports or exports at 3
build	Build iOS Locally on Free Cloud Mac	2026-08-22T22:40:59.2662350Z [EAGER_BUNDLE] | 2026-08-22T22:40:59.266Z expo:babel:exports Found assignment to module.exports or exports at 3
build	Build iOS Locally on Free Cloud Mac	2026-08-22T22:40:59.2668460Z [EAGER_BUNDLE] | 2026-08-22T22:40:59.266Z expo:babel:exports Found assignment to module.exports or exports at 1
build	Build iOS Locally on Free Cloud Mac	2026-08-22T22:40:59.2732310Z [EAGER_BUNDLE] | 2026-08-22T22:40:59.268Z expo:babel:exports Found assignment to module.exports or exports at 3
build	Build iOS Locally on Free Cloud Mac	2026-08-22T22:40:59.2969580Z [EAGER_BUNDLE] | 2026-08-22T22:40:59.294Z expo:babel:exports Found assignment to module.exports or exports at 121
build	Build iOS Locally on Free Cloud Mac	2026-08-22T22:40:59.3102260Z [EAGER_BUNDLE] | 2026-08-22T22:40:59.301Z expo:babel:exports Found assignment to module.exports or exports at 92
build	Build iOS Locally on Free Cloud Mac	2026-08-22T22:40:59.3170010Z [EAGER_BUNDLE] | 2026-08-22T22:40:59.311Z expo:babel:exports Found assignment to module.exports or exports at 27
build	Build iOS Locally on Free Cloud Mac	2026-08-22T22:40:59.3275340Z [EAGER_BUNDLE] | 2026-08-22T22:40:59.326Z expo:babel:exports Found assignment to module.exports or exports at 79
build	Build iOS Locally on Free Cloud Mac	2026-08-22T22:40:59.3375640Z [EAGER_BUNDLE] | 2026-08-22T22:40:59.330Z expo:babel:exports Found assignment to module.exports or exports at 13
build	Build iOS Locally on Free Cloud Mac	2026-08-22T22:40:59.5461200Z [EAGER_BUNDLE] 2026-08-22T22:40:59.545Z expo:metro:config "@expo/metro-runtime" not found, this may cause issues
build	Build iOS Locally on Free Cloud Mac	2026-08-22T22:40:59.5562510Z [EAGER_BUNDLE] 2026-08-22T22:40:59.545Z expo:metro-config:serializer:env-var Skipping environment variable inlining in production environment in favor of babel-preset-expo inlining with source maps.
build	Build iOS Locally on Free Cloud Mac	2026-08-22T22:40:59.5613030Z [EAGER_BUNDLE] 2026-08-22T22:40:59.553Z expo:metro:config "@expo/metro-runtime" not found, this may cause issues
build	Build iOS Locally on Free Cloud Mac	2026-08-22T22:40:59.5772300Z [EAGER_BUNDLE] 2026-08-22T22:40:59.576Z expo:metro:config "@expo/metro-runtime" not found, this may cause issues
build	Build iOS Locally on Free Cloud Mac	2026-08-22T22:40:59.6184650Z [EAGER_BUNDLE] 2026-08-22T22:40:59.617Z expo:start:platforms:android:adbServer Stopping ADB server
build	Build iOS Locally on Free Cloud Mac	2026-08-22T22:40:59.6185280Z [EAGER_BUNDLE] iOS Bundled 8116ms index.ts (1213 modules)
build	Build iOS Locally on Free Cloud Mac	2026-08-22T22:40:59.6185850Z [EAGER_BUNDLE] 2026-08-22T22:40:59.617Z expo:start:platforms:android:adbServer ADB server is not running
build	Build iOS Locally on Free Cloud Mac	2026-08-22T22:40:59.6193490Z [EAGER_BUNDLE] Writing bundle output to: /var/folders/g3/pffjr_y96bq06blnkf72x_hw0000gn/T/9tstziwmse/main.jsbundle
build	Build iOS Locally on Free Cloud Mac	2026-08-22T22:40:59.6269350Z [EAGER_BUNDLE] Copying 21 asset files
build	Build iOS Locally on Free Cloud Mac	2026-08-22T22:40:59.6270220Z [EAGER_BUNDLE] 2026-08-22T22:40:59.626Z expo:start:server:devServer Stopping dev server (bundler: metro)
build	Build iOS Locally on Free Cloud Mac	2026-08-22T22:40:59.6272910Z [EAGER_BUNDLE] 2026-08-22T22:40:59.627Z expo:start:server:devServer Stopped dev server (bundler: metro)
build	Build iOS Locally on Free Cloud Mac	2026-08-22T22:40:59.6514950Z [EAGER_BUNDLE] Done writing bundle output
build	Build iOS Locally on Free Cloud Mac	2026-08-22T22:40:59.6632190Z [EAGER_BUNDLE] 2026-08-22T22:40:59.662Z expo:utils:exit process is trying to exit, but is stuck on unexpected active resources: [ 'FSReqCallback', 'FSReqCallback', 'FSReqCallback' ]
build	Build iOS Locally on Free Cloud Mac	2026-08-22T22:40:59.6633500Z [EAGER_BUNDLE] 2026-08-22T22:40:59.663Z expo:telemetry Switching strategy from instant to detached
build	Build iOS Locally on Free Cloud Mac	2026-08-22T22:40:59.6634180Z [EAGER_BUNDLE] 2026-08-22T22:40:59.663Z expo:telemetry:client:detached No records to flush, skipping...
build	Build iOS Locally on Free Cloud Mac	2026-08-22T22:40:59.7102440Z [RUN_FASTLANE] Creating Gymfile
build	Build iOS Locally on Free Cloud Mac	2026-08-22T22:40:59.7118440Z [RUN_FASTLANE] Gymfile created
build	Build iOS Locally on Free Cloud Mac	2026-08-22T22:41:01.2478010Z [RUN_FASTLANE] Successfully loaded '/private/var/folders/g3/pffjr_y96bq06blnkf72x_hw0000gn/T/eas-build-local-nodejs/e3c2f18c-efa8-490a-a480-4ca7aa049eaa/build/ios/Gymfile' 📄
build	Build iOS Locally on Free Cloud Mac	2026-08-22T22:41:01.2480250Z [RUN_FASTLANE] +---------------------------------------------------------------------------------------------------------------------------------------------------------------------+
build	Build iOS Locally on Free Cloud Mac	2026-08-22T22:41:01.2481350Z [RUN_FASTLANE] |                                                                  Detected Values from './Gymfile'                                                                   |
build	Build iOS Locally on Free Cloud Mac	2026-08-22T22:41:01.2482300Z [RUN_FASTLANE] +-----------------------+---------------------------------------------------------------------------------------------------------------------------------------------+
build	Build iOS Locally on Free Cloud Mac	2026-08-22T22:41:01.2483210Z [RUN_FASTLANE] | suppress_xcode_output | true                                                                                                                                        |
build	Build iOS Locally on Free Cloud Mac	2026-08-22T22:41:01.2484290Z [RUN_FASTLANE] | clean                 | false                                                                                                                                       |
build	Build iOS Locally on Free Cloud Mac	2026-08-22T22:41:01.2485090Z [RUN_FASTLANE] | scheme                | Hence                                                                                                                                       |
build	Build iOS Locally on Free Cloud Mac	2026-08-22T22:41:01.2485910Z [RUN_FASTLANE] | configuration         | Release                                                                                                                                     |
build	Build iOS Locally on Free Cloud Mac	2026-08-22T22:41:01.2486740Z [RUN_FASTLANE] | export_options        |                                                                                                                                             |
build	Build iOS Locally on Free Cloud Mac	2026-08-22T22:41:01.2487770Z [RUN_FASTLANE] | export_xcargs         | OTHER_CODE_SIGN_FLAGS="--keychain /var/folders/g3/pffjr_y96bq06blnkf72x_hw0000gn/T/eas-build-0c9286fe-9543-475d-b6de-f1b5abd783a4.keychain" |
build	Build iOS Locally on Free Cloud Mac	2026-08-22T22:41:01.2488770Z [RUN_FASTLANE] | disable_xcpretty      | true                                                                                                                                        |
build	Build iOS Locally on Free Cloud Mac	2026-08-22T22:41:01.2489820Z [RUN_FASTLANE] | buildlog_path         | /var/folders/g3/pffjr_y96bq06blnkf72x_hw0000gn/T/eas-build-local-nodejs/e3c2f18c-efa8-490a-a480-4ca7aa049eaa/logs                           |
build	Build iOS Locally on Free Cloud Mac	2026-08-22T22:41:01.2490920Z [RUN_FASTLANE] | derived_data_path     | ./build                                                                                                                                     |
build	Build iOS Locally on Free Cloud Mac	2026-08-22T22:41:01.2491750Z [RUN_FASTLANE] | result_bundle         | true                                                                                                                                        |
build	Build iOS Locally on Free Cloud Mac	2026-08-22T22:41:01.2492690Z [RUN_FASTLANE] | result_bundle_path    | /var/folders/g3/pffjr_y96bq06blnkf72x_hw0000gn/T/result-bundle-1787438459710.xcresult                                                       |
build	Build iOS Locally on Free Cloud Mac	2026-08-22T22:41:01.2493650Z [RUN_FASTLANE] | output_directory      | ./build                                                                                                                                     |
build	Build iOS Locally on Free Cloud Mac	2026-08-22T22:41:01.2494520Z [RUN_FASTLANE] +-----------------------+---------------------------------------------------------------------------------------------------------------------------------------------+
build	Build iOS Locally on Free Cloud Mac	2026-08-22T22:41:01.2751460Z [RUN_FASTLANE] Resolving Swift Package Manager dependencies...
build	Build iOS Locally on Free Cloud Mac	2026-08-22T22:41:01.2752300Z [RUN_FASTLANE] $ xcodebuild -resolvePackageDependencies -workspace ./Hence.xcworkspace -scheme Hence -configuration Release -derivedDataPath ./build
build	Build iOS Locally on Free Cloud Mac	2026-08-22T22:41:02.9982610Z [RUN_FASTLANE] ▸ Command line invocation:
build	Build iOS Locally on Free Cloud Mac	2026-08-22T22:41:02.9984140Z [RUN_FASTLANE] ▸     /Applications/Xcode_16.1.app/Contents/Developer/usr/bin/xcodebuild -resolvePackageDependencies -workspace ./Hence.xcworkspace -scheme Hence -configuration Release -derivedDataPath ./build
build	Build iOS Locally on Free Cloud Mac	2026-08-22T22:41:02.9984990Z [RUN_FASTLANE] ▸ User defaults from command line:
build	Build iOS Locally on Free Cloud Mac	2026-08-22T22:41:02.9986000Z [RUN_FASTLANE] ▸     IDEDerivedDataPathOverride = /var/folders/g3/pffjr_y96bq06blnkf72x_hw0000gn/T/eas-build-local-nodejs/e3c2f18c-efa8-490a-a480-4ca7aa049eaa/build/ios/build
build	Build iOS Locally on Free Cloud Mac	2026-08-22T22:41:02.9986780Z [RUN_FASTLANE] ▸     IDEPackageSupportUseBuiltinSCM = YES
build	Build iOS Locally on Free Cloud Mac	2026-08-22T22:41:06.9312000Z [RUN_FASTLANE] ▸ resolved source packages:
build	Build iOS Locally on Free Cloud Mac	2026-08-22T22:41:06.9615830Z [RUN_FASTLANE] $ xcodebuild -showBuildSettings -workspace ./Hence.xcworkspace -scheme Hence -configuration Release -derivedDataPath ./build 2>&1
build	Build iOS Locally on Free Cloud Mac	2026-08-22T22:41:10.0238140Z [RUN_FASTLANE] Command timed out after 3 seconds on try 1 of 4, trying again with a 6 second timeout...
build	Build iOS Locally on Free Cloud Mac	2026-08-22T22:41:12.9084050Z [RUN_FASTLANE] Detected provisioning profile mapping: {:"com.hence.oyedotun"=>"a5be180e-27c1-4df2-8c3f-f7ef68ba9785"}
build	Build iOS Locally on Free Cloud Mac	2026-08-22T22:41:12.9264990Z [RUN_FASTLANE] 
build	Build iOS Locally on Free Cloud Mac	2026-08-22T22:41:12.9283960Z [RUN_FASTLANE] +------------------------------------------------------------------------------------------------------------------------------------------------------------------------------------------------------+
build	Build iOS Locally on Free Cloud Mac	2026-08-22T22:41:12.9285320Z [RUN_FASTLANE] |                                                                                       Summary for gym 2.236.1                                                                                        |
build	Build iOS Locally on Free Cloud Mac	2026-08-22T22:41:12.9286640Z [RUN_FASTLANE] +--------------------------------------------------------+---------------------------------------------------------------------------------------------------------------------------------------------+
build	Build iOS Locally on Free Cloud Mac	2026-08-22T22:41:12.9287890Z [RUN_FASTLANE] | workspace                                              | ./Hence.xcworkspace                                                                                                                         |
build	Build iOS Locally on Free Cloud Mac	2026-08-22T22:41:12.9290320Z [RUN_FASTLANE] | scheme                                                 | Hence                                                                                                                                       |
build	Build iOS Locally on Free Cloud Mac	2026-08-22T22:41:12.9291440Z [RUN_FASTLANE] | clean                                                  | false                                                                                                                                       |
build	Build iOS Locally on Free Cloud Mac	2026-08-22T22:41:12.9293800Z [RUN_FASTLANE] | output_directory                                       | ./build                                                                                                                                     |
build	Build iOS Locally on Free Cloud Mac	2026-08-22T22:41:12.9294920Z [RUN_FASTLANE] | output_name                                            | Hence                                                                                                                                       |
build	Build iOS Locally on Free Cloud Mac	2026-08-22T22:41:12.9296270Z [RUN_FASTLANE] | configuration                                          | Release                                                                                                                                     |
build	Build iOS Locally on Free Cloud Mac	2026-08-22T22:41:12.9297330Z [RUN_FASTLANE] | silent                                                 | false                                                                                                                                       |
build	Build iOS Locally on Free Cloud Mac	2026-08-22T22:41:12.9298380Z [RUN_FASTLANE] | skip_package_ipa                                       | false                                                                                                                                       |
build	Build iOS Locally on Free Cloud Mac	2026-08-22T22:41:12.9305670Z [RUN_FASTLANE] | skip_package_pkg                                       | false                                                                                                                                       |
build	Build iOS Locally on Free Cloud Mac	2026-08-22T22:41:12.9306630Z [RUN_FASTLANE] | export_options.method                                  | app-store                                                                                                                                   |
build	Build iOS Locally on Free Cloud Mac	2026-08-22T22:41:12.9307780Z [RUN_FASTLANE] | export_options.provisioningProfiles.com.hence.oyedotun | a5be180e-27c1-4df2-8c3f-f7ef68ba9785                                                                                                        |
build	Build iOS Locally on Free Cloud Mac	2026-08-22T22:41:12.9309150Z [RUN_FASTLANE] | export_xcargs                                          | OTHER_CODE_SIGN_FLAGS="--keychain /var/folders/g3/pffjr_y96bq06blnkf72x_hw0000gn/T/eas-build-0c9286fe-9543-475d-b6de-f1b5abd783a4.keychain" |
build	Build iOS Locally on Free Cloud Mac	2026-08-22T22:41:12.9310360Z [RUN_FASTLANE] | build_path                                             | /Users/runner/Library/Developer/Xcode/Archives/2026-08-22                                                                                   |
build	Build iOS Locally on Free Cloud Mac	2026-08-22T22:41:12.9311480Z [RUN_FASTLANE] | derived_data_path                                      | ./build                                                                                                                                     |
build	Build iOS Locally on Free Cloud Mac	2026-08-22T22:41:12.9312600Z [RUN_FASTLANE] | result_bundle                                          | true                                                                                                                                        |
build	Build iOS Locally on Free Cloud Mac	2026-08-22T22:41:12.9313700Z [RUN_FASTLANE] | result_bundle_path                                     | /var/folders/g3/pffjr_y96bq06blnkf72x_hw0000gn/T/result-bundle-1787438459710.xcresult                                                       |
build	Build iOS Locally on Free Cloud Mac	2026-08-22T22:41:12.9315130Z [RUN_FASTLANE] | buildlog_path                                          | /var/folders/g3/pffjr_y96bq06blnkf72x_hw0000gn/T/eas-build-local-nodejs/e3c2f18c-efa8-490a-a480-4ca7aa049eaa/logs                           |
build	Build iOS Locally on Free Cloud Mac	2026-08-22T22:41:12.9316560Z [RUN_FASTLANE] | destination                                            | generic/platform=iOS                                                                                                                        |
build	Build iOS Locally on Free Cloud Mac	2026-08-22T22:41:12.9317950Z [RUN_FASTLANE] | suppress_xcode_output                                  | true                                                                                                                                        |
build	Build iOS Locally on Free Cloud Mac	2026-08-22T22:41:12.9319020Z [RUN_FASTLANE] | xcodebuild_formatter                                   | xcbeautify                                                                                                                                  |
build	Build iOS Locally on Free Cloud Mac	2026-08-22T22:41:12.9320830Z [RUN_FASTLANE] | build_timing_summary                                   | false                                                                                                                                       |
build	Build iOS Locally on Free Cloud Mac	2026-08-22T22:41:12.9321830Z [RUN_FASTLANE] | disable_xcpretty                                       | true                                                                                                                                        |
build	Build iOS Locally on Free Cloud Mac	2026-08-22T22:41:12.9322920Z [RUN_FASTLANE] | skip_profile_detection                                 | false                                                                                                                                       |
build	Build iOS Locally on Free Cloud Mac	2026-08-22T22:41:12.9324640Z [RUN_FASTLANE] | xcodebuild_command                                     | xcodebuild                                                                                                                                  |
build	Build iOS Locally on Free Cloud Mac	2026-08-22T22:41:12.9325940Z [RUN_FASTLANE] | skip_package_dependencies_resolution                   | false                                                                                                                                       |
build	Build iOS Locally on Free Cloud Mac	2026-08-22T22:41:12.9327130Z [RUN_FASTLANE] | disable_package_automatic_updates                      | false                                                                                                                                       |
build	Build iOS Locally on Free Cloud Mac	2026-08-22T22:41:12.9328140Z [RUN_FASTLANE] | skip_package_repository_fetches                        | false                                                                                                                                       |
build	Build iOS Locally on Free Cloud Mac	2026-08-22T22:41:12.9329190Z [RUN_FASTLANE] | use_system_scm                                         | false                                                                                                                                       |
build	Build iOS Locally on Free Cloud Mac	2026-08-22T22:41:12.9330450Z [RUN_FASTLANE] | generate_appstore_info                                 | false                                                                                                                                       |
build	Build iOS Locally on Free Cloud Mac	2026-08-22T22:41:12.9331470Z [RUN_FASTLANE] | xcode_path                                             | /Applications/Xcode_16.1.app                                                                                                                |
build	Build iOS Locally on Free Cloud Mac	2026-08-22T22:41:12.9334550Z [RUN_FASTLANE] +--------------------------------------------------------+---------------------------------------------------------------------------------------------------------------------------------------------+
build	Build iOS Locally on Free Cloud Mac	2026-08-22T22:41:12.9337640Z [RUN_FASTLANE] $ set -o pipefail && xcodebuild -workspace ./Hence.xcworkspace -scheme Hence -configuration Release -derivedDataPath ./build -destination 'generic/platform=iOS' -archivePath /Users/runner/Library/Developer/Xcode/Archives/2026-08-22/Hence\ 2026-08-22\ 22.41.12.xcarchive -resultBundlePath '/var/folders/g3/pffjr_y96bq06blnkf72x_hw0000gn/T/result-bundle-1787438459710.xcresult' archive | tee /var/folders/g3/pffjr_y96bq06blnkf72x_hw0000gn/T/eas-build-local-nodejs/e3c2f18c-efa8-490a-a480-4ca7aa049eaa/logs/Hence-Hence.log > /dev/null
build	Build iOS Locally on Free Cloud Mac	2026-08-22T22:41:25.2628610Z [RUN_FASTLANE] › Executing react-native Pods/hermes-engine » [CP-User] [Hermes] Replace Hermes for the right configuration, if needed
build	Build iOS Locally on Free Cloud Mac	2026-08-22T22:41:25.2753250Z [RUN_FASTLANE] › Executing react-native Pods/ReactNativeDependencies » [CP-User] [RNDeps] Replace React Native Dependencies for the right configuration, if needed
build	Build iOS Locally on Free Cloud Mac	2026-08-22T22:41:25.4278710Z [RUN_FASTLANE] › Executing react-native Pods/hermes-engine » [CP] Copy XCFrameworks
build	Build iOS Locally on Free Cloud Mac	2026-08-22T22:41:30.9260440Z [RUN_FASTLANE] › Preparing Pods/expo-dev-menu-EXDevMenu » ResourceBundle-EXDevMenu-expo-dev-menu-Info.plist
build	Build iOS Locally on Free Cloud Mac	2026-08-22T22:41:30.9361940Z [RUN_FASTLANE] › Creating  Pods/expo-dev-menu-EXDevMenu » EXDevMenu.bundle
build	Build iOS Locally on Free Cloud Mac	2026-08-22T22:41:30.9463580Z [RUN_FASTLANE] › Preparing Pods/expo-dev-launcher-EXDevLauncher » ResourceBundle-EXDevLauncher-expo-dev-launcher-Info.plist
build	Build iOS Locally on Free Cloud Mac	2026-08-22T22:41:30.9565640Z [RUN_FASTLANE] › Executing react-native Pods/ReactNativeDependencies » [CP] Copy XCFrameworks
build	Build iOS Locally on Free Cloud Mac	2026-08-22T22:41:32.2423510Z [RUN_FASTLANE] › Copying   ios/build/Build/Intermediates.noindex/ArchiveIntermediates/Hence/IntermediateBuildFilesPath/UninstalledProducts/iphoneos/StripeUICoreBundle.bundle/zh-Hant.lproj ➜ ../../../../../var/folders/g3/pffjr_y96bq06blnkf72x_hw0000gn/T/eas-build-local-nodejs/e3c2f18c-efa8-490a-a480-4ca7aa049eaa/build/ios/Pods/StripeUICore/StripeUICore/StripeUICore/Resources/Localizations/zh-Hant.lproj
build	Build iOS Locally on Free Cloud Mac	2026-08-22T22:41:32.2524010Z [RUN_FASTLANE] › Copying   ios/build/Build/Intermediates.noindex/ArchiveIntermediates/Hence/IntermediateBuildFilesPath/UninstalledProducts/iphoneos/StripeUICoreBundle.bundle/zh-Hans.lproj ➜ ../../../../../var/folders/g3/pffjr_y96bq06blnkf72x_hw0000gn/T/eas-build-local-nodejs/e3c2f18c-efa8-490a-a480-4ca7aa049eaa/build/ios/Pods/StripeUICore/StripeUICore/StripeUICore/Resources/Localizations/zh-Hans.lproj
build	Build iOS Locally on Free Cloud Mac	2026-08-22T22:41:32.2627400Z [RUN_FASTLANE] › Copying   ios/build/Build/Intermediates.noindex/ArchiveIntermediates/Hence/IntermediateBuildFilesPath/UninstalledProducts/iphoneos/StripeUICoreBundle.bundle/zh-HK.lproj ➜ ../../../../../var/folders/g3/pffjr_y96bq06blnkf72x_hw0000gn/T/eas-build-local-nodejs/e3c2f18c-efa8-490a-a480-4ca7aa049eaa/build/ios/Pods/StripeUICore/StripeUICore/StripeUICore/Resources/Localizations/zh-HK.lproj
build	Build iOS Locally on Free Cloud Mac	2026-08-22T22:41:32.3232520Z [RUN_FASTLANE] › Copying   ios/build/Build/Intermediates.noindex/ArchiveIntermediates/Hence/IntermediateBuildFilesPath/UninstalledProducts/iphoneos/StripeUICoreBundle.bundle/vi.lproj ➜ ../../../../../var/folders/g3/pffjr_y96bq06blnkf72x_hw0000gn/T/eas-build-local-nodejs/e3c2f18c-efa8-490a-a480-4ca7aa049eaa/build/ios/Pods/StripeUICore/StripeUICore/StripeUICore/Resources/Localizations/vi.lproj
build	Build iOS Locally on Free Cloud Mac	2026-08-22T22:41:32.3336580Z [RUN_FASTLANE] › Copying   ios/build/Build/Intermediates.noindex/ArchiveIntermediates/Hence/IntermediateBuildFilesPath/UninstalledProducts/iphoneos/StripeUICoreBundle.bundle/tr.lproj ➜ ../../../../../var/folders/g3/pffjr_y96bq06blnkf72x_hw0000gn/T/eas-build-local-nodejs/e3c2f18c-efa8-490a-a480-4ca7aa049eaa/build/ios/Pods/StripeUICore/StripeUICore/StripeUICore/Resources/Localizations/tr.lproj
build	Build iOS Locally on Free Cloud Mac	2026-08-22T22:41:32.3436890Z [RUN_FASTLANE] › Copying   ios/build/Build/Intermediates.noindex/ArchiveIntermediates/Hence/IntermediateBuildFilesPath/UninstalledProducts/iphoneos/StripeUICoreBundle.bundle/th.lproj ➜ ../../../../../var/folders/g3/pffjr_y96bq06blnkf72x_hw0000gn/T/eas-build-local-nodejs/e3c2f18c-efa8-490a-a480-4ca7aa049eaa/build/ios/Pods/StripeUICore/StripeUICore/StripeUICore/Resources/Localizations/th.lproj
build	Build iOS Locally on Free Cloud Mac	2026-08-22T22:41:32.3451250Z [RUN_FASTLANE] › Copying   ios/build/Build/Intermediates.noindex/ArchiveIntermediates/Hence/IntermediateBuildFilesPath/UninstalledProducts/iphoneos/StripeUICoreBundle.bundle/sv.lproj ➜ ../../../../../var/folders/g3/pffjr_y96bq06blnkf72x_hw0000gn/T/eas-build-local-nodejs/e3c2f18c-efa8-490a-a480-4ca7aa049eaa/build/ios/Pods/StripeUICore/StripeUICore/StripeUICore/Resources/Localizations/sv.lproj
build	Build iOS Locally on Free Cloud Mac	2026-08-22T22:41:32.3555290Z [RUN_FASTLANE] › Copying   ios/build/Build/Intermediates.noindex/ArchiveIntermediates/Hence/IntermediateBuildFilesPath/UninstalledProducts/iphoneos/StripeUICoreBundle.bundle/sl-SI.lproj ➜ ../../../../../var/folders/g3/pffjr_y96bq06blnkf72x_hw0000gn/T/eas-build-local-nodejs/e3c2f18c-efa8-490a-a480-4ca7aa049eaa/build/ios/Pods/StripeUICore/StripeUICore/StripeUICore/Resources/Localizations/sl-SI.lproj
build	Build iOS Locally on Free Cloud Mac	2026-08-22T22:41:32.3760170Z [RUN_FASTLANE] › Copying   ios/build/Build/Intermediates.noindex/ArchiveIntermediates/Hence/IntermediateBuildFilesPath/UninstalledProducts/iphoneos/StripeUICoreBundle.bundle/sk-SK.lproj ➜ ../../../../../var/folders/g3/pffjr_y96bq06blnkf72x_hw0000gn/T/eas-build-local-nodejs/e3c2f18c-efa8-490a-a480-4ca7aa049eaa/build/ios/Pods/StripeUICore/StripeUICore/StripeUICore/Resources/Localizations/sk-SK.lproj
build	Build iOS Locally on Free Cloud Mac	2026-08-22T22:41:32.3867970Z [RUN_FASTLANE] › Copying   ios/build/Build/Intermediates.noindex/ArchiveIntermediates/Hence/IntermediateBuildFilesPath/UninstalledProducts/iphoneos/StripeUICoreBundle.bundle/ru.lproj ➜ ../../../../../var/folders/g3/pffjr_y96bq06blnkf72x_hw0000gn/T/eas-build-local-nodejs/e3c2f18c-efa8-490a-a480-4ca7aa049eaa/build/ios/Pods/StripeUICore/StripeUICore/StripeUICore/Resources/Localizations/ru.lproj
build	Build iOS Locally on Free Cloud Mac	2026-08-22T22:41:32.3972550Z [RUN_FASTLANE] › Copying   ios/build/Build/Intermediates.noindex/ArchiveIntermediates/Hence/IntermediateBuildFilesPath/UninstalledProducts/iphoneos/StripeUICoreBundle.bundle/ro-RO.lproj ➜ ../../../../../var/folders/g3/pffjr_y96bq06blnkf72x_hw0000gn/T/eas-build-local-nodejs/e3c2f18c-efa8-490a-a480-4ca7aa049eaa/build/ios/Pods/StripeUICore/StripeUICore/StripeUICore/Resources/Localizations/ro-RO.lproj
build	Build iOS Locally on Free Cloud Mac	2026-08-22T22:41:32.4085530Z [RUN_FASTLANE] › Copying   ios/build/Build/Intermediates.noindex/ArchiveIntermediates/Hence/IntermediateBuildFilesPath/UninstalledProducts/iphoneos/StripeUICoreBundle.bundle/pt-PT.lproj ➜ ../../../../../var/folders/g3/pffjr_y96bq06blnkf72x_hw0000gn/T/eas-build-local-nodejs/e3c2f18c-efa8-490a-a480-4ca7aa049eaa/build/ios/Pods/StripeUICore/StripeUICore/StripeUICore/Resources/Localizations/pt-PT.lproj
build	Build iOS Locally on Free Cloud Mac	2026-08-22T22:41:32.4188540Z [RUN_FASTLANE] › Copying   ios/build/Build/Intermediates.noindex/ArchiveIntermediates/Hence/IntermediateBuildFilesPath/UninstalledProducts/iphoneos/StripeUICoreBundle.bundle/pt-BR.lproj ➜ ../../../../../var/folders/g3/pffjr_y96bq06blnkf72x_hw0000gn/T/eas-build-local-nodejs/e3c2f18c-efa8-490a-a480-4ca7aa049eaa/build/ios/Pods/StripeUICore/StripeUICore/StripeUICore/Resources/Localizations/pt-BR.lproj
build	Build iOS Locally on Free Cloud Mac	2026-08-22T22:41:32.4287930Z [RUN_FASTLANE] › Copying   ios/build/Build/Intermediates.noindex/ArchiveIntermediates/Hence/IntermediateBuildFilesPath/UninstalledProducts/iphoneos/StripeUICoreBundle.bundle/pl-PL.lproj ➜ ../../../../../var/folders/g3/pffjr_y96bq06blnkf72x_hw0000gn/T/eas-build-local-nodejs/e3c2f18c-efa8-490a-a480-4ca7aa049eaa/build/ios/Pods/StripeUICore/StripeUICore/StripeUICore/Resources/Localizations/pl-PL.lproj
build	Build iOS Locally on Free Cloud Mac	2026-08-22T22:41:32.4397110Z [RUN_FASTLANE] › Copying   ios/build/Build/Intermediates.noindex/ArchiveIntermediates/Hence/IntermediateBuildFilesPath/UninstalledProducts/iphoneos/StripeUICoreBundle.bundle/nl.lproj ➜ ../../../../../var/folders/g3/pffjr_y96bq06blnkf72x_hw0000gn/T/eas-build-local-nodejs/e3c2f18c-efa8-490a-a480-4ca7aa049eaa/build/ios/Pods/StripeUICore/StripeUICore/StripeUICore/Resources/Localizations/nl.lproj
build	Build iOS Locally on Free Cloud Mac	2026-08-22T22:41:32.4504670Z [RUN_FASTLANE] › Copying   ios/build/Build/Intermediates.noindex/ArchiveIntermediates/Hence/IntermediateBuildFilesPath/UninstalledProducts/iphoneos/StripeUICoreBundle.bundle/nb.lproj ➜ ../../../../../var/folders/g3/pffjr_y96bq06blnkf72x_hw0000gn/T/eas-build-local-nodejs/e3c2f18c-efa8-490a-a480-4ca7aa049eaa/build/ios/Pods/StripeUICore/StripeUICore/StripeUICore/Resources/Localizations/nb.lproj
build	Build iOS Locally on Free Cloud Mac	2026-08-22T22:41:32.4608250Z [RUN_FASTLANE] › Copying   ios/build/Build/Intermediates.noindex/ArchiveIntermediates/Hence/IntermediateBuildFilesPath/UninstalledProducts/iphoneos/StripeUICoreBundle.bundle/mt.lproj ➜ ../../../../../var/folders/g3/pffjr_y96bq06blnkf72x_hw0000gn/T/eas-build-local-nodejs/e3c2f18c-efa8-490a-a480-4ca7aa049eaa/build/ios/Pods/StripeUICore/StripeUICore/StripeUICore/Resources/Localizations/mt.lproj
build	Build iOS Locally on Free Cloud Mac	2026-08-22T22:41:32.4712880Z [RUN_FASTLANE] › Copying   ios/build/Build/Intermediates.noindex/ArchiveIntermediates/Hence/IntermediateBuildFilesPath/UninstalledProducts/iphoneos/StripeUICoreBundle.bundle/ms-MY.lproj ➜ ../../../../../var/folders/g3/pffjr_y96bq06blnkf72x_hw0000gn/T/eas-build-local-nodejs/e3c2f18c-efa8-490a-a480-4ca7aa049eaa/build/ios/Pods/StripeUICore/StripeUICore/StripeUICore/Resources/Localizations/ms-MY.lproj
build	Build iOS Locally on Free Cloud Mac	2026-08-22T22:41:32.4817770Z [RUN_FASTLANE] › Copying   ios/build/Build/Intermediates.noindex/ArchiveIntermediates/Hence/IntermediateBuildFilesPath/UninstalledProducts/iphoneos/StripeUICoreBundle.bundle/lv-LV.lproj ➜ ../../../../../var/folders/g3/pffjr_y96bq06blnkf72x_hw0000gn/T/eas-build-local-nodejs/e3c2f18c-efa8-490a-a480-4ca7aa049eaa/build/ios/Pods/StripeUICore/StripeUICore/StripeUICore/Resources/Localizations/lv-LV.lproj
build	Build iOS Locally on Free Cloud Mac	2026-08-22T22:41:32.4927570Z [RUN_FASTLANE] › Copying   ios/build/Build/Intermediates.noindex/ArchiveIntermediates/Hence/IntermediateBuildFilesPath/UninstalledProducts/iphoneos/StripeUICoreBundle.bundle/lt-LT.lproj ➜ ../../../../../var/folders/g3/pffjr_y96bq06blnkf72x_hw0000gn/T/eas-build-local-nodejs/e3c2f18c-efa8-490a-a480-4ca7aa049eaa/build/ios/Pods/StripeUICore/StripeUICore/StripeUICore/Resources/Localizations/lt-LT.lproj
build	Build iOS Locally on Free Cloud Mac	2026-08-22T22:41:32.5043330Z [RUN_FASTLANE] › Copying   ios/build/Build/Intermediates.noindex/ArchiveIntermediates/Hence/IntermediateBuildFilesPath/UninstalledProducts/iphoneos/StripeUICoreBundle.bundle/localized_address_data.json ➜ ../../../../../var/folders/g3/pffjr_y96bq06blnkf72x_hw0000gn/T/eas-build-local-nodejs/e3c2f18c-efa8-490a-a480-4ca7aa049eaa/build/ios/Pods/StripeUICore/StripeUICore/StripeUICore/Resources/JSON/localized_address_data.json
build	Build iOS Locally on Free Cloud Mac	2026-08-22T22:41:32.5166450Z [RUN_FASTLANE] › Copying   ios/build/Build/Intermediates.noindex/ArchiveIntermediates/Hence/IntermediateBuildFilesPath/UninstalledProducts/iphoneos/StripeUICoreBundle.bundle/ko.lproj ➜ ../../../../../var/folders/g3/pffjr_y96bq06blnkf72x_hw0000gn/T/eas-build-local-nodejs/e3c2f18c-efa8-490a-a480-4ca7aa049eaa/build/ios/Pods/StripeUICore/StripeUICore/StripeUICore/Resources/Localizations/ko.lproj
build	Build iOS Locally on Free Cloud Mac	2026-08-22T22:41:32.5269340Z [RUN_FASTLANE] › Copying   ios/build/Build/Intermediates.noindex/ArchiveIntermediates/Hence/IntermediateBuildFilesPath/UninstalledProducts/iphoneos/StripeUICoreBundle.bundle/ja.lproj ➜ ../../../../../var/folders/g3/pffjr_y96bq06blnkf72x_hw0000gn/T/eas-build-local-nodejs/e3c2f18c-efa8-490a-a480-4ca7aa049eaa/build/ios/Pods/StripeUICore/StripeUICore/StripeUICore/Resources/Localizations/ja.lproj
build	Build iOS Locally on Free Cloud Mac	2026-08-22T22:41:32.5370730Z [RUN_FASTLANE] › Copying   ios/build/Build/Intermediates.noindex/ArchiveIntermediates/Hence/IntermediateBuildFilesPath/UninstalledProducts/iphoneos/StripeUICoreBundle.bundle/it.lproj ➜ ../../../../../var/folders/g3/pffjr_y96bq06blnkf72x_hw0000gn/T/eas-build-local-nodejs/e3c2f18c-efa8-490a-a480-4ca7aa049eaa/build/ios/Pods/StripeUICore/StripeUICore/StripeUICore/Resources/Localizations/it.lproj
build	Build iOS Locally on Free Cloud Mac	2026-08-22T22:41:32.5472410Z [RUN_FASTLANE] › Copying   ios/build/Build/Intermediates.noindex/ArchiveIntermediates/Hence/IntermediateBuildFilesPath/UninstalledProducts/iphoneos/StripeUICoreBundle.bundle/id.lproj ➜ ../../../../../var/folders/g3/pffjr_y96bq06blnkf72x_hw0000gn/T/eas-build-local-nodejs/e3c2f18c-efa8-490a-a480-4ca7aa049eaa/build/ios/Pods/StripeUICore/StripeUICore/StripeUICore/Resources/Localizations/id.lproj
build	Build iOS Locally on Free Cloud Mac	2026-08-22T22:41:32.5605150Z [RUN_FASTLANE] › Copying   ios/build/Build/Intermediates.noindex/ArchiveIntermediates/Hence/IntermediateBuildFilesPath/UninstalledProducts/iphoneos/StripeUICoreBundle.bundle/hu.lproj ➜ ../../../../../var/folders/g3/pffjr_y96bq06blnkf72x_hw0000gn/T/eas-build-local-nodejs/e3c2f18c-efa8-490a-a480-4ca7aa049eaa/build/ios/Pods/StripeUICore/StripeUICore/StripeUICore/Resources/Localizations/hu.lproj
build	Build iOS Locally on Free Cloud Mac	2026-08-22T22:41:32.5709550Z [RUN_FASTLANE] › Copying   ios/build/Build/Intermediates.noindex/ArchiveIntermediates/Hence/IntermediateBuildFilesPath/UninstalledProducts/iphoneos/StripeUICoreBundle.bundle/hr.lproj ➜ ../../../../../var/folders/g3/pffjr_y96bq06blnkf72x_hw0000gn/T/eas-build-local-nodejs/e3c2f18c-efa8-490a-a480-4ca7aa049eaa/build/ios/Pods/StripeUICore/StripeUICore/StripeUICore/Resources/Localizations/hr.lproj
build	Build iOS Locally on Free Cloud Mac	2026-08-22T22:41:32.5829810Z [RUN_FASTLANE] › Copying   ios/build/Build/Intermediates.noindex/ArchiveIntermediates/Hence/IntermediateBuildFilesPath/UninstalledProducts/iphoneos/StripeUICoreBundle.bundle/fr.lproj ➜ ../../../../../var/folders/g3/pffjr_y96bq06blnkf72x_hw0000gn/T/eas-build-local-nodejs/e3c2f18c-efa8-490a-a480-4ca7aa049eaa/build/ios/Pods/StripeUICore/StripeUICore/StripeUICore/Resources/Localizations/fr.lproj
build	Build iOS Locally on Free Cloud Mac	2026-08-22T22:41:32.5951730Z [RUN_FASTLANE] › Copying   ios/build/Build/Intermediates.noindex/ArchiveIntermediates/Hence/IntermediateBuildFilesPath/UninstalledProducts/iphoneos/StripeUICoreBundle.bundle/fr-CA.lproj ➜ ../../../../../var/folders/g3/pffjr_y96bq06blnkf72x_hw0000gn/T/eas-build-local-nodejs/e3c2f18c-efa8-490a-a480-4ca7aa049eaa/build/ios/Pods/StripeUICore/StripeUICore/StripeUICore/Resources/Localizations/fr-CA.lproj
build	Build iOS Locally on Free Cloud Mac	2026-08-22T22:41:32.6052110Z [RUN_FASTLANE] › Copying   ios/build/Build/Intermediates.noindex/ArchiveIntermediates/Hence/IntermediateBuildFilesPath/UninstalledProducts/iphoneos/StripeUICoreBundle.bundle/fil.lproj ➜ ../../../../../var/folders/g3/pffjr_y96bq06blnkf72x_hw0000gn/T/eas-build-local-nodejs/e3c2f18c-efa8-490a-a480-4ca7aa049eaa/build/ios/Pods/StripeUICore/StripeUICore/StripeUICore/Resources/Localizations/fil.lproj
build	Build iOS Locally on Free Cloud Mac	2026-08-22T22:41:32.6159680Z [RUN_FASTLANE] › Copying   ios/build/Build/Intermediates.noindex/ArchiveIntermediates/Hence/IntermediateBuildFilesPath/UninstalledProducts/iphoneos/StripeUICoreBundle.bundle/fi.lproj ➜ ../../../../../var/folders/g3/pffjr_y96bq06blnkf72x_hw0000gn/T/eas-build-local-nodejs/e3c2f18c-efa8-490a-a480-4ca7aa049eaa/build/ios/Pods/StripeUICore/StripeUICore/StripeUICore/Resources/Localizations/fi.lproj
build	Build iOS Locally on Free Cloud Mac	2026-08-22T22:41:32.6266940Z [RUN_FASTLANE] › Copying   ios/build/Build/Intermediates.noindex/ArchiveIntermediates/Hence/IntermediateBuildFilesPath/UninstalledProducts/iphoneos/StripeUICoreBundle.bundle/et-EE.lproj ➜ ../../../../../var/folders/g3/pffjr_y96bq06blnkf72x_hw0000gn/T/eas-build-local-nodejs/e3c2f18c-efa8-490a-a480-4ca7aa049eaa/build/ios/Pods/StripeUICore/StripeUICore/StripeUICore/Resources/Localizations/et-EE.lproj
build	Build iOS Locally on Free Cloud Mac	2026-08-22T22:41:32.6381890Z [RUN_FASTLANE] › Copying   ios/build/Build/Intermediates.noindex/ArchiveIntermediates/Hence/IntermediateBuildFilesPath/UninstalledProducts/iphoneos/StripeUICoreBundle.bundle/es.lproj ➜ ../../../../../var/folders/g3/pffjr_y96bq06blnkf72x_hw0000gn/T/eas-build-local-nodejs/e3c2f18c-efa8-490a-a480-4ca7aa049eaa/build/ios/Pods/StripeUICore/StripeUICore/StripeUICore/Resources/Localizations/es.lproj
build	Build iOS Locally on Free Cloud Mac	2026-08-22T22:41:32.6536830Z [RUN_FASTLANE] › Copying   ios/build/Build/Intermediates.noindex/ArchiveIntermediates/Hence/IntermediateBuildFilesPath/UninstalledProducts/iphoneos/StripeUICoreBundle.bundle/es-419.lproj ➜ ../../../../../var/folders/g3/pffjr_y96bq06blnkf72x_hw0000gn/T/eas-build-local-nodejs/e3c2f18c-efa8-490a-a480-4ca7aa049eaa/build/ios/Pods/StripeUICore/StripeUICore/StripeUICore/Resources/Localizations/es-419.lproj
build	Build iOS Locally on Free Cloud Mac	2026-08-22T22:41:32.6675310Z [RUN_FASTLANE] › Copying   ios/build/Build/Intermediates.noindex/ArchiveIntermediates/Hence/IntermediateBuildFilesPath/UninstalledProducts/iphoneos/StripeUICoreBundle.bundle/en.lproj ➜ ../../../../../var/folders/g3/pffjr_y96bq06blnkf72x_hw0000gn/T/eas-build-local-nodejs/e3c2f18c-efa8-490a-a480-4ca7aa049eaa/build/ios/Pods/StripeUICore/StripeUICore/StripeUICore/Resources/Localizations/en.lproj
build	Build iOS Locally on Free Cloud Mac	2026-08-22T22:41:32.6815670Z [RUN_FASTLANE] › Copying   ios/build/Build/Intermediates.noindex/ArchiveIntermediates/Hence/IntermediateBuildFilesPath/UninstalledProducts/iphoneos/StripeUICoreBundle.bundle/en-GB.lproj ➜ ../../../../../var/folders/g3/pffjr_y96bq06blnkf72x_hw0000gn/T/eas-build-local-nodejs/e3c2f18c-efa8-490a-a480-4ca7aa049eaa/build/ios/Pods/StripeUICore/StripeUICore/StripeUICore/Resources/Localizations/en-GB.lproj
build	Build iOS Locally on Free Cloud Mac	2026-08-22T22:41:32.6862220Z [RUN_FASTLANE] › Copying   ios/build/Build/Intermediates.noindex/ArchiveIntermediates/Hence/IntermediateBuildFilesPath/UninstalledProducts/iphoneos/StripeUICoreBundle.bundle/el-GR.lproj ➜ ../../../../../var/folders/g3/pffjr_y96bq06blnkf72x_hw0000gn/T/eas-build-local-nodejs/e3c2f18c-efa8-490a-a480-4ca7aa049eaa/build/ios/Pods/StripeUICore/StripeUICore/StripeUICore/Resources/Localizations/el-GR.lproj
build	Build iOS Locally on Free Cloud Mac	2026-08-22T22:41:32.7007920Z [RUN_FASTLANE] › Copying   ios/build/Build/Intermediates.noindex/ArchiveIntermediates/Hence/IntermediateBuildFilesPath/UninstalledProducts/iphoneos/StripeUICoreBundle.bundle/de.lproj ➜ ../../../../../var/folders/g3/pffjr_y96bq06blnkf72x_hw0000gn/T/eas-build-local-nodejs/e3c2f18c-efa8-490a-a480-4ca7aa049eaa/build/ios/Pods/StripeUICore/StripeUICore/StripeUICore/Resources/Localizations/de.lproj
build	Build iOS Locally on Free Cloud Mac	2026-08-22T22:41:32.7114870Z [RUN_FASTLANE] › Copying   ios/build/Build/Intermediates.noindex/ArchiveIntermediates/Hence/IntermediateBuildFilesPath/UninstalledProducts/iphoneos/StripeUICoreBundle.bundle/da.lproj ➜ ../../../../../var/folders/g3/pffjr_y96bq06blnkf72x_hw0000gn/T/eas-build-local-nodejs/e3c2f18c-efa8-490a-a480-4ca7aa049eaa/build/ios/Pods/StripeUICore/StripeUICore/StripeUICore/Resources/Localizations/da.lproj
build	Build iOS Locally on Free Cloud Mac	2026-08-22T22:41:32.7238880Z [RUN_FASTLANE] › Copying   ios/build/Build/Intermediates.noindex/ArchiveIntermediates/Hence/IntermediateBuildFilesPath/UninstalledProducts/iphoneos/StripeUICoreBundle.bundle/cs-CZ.lproj ➜ ../../../../../var/folders/g3/pffjr_y96bq06blnkf72x_hw0000gn/T/eas-build-local-nodejs/e3c2f18c-efa8-490a-a480-4ca7aa049eaa/build/ios/Pods/StripeUICore/StripeUICore/StripeUICore/Resources/Localizations/cs-CZ.lproj
build	Build iOS Locally on Free Cloud Mac	2026-08-22T22:41:32.7350900Z [RUN_FASTLANE] › Copying   ios/build/Build/Intermediates.noindex/ArchiveIntermediates/Hence/IntermediateBuildFilesPath/UninstalledProducts/iphoneos/StripeUICoreBundle.bundle/ca-ES.lproj ➜ ../../../../../var/folders/g3/pffjr_y96bq06blnkf72x_hw0000gn/T/eas-build-local-nodejs/e3c2f18c-efa8-490a-a480-4ca7aa049eaa/build/ios/Pods/StripeUICore/StripeUICore/StripeUICore/Resources/Localizations/ca-ES.lproj
build	Build iOS Locally on Free Cloud Mac	2026-08-22T22:41:32.7458250Z [RUN_FASTLANE] › Copying   ios/build/Build/Intermediates.noindex/ArchiveIntermediates/Hence/IntermediateBuildFilesPath/UninstalledProducts/iphoneos/StripeUICoreBundle.bundle/bg-BG.lproj ➜ ../../../../../var/folders/g3/pffjr_y96bq06blnkf72x_hw0000gn/T/eas-build-local-nodejs/e3c2f18c-efa8-490a-a480-4ca7aa049eaa/build/ios/Pods/StripeUICore/StripeUICore/StripeUICore/Resources/Localizations/bg-BG.lproj
build	Build iOS Locally on Free Cloud Mac	2026-08-22T22:41:32.7587010Z [RUN_FASTLANE] › Copying   ios/build/Build/Intermediates.noindex/ArchiveIntermediates/Hence/IntermediateBuildFilesPath/UninstalledProducts/iphoneos/StripeUICoreBundle.bundle/au_becs_bsb.json ➜ ../../../../../var/folders/g3/pffjr_y96bq06blnkf72x_hw0000gn/T/eas-build-local-nodejs/e3c2f18c-efa8-490a-a480-4ca7aa049eaa/build/ios/Pods/StripeUICore/StripeUICore/StripeUICore/Resources/JSON/au_becs_bsb.json
build	Build iOS Locally on Free Cloud Mac	2026-08-22T22:41:32.7706720Z [RUN_FASTLANE] › Creating  Pods/expo-dev-launcher-EXDevLauncher » EXDevLauncher.bundle
build	Build iOS Locally on Free Cloud Mac	2026-08-22T22:41:32.7812480Z [RUN_FASTLANE] › Executing react-native Pods/React-Core-prebuilt » [CP-User] [RNCore] Replace React Native Core for the right configuration, if needed
build	Build iOS Locally on Free Cloud Mac	2026-08-22T22:41:33.6980880Z [RUN_FASTLANE] › Preparing Pods/StripeUICore-StripeUICoreBundle » ResourceBundle-StripeUICoreBundle-StripeUICore-Info.plist
build	Build iOS Locally on Free Cloud Mac	2026-08-22T22:41:33.7235560Z [RUN_FASTLANE] › Copying   ios/build/Build/Intermediates.noindex/ArchiveIntermediates/Hence/IntermediateBuildFilesPath/UninstalledProducts/iphoneos/StripePaymentsUIBundle.bundle/zh-Hant.lproj ➜ ../../../../../var/folders/g3/pffjr_y96bq06blnkf72x_hw0000gn/T/eas-build-local-nodejs/e3c2f18c-efa8-490a-a480-4ca7aa049eaa/build/ios/Pods/StripePaymentsUI/StripePaymentsUI/StripePaymentsUI/Resources/Localizations/zh-Hant.lproj
build	Build iOS Locally on Free Cloud Mac	2026-08-22T22:41:33.7341510Z [RUN_FASTLANE] › Copying   ios/build/Build/Intermediates.noindex/ArchiveIntermediates/Hence/IntermediateBuildFilesPath/UninstalledProducts/iphoneos/StripePaymentsUIBundle.bundle/zh-Hans.lproj ➜ ../../../../../var/folders/g3/pffjr_y96bq06blnkf72x_hw0000gn/T/eas-build-local-nodejs/e3c2f18c-efa8-490a-a480-4ca7aa049eaa/build/ios/Pods/StripePaymentsUI/StripePaymentsUI/StripePaymentsUI/Resources/Localizations/zh-Hans.lproj
build	Build iOS Locally on Free Cloud Mac	2026-08-22T22:41:33.7449600Z [RUN_FASTLANE] › Copying   ios/build/Build/Intermediates.noindex/ArchiveIntermediates/Hence/IntermediateBuildFilesPath/UninstalledProducts/iphoneos/StripePaymentsUIBundle.bundle/zh-HK.lproj ➜ ../../../../../var/folders/g3/pffjr_y96bq06blnkf72x_hw0000gn/T/eas-build-local-nodejs/e3c2f18c-efa8-490a-a480-4ca7aa049eaa/build/ios/Pods/StripePaymentsUI/StripePaymentsUI/StripePaymentsUI/Resources/Localizations/zh-HK.lproj
build	Build iOS Locally on Free Cloud Mac	2026-08-22T22:41:33.7553570Z [RUN_FASTLANE] › Copying   ios/build/Build/Intermediates.noindex/ArchiveIntermediates/Hence/IntermediateBuildFilesPath/UninstalledProducts/iphoneos/StripePaymentsUIBundle.bundle/vi.lproj ➜ ../../../../../var/folders/g3/pffjr_y96bq06blnkf72x_hw0000gn/T/eas-build-local-nodejs/e3c2f18c-efa8-490a-a480-4ca7aa049eaa/build/ios/Pods/StripePaymentsUI/StripePaymentsUI/StripePaymentsUI/Resources/Localizations/vi.lproj
build	Build iOS Locally on Free Cloud Mac	2026-08-22T22:41:33.7653970Z [RUN_FASTLANE] › Copying   ios/build/Build/Intermediates.noindex/ArchiveIntermediates/Hence/IntermediateBuildFilesPath/UninstalledProducts/iphoneos/StripePaymentsUIBundle.bundle/tr.lproj ➜ ../../../../../var/folders/g3/pffjr_y96bq06blnkf72x_hw0000gn/T/eas-build-local-nodejs/e3c2f18c-efa8-490a-a480-4ca7aa049eaa/build/ios/Pods/StripePaymentsUI/StripePaymentsUI/StripePaymentsUI/Resources/Localizations/tr.lproj
build	Build iOS Locally on Free Cloud Mac	2026-08-22T22:41:33.7754580Z [RUN_FASTLANE] › Copying   ios/build/Build/Intermediates.noindex/ArchiveIntermediates/Hence/IntermediateBuildFilesPath/UninstalledProducts/iphoneos/StripePaymentsUIBundle.bundle/tk.lproj ➜ ../../../../../var/folders/g3/pffjr_y96bq06blnkf72x_hw0000gn/T/eas-build-local-nodejs/e3c2f18c-efa8-490a-a480-4ca7aa049eaa/build/ios/Pods/StripePaymentsUI/StripePaymentsUI/StripePaymentsUI/Resources/Localizations/tk.lproj
build	Build iOS Locally on Free Cloud Mac	2026-08-22T22:41:33.7859330Z [RUN_FASTLANE] › Copying   ios/build/Build/Intermediates.noindex/ArchiveIntermediates/Hence/IntermediateBuildFilesPath/UninstalledProducts/iphoneos/StripePaymentsUIBundle.bundle/th.lproj ➜ ../../../../../var/folders/g3/pffjr_y96bq06blnkf72x_hw0000gn/T/eas-build-local-nodejs/e3c2f18c-efa8-490a-a480-4ca7aa049eaa/build/ios/Pods/StripePaymentsUI/StripePaymentsUI/StripePaymentsUI/Resources/Localizations/th.lproj
build	Build iOS Locally on Free Cloud Mac	2026-08-22T22:41:33.7959360Z [RUN_FASTLANE] › Copying   ios/build/Build/Intermediates.noindex/ArchiveIntermediates/Hence/IntermediateBuildFilesPath/UninstalledProducts/iphoneos/StripePaymentsUIBundle.bundle/sv.lproj ➜ ../../../../../var/folders/g3/pffjr_y96bq06blnkf72x_hw0000gn/T/eas-build-local-nodejs/e3c2f18c-efa8-490a-a480-4ca7aa049eaa/build/ios/Pods/StripePaymentsUI/StripePaymentsUI/StripePaymentsUI/Resources/Localizations/sv.lproj
build	Build iOS Locally on Free Cloud Mac	2026-08-22T22:41:33.8067890Z [RUN_FASTLANE] › Copying   ios/build/Build/Intermediates.noindex/ArchiveIntermediates/Hence/IntermediateBuildFilesPath/UninstalledProducts/iphoneos/StripePaymentsUIBundle.bundle/sl-SI.lproj ➜ ../../../../../var/folders/g3/pffjr_y96bq06blnkf72x_hw0000gn/T/eas-build-local-nodejs/e3c2f18c-efa8-490a-a480-4ca7aa049eaa/build/ios/Pods/StripePaymentsUI/StripePaymentsUI/StripePaymentsUI/Resources/Localizations/sl-SI.lproj
build	Build iOS Locally on Free Cloud Mac	2026-08-22T22:41:33.8179810Z [RUN_FASTLANE] › Copying   ios/build/Build/Intermediates.noindex/ArchiveIntermediates/Hence/IntermediateBuildFilesPath/UninstalledProducts/iphoneos/StripePaymentsUIBundle.bundle/sk-SK.lproj ➜ ../../../../../var/folders/g3/pffjr_y96bq06blnkf72x_hw0000gn/T/eas-build-local-nodejs/e3c2f18c-efa8-490a-a480-4ca7aa049eaa/build/ios/Pods/StripePaymentsUI/StripePaymentsUI/StripePaymentsUI/Resources/Localizations/sk-SK.lproj
build	Build iOS Locally on Free Cloud Mac	2026-08-22T22:41:33.8282850Z [RUN_FASTLANE] › Copying   ios/build/Build/Intermediates.noindex/ArchiveIntermediates/Hence/IntermediateBuildFilesPath/UninstalledProducts/iphoneos/StripePaymentsUIBundle.bundle/ru.lproj ➜ ../../../../../var/folders/g3/pffjr_y96bq06blnkf72x_hw0000gn/T/eas-build-local-nodejs/e3c2f18c-efa8-490a-a480-4ca7aa049eaa/build/ios/Pods/StripePaymentsUI/StripePaymentsUI/StripePaymentsUI/Resources/Localizations/ru.lproj
build	Build iOS Locally on Free Cloud Mac	2026-08-22T22:41:33.8385270Z [RUN_FASTLANE] › Copying   ios/build/Build/Intermediates.noindex/ArchiveIntermediates/Hence/IntermediateBuildFilesPath/UninstalledProducts/iphoneos/StripePaymentsUIBundle.bundle/ro-RO.lproj ➜ ../../../../../var/folders/g3/pffjr_y96bq06blnkf72x_hw0000gn/T/eas-build-local-nodejs/e3c2f18c-efa8-490a-a480-4ca7aa049eaa/build/ios/Pods/StripePaymentsUI/StripePaymentsUI/StripePaymentsUI/Resources/Localizations/ro-RO.lproj
build	Build iOS Locally on Free Cloud Mac	2026-08-22T22:41:33.8489780Z [RUN_FASTLANE] › Copying   ios/build/Build/Intermediates.noindex/ArchiveIntermediates/Hence/IntermediateBuildFilesPath/UninstalledProducts/iphoneos/StripePaymentsUIBundle.bundle/pt-PT.lproj ➜ ../../../../../var/folders/g3/pffjr_y96bq06blnkf72x_hw0000gn/T/eas-build-local-nodejs/e3c2f18c-efa8-490a-a480-4ca7aa049eaa/build/ios/Pods/StripePaymentsUI/StripePaymentsUI/StripePaymentsUI/Resources/Localizations/pt-PT.lproj
build	Build iOS Locally on Free Cloud Mac	2026-08-22T22:41:33.8592630Z [RUN_FASTLANE] › Copying   ios/build/Build/Intermediates.noindex/ArchiveIntermediates/Hence/IntermediateBuildFilesPath/UninstalledProducts/iphoneos/StripePaymentsUIBundle.bundle/pt-BR.lproj ➜ ../../../../../var/folders/g3/pffjr_y96bq06blnkf72x_hw0000gn/T/eas-build-local-nodejs/e3c2f18c-efa8-490a-a480-4ca7aa049eaa/build/ios/Pods/StripePaymentsUI/StripePaymentsUI/StripePaymentsUI/Resources/Localizations/pt-BR.lproj
build	Build iOS Locally on Free Cloud Mac	2026-08-22T22:41:33.8696840Z [RUN_FASTLANE] › Copying   ios/build/Build/Intermediates.noindex/ArchiveIntermediates/Hence/IntermediateBuildFilesPath/UninstalledProducts/iphoneos/StripePaymentsUIBundle.bundle/pl-PL.lproj ➜ ../../../../../var/folders/g3/pffjr_y96bq06blnkf72x_hw0000gn/T/eas-build-local-nodejs/e3c2f18c-efa8-490a-a480-4ca7aa049eaa/build/ios/Pods/StripePaymentsUI/StripePaymentsUI/StripePaymentsUI/Resources/Localizations/pl-PL.lproj
build	Build iOS Locally on Free Cloud Mac	2026-08-22T22:41:33.8797280Z [RUN_FASTLANE] › Copying   ios/build/Build/Intermediates.noindex/ArchiveIntermediates/Hence/IntermediateBuildFilesPath/UninstalledProducts/iphoneos/StripePaymentsUIBundle.bundle/nl.lproj ➜ ../../../../../var/folders/g3/pffjr_y96bq06blnkf72x_hw0000gn/T/eas-build-local-nodejs/e3c2f18c-efa8-490a-a480-4ca7aa049eaa/build/ios/Pods/StripePaymentsUI/StripePaymentsUI/StripePaymentsUI/Resources/Localizations/nl.lproj
build	Build iOS Locally on Free Cloud Mac	2026-08-22T22:41:33.8901660Z [RUN_FASTLANE] › Copying   ios/build/Build/Intermediates.noindex/ArchiveIntermediates/Hence/IntermediateBuildFilesPath/UninstalledProducts/iphoneos/StripePaymentsUIBundle.bundle/nb.lproj ➜ ../../../../../var/folders/g3/pffjr_y96bq06blnkf72x_hw0000gn/T/eas-build-local-nodejs/e3c2f18c-efa8-490a-a480-4ca7aa049eaa/build/ios/Pods/StripePaymentsUI/StripePaymentsUI/StripePaymentsUI/Resources/Localizations/nb.lproj
build	Build iOS Locally on Free Cloud Mac	2026-08-22T22:41:33.9001930Z [RUN_FASTLANE] › Copying   ios/build/Build/Intermediates.noindex/ArchiveIntermediates/Hence/IntermediateBuildFilesPath/UninstalledProducts/iphoneos/StripePaymentsUIBundle.bundle/mt.lproj ➜ ../../../../../var/folders/g3/pffjr_y96bq06blnkf72x_hw0000gn/T/eas-build-local-nodejs/e3c2f18c-efa8-490a-a480-4ca7aa049eaa/build/ios/Pods/StripePaymentsUI/StripePaymentsUI/StripePaymentsUI/Resources/Localizations/mt.lproj
build	Build iOS Locally on Free Cloud Mac	2026-08-22T22:41:33.9104490Z [RUN_FASTLANE] › Copying   ios/build/Build/Intermediates.noindex/ArchiveIntermediates/Hence/IntermediateBuildFilesPath/UninstalledProducts/iphoneos/StripePaymentsUIBundle.bundle/ms-MY.lproj ➜ ../../../../../var/folders/g3/pffjr_y96bq06blnkf72x_hw0000gn/T/eas-build-local-nodejs/e3c2f18c-efa8-490a-a480-4ca7aa049eaa/build/ios/Pods/StripePaymentsUI/StripePaymentsUI/StripePaymentsUI/Resources/Localizations/ms-MY.lproj
build	Build iOS Locally on Free Cloud Mac	2026-08-22T22:41:33.9204240Z [RUN_FASTLANE] › Copying   ios/build/Build/Intermediates.noindex/ArchiveIntermediates/Hence/IntermediateBuildFilesPath/UninstalledProducts/iphoneos/StripePaymentsUIBundle.bundle/lv-LV.lproj ➜ ../../../../../var/folders/g3/pffjr_y96bq06blnkf72x_hw0000gn/T/eas-build-local-nodejs/e3c2f18c-efa8-490a-a480-4ca7aa049eaa/build/ios/Pods/StripePaymentsUI/StripePaymentsUI/StripePaymentsUI/Resources/Localizations/lv-LV.lproj
build	Build iOS Locally on Free Cloud Mac	2026-08-22T22:41:33.9304540Z [RUN_FASTLANE] › Copying   ios/build/Build/Intermediates.noindex/ArchiveIntermediates/Hence/IntermediateBuildFilesPath/UninstalledProducts/iphoneos/StripePaymentsUIBundle.bundle/lt-LT.lproj ➜ ../../../../../var/folders/g3/pffjr_y96bq06blnkf72x_hw0000gn/T/eas-build-local-nodejs/e3c2f18c-efa8-490a-a480-4ca7aa049eaa/build/ios/Pods/StripePaymentsUI/StripePaymentsUI/StripePaymentsUI/Resources/Localizations/lt-LT.lproj
build	Build iOS Locally on Free Cloud Mac	2026-08-22T22:41:33.9407860Z [RUN_FASTLANE] › Copying   ios/build/Build/Intermediates.noindex/ArchiveIntermediates/Hence/IntermediateBuildFilesPath/UninstalledProducts/iphoneos/StripePaymentsUIBundle.bundle/ko.lproj ➜ ../../../../../var/folders/g3/pffjr_y96bq06blnkf72x_hw0000gn/T/eas-build-local-nodejs/e3c2f18c-efa8-490a-a480-4ca7aa049eaa/build/ios/Pods/StripePaymentsUI/StripePaymentsUI/StripePaymentsUI/Resources/Localizations/ko.lproj
build	Build iOS Locally on Free Cloud Mac	2026-08-22T22:41:33.9512390Z [RUN_FASTLANE] › Copying   ios/build/Build/Intermediates.noindex/ArchiveIntermediates/Hence/IntermediateBuildFilesPath/UninstalledProducts/iphoneos/StripePaymentsUIBundle.bundle/ja.lproj ➜ ../../../../../var/folders/g3/pffjr_y96bq06blnkf72x_hw0000gn/T/eas-build-local-nodejs/e3c2f18c-efa8-490a-a480-4ca7aa049eaa/build/ios/Pods/StripePaymentsUI/StripePaymentsUI/StripePaymentsUI/Resources/Localizations/ja.lproj
build	Build iOS Locally on Free Cloud Mac	2026-08-22T22:41:33.9612640Z [RUN_FASTLANE] › Copying   ios/build/Build/Intermediates.noindex/ArchiveIntermediates/Hence/IntermediateBuildFilesPath/UninstalledProducts/iphoneos/StripePaymentsUIBundle.bundle/it.lproj ➜ ../../../../../var/folders/g3/pffjr_y96bq06blnkf72x_hw0000gn/T/eas-build-local-nodejs/e3c2f18c-efa8-490a-a480-4ca7aa049eaa/build/ios/Pods/StripePaymentsUI/StripePaymentsUI/StripePaymentsUI/Resources/Localizations/it.lproj
build	Build iOS Locally on Free Cloud Mac	2026-08-22T22:41:33.9716650Z [RUN_FASTLANE] › Copying   ios/build/Build/Intermediates.noindex/ArchiveIntermediates/Hence/IntermediateBuildFilesPath/UninstalledProducts/iphoneos/StripePaymentsUIBundle.bundle/id.lproj ➜ ../../../../../var/folders/g3/pffjr_y96bq06blnkf72x_hw0000gn/T/eas-build-local-nodejs/e3c2f18c-efa8-490a-a480-4ca7aa049eaa/build/ios/Pods/StripePaymentsUI/StripePaymentsUI/StripePaymentsUI/Resources/Localizations/id.lproj
build	Build iOS Locally on Free Cloud Mac	2026-08-22T22:41:33.9818340Z [RUN_FASTLANE] › Copying   ios/build/Build/Intermediates.noindex/ArchiveIntermediates/Hence/IntermediateBuildFilesPath/UninstalledProducts/iphoneos/StripePaymentsUIBundle.bundle/hu.lproj ➜ ../../../../../var/folders/g3/pffjr_y96bq06blnkf72x_hw0000gn/T/eas-build-local-nodejs/e3c2f18c-efa8-490a-a480-4ca7aa049eaa/build/ios/Pods/StripePaymentsUI/StripePaymentsUI/StripePaymentsUI/Resources/Localizations/hu.lproj
build	Build iOS Locally on Free Cloud Mac	2026-08-22T22:41:33.9918490Z [RUN_FASTLANE] › Copying   ios/build/Build/Intermediates.noindex/ArchiveIntermediates/Hence/IntermediateBuildFilesPath/UninstalledProducts/iphoneos/StripePaymentsUIBundle.bundle/hr.lproj ➜ ../../../../../var/folders/g3/pffjr_y96bq06blnkf72x_hw0000gn/T/eas-build-local-nodejs/e3c2f18c-efa8-490a-a480-4ca7aa049eaa/build/ios/Pods/StripePaymentsUI/StripePaymentsUI/StripePaymentsUI/Resources/Localizations/hr.lproj
build	Build iOS Locally on Free Cloud Mac	2026-08-22T22:41:34.0019580Z [RUN_FASTLANE] › Copying   ios/build/Build/Intermediates.noindex/ArchiveIntermediates/Hence/IntermediateBuildFilesPath/UninstalledProducts/iphoneos/StripePaymentsUIBundle.bundle/fr.lproj ➜ ../../../../../var/folders/g3/pffjr_y96bq06blnkf72x_hw0000gn/T/eas-build-local-nodejs/e3c2f18c-efa8-490a-a480-4ca7aa049eaa/build/ios/Pods/StripePaymentsUI/StripePaymentsUI/StripePaymentsUI/Resources/Localizations/fr.lproj
build	Build iOS Locally on Free Cloud Mac	2026-08-22T22:41:34.0119930Z [RUN_FASTLANE] › Copying   ios/build/Build/Intermediates.noindex/ArchiveIntermediates/Hence/IntermediateBuildFilesPath/UninstalledProducts/iphoneos/StripePaymentsUIBundle.bundle/fr-CA.lproj ➜ ../../../../../var/folders/g3/pffjr_y96bq06blnkf72x_hw0000gn/T/eas-build-local-nodejs/e3c2f18c-efa8-490a-a480-4ca7aa049eaa/build/ios/Pods/StripePaymentsUI/StripePaymentsUI/StripePaymentsUI/Resources/Localizations/fr-CA.lproj
build	Build iOS Locally on Free Cloud Mac	2026-08-22T22:41:34.0222530Z [RUN_FASTLANE] › Copying   ios/build/Build/Intermediates.noindex/ArchiveIntermediates/Hence/IntermediateBuildFilesPath/UninstalledProducts/iphoneos/StripePaymentsUIBundle.bundle/fil.lproj ➜ ../../../../../var/folders/g3/pffjr_y96bq06blnkf72x_hw0000gn/T/eas-build-local-nodejs/e3c2f18c-efa8-490a-a480-4ca7aa049eaa/build/ios/Pods/StripePaymentsUI/StripePaymentsUI/StripePaymentsUI/Resources/Localizations/fil.lproj
build	Build iOS Locally on Free Cloud Mac	2026-08-22T22:41:34.0325770Z [RUN_FASTLANE] › Copying   ios/build/Build/Intermediates.noindex/ArchiveIntermediates/Hence/IntermediateBuildFilesPath/UninstalledProducts/iphoneos/StripePaymentsUIBundle.bundle/fi.lproj ➜ ../../../../../var/folders/g3/pffjr_y96bq06blnkf72x_hw0000gn/T/eas-build-local-nodejs/e3c2f18c-efa8-490a-a480-4ca7aa049eaa/build/ios/Pods/StripePaymentsUI/StripePaymentsUI/StripePaymentsUI/Resources/Localizations/fi.lproj
build	Build iOS Locally on Free Cloud Mac	2026-08-22T22:41:34.0424970Z [RUN_FASTLANE] › Copying   ios/build/Build/Intermediates.noindex/ArchiveIntermediates/Hence/IntermediateBuildFilesPath/UninstalledProducts/iphoneos/StripePaymentsUIBundle.bundle/et-EE.lproj ➜ ../../../../../var/folders/g3/pffjr_y96bq06blnkf72x_hw0000gn/T/eas-build-local-nodejs/e3c2f18c-efa8-490a-a480-4ca7aa049eaa/build/ios/Pods/StripePaymentsUI/StripePaymentsUI/StripePaymentsUI/Resources/Localizations/et-EE.lproj
build	Build iOS Locally on Free Cloud Mac	2026-08-22T22:41:34.0528570Z [RUN_FASTLANE] › Copying   ios/build/Build/Intermediates.noindex/ArchiveIntermediates/Hence/IntermediateBuildFilesPath/UninstalledProducts/iphoneos/StripePaymentsUIBundle.bundle/es.lproj ➜ ../../../../../var/folders/g3/pffjr_y96bq06blnkf72x_hw0000gn/T/eas-build-local-nodejs/e3c2f18c-efa8-490a-a480-4ca7aa049eaa/build/ios/Pods/StripePaymentsUI/StripePaymentsUI/StripePaymentsUI/Resources/Localizations/es.lproj
build	Build iOS Locally on Free Cloud Mac	2026-08-22T22:41:34.0628720Z [RUN_FASTLANE] › Copying   ios/build/Build/Intermediates.noindex/ArchiveIntermediates/Hence/IntermediateBuildFilesPath/UninstalledProducts/iphoneos/StripePaymentsUIBundle.bundle/es-419.lproj ➜ ../../../../../var/folders/g3/pffjr_y96bq06blnkf72x_hw0000gn/T/eas-build-local-nodejs/e3c2f18c-efa8-490a-a480-4ca7aa049eaa/build/ios/Pods/StripePaymentsUI/StripePaymentsUI/StripePaymentsUI/Resources/Localizations/es-419.lproj
build	Build iOS Locally on Free Cloud Mac	2026-08-22T22:41:34.0729910Z [RUN_FASTLANE] › Copying   ios/build/Build/Intermediates.noindex/ArchiveIntermediates/Hence/IntermediateBuildFilesPath/UninstalledProducts/iphoneos/StripePaymentsUIBundle.bundle/en.lproj ➜ ../../../../../var/folders/g3/pffjr_y96bq06blnkf72x_hw0000gn/T/eas-build-local-nodejs/e3c2f18c-efa8-490a-a480-4ca7aa049eaa/build/ios/Pods/StripePaymentsUI/StripePaymentsUI/StripePaymentsUI/Resources/Localizations/en.lproj
build	Build iOS Locally on Free Cloud Mac	2026-08-22T22:41:34.0830200Z [RUN_FASTLANE] › Copying   ios/build/Build/Intermediates.noindex/ArchiveIntermediates/Hence/IntermediateBuildFilesPath/UninstalledProducts/iphoneos/StripePaymentsUIBundle.bundle/en-GB.lproj ➜ ../../../../../var/folders/g3/pffjr_y96bq06blnkf72x_hw0000gn/T/eas-build-local-nodejs/e3c2f18c-efa8-490a-a480-4ca7aa049eaa/build/ios/Pods/StripePaymentsUI/StripePaymentsUI/StripePaymentsUI/Resources/Localizations/en-GB.lproj
build	Build iOS Locally on Free Cloud Mac	2026-08-22T22:41:34.0930300Z [RUN_FASTLANE] › Copying   ios/build/Build/Intermediates.noindex/ArchiveIntermediates/Hence/IntermediateBuildFilesPath/UninstalledProducts/iphoneos/StripePaymentsUIBundle.bundle/el-GR.lproj ➜ ../../../../../var/folders/g3/pffjr_y96bq06blnkf72x_hw0000gn/T/eas-build-local-nodejs/e3c2f18c-efa8-490a-a480-4ca7aa049eaa/build/ios/Pods/StripePaymentsUI/StripePaymentsUI/StripePaymentsUI/Resources/Localizations/el-GR.lproj
build	Build iOS Locally on Free Cloud Mac	2026-08-22T22:41:34.1034990Z [RUN_FASTLANE] › Copying   ios/build/Build/Intermediates.noindex/ArchiveIntermediates/Hence/IntermediateBuildFilesPath/UninstalledProducts/iphoneos/StripePaymentsUIBundle.bundle/de.lproj ➜ ../../../../../var/folders/g3/pffjr_y96bq06blnkf72x_hw0000gn/T/eas-build-local-nodejs/e3c2f18c-efa8-490a-a480-4ca7aa049eaa/build/ios/Pods/StripePaymentsUI/StripePaymentsUI/StripePaymentsUI/Resources/Localizations/de.lproj
build	Build iOS Locally on Free Cloud Mac	2026-08-22T22:41:34.1140450Z [RUN_FASTLANE] › Copying   ios/build/Build/Intermediates.noindex/ArchiveIntermediates/Hence/IntermediateBuildFilesPath/UninstalledProducts/iphoneos/StripePaymentsUIBundle.bundle/da.lproj ➜ ../../../../../var/folders/g3/pffjr_y96bq06blnkf72x_hw0000gn/T/eas-build-local-nodejs/e3c2f18c-efa8-490a-a480-4ca7aa049eaa/build/ios/Pods/StripePaymentsUI/StripePaymentsUI/StripePaymentsUI/Resources/Localizations/da.lproj
build	Build iOS Locally on Free Cloud Mac	2026-08-22T22:41:34.1244350Z [RUN_FASTLANE] › Copying   ios/build/Build/Intermediates.noindex/ArchiveIntermediates/Hence/IntermediateBuildFilesPath/UninstalledProducts/iphoneos/StripePaymentsUIBundle.bundle/cs-CZ.lproj ➜ ../../../../../var/folders/g3/pffjr_y96bq06blnkf72x_hw0000gn/T/eas-build-local-nodejs/e3c2f18c-efa8-490a-a480-4ca7aa049eaa/build/ios/Pods/StripePaymentsUI/StripePaymentsUI/StripePaymentsUI/Resources/Localizations/cs-CZ.lproj
build	Build iOS Locally on Free Cloud Mac	2026-08-22T22:41:34.1358270Z [RUN_FASTLANE] › Copying   ios/build/Build/Intermediates.noindex/ArchiveIntermediates/Hence/IntermediateBuildFilesPath/UninstalledProducts/iphoneos/StripePaymentsUIBundle.bundle/ca-ES.lproj ➜ ../../../../../var/folders/g3/pffjr_y96bq06blnkf72x_hw0000gn/T/eas-build-local-nodejs/e3c2f18c-efa8-490a-a480-4ca7aa049eaa/build/ios/Pods/StripePaymentsUI/StripePaymentsUI/StripePaymentsUI/Resources/Localizations/ca-ES.lproj
build	Build iOS Locally on Free Cloud Mac	2026-08-22T22:41:34.1466230Z [RUN_FASTLANE] › Copying   ios/build/Build/Intermediates.noindex/ArchiveIntermediates/Hence/IntermediateBuildFilesPath/UninstalledProducts/iphoneos/StripePaymentsUIBundle.bundle/bg-BG.lproj ➜ ../../../../../var/folders/g3/pffjr_y96bq06blnkf72x_hw0000gn/T/eas-build-local-nodejs/e3c2f18c-efa8-490a-a480-4ca7aa049eaa/build/ios/Pods/StripePaymentsUI/StripePaymentsUI/StripePaymentsUI/Resources/Localizations/bg-BG.lproj
build	Build iOS Locally on Free Cloud Mac	2026-08-22T22:41:34.1572450Z [RUN_FASTLANE] › Copying   ios/build/Build/Intermediates.noindex/ArchiveIntermediates/Hence/IntermediateBuildFilesPath/UninstalledProducts/iphoneos/StripePaymentsUIBundle.bundle/au_becs_bsb.json ➜ ../../../../../var/folders/g3/pffjr_y96bq06blnkf72x_hw0000gn/T/eas-build-local-nodejs/e3c2f18c-efa8-490a-a480-4ca7aa049eaa/build/ios/Pods/StripePaymentsUI/StripePaymentsUI/StripePaymentsUI/Resources/JSON/au_becs_bsb.json
build	Build iOS Locally on Free Cloud Mac	2026-08-22T22:41:34.1680350Z [RUN_FASTLANE] › Preparing Pods/StripePayments-StripePaymentsBundle » ResourceBundle-StripePaymentsBundle-StripePayments-Info.plist
build	Build iOS Locally on Free Cloud Mac	2026-08-22T22:41:34.1785230Z [RUN_FASTLANE] › Copying   ios/build/Build/Intermediates.noindex/ArchiveIntermediates/Hence/IntermediateBuildFilesPath/UninstalledProducts/iphoneos/StripePaymentsBundle.bundle/zh-Hant.lproj ➜ ../../../../../var/folders/g3/pffjr_y96bq06blnkf72x_hw0000gn/T/eas-build-local-nodejs/e3c2f18c-efa8-490a-a480-4ca7aa049eaa/build/ios/Pods/StripePayments/StripePayments/StripePayments/Resources/Localizations/zh-Hant.lproj
build	Build iOS Locally on Free Cloud Mac	2026-08-22T22:41:34.1906820Z [RUN_FASTLANE] › Copying   ios/build/Build/Intermediates.noindex/ArchiveIntermediates/Hence/IntermediateBuildFilesPath/UninstalledProducts/iphoneos/StripePaymentsBundle.bundle/zh-Hans.lproj ➜ ../../../../../var/folders/g3/pffjr_y96bq06blnkf72x_hw0000gn/T/eas-build-local-nodejs/e3c2f18c-efa8-490a-a480-4ca7aa049eaa/build/ios/Pods/StripePayments/StripePayments/StripePayments/Resources/Localizations/zh-Hans.lproj
build	Build iOS Locally on Free Cloud Mac	2026-08-22T22:41:34.2042680Z [RUN_FASTLANE] › Copying   ios/build/Build/Intermediates.noindex/ArchiveIntermediates/Hence/IntermediateBuildFilesPath/UninstalledProducts/iphoneos/StripePaymentsBundle.bundle/zh-HK.lproj ➜ ../../../../../var/folders/g3/pffjr_y96bq06blnkf72x_hw0000gn/T/eas-build-local-nodejs/e3c2f18c-efa8-490a-a480-4ca7aa049eaa/build/ios/Pods/StripePayments/StripePayments/StripePayments/Resources/Localizations/zh-HK.lproj
build	Build iOS Locally on Free Cloud Mac	2026-08-22T22:41:34.2166820Z [RUN_FASTLANE] › Copying   ios/build/Build/Intermediates.noindex/ArchiveIntermediates/Hence/IntermediateBuildFilesPath/UninstalledProducts/iphoneos/StripePaymentsBundle.bundle/vi.lproj ➜ ../../../../../var/folders/g3/pffjr_y96bq06blnkf72x_hw0000gn/T/eas-build-local-nodejs/e3c2f18c-efa8-490a-a480-4ca7aa049eaa/build/ios/Pods/StripePayments/StripePayments/StripePayments/Resources/Localizations/vi.lproj
build	Build iOS Locally on Free Cloud Mac	2026-08-22T22:41:34.2324250Z [RUN_FASTLANE] › Copying   ios/build/Build/Intermediates.noindex/ArchiveIntermediates/Hence/IntermediateBuildFilesPath/UninstalledProducts/iphoneos/StripePaymentsBundle.bundle/tr.lproj ➜ ../../../../../var/folders/g3/pffjr_y96bq06blnkf72x_hw0000gn/T/eas-build-local-nodejs/e3c2f18c-efa8-490a-a480-4ca7aa049eaa/build/ios/Pods/StripePayments/StripePayments/StripePayments/Resources/Localizations/tr.lproj
build	Build iOS Locally on Free Cloud Mac	2026-08-22T22:41:34.2479930Z [RUN_FASTLANE] › Copying   ios/build/Build/Intermediates.noindex/ArchiveIntermediates/Hence/IntermediateBuildFilesPath/UninstalledProducts/iphoneos/StripePaymentsBundle.bundle/tk.lproj ➜ ../../../../../var/folders/g3/pffjr_y96bq06blnkf72x_hw0000gn/T/eas-build-local-nodejs/e3c2f18c-efa8-490a-a480-4ca7aa049eaa/build/ios/Pods/StripePayments/StripePayments/StripePayments/Resources/Localizations/tk.lproj
build	Build iOS Locally on Free Cloud Mac	2026-08-22T22:41:34.2483450Z [RUN_FASTLANE] › Copying   ios/build/Build/Intermediates.noindex/ArchiveIntermediates/Hence/IntermediateBuildFilesPath/UninstalledProducts/iphoneos/StripePaymentsBundle.bundle/th.lproj ➜ ../../../../../var/folders/g3/pffjr_y96bq06blnkf72x_hw0000gn/T/eas-build-local-nodejs/e3c2f18c-efa8-490a-a480-4ca7aa049eaa/build/ios/Pods/StripePayments/StripePayments/StripePayments/Resources/Localizations/th.lproj
build	Build iOS Locally on Free Cloud Mac	2026-08-22T22:41:34.2591080Z [RUN_FASTLANE] › Copying   ios/build/Build/Intermediates.noindex/ArchiveIntermediates/Hence/IntermediateBuildFilesPath/UninstalledProducts/iphoneos/StripePaymentsBundle.bundle/sv.lproj ➜ ../../../../../var/folders/g3/pffjr_y96bq06blnkf72x_hw0000gn/T/eas-build-local-nodejs/e3c2f18c-efa8-490a-a480-4ca7aa049eaa/build/ios/Pods/StripePayments/StripePayments/StripePayments/Resources/Localizations/sv.lproj
build	Build iOS Locally on Free Cloud Mac	2026-08-22T22:41:34.2695100Z [RUN_FASTLANE] › Copying   ios/build/Build/Intermediates.noindex/ArchiveIntermediates/Hence/IntermediateBuildFilesPath/UninstalledProducts/iphoneos/StripePaymentsBundle.bundle/sl-SI.lproj ➜ ../../../../../var/folders/g3/pffjr_y96bq06blnkf72x_hw0000gn/T/eas-build-local-nodejs/e3c2f18c-efa8-490a-a480-4ca7aa049eaa/build/ios/Pods/StripePayments/StripePayments/StripePayments/Resources/Localizations/sl-SI.lproj
build	Build iOS Locally on Free Cloud Mac	2026-08-22T22:41:34.2799430Z [RUN_FASTLANE] › Copying   ios/build/Build/Intermediates.noindex/ArchiveIntermediates/Hence/IntermediateBuildFilesPath/UninstalledProducts/iphoneos/StripePaymentsBundle.bundle/sk-SK.lproj ➜ ../../../../../var/folders/g3/pffjr_y96bq06blnkf72x_hw0000gn/T/eas-build-local-nodejs/e3c2f18c-efa8-490a-a480-4ca7aa049eaa/build/ios/Pods/StripePayments/StripePayments/StripePayments/Resources/Localizations/sk-SK.lproj
build	Build iOS Locally on Free Cloud Mac	2026-08-22T22:41:34.2903710Z [RUN_FASTLANE] › Copying   ios/build/Build/Intermediates.noindex/ArchiveIntermediates/Hence/IntermediateBuildFilesPath/UninstalledProducts/iphoneos/StripePaymentsBundle.bundle/ru.lproj ➜ ../../../../../var/folders/g3/pffjr_y96bq06blnkf72x_hw0000gn/T/eas-build-local-nodejs/e3c2f18c-efa8-490a-a480-4ca7aa049eaa/build/ios/Pods/StripePayments/StripePayments/StripePayments/Resources/Localizations/ru.lproj
build	Build iOS Locally on Free Cloud Mac	2026-08-22T22:41:34.3019510Z [RUN_FASTLANE] › Copying   ios/build/Build/Intermediates.noindex/ArchiveIntermediates/Hence/IntermediateBuildFilesPath/UninstalledProducts/iphoneos/StripePaymentsBundle.bundle/ro-RO.lproj ➜ ../../../../../var/folders/g3/pffjr_y96bq06blnkf72x_hw0000gn/T/eas-build-local-nodejs/e3c2f18c-efa8-490a-a480-4ca7aa049eaa/build/ios/Pods/StripePayments/StripePayments/StripePayments/Resources/Localizations/ro-RO.lproj
build	Build iOS Locally on Free Cloud Mac	2026-08-22T22:41:34.3123680Z [RUN_FASTLANE] › Copying   ios/build/Build/Intermediates.noindex/ArchiveIntermediates/Hence/IntermediateBuildFilesPath/UninstalledProducts/iphoneos/StripePaymentsBundle.bundle/pt-PT.lproj ➜ ../../../../../var/folders/g3/pffjr_y96bq06blnkf72x_hw0000gn/T/eas-build-local-nodejs/e3c2f18c-efa8-490a-a480-4ca7aa049eaa/build/ios/Pods/StripePayments/StripePayments/StripePayments/Resources/Localizations/pt-PT.lproj
build	Build iOS Locally on Free Cloud Mac	2026-08-22T22:41:34.3228780Z [RUN_FASTLANE] › Copying   ios/build/Build/Intermediates.noindex/ArchiveIntermediates/Hence/IntermediateBuildFilesPath/UninstalledProducts/iphoneos/StripePaymentsBundle.bundle/pt-BR.lproj ➜ ../../../../../var/folders/g3/pffjr_y96bq06blnkf72x_hw0000gn/T/eas-build-local-nodejs/e3c2f18c-efa8-490a-a480-4ca7aa049eaa/build/ios/Pods/StripePayments/StripePayments/StripePayments/Resources/Localizations/pt-BR.lproj
build	Build iOS Locally on Free Cloud Mac	2026-08-22T22:41:34.3332840Z [RUN_FASTLANE] › Copying   ios/build/Build/Intermediates.noindex/ArchiveIntermediates/Hence/IntermediateBuildFilesPath/UninstalledProducts/iphoneos/StripePaymentsBundle.bundle/pl-PL.lproj ➜ ../../../../../var/folders/g3/pffjr_y96bq06blnkf72x_hw0000gn/T/eas-build-local-nodejs/e3c2f18c-efa8-490a-a480-4ca7aa049eaa/build/ios/Pods/StripePayments/StripePayments/StripePayments/Resources/Localizations/pl-PL.lproj
build	Build iOS Locally on Free Cloud Mac	2026-08-22T22:41:34.3437070Z [RUN_FASTLANE] › Copying   ios/build/Build/Intermediates.noindex/ArchiveIntermediates/Hence/IntermediateBuildFilesPath/UninstalledProducts/iphoneos/StripePaymentsBundle.bundle/nl.lproj ➜ ../../../../../var/folders/g3/pffjr_y96bq06blnkf72x_hw0000gn/T/eas-build-local-nodejs/e3c2f18c-efa8-490a-a480-4ca7aa049eaa/build/ios/Pods/StripePayments/StripePayments/StripePayments/Resources/Localizations/nl.lproj
build	Build iOS Locally on Free Cloud Mac	2026-08-22T22:41:34.3541130Z [RUN_FASTLANE] › Copying   ios/build/Build/Intermediates.noindex/ArchiveIntermediates/Hence/IntermediateBuildFilesPath/UninstalledProducts/iphoneos/StripePaymentsBundle.bundle/nb.lproj ➜ ../../../../../var/folders/g3/pffjr_y96bq06blnkf72x_hw0000gn/T/eas-build-local-nodejs/e3c2f18c-efa8-490a-a480-4ca7aa049eaa/build/ios/Pods/StripePayments/StripePayments/StripePayments/Resources/Localizations/nb.lproj
build	Build iOS Locally on Free Cloud Mac	2026-08-22T22:41:34.3645530Z [RUN_FASTLANE] › Copying   ios/build/Build/Intermediates.noindex/ArchiveIntermediates/Hence/IntermediateBuildFilesPath/UninstalledProducts/iphoneos/StripePaymentsBundle.bundle/mt.lproj ➜ ../../../../../var/folders/g3/pffjr_y96bq06blnkf72x_hw0000gn/T/eas-build-local-nodejs/e3c2f18c-efa8-490a-a480-4ca7aa049eaa/build/ios/Pods/StripePayments/StripePayments/StripePayments/Resources/Localizations/mt.lproj
build	Build iOS Locally on Free Cloud Mac	2026-08-22T22:41:34.3750200Z [RUN_FASTLANE] › Copying   ios/build/Build/Intermediates.noindex/ArchiveIntermediates/Hence/IntermediateBuildFilesPath/UninstalledProducts/iphoneos/StripePaymentsBundle.bundle/ms-MY.lproj ➜ ../../../../../var/folders/g3/pffjr_y96bq06blnkf72x_hw0000gn/T/eas-build-local-nodejs/e3c2f18c-efa8-490a-a480-4ca7aa049eaa/build/ios/Pods/StripePayments/StripePayments/StripePayments/Resources/Localizations/ms-MY.lproj
build	Build iOS Locally on Free Cloud Mac	2026-08-22T22:41:34.3853700Z [RUN_FASTLANE] › Compiling expo-dev-menu-interface Pods/expo-dev-menu-interface » expo-dev-menu-interface-dummy.m
build	Build iOS Locally on Free Cloud Mac	2026-08-22T22:41:34.3955760Z [RUN_FASTLANE] › Compiling unimodules-app-loader Pods/UMAppLoader » UMAppLoaderProvider.m
build	Build iOS Locally on Free Cloud Mac	2026-08-22T22:41:34.4062960Z [RUN_FASTLANE] › Compiling unimodules-app-loader Pods/UMAppLoader » UMAppLoader-dummy.m
build	Build iOS Locally on Free Cloud Mac	2026-08-22T22:41:34.4165960Z [RUN_FASTLANE] › Packaging expo-dev-menu-interface Pods/expo-dev-menu-interface » libexpo-dev-menu-interface.a
build	Build iOS Locally on Free Cloud Mac	2026-08-22T22:41:34.4270890Z [RUN_FASTLANE] › Preparing Pods/StripePaymentsUI-StripePaymentsUIBundle » ResourceBundle-StripePaymentsUIBundle-StripePaymentsUI-Info.plist
build	Build iOS Locally on Free Cloud Mac	2026-08-22T22:41:34.4376740Z [RUN_FASTLANE] › Copying   ios/build/Build/Intermediates.noindex/ArchiveIntermediates/Hence/IntermediateBuildFilesPath/UninstalledProducts/iphoneos/StripePaymentsBundle.bundle/lv-LV.lproj ➜ ../../../../../var/folders/g3/pffjr_y96bq06blnkf72x_hw0000gn/T/eas-build-local-nodejs/e3c2f18c-efa8-490a-a480-4ca7aa049eaa/build/ios/Pods/StripePayments/StripePayments/StripePayments/Resources/Localizations/lv-LV.lproj
build	Build iOS Locally on Free Cloud Mac	2026-08-22T22:41:34.4482310Z [RUN_FASTLANE] › Copying   ios/build/Build/Intermediates.noindex/ArchiveIntermediates/Hence/IntermediateBuildFilesPath/UninstalledProducts/iphoneos/StripePaymentsBundle.bundle/lt-LT.lproj ➜ ../../../../../var/folders/g3/pffjr_y96bq06blnkf72x_hw0000gn/T/eas-build-local-nodejs/e3c2f18c-efa8-490a-a480-4ca7aa049eaa/build/ios/Pods/StripePayments/StripePayments/StripePayments/Resources/Localizations/lt-LT.lproj
build	Build iOS Locally on Free Cloud Mac	2026-08-22T22:41:34.4588780Z [RUN_FASTLANE] › Copying   ios/build/Build/Intermediates.noindex/ArchiveIntermediates/Hence/IntermediateBuildFilesPath/UninstalledProducts/iphoneos/StripePaymentsBundle.bundle/ko.lproj ➜ ../../../../../var/folders/g3/pffjr_y96bq06blnkf72x_hw0000gn/T/eas-build-local-nodejs/e3c2f18c-efa8-490a-a480-4ca7aa049eaa/build/ios/Pods/StripePayments/StripePayments/StripePayments/Resources/Localizations/ko.lproj
build	Build iOS Locally on Free Cloud Mac	2026-08-22T22:41:34.4592180Z [RUN_FASTLANE] › Copying   ios/build/Build/Intermediates.noindex/ArchiveIntermediates/Hence/IntermediateBuildFilesPath/UninstalledProducts/iphoneos/StripePaymentsBundle.bundle/ja.lproj ➜ ../../../../../var/folders/g3/pffjr_y96bq06blnkf72x_hw0000gn/T/eas-build-local-nodejs/e3c2f18c-efa8-490a-a480-4ca7aa049eaa/build/ios/Pods/StripePayments/StripePayments/StripePayments/Resources/Localizations/ja.lproj
build	Build iOS Locally on Free Cloud Mac	2026-08-22T22:41:34.4690250Z [RUN_FASTLANE] › Copying   ios/build/Build/Intermediates.noindex/ArchiveIntermediates/Hence/IntermediateBuildFilesPath/UninstalledProducts/iphoneos/StripePaymentsBundle.bundle/it.lproj ➜ ../../../../../var/folders/g3/pffjr_y96bq06blnkf72x_hw0000gn/T/eas-build-local-nodejs/e3c2f18c-efa8-490a-a480-4ca7aa049eaa/build/ios/Pods/StripePayments/StripePayments/StripePayments/Resources/Localizations/it.lproj
build	Build iOS Locally on Free Cloud Mac	2026-08-22T22:41:34.4798470Z [RUN_FASTLANE] › Copying   ios/build/Build/Intermediates.noindex/ArchiveIntermediates/Hence/IntermediateBuildFilesPath/UninstalledProducts/iphoneos/StripePaymentsBundle.bundle/id.lproj ➜ ../../../../../var/folders/g3/pffjr_y96bq06blnkf72x_hw0000gn/T/eas-build-local-nodejs/e3c2f18c-efa8-490a-a480-4ca7aa049eaa/build/ios/Pods/StripePayments/StripePayments/StripePayments/Resources/Localizations/id.lproj
build	Build iOS Locally on Free Cloud Mac	2026-08-22T22:41:34.4902580Z [RUN_FASTLANE] › Copying   ios/build/Build/Intermediates.noindex/ArchiveIntermediates/Hence/IntermediateBuildFilesPath/UninstalledProducts/iphoneos/StripePaymentsBundle.bundle/hu.lproj ➜ ../../../../../var/folders/g3/pffjr_y96bq06blnkf72x_hw0000gn/T/eas-build-local-nodejs/e3c2f18c-efa8-490a-a480-4ca7aa049eaa/build/ios/Pods/StripePayments/StripePayments/StripePayments/Resources/Localizations/hu.lproj
build	Build iOS Locally on Free Cloud Mac	2026-08-22T22:41:34.5006740Z [RUN_FASTLANE] › Copying   ios/build/Build/Intermediates.noindex/ArchiveIntermediates/Hence/IntermediateBuildFilesPath/UninstalledProducts/iphoneos/StripePaymentsBundle.bundle/hr.lproj ➜ ../../../../../var/folders/g3/pffjr_y96bq06blnkf72x_hw0000gn/T/eas-build-local-nodejs/e3c2f18c-efa8-490a-a480-4ca7aa049eaa/build/ios/Pods/StripePayments/StripePayments/StripePayments/Resources/Localizations/hr.lproj
build	Build iOS Locally on Free Cloud Mac	2026-08-22T22:41:34.5111380Z [RUN_FASTLANE] › Copying   ios/build/Build/Intermediates.noindex/ArchiveIntermediates/Hence/IntermediateBuildFilesPath/UninstalledProducts/iphoneos/StripePaymentsBundle.bundle/fr.lproj ➜ ../../../../../var/folders/g3/pffjr_y96bq06blnkf72x_hw0000gn/T/eas-build-local-nodejs/e3c2f18c-efa8-490a-a480-4ca7aa049eaa/build/ios/Pods/StripePayments/StripePayments/StripePayments/Resources/Localizations/fr.lproj
build	Build iOS Locally on Free Cloud Mac	2026-08-22T22:41:34.5215950Z [RUN_FASTLANE] › Copying   ios/build/Build/Intermediates.noindex/ArchiveIntermediates/Hence/IntermediateBuildFilesPath/UninstalledProducts/iphoneos/StripePaymentsBundle.bundle/fr-CA.lproj ➜ ../../../../../var/folders/g3/pffjr_y96bq06blnkf72x_hw0000gn/T/eas-build-local-nodejs/e3c2f18c-efa8-490a-a480-4ca7aa049eaa/build/ios/Pods/StripePayments/StripePayments/StripePayments/Resources/Localizations/fr-CA.lproj
build	Build iOS Locally on Free Cloud Mac	2026-08-22T22:41:34.5317140Z [RUN_FASTLANE] › Copying   ios/build/Build/Intermediates.noindex/ArchiveIntermediates/Hence/IntermediateBuildFilesPath/UninstalledProducts/iphoneos/StripePaymentsBundle.bundle/fil.lproj ➜ ../../../../../var/folders/g3/pffjr_y96bq06blnkf72x_hw0000gn/T/eas-build-local-nodejs/e3c2f18c-efa8-490a-a480-4ca7aa049eaa/build/ios/Pods/StripePayments/StripePayments/StripePayments/Resources/Localizations/fil.lproj
build	Build iOS Locally on Free Cloud Mac	2026-08-22T22:41:34.5420280Z [RUN_FASTLANE] › Copying   ios/build/Build/Intermediates.noindex/ArchiveIntermediates/Hence/IntermediateBuildFilesPath/UninstalledProducts/iphoneos/StripePaymentsBundle.bundle/fi.lproj ➜ ../../../../../var/folders/g3/pffjr_y96bq06blnkf72x_hw0000gn/T/eas-build-local-nodejs/e3c2f18c-efa8-490a-a480-4ca7aa049eaa/build/ios/Pods/StripePayments/StripePayments/StripePayments/Resources/Localizations/fi.lproj
build	Build iOS Locally on Free Cloud Mac	2026-08-22T22:41:34.5522250Z [RUN_FASTLANE] › Copying   ios/build/Build/Intermediates.noindex/ArchiveIntermediates/Hence/IntermediateBuildFilesPath/UninstalledProducts/iphoneos/StripePaymentsBundle.bundle/et-EE.lproj ➜ ../../../../../var/folders/g3/pffjr_y96bq06blnkf72x_hw0000gn/T/eas-build-local-nodejs/e3c2f18c-efa8-490a-a480-4ca7aa049eaa/build/ios/Pods/StripePayments/StripePayments/StripePayments/Resources/Localizations/et-EE.lproj
build	Build iOS Locally on Free Cloud Mac	2026-08-22T22:41:34.5626770Z [RUN_FASTLANE] › Copying   ios/build/Build/Intermediates.noindex/ArchiveIntermediates/Hence/IntermediateBuildFilesPath/UninstalledProducts/iphoneos/StripePaymentsBundle.bundle/es.lproj ➜ ../../../../../var/folders/g3/pffjr_y96bq06blnkf72x_hw0000gn/T/eas-build-local-nodejs/e3c2f18c-efa8-490a-a480-4ca7aa049eaa/build/ios/Pods/StripePayments/StripePayments/StripePayments/Resources/Localizations/es.lproj
build	Build iOS Locally on Free Cloud Mac	2026-08-22T22:41:34.5731660Z [RUN_FASTLANE] › Copying   ios/build/Build/Intermediates.noindex/ArchiveIntermediates/Hence/IntermediateBuildFilesPath/UninstalledProducts/iphoneos/StripePaymentsBundle.bundle/es-419.lproj ➜ ../../../../../var/folders/g3/pffjr_y96bq06blnkf72x_hw0000gn/T/eas-build-local-nodejs/e3c2f18c-efa8-490a-a480-4ca7aa049eaa/build/ios/Pods/StripePayments/StripePayments/StripePayments/Resources/Localizations/es-419.lproj
build	Build iOS Locally on Free Cloud Mac	2026-08-22T22:41:34.5832540Z [RUN_FASTLANE] › Copying   ios/build/Build/Intermediates.noindex/ArchiveIntermediates/Hence/IntermediateBuildFilesPath/UninstalledProducts/iphoneos/StripePaymentsBundle.bundle/en.lproj ➜ ../../../../../var/folders/g3/pffjr_y96bq06blnkf72x_hw0000gn/T/eas-build-local-nodejs/e3c2f18c-efa8-490a-a480-4ca7aa049eaa/build/ios/Pods/StripePayments/StripePayments/StripePayments/Resources/Localizations/en.lproj
build	Build iOS Locally on Free Cloud Mac	2026-08-22T22:41:34.5944990Z [RUN_FASTLANE] › Copying   ios/build/Build/Intermediates.noindex/ArchiveIntermediates/Hence/IntermediateBuildFilesPath/UninstalledProducts/iphoneos/StripePaymentsBundle.bundle/en-GB.lproj ➜ ../../../../../var/folders/g3/pffjr_y96bq06blnkf72x_hw0000gn/T/eas-build-local-nodejs/e3c2f18c-efa8-490a-a480-4ca7aa049eaa/build/ios/Pods/StripePayments/StripePayments/StripePayments/Resources/Localizations/en-GB.lproj
build	Build iOS Locally on Free Cloud Mac	2026-08-22T22:41:34.6045280Z [RUN_FASTLANE] › Copying   ios/build/Build/Intermediates.noindex/ArchiveIntermediates/Hence/IntermediateBuildFilesPath/UninstalledProducts/iphoneos/StripePaymentsBundle.bundle/el-GR.lproj ➜ ../../../../../var/folders/g3/pffjr_y96bq06blnkf72x_hw0000gn/T/eas-build-local-nodejs/e3c2f18c-efa8-490a-a480-4ca7aa049eaa/build/ios/Pods/StripePayments/StripePayments/StripePayments/Resources/Localizations/el-GR.lproj
build	Build iOS Locally on Free Cloud Mac	2026-08-22T22:41:34.6149990Z [RUN_FASTLANE] › Copying   ios/build/Build/Intermediates.noindex/ArchiveIntermediates/Hence/IntermediateBuildFilesPath/UninstalledProducts/iphoneos/StripePaymentsBundle.bundle/de.lproj ➜ ../../../../../var/folders/g3/pffjr_y96bq06blnkf72x_hw0000gn/T/eas-build-local-nodejs/e3c2f18c-efa8-490a-a480-4ca7aa049eaa/build/ios/Pods/StripePayments/StripePayments/StripePayments/Resources/Localizations/de.lproj
build	Build iOS Locally on Free Cloud Mac	2026-08-22T22:41:34.6253810Z [RUN_FASTLANE] › Copying   ios/build/Build/Intermediates.noindex/ArchiveIntermediates/Hence/IntermediateBuildFilesPath/UninstalledProducts/iphoneos/StripePaymentsBundle.bundle/da.lproj ➜ ../../../../../var/folders/g3/pffjr_y96bq06blnkf72x_hw0000gn/T/eas-build-local-nodejs/e3c2f18c-efa8-490a-a480-4ca7aa049eaa/build/ios/Pods/StripePayments/StripePayments/StripePayments/Resources/Localizations/da.lproj
build	Build iOS Locally on Free Cloud Mac	2026-08-22T22:41:34.6354540Z [RUN_FASTLANE] › Copying   ios/build/Build/Intermediates.noindex/ArchiveIntermediates/Hence/IntermediateBuildFilesPath/UninstalledProducts/iphoneos/StripePaymentsBundle.bundle/cs-CZ.lproj ➜ ../../../../../var/folders/g3/pffjr_y96bq06blnkf72x_hw0000gn/T/eas-build-local-nodejs/e3c2f18c-efa8-490a-a480-4ca7aa049eaa/build/ios/Pods/StripePayments/StripePayments/StripePayments/Resources/Localizations/cs-CZ.lproj
build	Build iOS Locally on Free Cloud Mac	2026-08-22T22:41:34.6458160Z [RUN_FASTLANE] › Copying   ios/build/Build/Intermediates.noindex/ArchiveIntermediates/Hence/IntermediateBuildFilesPath/UninstalledProducts/iphoneos/StripePaymentsBundle.bundle/ca-ES.lproj ➜ ../../../../../var/folders/g3/pffjr_y96bq06blnkf72x_hw0000gn/T/eas-build-local-nodejs/e3c2f18c-efa8-490a-a480-4ca7aa049eaa/build/ios/Pods/StripePayments/StripePayments/StripePayments/Resources/Localizations/ca-ES.lproj
build	Build iOS Locally on Free Cloud Mac	2026-08-22T22:41:34.6558900Z [RUN_FASTLANE] › Copying   ios/build/Build/Intermediates.noindex/ArchiveIntermediates/Hence/IntermediateBuildFilesPath/UninstalledProducts/iphoneos/StripePaymentsBundle.bundle/bg-BG.lproj ➜ ../../../../../var/folders/g3/pffjr_y96bq06blnkf72x_hw0000gn/T/eas-build-local-nodejs/e3c2f18c-efa8-490a-a480-4ca7aa049eaa/build/ios/Pods/StripePayments/StripePayments/StripePayments/Resources/Localizations/bg-BG.lproj
build	Build iOS Locally on Free Cloud Mac	2026-08-22T22:41:34.6661030Z [RUN_FASTLANE] › Executing expo-dev-menu-interface Pods/expo-dev-menu-interface » Copy generated compatibility header
build	Build iOS Locally on Free Cloud Mac	2026-08-22T22:41:34.6761960Z [RUN_FASTLANE] › Creating  Pods/StripeUICore-StripeUICoreBundle » StripeUICoreBundle.bundle
build	Build iOS Locally on Free Cloud Mac	2026-08-22T22:41:34.6864290Z [RUN_FASTLANE] › Packaging unimodules-app-loader Pods/UMAppLoader » libUMAppLoader.a
build	Build iOS Locally on Free Cloud Mac	2026-08-22T22:41:34.6966250Z [RUN_FASTLANE] › Creating  Pods/StripePaymentsUI-StripePaymentsUIBundle » StripePaymentsUIBundle.bundle
build	Build iOS Locally on Free Cloud Mac	2026-08-22T22:41:34.7069210Z [RUN_FASTLANE] › Copying   ios/build/Build/Intermediates.noindex/ArchiveIntermediates/Hence/IntermediateBuildFilesPath/UninstalledProducts/iphoneos/Stripe3DS2.bundle/zh-Hant.lproj ➜ ../../../../../var/folders/g3/pffjr_y96bq06blnkf72x_hw0000gn/T/eas-build-local-nodejs/e3c2f18c-efa8-490a-a480-4ca7aa049eaa/build/ios/Pods/StripePayments/Stripe3DS2/Stripe3DS2/Resources/zh-Hant.lproj
build	Build iOS Locally on Free Cloud Mac	2026-08-22T22:41:34.7170690Z [RUN_FASTLANE] › Copying   ios/build/Build/Intermediates.noindex/ArchiveIntermediates/Hence/IntermediateBuildFilesPath/UninstalledProducts/iphoneos/Stripe3DS2.bundle/zh-Hans.lproj ➜ ../../../../../var/folders/g3/pffjr_y96bq06blnkf72x_hw0000gn/T/eas-build-local-nodejs/e3c2f18c-efa8-490a-a480-4ca7aa049eaa/build/ios/Pods/StripePayments/Stripe3DS2/Stripe3DS2/Resources/zh-Hans.lproj
build	Build iOS Locally on Free Cloud Mac	2026-08-22T22:41:34.7273310Z [RUN_FASTLANE] › Copying   ios/build/Build/Intermediates.noindex/ArchiveIntermediates/Hence/IntermediateBuildFilesPath/UninstalledProducts/iphoneos/Stripe3DS2.bundle/zh-HK.lproj ➜ ../../../../../var/folders/g3/pffjr_y96bq06blnkf72x_hw0000gn/T/eas-build-local-nodejs/e3c2f18c-efa8-490a-a480-4ca7aa049eaa/build/ios/Pods/StripePayments/Stripe3DS2/Stripe3DS2/Resources/zh-HK.lproj
build	Build iOS Locally on Free Cloud Mac	2026-08-22T22:41:34.7377180Z [RUN_FASTLANE] › Copying   ios/build/Build/Intermediates.noindex/ArchiveIntermediates/Hence/IntermediateBuildFilesPath/UninstalledProducts/iphoneos/Stripe3DS2.bundle/vi.lproj ➜ ../../../../../var/folders/g3/pffjr_y96bq06blnkf72x_hw0000gn/T/eas-build-local-nodejs/e3c2f18c-efa8-490a-a480-4ca7aa049eaa/build/ios/Pods/StripePayments/Stripe3DS2/Stripe3DS2/Resources/vi.lproj
build	Build iOS Locally on Free Cloud Mac	2026-08-22T22:41:34.7481040Z [RUN_FASTLANE] › Copying   ios/build/Build/Intermediates.noindex/ArchiveIntermediates/Hence/IntermediateBuildFilesPath/UninstalledProducts/iphoneos/Stripe3DS2.bundle/tr.lproj ➜ ../../../../../var/folders/g3/pffjr_y96bq06blnkf72x_hw0000gn/T/eas-build-local-nodejs/e3c2f18c-efa8-490a-a480-4ca7aa049eaa/build/ios/Pods/StripePayments/Stripe3DS2/Stripe3DS2/Resources/tr.lproj
build	Build iOS Locally on Free Cloud Mac	2026-08-22T22:41:34.7581420Z [RUN_FASTLANE] › Copying   ios/build/Build/Intermediates.noindex/ArchiveIntermediates/Hence/IntermediateBuildFilesPath/UninstalledProducts/iphoneos/Stripe3DS2.bundle/sv.lproj ➜ ../../../../../var/folders/g3/pffjr_y96bq06blnkf72x_hw0000gn/T/eas-build-local-nodejs/e3c2f18c-efa8-490a-a480-4ca7aa049eaa/build/ios/Pods/StripePayments/Stripe3DS2/Stripe3DS2/Resources/sv.lproj
build	Build iOS Locally on Free Cloud Mac	2026-08-22T22:41:34.7685100Z [RUN_FASTLANE] › Copying   ios/build/Build/Intermediates.noindex/ArchiveIntermediates/Hence/IntermediateBuildFilesPath/UninstalledProducts/iphoneos/Stripe3DS2.bundle/sl-SI.lproj ➜ ../../../../../var/folders/g3/pffjr_y96bq06blnkf72x_hw0000gn/T/eas-build-local-nodejs/e3c2f18c-efa8-490a-a480-4ca7aa049eaa/build/ios/Pods/StripePayments/Stripe3DS2/Stripe3DS2/Resources/sl-SI.lproj
build	Build iOS Locally on Free Cloud Mac	2026-08-22T22:41:34.7788870Z [RUN_FASTLANE] › Copying   ios/build/Build/Intermediates.noindex/ArchiveIntermediates/Hence/IntermediateBuildFilesPath/UninstalledProducts/iphoneos/Stripe3DS2.bundle/sk-SK.lproj ➜ ../../../../../var/folders/g3/pffjr_y96bq06blnkf72x_hw0000gn/T/eas-build-local-nodejs/e3c2f18c-efa8-490a-a480-4ca7aa049eaa/build/ios/Pods/StripePayments/Stripe3DS2/Stripe3DS2/Resources/sk-SK.lproj
build	Build iOS Locally on Free Cloud Mac	2026-08-22T22:41:34.7889280Z [RUN_FASTLANE] › Copying   ios/build/Build/Intermediates.noindex/ArchiveIntermediates/Hence/IntermediateBuildFilesPath/UninstalledProducts/iphoneos/Stripe3DS2.bundle/ro-RO.lproj ➜ ../../../../../var/folders/g3/pffjr_y96bq06blnkf72x_hw0000gn/T/eas-build-local-nodejs/e3c2f18c-efa8-490a-a480-4ca7aa049eaa/build/ios/Pods/StripePayments/Stripe3DS2/Stripe3DS2/Resources/ro-RO.lproj
build	Build iOS Locally on Free Cloud Mac	2026-08-22T22:41:34.7993090Z [RUN_FASTLANE] › Copying   ios/build/Build/Intermediates.noindex/ArchiveIntermediates/Hence/IntermediateBuildFilesPath/UninstalledProducts/iphoneos/Stripe3DS2.bundle/pt-PT.lproj ➜ ../../../../../var/folders/g3/pffjr_y96bq06blnkf72x_hw0000gn/T/eas-build-local-nodejs/e3c2f18c-efa8-490a-a480-4ca7aa049eaa/build/ios/Pods/StripePayments/Stripe3DS2/Stripe3DS2/Resources/pt-PT.lproj
build	Build iOS Locally on Free Cloud Mac	2026-08-22T22:41:34.8093340Z [RUN_FASTLANE] › Copying   ios/build/Build/Intermediates.noindex/ArchiveIntermediates/Hence/IntermediateBuildFilesPath/UninstalledProducts/iphoneos/Stripe3DS2.bundle/pt-BR.lproj ➜ ../../../../../var/folders/g3/pffjr_y96bq06blnkf72x_hw0000gn/T/eas-build-local-nodejs/e3c2f18c-efa8-490a-a480-4ca7aa049eaa/build/ios/Pods/StripePayments/Stripe3DS2/Stripe3DS2/Resources/pt-BR.lproj
build	Build iOS Locally on Free Cloud Mac	2026-08-22T22:41:34.8198510Z [RUN_FASTLANE] › Copying   ios/build/Build/Intermediates.noindex/ArchiveIntermediates/Hence/IntermediateBuildFilesPath/UninstalledProducts/iphoneos/Stripe3DS2.bundle/pl-PL.lproj ➜ ../../../../../var/folders/g3/pffjr_y96bq06blnkf72x_hw0000gn/T/eas-build-local-nodejs/e3c2f18c-efa8-490a-a480-4ca7aa049eaa/build/ios/Pods/StripePayments/Stripe3DS2/Stripe3DS2/Resources/pl-PL.lproj
build	Build iOS Locally on Free Cloud Mac	2026-08-22T22:41:34.8299300Z [RUN_FASTLANE] › Copying   ios/build/Build/Intermediates.noindex/ArchiveIntermediates/Hence/IntermediateBuildFilesPath/UninstalledProducts/iphoneos/Stripe3DS2.bundle/nl.lproj ➜ ../../../../../var/folders/g3/pffjr_y96bq06blnkf72x_hw0000gn/T/eas-build-local-nodejs/e3c2f18c-efa8-490a-a480-4ca7aa049eaa/build/ios/Pods/StripePayments/Stripe3DS2/Stripe3DS2/Resources/nl.lproj
build	Build iOS Locally on Free Cloud Mac	2026-08-22T22:41:34.8402890Z [RUN_FASTLANE] › Copying   ios/build/Build/Intermediates.noindex/ArchiveIntermediates/Hence/IntermediateBuildFilesPath/UninstalledProducts/iphoneos/Stripe3DS2.bundle/nb.lproj ➜ ../../../../../var/folders/g3/pffjr_y96bq06blnkf72x_hw0000gn/T/eas-build-local-nodejs/e3c2f18c-efa8-490a-a480-4ca7aa049eaa/build/ios/Pods/StripePayments/Stripe3DS2/Stripe3DS2/Resources/nb.lproj
build	Build iOS Locally on Free Cloud Mac	2026-08-22T22:41:34.8503550Z [RUN_FASTLANE] › Copying   ios/build/Build/Intermediates.noindex/ArchiveIntermediates/Hence/IntermediateBuildFilesPath/UninstalledProducts/iphoneos/Stripe3DS2.bundle/mt.lproj ➜ ../../../../../var/folders/g3/pffjr_y96bq06blnkf72x_hw0000gn/T/eas-build-local-nodejs/e3c2f18c-efa8-490a-a480-4ca7aa049eaa/build/ios/Pods/StripePayments/Stripe3DS2/Stripe3DS2/Resources/mt.lproj
build	Build iOS Locally on Free Cloud Mac	2026-08-22T22:41:34.8606860Z [RUN_FASTLANE] › Copying   ios/build/Build/Intermediates.noindex/ArchiveIntermediates/Hence/IntermediateBuildFilesPath/UninstalledProducts/iphoneos/Stripe3DS2.bundle/ms-MY.lproj ➜ ../../../../../var/folders/g3/pffjr_y96bq06blnkf72x_hw0000gn/T/eas-build-local-nodejs/e3c2f18c-efa8-490a-a480-4ca7aa049eaa/build/ios/Pods/StripePayments/Stripe3DS2/Stripe3DS2/Resources/ms-MY.lproj
build	Build iOS Locally on Free Cloud Mac	2026-08-22T22:41:34.8707500Z [RUN_FASTLANE] › Copying   ios/build/Build/Intermediates.noindex/ArchiveIntermediates/Hence/IntermediateBuildFilesPath/UninstalledProducts/iphoneos/Stripe3DS2.bundle/lv-LV.lproj ➜ ../../../../../var/folders/g3/pffjr_y96bq06blnkf72x_hw0000gn/T/eas-build-local-nodejs/e3c2f18c-efa8-490a-a480-4ca7aa049eaa/build/ios/Pods/StripePayments/Stripe3DS2/Stripe3DS2/Resources/lv-LV.lproj
build	Build iOS Locally on Free Cloud Mac	2026-08-22T22:41:34.8811750Z [RUN_FASTLANE] › Copying   ios/build/Build/Intermediates.noindex/ArchiveIntermediates/Hence/IntermediateBuildFilesPath/UninstalledProducts/iphoneos/Stripe3DS2.bundle/lt-LT.lproj ➜ ../../../../../var/folders/g3/pffjr_y96bq06blnkf72x_hw0000gn/T/eas-build-local-nodejs/e3c2f18c-efa8-490a-a480-4ca7aa049eaa/build/ios/Pods/StripePayments/Stripe3DS2/Stripe3DS2/Resources/lt-LT.lproj
build	Build iOS Locally on Free Cloud Mac	2026-08-22T22:41:34.8914150Z [RUN_FASTLANE] › Copying   ios/build/Build/Intermediates.noindex/ArchiveIntermediates/Hence/IntermediateBuildFilesPath/UninstalledProducts/iphoneos/Stripe3DS2.bundle/ko.lproj ➜ ../../../../../var/folders/g3/pffjr_y96bq06blnkf72x_hw0000gn/T/eas-build-local-nodejs/e3c2f18c-efa8-490a-a480-4ca7aa049eaa/build/ios/Pods/StripePayments/Stripe3DS2/Stripe3DS2/Resources/ko.lproj
build	Build iOS Locally on Free Cloud Mac	2026-08-22T22:41:34.9022150Z [RUN_FASTLANE] › Copying   ios/build/Build/Intermediates.noindex/ArchiveIntermediates/Hence/IntermediateBuildFilesPath/UninstalledProducts/iphoneos/Stripe3DS2.bundle/ja.lproj ➜ ../../../../../var/folders/g3/pffjr_y96bq06blnkf72x_hw0000gn/T/eas-build-local-nodejs/e3c2f18c-efa8-490a-a480-4ca7aa049eaa/build/ios/Pods/StripePayments/Stripe3DS2/Stripe3DS2/Resources/ja.lproj
build	Build iOS Locally on Free Cloud Mac	2026-08-22T22:41:34.9125110Z [RUN_FASTLANE] › Copying   ios/build/Build/Intermediates.noindex/ArchiveIntermediates/Hence/IntermediateBuildFilesPath/UninstalledProducts/iphoneos/Stripe3DS2.bundle/it.lproj ➜ ../../../../../var/folders/g3/pffjr_y96bq06blnkf72x_hw0000gn/T/eas-build-local-nodejs/e3c2f18c-efa8-490a-a480-4ca7aa049eaa/build/ios/Pods/StripePayments/Stripe3DS2/Stripe3DS2/Resources/it.lproj
build	Build iOS Locally on Free Cloud Mac	2026-08-22T22:41:34.9228570Z [RUN_FASTLANE] › Copying   ios/build/Build/Intermediates.noindex/ArchiveIntermediates/Hence/IntermediateBuildFilesPath/UninstalledProducts/iphoneos/Stripe3DS2.bundle/id.lproj ➜ ../../../../../var/folders/g3/pffjr_y96bq06blnkf72x_hw0000gn/T/eas-build-local-nodejs/e3c2f18c-efa8-490a-a480-4ca7aa049eaa/build/ios/Pods/StripePayments/Stripe3DS2/Stripe3DS2/Resources/id.lproj
build	Build iOS Locally on Free Cloud Mac	2026-08-22T22:41:34.9329330Z [RUN_FASTLANE] › Copying   ios/build/Build/Intermediates.noindex/ArchiveIntermediates/Hence/IntermediateBuildFilesPath/UninstalledProducts/iphoneos/Stripe3DS2.bundle/hu.lproj ➜ ../../../../../var/folders/g3/pffjr_y96bq06blnkf72x_hw0000gn/T/eas-build-local-nodejs/e3c2f18c-efa8-490a-a480-4ca7aa049eaa/build/ios/Pods/StripePayments/Stripe3DS2/Stripe3DS2/Resources/hu.lproj
build	Build iOS Locally on Free Cloud Mac	2026-08-22T22:41:34.9433060Z [RUN_FASTLANE] › Copying   ios/build/Build/Intermediates.noindex/ArchiveIntermediates/Hence/IntermediateBuildFilesPath/UninstalledProducts/iphoneos/Stripe3DS2.bundle/hr.lproj ➜ ../../../../../var/folders/g3/pffjr_y96bq06blnkf72x_hw0000gn/T/eas-build-local-nodejs/e3c2f18c-efa8-490a-a480-4ca7aa049eaa/build/ios/Pods/StripePayments/Stripe3DS2/Stripe3DS2/Resources/hr.lproj
build	Build iOS Locally on Free Cloud Mac	2026-08-22T22:41:34.9533610Z [RUN_FASTLANE] › Copying   ios/build/Build/Intermediates.noindex/ArchiveIntermediates/Hence/IntermediateBuildFilesPath/UninstalledProducts/iphoneos/Stripe3DS2.bundle/fr.lproj ➜ ../../../../../var/folders/g3/pffjr_y96bq06blnkf72x_hw0000gn/T/eas-build-local-nodejs/e3c2f18c-efa8-490a-a480-4ca7aa049eaa/build/ios/Pods/StripePayments/Stripe3DS2/Stripe3DS2/Resources/fr.lproj
build	Build iOS Locally on Free Cloud Mac	2026-08-22T22:41:34.9641120Z [RUN_FASTLANE] › Copying   ios/build/Build/Intermediates.noindex/ArchiveIntermediates/Hence/IntermediateBuildFilesPath/UninstalledProducts/iphoneos/Stripe3DS2.bundle/fr-CA.lproj ➜ ../../../../../var/folders/g3/pffjr_y96bq06blnkf72x_hw0000gn/T/eas-build-local-nodejs/e3c2f18c-efa8-490a-a480-4ca7aa049eaa/build/ios/Pods/StripePayments/Stripe3DS2/Stripe3DS2/Resources/fr-CA.lproj
build	Build iOS Locally on Free Cloud Mac	2026-08-22T22:41:34.9662060Z [RUN_FASTLANE] › Copying   ios/build/Build/Intermediates.noindex/ArchiveIntermediates/Hence/IntermediateBuildFilesPath/UninstalledProducts/iphoneos/Stripe3DS2.bundle/fil.lproj ➜ ../../../../../var/folders/g3/pffjr_y96bq06blnkf72x_hw0000gn/T/eas-build-local-nodejs/e3c2f18c-efa8-490a-a480-4ca7aa049eaa/build/ios/Pods/StripePayments/Stripe3DS2/Stripe3DS2/Resources/fil.lproj
build	Build iOS Locally on Free Cloud Mac	2026-08-22T22:41:34.9776540Z [RUN_FASTLANE] › Copying   ios/build/Build/Intermediates.noindex/ArchiveIntermediates/Hence/IntermediateBuildFilesPath/UninstalledProducts/iphoneos/Stripe3DS2.bundle/fi.lproj ➜ ../../../../../var/folders/g3/pffjr_y96bq06blnkf72x_hw0000gn/T/eas-build-local-nodejs/e3c2f18c-efa8-490a-a480-4ca7aa049eaa/build/ios/Pods/StripePayments/Stripe3DS2/Stripe3DS2/Resources/fi.lproj
build	Build iOS Locally on Free Cloud Mac	2026-08-22T22:41:34.9880600Z [RUN_FASTLANE] › Copying   ios/build/Build/Intermediates.noindex/ArchiveIntermediates/Hence/IntermediateBuildFilesPath/UninstalledProducts/iphoneos/Stripe3DS2.bundle/et-EE.lproj ➜ ../../../../../var/folders/g3/pffjr_y96bq06blnkf72x_hw0000gn/T/eas-build-local-nodejs/e3c2f18c-efa8-490a-a480-4ca7aa049eaa/build/ios/Pods/StripePayments/Stripe3DS2/Stripe3DS2/Resources/et-EE.lproj
build	Build iOS Locally on Free Cloud Mac	2026-08-22T22:41:34.9987710Z [RUN_FASTLANE] › Copying   ios/build/Build/Intermediates.noindex/ArchiveIntermediates/Hence/IntermediateBuildFilesPath/UninstalledProducts/iphoneos/Stripe3DS2.bundle/es.lproj ➜ ../../../../../var/folders/g3/pffjr_y96bq06blnkf72x_hw0000gn/T/eas-build-local-nodejs/e3c2f18c-efa8-490a-a480-4ca7aa049eaa/build/ios/Pods/StripePayments/Stripe3DS2/Stripe3DS2/Resources/es.lproj
build	Build iOS Locally on Free Cloud Mac	2026-08-22T22:41:35.0092160Z [RUN_FASTLANE] › Copying   ios/build/Build/Intermediates.noindex/ArchiveIntermediates/Hence/IntermediateBuildFilesPath/UninstalledProducts/iphoneos/Stripe3DS2.bundle/es-419.lproj ➜ ../../../../../var/folders/g3/pffjr_y96bq06blnkf72x_hw0000gn/T/eas-build-local-nodejs/e3c2f18c-efa8-490a-a480-4ca7aa049eaa/build/ios/Pods/StripePayments/Stripe3DS2/Stripe3DS2/Resources/es-419.lproj
build	Build iOS Locally on Free Cloud Mac	2026-08-22T22:41:35.0196230Z [RUN_FASTLANE] › Copying   ios/build/Build/Intermediates.noindex/ArchiveIntermediates/Hence/IntermediateBuildFilesPath/UninstalledProducts/iphoneos/Stripe3DS2.bundle/en.lproj ➜ ../../../../../var/folders/g3/pffjr_y96bq06blnkf72x_hw0000gn/T/eas-build-local-nodejs/e3c2f18c-efa8-490a-a480-4ca7aa049eaa/build/ios/Pods/StripePayments/Stripe3DS2/Stripe3DS2/Resources/en.lproj
build	Build iOS Locally on Free Cloud Mac	2026-08-22T22:41:35.0301390Z [RUN_FASTLANE] › Copying   ios/build/Build/Intermediates.noindex/ArchiveIntermediates/Hence/IntermediateBuildFilesPath/UninstalledProducts/iphoneos/Stripe3DS2.bundle/en-GB.lproj ➜ ../../../../../var/folders/g3/pffjr_y96bq06blnkf72x_hw0000gn/T/eas-build-local-nodejs/e3c2f18c-efa8-490a-a480-4ca7aa049eaa/build/ios/Pods/StripePayments/Stripe3DS2/Stripe3DS2/Resources/en-GB.lproj
build	Build iOS Locally on Free Cloud Mac	2026-08-22T22:41:35.0405860Z [RUN_FASTLANE] › Copying   ios/build/Build/Intermediates.noindex/ArchiveIntermediates/Hence/IntermediateBuildFilesPath/UninstalledProducts/iphoneos/Stripe3DS2.bundle/el-GR.lproj ➜ ../../../../../var/folders/g3/pffjr_y96bq06blnkf72x_hw0000gn/T/eas-build-local-nodejs/e3c2f18c-efa8-490a-a480-4ca7aa049eaa/build/ios/Pods/StripePayments/Stripe3DS2/Stripe3DS2/Resources/el-GR.lproj
build	Build iOS Locally on Free Cloud Mac	2026-08-22T22:41:35.0510530Z [RUN_FASTLANE] › Copying   ios/build/Build/Intermediates.noindex/ArchiveIntermediates/Hence/IntermediateBuildFilesPath/UninstalledProducts/iphoneos/Stripe3DS2.bundle/de.lproj ➜ ../../../../../var/folders/g3/pffjr_y96bq06blnkf72x_hw0000gn/T/eas-build-local-nodejs/e3c2f18c-efa8-490a-a480-4ca7aa049eaa/build/ios/Pods/StripePayments/Stripe3DS2/Stripe3DS2/Resources/de.lproj
build	Build iOS Locally on Free Cloud Mac	2026-08-22T22:41:35.0614560Z [RUN_FASTLANE] › Copying   ios/build/Build/Intermediates.noindex/ArchiveIntermediates/Hence/IntermediateBuildFilesPath/UninstalledProducts/iphoneos/Stripe3DS2.bundle/da.lproj ➜ ../../../../../var/folders/g3/pffjr_y96bq06blnkf72x_hw0000gn/T/eas-build-local-nodejs/e3c2f18c-efa8-490a-a480-4ca7aa049eaa/build/ios/Pods/StripePayments/Stripe3DS2/Stripe3DS2/Resources/da.lproj
build	Build iOS Locally on Free Cloud Mac	2026-08-22T22:41:35.0718850Z [RUN_FASTLANE] › Copying   ios/build/Build/Intermediates.noindex/ArchiveIntermediates/Hence/IntermediateBuildFilesPath/UninstalledProducts/iphoneos/Stripe3DS2.bundle/cs-CZ.lproj ➜ ../../../../../var/folders/g3/pffjr_y96bq06blnkf72x_hw0000gn/T/eas-build-local-nodejs/e3c2f18c-efa8-490a-a480-4ca7aa049eaa/build/ios/Pods/StripePayments/Stripe3DS2/Stripe3DS2/Resources/cs-CZ.lproj
build	Build iOS Locally on Free Cloud Mac	2026-08-22T22:41:35.0822680Z [RUN_FASTLANE] › Copying   ios/build/Build/Intermediates.noindex/ArchiveIntermediates/Hence/IntermediateBuildFilesPath/UninstalledProducts/iphoneos/Stripe3DS2.bundle/ca-ES.lproj ➜ ../../../../../var/folders/g3/pffjr_y96bq06blnkf72x_hw0000gn/T/eas-build-local-nodejs/e3c2f18c-efa8-490a-a480-4ca7aa049eaa/build/ios/Pods/StripePayments/Stripe3DS2/Stripe3DS2/Resources/ca-ES.lproj
build	Build iOS Locally on Free Cloud Mac	2026-08-22T22:41:35.0927040Z [RUN_FASTLANE] › Copying   ios/build/Build/Intermediates.noindex/ArchiveIntermediates/Hence/IntermediateBuildFilesPath/UninstalledProducts/iphoneos/Stripe3DS2.bundle/bg-BG.lproj ➜ ../../../../../var/folders/g3/pffjr_y96bq06blnkf72x_hw0000gn/T/eas-build-local-nodejs/e3c2f18c-efa8-490a-a480-4ca7aa049eaa/build/ios/Pods/StripePayments/Stripe3DS2/Stripe3DS2/Resources/bg-BG.lproj
build	Build iOS Locally on Free Cloud Mac	2026-08-22T22:41:35.1031100Z [RUN_FASTLANE] › Copying   ios/build/Build/Intermediates.noindex/ArchiveIntermediates/Hence/IntermediateBuildFilesPath/UninstalledProducts/iphoneos/Stripe3DS2.bundle/PrivacyInfo.xcprivacy ➜ ../../../../../var/folders/g3/pffjr_y96bq06blnkf72x_hw0000gn/T/eas-build-local-nodejs/e3c2f18c-efa8-490a-a480-4ca7aa049eaa/build/ios/Pods/StripePayments/Stripe3DS2/Stripe3DS2/PrivacyInfo.xcprivacy
build	Build iOS Locally on Free Cloud Mac	2026-08-22T22:41:35.1134620Z [RUN_FASTLANE] › Creating  Pods/StripePayments-StripePaymentsBundle » StripePaymentsBundle.bundle
build	Build iOS Locally on Free Cloud Mac	2026-08-22T22:41:35.1238090Z [RUN_FASTLANE] › Copying   ios/build/Build/Intermediates.noindex/ArchiveIntermediates/Hence/IntermediateBuildFilesPath/UninstalledProducts/iphoneos/StripePaymentSheetBundle.bundle/zh-Hant.lproj ➜ ../../../../../var/folders/g3/pffjr_y96bq06blnkf72x_hw0000gn/T/eas-build-local-nodejs/e3c2f18c-efa8-490a-a480-4ca7aa049eaa/build/ios/Pods/StripePaymentSheet/StripePaymentSheet/StripePaymentSheet/Resources/Localizations/zh-Hant.lproj
build	Build iOS Locally on Free Cloud Mac	2026-08-22T22:41:35.1349140Z [RUN_FASTLANE] › Copying   ios/build/Build/Intermediates.noindex/ArchiveIntermediates/Hence/IntermediateBuildFilesPath/UninstalledProducts/iphoneos/StripePaymentSheetBundle.bundle/zh-Hans.lproj ➜ ../../../../../var/folders/g3/pffjr_y96bq06blnkf72x_hw0000gn/T/eas-build-local-nodejs/e3c2f18c-efa8-490a-a480-4ca7aa049eaa/build/ios/Pods/StripePaymentSheet/StripePaymentSheet/StripePaymentSheet/Resources/Localizations/zh-Hans.lproj
build	Build iOS Locally on Free Cloud Mac	2026-08-22T22:41:35.1449400Z [RUN_FASTLANE] › Copying   ios/build/Build/Intermediates.noindex/ArchiveIntermediates/Hence/IntermediateBuildFilesPath/UninstalledProducts/iphoneos/StripePaymentSheetBundle.bundle/zh-HK.lproj ➜ ../../../../../var/folders/g3/pffjr_y96bq06blnkf72x_hw0000gn/T/eas-build-local-nodejs/e3c2f18c-efa8-490a-a480-4ca7aa049eaa/build/ios/Pods/StripePaymentSheet/StripePaymentSheet/StripePaymentSheet/Resources/Localizations/zh-HK.lproj
build	Build iOS Locally on Free Cloud Mac	2026-08-22T22:41:35.1554230Z [RUN_FASTLANE] › Copying   ios/build/Build/Intermediates.noindex/ArchiveIntermediates/Hence/IntermediateBuildFilesPath/UninstalledProducts/iphoneos/StripePaymentSheetBundle.bundle/vi.lproj ➜ ../../../../../var/folders/g3/pffjr_y96bq06blnkf72x_hw0000gn/T/eas-build-local-nodejs/e3c2f18c-efa8-490a-a480-4ca7aa049eaa/build/ios/Pods/StripePaymentSheet/StripePaymentSheet/StripePaymentSheet/Resources/Localizations/vi.lproj
build	Build iOS Locally on Free Cloud Mac	2026-08-22T22:41:35.1654600Z [RUN_FASTLANE] › Copying   ios/build/Build/Intermediates.noindex/ArchiveIntermediates/Hence/IntermediateBuildFilesPath/UninstalledProducts/iphoneos/StripePaymentSheetBundle.bundle/tr.lproj ➜ ../../../../../var/folders/g3/pffjr_y96bq06blnkf72x_hw0000gn/T/eas-build-local-nodejs/e3c2f18c-efa8-490a-a480-4ca7aa049eaa/build/ios/Pods/StripePaymentSheet/StripePaymentSheet/StripePaymentSheet/Resources/Localizations/tr.lproj
build	Build iOS Locally on Free Cloud Mac	2026-08-22T22:41:35.1759120Z [RUN_FASTLANE] › Copying   ios/build/Build/Intermediates.noindex/ArchiveIntermediates/Hence/IntermediateBuildFilesPath/UninstalledProducts/iphoneos/StripePaymentSheetBundle.bundle/tk.lproj ➜ ../../../../../var/folders/g3/pffjr_y96bq06blnkf72x_hw0000gn/T/eas-build-local-nodejs/e3c2f18c-efa8-490a-a480-4ca7aa049eaa/build/ios/Pods/StripePaymentSheet/StripePaymentSheet/StripePaymentSheet/Resources/Localizations/tk.lproj
build	Build iOS Locally on Free Cloud Mac	2026-08-22T22:41:35.1859800Z [RUN_FASTLANE] › Copying   ios/build/Build/Intermediates.noindex/ArchiveIntermediates/Hence/IntermediateBuildFilesPath/UninstalledProducts/iphoneos/StripePaymentSheetBundle.bundle/th.lproj ➜ ../../../../../var/folders/g3/pffjr_y96bq06blnkf72x_hw0000gn/T/eas-build-local-nodejs/e3c2f18c-efa8-490a-a480-4ca7aa049eaa/build/ios/Pods/StripePaymentSheet/StripePaymentSheet/StripePaymentSheet/Resources/Localizations/th.lproj
build	Build iOS Locally on Free Cloud Mac	2026-08-22T22:41:35.1964090Z [RUN_FASTLANE] › Copying   ios/build/Build/Intermediates.noindex/ArchiveIntermediates/Hence/IntermediateBuildFilesPath/UninstalledProducts/iphoneos/StripePaymentSheetBundle.bundle/sv.lproj ➜ ../../../../../var/folders/g3/pffjr_y96bq06blnkf72x_hw0000gn/T/eas-build-local-nodejs/e3c2f18c-efa8-490a-a480-4ca7aa049eaa/build/ios/Pods/StripePaymentSheet/StripePaymentSheet/StripePaymentSheet/Resources/Localizations/sv.lproj
build	Build iOS Locally on Free Cloud Mac	2026-08-22T22:41:35.2068170Z [RUN_FASTLANE] › Copying   ios/build/Build/Intermediates.noindex/ArchiveIntermediates/Hence/IntermediateBuildFilesPath/UninstalledProducts/iphoneos/StripePaymentSheetBundle.bundle/sl-SI.lproj ➜ ../../../../../var/folders/g3/pffjr_y96bq06blnkf72x_hw0000gn/T/eas-build-local-nodejs/e3c2f18c-efa8-490a-a480-4ca7aa049eaa/build/ios/Pods/StripePaymentSheet/StripePaymentSheet/StripePaymentSheet/Resources/Localizations/sl-SI.lproj
build	Build iOS Locally on Free Cloud Mac	2026-08-22T22:41:35.2173070Z [RUN_FASTLANE] › Copying   ios/build/Build/Intermediates.noindex/ArchiveIntermediates/Hence/IntermediateBuildFilesPath/UninstalledProducts/iphoneos/StripePaymentSheetBundle.bundle/sk-SK.lproj ➜ ../../../../../var/folders/g3/pffjr_y96bq06blnkf72x_hw0000gn/T/eas-build-local-nodejs/e3c2f18c-efa8-490a-a480-4ca7aa049eaa/build/ios/Pods/StripePaymentSheet/StripePaymentSheet/StripePaymentSheet/Resources/Localizations/sk-SK.lproj
build	Build iOS Locally on Free Cloud Mac	2026-08-22T22:41:35.2276130Z [RUN_FASTLANE] › Copying   ios/build/Build/Intermediates.noindex/ArchiveIntermediates/Hence/IntermediateBuildFilesPath/UninstalledProducts/iphoneos/StripePaymentSheetBundle.bundle/ru.lproj ➜ ../../../../../var/folders/g3/pffjr_y96bq06blnkf72x_hw0000gn/T/eas-build-local-nodejs/e3c2f18c-efa8-490a-a480-4ca7aa049eaa/build/ios/Pods/StripePaymentSheet/StripePaymentSheet/StripePaymentSheet/Resources/Localizations/ru.lproj
build	Build iOS Locally on Free Cloud Mac	2026-08-22T22:41:35.2377910Z [RUN_FASTLANE] › Copying   ios/build/Build/Intermediates.noindex/ArchiveIntermediates/Hence/IntermediateBuildFilesPath/UninstalledProducts/iphoneos/StripePaymentSheetBundle.bundle/ro-RO.lproj ➜ ../../../../../var/folders/g3/pffjr_y96bq06blnkf72x_hw0000gn/T/eas-build-local-nodejs/e3c2f18c-efa8-490a-a480-4ca7aa049eaa/build/ios/Pods/StripePaymentSheet/StripePaymentSheet/StripePaymentSheet/Resources/Localizations/ro-RO.lproj
build	Build iOS Locally on Free Cloud Mac	2026-08-22T22:41:35.2478810Z [RUN_FASTLANE] › Copying   ios/build/Build/Intermediates.noindex/ArchiveIntermediates/Hence/IntermediateBuildFilesPath/UninstalledProducts/iphoneos/StripePaymentSheetBundle.bundle/pt-PT.lproj ➜ ../../../../../var/folders/g3/pffjr_y96bq06blnkf72x_hw0000gn/T/eas-build-local-nodejs/e3c2f18c-efa8-490a-a480-4ca7aa049eaa/build/ios/Pods/StripePaymentSheet/StripePaymentSheet/StripePaymentSheet/Resources/Localizations/pt-PT.lproj
build	Build iOS Locally on Free Cloud Mac	2026-08-22T22:41:35.2488580Z [RUN_FASTLANE] › Copying   ios/build/Build/Intermediates.noindex/ArchiveIntermediates/Hence/IntermediateBuildFilesPath/UninstalledProducts/iphoneos/StripePaymentSheetBundle.bundle/pt-BR.lproj ➜ ../../../../../var/folders/g3/pffjr_y96bq06blnkf72x_hw0000gn/T/eas-build-local-nodejs/e3c2f18c-efa8-490a-a480-4ca7aa049eaa/build/ios/Pods/StripePaymentSheet/StripePaymentSheet/StripePaymentSheet/Resources/Localizations/pt-BR.lproj
build	Build iOS Locally on Free Cloud Mac	2026-08-22T22:41:35.2592690Z [RUN_FASTLANE] › Copying   ios/build/Build/Intermediates.noindex/ArchiveIntermediates/Hence/IntermediateBuildFilesPath/UninstalledProducts/iphoneos/StripePaymentSheetBundle.bundle/pl-PL.lproj ➜ ../../../../../var/folders/g3/pffjr_y96bq06blnkf72x_hw0000gn/T/eas-build-local-nodejs/e3c2f18c-efa8-490a-a480-4ca7aa049eaa/build/ios/Pods/StripePaymentSheet/StripePaymentSheet/StripePaymentSheet/Resources/Localizations/pl-PL.lproj
build	Build iOS Locally on Free Cloud Mac	2026-08-22T22:41:35.2696970Z [RUN_FASTLANE] › Copying   ios/build/Build/Intermediates.noindex/ArchiveIntermediates/Hence/IntermediateBuildFilesPath/UninstalledProducts/iphoneos/StripePaymentSheetBundle.bundle/nl.lproj ➜ ../../../../../var/folders/g3/pffjr_y96bq06blnkf72x_hw0000gn/T/eas-build-local-nodejs/e3c2f18c-efa8-490a-a480-4ca7aa049eaa/build/ios/Pods/StripePaymentSheet/StripePaymentSheet/StripePaymentSheet/Resources/Localizations/nl.lproj
build	Build iOS Locally on Free Cloud Mac	2026-08-22T22:41:35.2801230Z [RUN_FASTLANE] › Copying   ios/build/Build/Intermediates.noindex/ArchiveIntermediates/Hence/IntermediateBuildFilesPath/UninstalledProducts/iphoneos/StripePaymentSheetBundle.bundle/nb.lproj ➜ ../../../../../var/folders/g3/pffjr_y96bq06blnkf72x_hw0000gn/T/eas-build-local-nodejs/e3c2f18c-efa8-490a-a480-4ca7aa049eaa/build/ios/Pods/StripePaymentSheet/StripePaymentSheet/StripePaymentSheet/Resources/Localizations/nb.lproj
build	Build iOS Locally on Free Cloud Mac	2026-08-22T22:41:35.2905480Z [RUN_FASTLANE] › Copying   ios/build/Build/Intermediates.noindex/ArchiveIntermediates/Hence/IntermediateBuildFilesPath/UninstalledProducts/iphoneos/StripePaymentSheetBundle.bundle/mt.lproj ➜ ../../../../../var/folders/g3/pffjr_y96bq06blnkf72x_hw0000gn/T/eas-build-local-nodejs/e3c2f18c-efa8-490a-a480-4ca7aa049eaa/build/ios/Pods/StripePaymentSheet/StripePaymentSheet/StripePaymentSheet/Resources/Localizations/mt.lproj
build	Build iOS Locally on Free Cloud Mac	2026-08-22T22:41:35.3010080Z [RUN_FASTLANE] › Copying   ios/build/Build/Intermediates.noindex/ArchiveIntermediates/Hence/IntermediateBuildFilesPath/UninstalledProducts/iphoneos/StripePaymentSheetBundle.bundle/ms-MY.lproj ➜ ../../../../../var/folders/g3/pffjr_y96bq06blnkf72x_hw0000gn/T/eas-build-local-nodejs/e3c2f18c-efa8-490a-a480-4ca7aa049eaa/build/ios/Pods/StripePaymentSheet/StripePaymentSheet/StripePaymentSheet/Resources/Localizations/ms-MY.lproj
build	Build iOS Locally on Free Cloud Mac	2026-08-22T22:41:35.3114720Z [RUN_FASTLANE] › Copying   ios/build/Build/Intermediates.noindex/ArchiveIntermediates/Hence/IntermediateBuildFilesPath/UninstalledProducts/iphoneos/StripePaymentSheetBundle.bundle/lv-LV.lproj ➜ ../../../../../var/folders/g3/pffjr_y96bq06blnkf72x_hw0000gn/T/eas-build-local-nodejs/e3c2f18c-efa8-490a-a480-4ca7aa049eaa/build/ios/Pods/StripePaymentSheet/StripePaymentSheet/StripePaymentSheet/Resources/Localizations/lv-LV.lproj
build	Build iOS Locally on Free Cloud Mac	2026-08-22T22:41:35.3219010Z [RUN_FASTLANE] › Copying   ios/build/Build/Intermediates.noindex/ArchiveIntermediates/Hence/IntermediateBuildFilesPath/UninstalledProducts/iphoneos/StripePaymentSheetBundle.bundle/lt-LT.lproj ➜ ../../../../../var/folders/g3/pffjr_y96bq06blnkf72x_hw0000gn/T/eas-build-local-nodejs/e3c2f18c-efa8-490a-a480-4ca7aa049eaa/build/ios/Pods/StripePaymentSheet/StripePaymentSheet/StripePaymentSheet/Resources/Localizations/lt-LT.lproj
build	Build iOS Locally on Free Cloud Mac	2026-08-22T22:41:35.3323390Z [RUN_FASTLANE] › Copying   ios/build/Build/Intermediates.noindex/ArchiveIntermediates/Hence/IntermediateBuildFilesPath/UninstalledProducts/iphoneos/StripePaymentSheetBundle.bundle/ko.lproj ➜ ../../../../../var/folders/g3/pffjr_y96bq06blnkf72x_hw0000gn/T/eas-build-local-nodejs/e3c2f18c-efa8-490a-a480-4ca7aa049eaa/build/ios/Pods/StripePaymentSheet/StripePaymentSheet/StripePaymentSheet/Resources/Localizations/ko.lproj
build	Build iOS Locally on Free Cloud Mac	2026-08-22T22:41:35.3427890Z [RUN_FASTLANE] › Copying   ios/build/Build/Intermediates.noindex/ArchiveIntermediates/Hence/IntermediateBuildFilesPath/UninstalledProducts/iphoneos/StripePaymentSheetBundle.bundle/ja.lproj ➜ ../../../../../var/folders/g3/pffjr_y96bq06blnkf72x_hw0000gn/T/eas-build-local-nodejs/e3c2f18c-efa8-490a-a480-4ca7aa049eaa/build/ios/Pods/StripePaymentSheet/StripePaymentSheet/StripePaymentSheet/Resources/Localizations/ja.lproj
build	Build iOS Locally on Free Cloud Mac	2026-08-22T22:41:35.3533800Z [RUN_FASTLANE] › Copying   ios/build/Build/Intermediates.noindex/ArchiveIntermediates/Hence/IntermediateBuildFilesPath/UninstalledProducts/iphoneos/StripePaymentSheetBundle.bundle/it.lproj ➜ ../../../../../var/folders/g3/pffjr_y96bq06blnkf72x_hw0000gn/T/eas-build-local-nodejs/e3c2f18c-efa8-490a-a480-4ca7aa049eaa/build/ios/Pods/StripePaymentSheet/StripePaymentSheet/StripePaymentSheet/Resources/Localizations/it.lproj
build	Build iOS Locally on Free Cloud Mac	2026-08-22T22:41:35.3638120Z [RUN_FASTLANE] › Copying   ios/build/Build/Intermediates.noindex/ArchiveIntermediates/Hence/IntermediateBuildFilesPath/UninstalledProducts/iphoneos/StripePaymentSheetBundle.bundle/id.lproj ➜ ../../../../../var/folders/g3/pffjr_y96bq06blnkf72x_hw0000gn/T/eas-build-local-nodejs/e3c2f18c-efa8-490a-a480-4ca7aa049eaa/build/ios/Pods/StripePaymentSheet/StripePaymentSheet/StripePaymentSheet/Resources/Localizations/id.lproj
build	Build iOS Locally on Free Cloud Mac	2026-08-22T22:41:35.3742440Z [RUN_FASTLANE] › Copying   ios/build/Build/Intermediates.noindex/ArchiveIntermediates/Hence/IntermediateBuildFilesPath/UninstalledProducts/iphoneos/StripePaymentSheetBundle.bundle/hu.lproj ➜ ../../../../../var/folders/g3/pffjr_y96bq06blnkf72x_hw0000gn/T/eas-build-local-nodejs/e3c2f18c-efa8-490a-a480-4ca7aa049eaa/build/ios/Pods/StripePaymentSheet/StripePaymentSheet/StripePaymentSheet/Resources/Localizations/hu.lproj
build	Build iOS Locally on Free Cloud Mac	2026-08-22T22:41:35.3847700Z [RUN_FASTLANE] › Copying   ios/build/Build/Intermediates.noindex/ArchiveIntermediates/Hence/IntermediateBuildFilesPath/UninstalledProducts/iphoneos/StripePaymentSheetBundle.bundle/hr.lproj ➜ ../../../../../var/folders/g3/pffjr_y96bq06blnkf72x_hw0000gn/T/eas-build-local-nodejs/e3c2f18c-efa8-490a-a480-4ca7aa049eaa/build/ios/Pods/StripePaymentSheet/StripePaymentSheet/StripePaymentSheet/Resources/Localizations/hr.lproj
build	Build iOS Locally on Free Cloud Mac	2026-08-22T22:41:35.3953100Z [RUN_FASTLANE] › Copying   ios/build/Build/Intermediates.noindex/ArchiveIntermediates/Hence/IntermediateBuildFilesPath/UninstalledProducts/iphoneos/StripePaymentSheetBundle.bundle/fr.lproj ➜ ../../../../../var/folders/g3/pffjr_y96bq06blnkf72x_hw0000gn/T/eas-build-local-nodejs/e3c2f18c-efa8-490a-a480-4ca7aa049eaa/build/ios/Pods/StripePaymentSheet/StripePaymentSheet/StripePaymentSheet/Resources/Localizations/fr.lproj
build	Build iOS Locally on Free Cloud Mac	2026-08-22T22:41:35.4069050Z [RUN_FASTLANE] › Copying   ios/build/Build/Intermediates.noindex/ArchiveIntermediates/Hence/IntermediateBuildFilesPath/UninstalledProducts/iphoneos/StripePaymentSheetBundle.bundle/fr-CA.lproj ➜ ../../../../../var/folders/g3/pffjr_y96bq06blnkf72x_hw0000gn/T/eas-build-local-nodejs/e3c2f18c-efa8-490a-a480-4ca7aa049eaa/build/ios/Pods/StripePaymentSheet/StripePaymentSheet/StripePaymentSheet/Resources/Localizations/fr-CA.lproj
build	Build iOS Locally on Free Cloud Mac	2026-08-22T22:41:35.4173650Z [RUN_FASTLANE] › Copying   ios/build/Build/Intermediates.noindex/ArchiveIntermediates/Hence/IntermediateBuildFilesPath/UninstalledProducts/iphoneos/StripePaymentSheetBundle.bundle/form_specs.json ➜ ../../../../../var/folders/g3/pffjr_y96bq06blnkf72x_hw0000gn/T/eas-build-local-nodejs/e3c2f18c-efa8-490a-a480-4ca7aa049eaa/build/ios/Pods/StripePaymentSheet/StripePaymentSheet/StripePaymentSheet/Resources/JSON/form_specs.json
build	Build iOS Locally on Free Cloud Mac	2026-08-22T22:41:35.4278380Z [RUN_FASTLANE] › Copying   ios/build/Build/Intermediates.noindex/ArchiveIntermediates/Hence/IntermediateBuildFilesPath/UninstalledProducts/iphoneos/StripePaymentSheetBundle.bundle/fil.lproj ➜ ../../../../../var/folders/g3/pffjr_y96bq06blnkf72x_hw0000gn/T/eas-build-local-nodejs/e3c2f18c-efa8-490a-a480-4ca7aa049eaa/build/ios/Pods/StripePaymentSheet/StripePaymentSheet/StripePaymentSheet/Resources/Localizations/fil.lproj
build	Build iOS Locally on Free Cloud Mac	2026-08-22T22:41:35.4383380Z [RUN_FASTLANE] › Copying   ios/build/Build/Intermediates.noindex/ArchiveIntermediates/Hence/IntermediateBuildFilesPath/UninstalledProducts/iphoneos/StripePaymentSheetBundle.bundle/fi.lproj ➜ ../../../../../var/folders/g3/pffjr_y96bq06blnkf72x_hw0000gn/T/eas-build-local-nodejs/e3c2f18c-efa8-490a-a480-4ca7aa049eaa/build/ios/Pods/StripePaymentSheet/StripePaymentSheet/StripePaymentSheet/Resources/Localizations/fi.lproj
build	Build iOS Locally on Free Cloud Mac	2026-08-22T22:41:35.4493570Z [RUN_FASTLANE] › Copying   ios/build/Build/Intermediates.noindex/ArchiveIntermediates/Hence/IntermediateBuildFilesPath/UninstalledProducts/iphoneos/StripePaymentSheetBundle.bundle/et-EE.lproj ➜ ../../../../../var/folders/g3/pffjr_y96bq06blnkf72x_hw0000gn/T/eas-build-local-nodejs/e3c2f18c-efa8-490a-a480-4ca7aa049eaa/build/ios/Pods/StripePaymentSheet/StripePaymentSheet/StripePaymentSheet/Resources/Localizations/et-EE.lproj
build	Build iOS Locally on Free Cloud Mac	2026-08-22T22:41:35.4601530Z [RUN_FASTLANE] › Copying   ios/build/Build/Intermediates.noindex/ArchiveIntermediates/Hence/IntermediateBuildFilesPath/UninstalledProducts/iphoneos/StripePaymentSheetBundle.bundle/es.lproj ➜ ../../../../../var/folders/g3/pffjr_y96bq06blnkf72x_hw0000gn/T/eas-build-local-nodejs/e3c2f18c-efa8-490a-a480-4ca7aa049eaa/build/ios/Pods/StripePaymentSheet/StripePaymentSheet/StripePaymentSheet/Resources/Localizations/es.lproj
build	Build iOS Locally on Free Cloud Mac	2026-08-22T22:41:35.4605200Z [RUN_FASTLANE] › Copying   ios/build/Build/Intermediates.noindex/ArchiveIntermediates/Hence/IntermediateBuildFilesPath/UninstalledProducts/iphoneos/StripePaymentSheetBundle.bundle/es-419.lproj ➜ ../../../../../var/folders/g3/pffjr_y96bq06blnkf72x_hw0000gn/T/eas-build-local-nodejs/e3c2f18c-efa8-490a-a480-4ca7aa049eaa/build/ios/Pods/StripePaymentSheet/StripePaymentSheet/StripePaymentSheet/Resources/Localizations/es-419.lproj
build	Build iOS Locally on Free Cloud Mac	2026-08-22T22:41:35.4719700Z [RUN_FASTLANE] › Copying   ios/build/Build/Intermediates.noindex/ArchiveIntermediates/Hence/IntermediateBuildFilesPath/UninstalledProducts/iphoneos/StripePaymentSheetBundle.bundle/en.lproj ➜ ../../../../../var/folders/g3/pffjr_y96bq06blnkf72x_hw0000gn/T/eas-build-local-nodejs/e3c2f18c-efa8-490a-a480-4ca7aa049eaa/build/ios/Pods/StripePaymentSheet/StripePaymentSheet/StripePaymentSheet/Resources/Localizations/en.lproj
build	Build iOS Locally on Free Cloud Mac	2026-08-22T22:41:35.4826750Z [RUN_FASTLANE] › Copying   ios/build/Build/Intermediates.noindex/ArchiveIntermediates/Hence/IntermediateBuildFilesPath/UninstalledProducts/iphoneos/StripePaymentSheetBundle.bundle/en-GB.lproj ➜ ../../../../../var/folders/g3/pffjr_y96bq06blnkf72x_hw0000gn/T/eas-build-local-nodejs/e3c2f18c-efa8-490a-a480-4ca7aa049eaa/build/ios/Pods/StripePaymentSheet/StripePaymentSheet/StripePaymentSheet/Resources/Localizations/en-GB.lproj
build	Build iOS Locally on Free Cloud Mac	2026-08-22T22:41:35.4931100Z [RUN_FASTLANE] › Copying   ios/build/Build/Intermediates.noindex/ArchiveIntermediates/Hence/IntermediateBuildFilesPath/UninstalledProducts/iphoneos/StripePaymentSheetBundle.bundle/el-GR.lproj ➜ ../../../../../var/folders/g3/pffjr_y96bq06blnkf72x_hw0000gn/T/eas-build-local-nodejs/e3c2f18c-efa8-490a-a480-4ca7aa049eaa/build/ios/Pods/StripePaymentSheet/StripePaymentSheet/StripePaymentSheet/Resources/Localizations/el-GR.lproj
build	Build iOS Locally on Free Cloud Mac	2026-08-22T22:41:35.5007470Z [RUN_FASTLANE] › Copying   ios/build/Build/Intermediates.noindex/ArchiveIntermediates/Hence/IntermediateBuildFilesPath/UninstalledProducts/iphoneos/StripePaymentSheetBundle.bundle/de.lproj ➜ ../../../../../var/folders/g3/pffjr_y96bq06blnkf72x_hw0000gn/T/eas-build-local-nodejs/e3c2f18c-efa8-490a-a480-4ca7aa049eaa/build/ios/Pods/StripePaymentSheet/StripePaymentSheet/StripePaymentSheet/Resources/Localizations/de.lproj
build	Build iOS Locally on Free Cloud Mac	2026-08-22T22:41:35.5116390Z [RUN_FASTLANE] › Copying   ios/build/Build/Intermediates.noindex/ArchiveIntermediates/Hence/IntermediateBuildFilesPath/UninstalledProducts/iphoneos/StripePaymentSheetBundle.bundle/da.lproj ➜ ../../../../../var/folders/g3/pffjr_y96bq06blnkf72x_hw0000gn/T/eas-build-local-nodejs/e3c2f18c-efa8-490a-a480-4ca7aa049eaa/build/ios/Pods/StripePaymentSheet/StripePaymentSheet/StripePaymentSheet/Resources/Localizations/da.lproj
build	Build iOS Locally on Free Cloud Mac	2026-08-22T22:41:35.5223560Z [RUN_FASTLANE] › Copying   ios/build/Build/Intermediates.noindex/ArchiveIntermediates/Hence/IntermediateBuildFilesPath/UninstalledProducts/iphoneos/StripePaymentSheetBundle.bundle/cs-CZ.lproj ➜ ../../../../../var/folders/g3/pffjr_y96bq06blnkf72x_hw0000gn/T/eas-build-local-nodejs/e3c2f18c-efa8-490a-a480-4ca7aa049eaa/build/ios/Pods/StripePaymentSheet/StripePaymentSheet/StripePaymentSheet/Resources/Localizations/cs-CZ.lproj
build	Build iOS Locally on Free Cloud Mac	2026-08-22T22:41:35.5327760Z [RUN_FASTLANE] › Copying   ios/build/Build/Intermediates.noindex/ArchiveIntermediates/Hence/IntermediateBuildFilesPath/UninstalledProducts/iphoneos/StripePaymentSheetBundle.bundle/ca-ES.lproj ➜ ../../../../../var/folders/g3/pffjr_y96bq06blnkf72x_hw0000gn/T/eas-build-local-nodejs/e3c2f18c-efa8-490a-a480-4ca7aa049eaa/build/ios/Pods/StripePaymentSheet/StripePaymentSheet/StripePaymentSheet/Resources/Localizations/ca-ES.lproj
build	Build iOS Locally on Free Cloud Mac	2026-08-22T22:41:35.5432680Z [RUN_FASTLANE] › Copying   ios/build/Build/Intermediates.noindex/ArchiveIntermediates/Hence/IntermediateBuildFilesPath/UninstalledProducts/iphoneos/StripePaymentSheetBundle.bundle/bg-BG.lproj ➜ ../../../../../var/folders/g3/pffjr_y96bq06blnkf72x_hw0000gn/T/eas-build-local-nodejs/e3c2f18c-efa8-490a-a480-4ca7aa049eaa/build/ios/Pods/StripePaymentSheet/StripePaymentSheet/StripePaymentSheet/Resources/Localizations/bg-BG.lproj
build	Build iOS Locally on Free Cloud Mac	2026-08-22T22:41:35.5536920Z [RUN_FASTLANE] › Copying   ios/build/Build/Intermediates.noindex/ArchiveIntermediates/Hence/IntermediateBuildFilesPath/UninstalledProducts/iphoneos/StripePaymentSheetBundle.bundle/PrivacyInfo.xcprivacy ➜ ../../../../../var/folders/g3/pffjr_y96bq06blnkf72x_hw0000gn/T/eas-build-local-nodejs/e3c2f18c-efa8-490a-a480-4ca7aa049eaa/build/ios/Pods/StripePaymentSheet/StripePaymentSheet/StripePaymentSheet/PrivacyInfo.xcprivacy
build	Build iOS Locally on Free Cloud Mac	2026-08-22T22:41:35.5640100Z [RUN_FASTLANE] › Preparing Pods/StripeFinancialConnections-StripeFinancialConnectionsBundle » ResourceBundle-StripeFinancialConnectionsBundle-StripeFinancialConnections-Info.plist
build	Build iOS Locally on Free Cloud Mac	2026-08-22T22:41:35.5747170Z [RUN_FASTLANE] › Copying   ios/build/Build/Intermediates.noindex/ArchiveIntermediates/Hence/IntermediateBuildFilesPath/UninstalledProducts/iphoneos/StripeFinancialConnectionsBundle.bundle/zh-Hant.lproj ➜ ../../../../../var/folders/g3/pffjr_y96bq06blnkf72x_hw0000gn/T/eas-build-local-nodejs/e3c2f18c-efa8-490a-a480-4ca7aa049eaa/build/ios/Pods/StripeFinancialConnections/StripeFinancialConnections/StripeFinancialConnections/Resources/Localizations/zh-Hant.lproj
build	Build iOS Locally on Free Cloud Mac	2026-08-22T22:41:35.5854530Z [RUN_FASTLANE] › Copying   ios/build/Build/Intermediates.noindex/ArchiveIntermediates/Hence/IntermediateBuildFilesPath/UninstalledProducts/iphoneos/StripeFinancialConnectionsBundle.bundle/zh-Hans.lproj ➜ ../../../../../var/folders/g3/pffjr_y96bq06blnkf72x_hw0000gn/T/eas-build-local-nodejs/e3c2f18c-efa8-490a-a480-4ca7aa049eaa/build/ios/Pods/StripeFinancialConnections/StripeFinancialConnections/StripeFinancialConnections/Resources/Localizations/zh-Hans.lproj
build	Build iOS Locally on Free Cloud Mac	2026-08-22T22:41:35.5967770Z [RUN_FASTLANE] › Copying   ios/build/Build/Intermediates.noindex/ArchiveIntermediates/Hence/IntermediateBuildFilesPath/UninstalledProducts/iphoneos/StripeFinancialConnectionsBundle.bundle/zh-HK.lproj ➜ ../../../../../var/folders/g3/pffjr_y96bq06blnkf72x_hw0000gn/T/eas-build-local-nodejs/e3c2f18c-efa8-490a-a480-4ca7aa049eaa/build/ios/Pods/StripeFinancialConnections/StripeFinancialConnections/StripeFinancialConnections/Resources/Localizations/zh-HK.lproj
build	Build iOS Locally on Free Cloud Mac	2026-08-22T22:41:35.6073740Z [RUN_FASTLANE] › Copying   ios/build/Build/Intermediates.noindex/ArchiveIntermediates/Hence/IntermediateBuildFilesPath/UninstalledProducts/iphoneos/StripeFinancialConnectionsBundle.bundle/vi.lproj ➜ ../../../../../var/folders/g3/pffjr_y96bq06blnkf72x_hw0000gn/T/eas-build-local-nodejs/e3c2f18c-efa8-490a-a480-4ca7aa049eaa/build/ios/Pods/StripeFinancialConnections/StripeFinancialConnections/StripeFinancialConnections/Resources/Localizations/vi.lproj
build	Build iOS Locally on Free Cloud Mac	2026-08-22T22:41:35.6182000Z [RUN_FASTLANE] › Copying   ios/build/Build/Intermediates.noindex/ArchiveIntermediates/Hence/IntermediateBuildFilesPath/UninstalledProducts/iphoneos/StripeFinancialConnectionsBundle.bundle/tr.lproj ➜ ../../../../../var/folders/g3/pffjr_y96bq06blnkf72x_hw0000gn/T/eas-build-local-nodejs/e3c2f18c-efa8-490a-a480-4ca7aa049eaa/build/ios/Pods/StripeFinancialConnections/StripeFinancialConnections/StripeFinancialConnections/Resources/Localizations/tr.lproj
build	Build iOS Locally on Free Cloud Mac	2026-08-22T22:41:35.6288580Z [RUN_FASTLANE] › Copying   ios/build/Build/Intermediates.noindex/ArchiveIntermediates/Hence/IntermediateBuildFilesPath/UninstalledProducts/iphoneos/StripeFinancialConnectionsBundle.bundle/th.lproj ➜ ../../../../../var/folders/g3/pffjr_y96bq06blnkf72x_hw0000gn/T/eas-build-local-nodejs/e3c2f18c-efa8-490a-a480-4ca7aa049eaa/build/ios/Pods/StripeFinancialConnections/StripeFinancialConnections/StripeFinancialConnections/Resources/Localizations/th.lproj
build	Build iOS Locally on Free Cloud Mac	2026-08-22T22:41:35.6394560Z [RUN_FASTLANE] › Copying   ios/build/Build/Intermediates.noindex/ArchiveIntermediates/Hence/IntermediateBuildFilesPath/UninstalledProducts/iphoneos/StripeFinancialConnectionsBundle.bundle/sv.lproj ➜ ../../../../../var/folders/g3/pffjr_y96bq06blnkf72x_hw0000gn/T/eas-build-local-nodejs/e3c2f18c-efa8-490a-a480-4ca7aa049eaa/build/ios/Pods/StripeFinancialConnections/StripeFinancialConnections/StripeFinancialConnections/Resources/Localizations/sv.lproj
build	Build iOS Locally on Free Cloud Mac	2026-08-22T22:41:35.6498930Z [RUN_FASTLANE] › Copying   ios/build/Build/Intermediates.noindex/ArchiveIntermediates/Hence/IntermediateBuildFilesPath/UninstalledProducts/iphoneos/StripeFinancialConnectionsBundle.bundle/sl-SI.lproj ➜ ../../../../../var/folders/g3/pffjr_y96bq06blnkf72x_hw0000gn/T/eas-build-local-nodejs/e3c2f18c-efa8-490a-a480-4ca7aa049eaa/build/ios/Pods/StripeFinancialConnections/StripeFinancialConnections/StripeFinancialConnections/Resources/Localizations/sl-SI.lproj
build	Build iOS Locally on Free Cloud Mac	2026-08-22T22:41:35.6603370Z [RUN_FASTLANE] › Copying   ios/build/Build/Intermediates.noindex/ArchiveIntermediates/Hence/IntermediateBuildFilesPath/UninstalledProducts/iphoneos/StripeFinancialConnectionsBundle.bundle/sk-SK.lproj ➜ ../../../../../var/folders/g3/pffjr_y96bq06blnkf72x_hw0000gn/T/eas-build-local-nodejs/e3c2f18c-efa8-490a-a480-4ca7aa049eaa/build/ios/Pods/StripeFinancialConnections/StripeFinancialConnections/StripeFinancialConnections/Resources/Localizations/sk-SK.lproj
build	Build iOS Locally on Free Cloud Mac	2026-08-22T22:41:35.6755240Z [RUN_FASTLANE] › Copying   ios/build/Build/Intermediates.noindex/ArchiveIntermediates/Hence/IntermediateBuildFilesPath/UninstalledProducts/iphoneos/StripeFinancialConnectionsBundle.bundle/ru.lproj ➜ ../../../../../var/folders/g3/pffjr_y96bq06blnkf72x_hw0000gn/T/eas-build-local-nodejs/e3c2f18c-efa8-490a-a480-4ca7aa049eaa/build/ios/Pods/StripeFinancialConnections/StripeFinancialConnections/StripeFinancialConnections/Resources/Localizations/ru.lproj
build	Build iOS Locally on Free Cloud Mac	2026-08-22T22:41:35.6860530Z [RUN_FASTLANE] › Copying   ios/build/Build/Intermediates.noindex/ArchiveIntermediates/Hence/IntermediateBuildFilesPath/UninstalledProducts/iphoneos/StripeFinancialConnectionsBundle.bundle/ro-RO.lproj ➜ ../../../../../var/folders/g3/pffjr_y96bq06blnkf72x_hw0000gn/T/eas-build-local-nodejs/e3c2f18c-efa8-490a-a480-4ca7aa049eaa/build/ios/Pods/StripeFinancialConnections/StripeFinancialConnections/StripeFinancialConnections/Resources/Localizations/ro-RO.lproj
build	Build iOS Locally on Free Cloud Mac	2026-08-22T22:41:35.6864010Z [RUN_FASTLANE] › Copying   ios/build/Build/Intermediates.noindex/ArchiveIntermediates/Hence/IntermediateBuildFilesPath/UninstalledProducts/iphoneos/StripeFinancialConnectionsBundle.bundle/pt-PT.lproj ➜ ../../../../../var/folders/g3/pffjr_y96bq06blnkf72x_hw0000gn/T/eas-build-local-nodejs/e3c2f18c-efa8-490a-a480-4ca7aa049eaa/build/ios/Pods/StripeFinancialConnections/StripeFinancialConnections/StripeFinancialConnections/Resources/Localizations/pt-PT.lproj
build	Build iOS Locally on Free Cloud Mac	2026-08-22T22:41:35.6968340Z [RUN_FASTLANE] › Copying   ios/build/Build/Intermediates.noindex/ArchiveIntermediates/Hence/IntermediateBuildFilesPath/UninstalledProducts/iphoneos/StripeFinancialConnectionsBundle.bundle/pt-BR.lproj ➜ ../../../../../var/folders/g3/pffjr_y96bq06blnkf72x_hw0000gn/T/eas-build-local-nodejs/e3c2f18c-efa8-490a-a480-4ca7aa049eaa/build/ios/Pods/StripeFinancialConnections/StripeFinancialConnections/StripeFinancialConnections/Resources/Localizations/pt-BR.lproj
build	Build iOS Locally on Free Cloud Mac	2026-08-22T22:41:35.7082350Z [RUN_FASTLANE] › Copying   ios/build/Build/Intermediates.noindex/ArchiveIntermediates/Hence/IntermediateBuildFilesPath/UninstalledProducts/iphoneos/StripeFinancialConnectionsBundle.bundle/pl-PL.lproj ➜ ../../../../../var/folders/g3/pffjr_y96bq06blnkf72x_hw0000gn/T/eas-build-local-nodejs/e3c2f18c-efa8-490a-a480-4ca7aa049eaa/build/ios/Pods/StripeFinancialConnections/StripeFinancialConnections/StripeFinancialConnections/Resources/Localizations/pl-PL.lproj
build	Build iOS Locally on Free Cloud Mac	2026-08-22T22:41:35.7212200Z [RUN_FASTLANE] › Copying   ios/build/Build/Intermediates.noindex/ArchiveIntermediates/Hence/IntermediateBuildFilesPath/UninstalledProducts/iphoneos/StripeFinancialConnectionsBundle.bundle/nn-NO.lproj ➜ ../../../../../var/folders/g3/pffjr_y96bq06blnkf72x_hw0000gn/T/eas-build-local-nodejs/e3c2f18c-efa8-490a-a480-4ca7aa049eaa/build/ios/Pods/StripeFinancialConnections/StripeFinancialConnections/StripeFinancialConnections/Resources/Localizations/nn-NO.lproj
build	Build iOS Locally on Free Cloud Mac	2026-08-22T22:41:35.7316530Z [RUN_FASTLANE] › Copying   ios/build/Build/Intermediates.noindex/ArchiveIntermediates/Hence/IntermediateBuildFilesPath/UninstalledProducts/iphoneos/StripeFinancialConnectionsBundle.bundle/nl.lproj ➜ ../../../../../var/folders/g3/pffjr_y96bq06blnkf72x_hw0000gn/T/eas-build-local-nodejs/e3c2f18c-efa8-490a-a480-4ca7aa049eaa/build/ios/Pods/StripeFinancialConnections/StripeFinancialConnections/StripeFinancialConnections/Resources/Localizations/nl.lproj
build	Build iOS Locally on Free Cloud Mac	2026-08-22T22:41:35.7421020Z [RUN_FASTLANE] › Copying   ios/build/Build/Intermediates.noindex/ArchiveIntermediates/Hence/IntermediateBuildFilesPath/UninstalledProducts/iphoneos/StripeFinancialConnectionsBundle.bundle/nb.lproj ➜ ../../../../../var/folders/g3/pffjr_y96bq06blnkf72x_hw0000gn/T/eas-build-local-nodejs/e3c2f18c-efa8-490a-a480-4ca7aa049eaa/build/ios/Pods/StripeFinancialConnections/StripeFinancialConnections/StripeFinancialConnections/Resources/Localizations/nb.lproj
build	Build iOS Locally on Free Cloud Mac	2026-08-22T22:41:35.7527640Z [RUN_FASTLANE] › Copying   ios/build/Build/Intermediates.noindex/ArchiveIntermediates/Hence/IntermediateBuildFilesPath/UninstalledProducts/iphoneos/StripeFinancialConnectionsBundle.bundle/mt.lproj ➜ ../../../../../var/folders/g3/pffjr_y96bq06blnkf72x_hw0000gn/T/eas-build-local-nodejs/e3c2f18c-efa8-490a-a480-4ca7aa049eaa/build/ios/Pods/StripeFinancialConnections/StripeFinancialConnections/StripeFinancialConnections/Resources/Localizations/mt.lproj
build	Build iOS Locally on Free Cloud Mac	2026-08-22T22:41:35.7629140Z [RUN_FASTLANE] › Copying   ios/build/Build/Intermediates.noindex/ArchiveIntermediates/Hence/IntermediateBuildFilesPath/UninstalledProducts/iphoneos/StripeFinancialConnectionsBundle.bundle/ms-MY.lproj ➜ ../../../../../var/folders/g3/pffjr_y96bq06blnkf72x_hw0000gn/T/eas-build-local-nodejs/e3c2f18c-efa8-490a-a480-4ca7aa049eaa/build/ios/Pods/StripeFinancialConnections/StripeFinancialConnections/StripeFinancialConnections/Resources/Localizations/ms-MY.lproj
build	Build iOS Locally on Free Cloud Mac	2026-08-22T22:41:35.7733370Z [RUN_FASTLANE] › Copying   ios/build/Build/Intermediates.noindex/ArchiveIntermediates/Hence/IntermediateBuildFilesPath/UninstalledProducts/iphoneos/StripeFinancialConnectionsBundle.bundle/lv-LV.lproj ➜ ../../../../../var/folders/g3/pffjr_y96bq06blnkf72x_hw0000gn/T/eas-build-local-nodejs/e3c2f18c-efa8-490a-a480-4ca7aa049eaa/build/ios/Pods/StripeFinancialConnections/StripeFinancialConnections/StripeFinancialConnections/Resources/Localizations/lv-LV.lproj
build	Build iOS Locally on Free Cloud Mac	2026-08-22T22:41:35.7837720Z [RUN_FASTLANE] › Copying   ios/build/Build/Intermediates.noindex/ArchiveIntermediates/Hence/IntermediateBuildFilesPath/UninstalledProducts/iphoneos/StripeFinancialConnectionsBundle.bundle/lt-LT.lproj ➜ ../../../../../var/folders/g3/pffjr_y96bq06blnkf72x_hw0000gn/T/eas-build-local-nodejs/e3c2f18c-efa8-490a-a480-4ca7aa049eaa/build/ios/Pods/StripeFinancialConnections/StripeFinancialConnections/StripeFinancialConnections/Resources/Localizations/lt-LT.lproj
build	Build iOS Locally on Free Cloud Mac	2026-08-22T22:41:35.7942520Z [RUN_FASTLANE] › Copying   ios/build/Build/Intermediates.noindex/ArchiveIntermediates/Hence/IntermediateBuildFilesPath/UninstalledProducts/iphoneos/StripeFinancialConnectionsBundle.bundle/ko.lproj ➜ ../../../../../var/folders/g3/pffjr_y96bq06blnkf72x_hw0000gn/T/eas-build-local-nodejs/e3c2f18c-efa8-490a-a480-4ca7aa049eaa/build/ios/Pods/StripeFinancialConnections/StripeFinancialConnections/StripeFinancialConnections/Resources/Localizations/ko.lproj
build	Build iOS Locally on Free Cloud Mac	2026-08-22T22:41:35.8046900Z [RUN_FASTLANE] › Copying   ios/build/Build/Intermediates.noindex/ArchiveIntermediates/Hence/IntermediateBuildFilesPath/UninstalledProducts/iphoneos/StripeFinancialConnectionsBundle.bundle/ja.lproj ➜ ../../../../../var/folders/g3/pffjr_y96bq06blnkf72x_hw0000gn/T/eas-build-local-nodejs/e3c2f18c-efa8-490a-a480-4ca7aa049eaa/build/ios/Pods/StripeFinancialConnections/StripeFinancialConnections/StripeFinancialConnections/Resources/Localizations/ja.lproj
build	Build iOS Locally on Free Cloud Mac	2026-08-22T22:41:35.8151190Z [RUN_FASTLANE] › Copying   ios/build/Build/Intermediates.noindex/ArchiveIntermediates/Hence/IntermediateBuildFilesPath/UninstalledProducts/iphoneos/StripeFinancialConnectionsBundle.bundle/it.lproj ➜ ../../../../../var/folders/g3/pffjr_y96bq06blnkf72x_hw0000gn/T/eas-build-local-nodejs/e3c2f18c-efa8-490a-a480-4ca7aa049eaa/build/ios/Pods/StripeFinancialConnections/StripeFinancialConnections/StripeFinancialConnections/Resources/Localizations/it.lproj
build	Build iOS Locally on Free Cloud Mac	2026-08-22T22:41:35.8255790Z [RUN_FASTLANE] › Copying   ios/build/Build/Intermediates.noindex/ArchiveIntermediates/Hence/IntermediateBuildFilesPath/UninstalledProducts/iphoneos/StripeFinancialConnectionsBundle.bundle/id.lproj ➜ ../../../../../var/folders/g3/pffjr_y96bq06blnkf72x_hw0000gn/T/eas-build-local-nodejs/e3c2f18c-efa8-490a-a480-4ca7aa049eaa/build/ios/Pods/StripeFinancialConnections/StripeFinancialConnections/StripeFinancialConnections/Resources/Localizations/id.lproj
build	Build iOS Locally on Free Cloud Mac	2026-08-22T22:41:35.8357900Z [RUN_FASTLANE] › Copying   ios/build/Build/Intermediates.noindex/ArchiveIntermediates/Hence/IntermediateBuildFilesPath/UninstalledProducts/iphoneos/StripeFinancialConnectionsBundle.bundle/hu.lproj ➜ ../../../../../var/folders/g3/pffjr_y96bq06blnkf72x_hw0000gn/T/eas-build-local-nodejs/e3c2f18c-efa8-490a-a480-4ca7aa049eaa/build/ios/Pods/StripeFinancialConnections/StripeFinancialConnections/StripeFinancialConnections/Resources/Localizations/hu.lproj
build	Build iOS Locally on Free Cloud Mac	2026-08-22T22:41:35.8460850Z [RUN_FASTLANE] › Copying   ios/build/Build/Intermediates.noindex/ArchiveIntermediates/Hence/IntermediateBuildFilesPath/UninstalledProducts/iphoneos/StripeFinancialConnectionsBundle.bundle/hr.lproj ➜ ../../../../../var/folders/g3/pffjr_y96bq06blnkf72x_hw0000gn/T/eas-build-local-nodejs/e3c2f18c-efa8-490a-a480-4ca7aa049eaa/build/ios/Pods/StripeFinancialConnections/StripeFinancialConnections/StripeFinancialConnections/Resources/Localizations/hr.lproj
build	Build iOS Locally on Free Cloud Mac	2026-08-22T22:41:35.8567320Z [RUN_FASTLANE] › Copying   ios/build/Build/Intermediates.noindex/ArchiveIntermediates/Hence/IntermediateBuildFilesPath/UninstalledProducts/iphoneos/StripeFinancialConnectionsBundle.bundle/fr.lproj ➜ ../../../../../var/folders/g3/pffjr_y96bq06blnkf72x_hw0000gn/T/eas-build-local-nodejs/e3c2f18c-efa8-490a-a480-4ca7aa049eaa/build/ios/Pods/StripeFinancialConnections/StripeFinancialConnections/StripeFinancialConnections/Resources/Localizations/fr.lproj
build	Build iOS Locally on Free Cloud Mac	2026-08-22T22:41:35.8671940Z [RUN_FASTLANE] › Copying   ios/build/Build/Intermediates.noindex/ArchiveIntermediates/Hence/IntermediateBuildFilesPath/UninstalledProducts/iphoneos/StripeFinancialConnectionsBundle.bundle/fr-CA.lproj ➜ ../../../../../var/folders/g3/pffjr_y96bq06blnkf72x_hw0000gn/T/eas-build-local-nodejs/e3c2f18c-efa8-490a-a480-4ca7aa049eaa/build/ios/Pods/StripeFinancialConnections/StripeFinancialConnections/StripeFinancialConnections/Resources/Localizations/fr-CA.lproj
build	Build iOS Locally on Free Cloud Mac	2026-08-22T22:41:35.8776900Z [RUN_FASTLANE] › Copying   ios/build/Build/Intermediates.noindex/ArchiveIntermediates/Hence/IntermediateBuildFilesPath/UninstalledProducts/iphoneos/StripeFinancialConnectionsBundle.bundle/fil.lproj ➜ ../../../../../var/folders/g3/pffjr_y96bq06blnkf72x_hw0000gn/T/eas-build-local-nodejs/e3c2f18c-efa8-490a-a480-4ca7aa049eaa/build/ios/Pods/StripeFinancialConnections/StripeFinancialConnections/StripeFinancialConnections/Resources/Localizations/fil.lproj
build	Build iOS Locally on Free Cloud Mac	2026-08-22T22:41:35.8881250Z [RUN_FASTLANE] › Copying   ios/build/Build/Intermediates.noindex/ArchiveIntermediates/Hence/IntermediateBuildFilesPath/UninstalledProducts/iphoneos/StripeFinancialConnectionsBundle.bundle/fi.lproj ➜ ../../../../../var/folders/g3/pffjr_y96bq06blnkf72x_hw0000gn/T/eas-build-local-nodejs/e3c2f18c-efa8-490a-a480-4ca7aa049eaa/build/ios/Pods/StripeFinancialConnections/StripeFinancialConnections/StripeFinancialConnections/Resources/Localizations/fi.lproj
build	Build iOS Locally on Free Cloud Mac	2026-08-22T22:41:35.8985610Z [RUN_FASTLANE] › Copying   ios/build/Build/Intermediates.noindex/ArchiveIntermediates/Hence/IntermediateBuildFilesPath/UninstalledProducts/iphoneos/StripeFinancialConnectionsBundle.bundle/et-EE.lproj ➜ ../../../../../var/folders/g3/pffjr_y96bq06blnkf72x_hw0000gn/T/eas-build-local-nodejs/e3c2f18c-efa8-490a-a480-4ca7aa049eaa/build/ios/Pods/StripeFinancialConnections/StripeFinancialConnections/StripeFinancialConnections/Resources/Localizations/et-EE.lproj
build	Build iOS Locally on Free Cloud Mac	2026-08-22T22:41:35.9091010Z [RUN_FASTLANE] › Copying   ios/build/Build/Intermediates.noindex/ArchiveIntermediates/Hence/IntermediateBuildFilesPath/UninstalledProducts/iphoneos/StripeFinancialConnectionsBundle.bundle/es.lproj ➜ ../../../../../var/folders/g3/pffjr_y96bq06blnkf72x_hw0000gn/T/eas-build-local-nodejs/e3c2f18c-efa8-490a-a480-4ca7aa049eaa/build/ios/Pods/StripeFinancialConnections/StripeFinancialConnections/StripeFinancialConnections/Resources/Localizations/es.lproj
build	Build iOS Locally on Free Cloud Mac	2026-08-22T22:41:35.9195340Z [RUN_FASTLANE] › Copying   ios/build/Build/Intermediates.noindex/ArchiveIntermediates/Hence/IntermediateBuildFilesPath/UninstalledProducts/iphoneos/StripeFinancialConnectionsBundle.bundle/es-419.lproj ➜ ../../../../../var/folders/g3/pffjr_y96bq06blnkf72x_hw0000gn/T/eas-build-local-nodejs/e3c2f18c-efa8-490a-a480-4ca7aa049eaa/build/ios/Pods/StripeFinancialConnections/StripeFinancialConnections/StripeFinancialConnections/Resources/Localizations/es-419.lproj
build	Build iOS Locally on Free Cloud Mac	2026-08-22T22:41:35.9300050Z [RUN_FASTLANE] › Copying   ios/build/Build/Intermediates.noindex/ArchiveIntermediates/Hence/IntermediateBuildFilesPath/UninstalledProducts/iphoneos/StripeFinancialConnectionsBundle.bundle/en.lproj ➜ ../../../../../var/folders/g3/pffjr_y96bq06blnkf72x_hw0000gn/T/eas-build-local-nodejs/e3c2f18c-efa8-490a-a480-4ca7aa049eaa/build/ios/Pods/StripeFinancialConnections/StripeFinancialConnections/StripeFinancialConnections/Resources/Localizations/en.lproj
build	Build iOS Locally on Free Cloud Mac	2026-08-22T22:41:35.9404740Z [RUN_FASTLANE] › Copying   ios/build/Build/Intermediates.noindex/ArchiveIntermediates/Hence/IntermediateBuildFilesPath/UninstalledProducts/iphoneos/StripeFinancialConnectionsBundle.bundle/en-GB.lproj ➜ ../../../../../var/folders/g3/pffjr_y96bq06blnkf72x_hw0000gn/T/eas-build-local-nodejs/e3c2f18c-efa8-490a-a480-4ca7aa049eaa/build/ios/Pods/StripeFinancialConnections/StripeFinancialConnections/StripeFinancialConnections/Resources/Localizations/en-GB.lproj
build	Build iOS Locally on Free Cloud Mac	2026-08-22T22:41:35.9509770Z [RUN_FASTLANE] › Copying   ios/build/Build/Intermediates.noindex/ArchiveIntermediates/Hence/IntermediateBuildFilesPath/UninstalledProducts/iphoneos/StripeFinancialConnectionsBundle.bundle/el-GR.lproj ➜ ../../../../../var/folders/g3/pffjr_y96bq06blnkf72x_hw0000gn/T/eas-build-local-nodejs/e3c2f18c-efa8-490a-a480-4ca7aa049eaa/build/ios/Pods/StripeFinancialConnections/StripeFinancialConnections/StripeFinancialConnections/Resources/Localizations/el-GR.lproj
build	Build iOS Locally on Free Cloud Mac	2026-08-22T22:41:35.9614170Z [RUN_FASTLANE] › Copying   ios/build/Build/Intermediates.noindex/ArchiveIntermediates/Hence/IntermediateBuildFilesPath/UninstalledProducts/iphoneos/StripeFinancialConnectionsBundle.bundle/de.lproj ➜ ../../../../../var/folders/g3/pffjr_y96bq06blnkf72x_hw0000gn/T/eas-build-local-nodejs/e3c2f18c-efa8-490a-a480-4ca7aa049eaa/build/ios/Pods/StripeFinancialConnections/StripeFinancialConnections/StripeFinancialConnections/Resources/Localizations/de.lproj
build	Build iOS Locally on Free Cloud Mac	2026-08-22T22:41:35.9736870Z [RUN_FASTLANE] › Copying   ios/build/Build/Intermediates.noindex/ArchiveIntermediates/Hence/IntermediateBuildFilesPath/UninstalledProducts/iphoneos/StripeFinancialConnectionsBundle.bundle/da.lproj ➜ ../../../../../var/folders/g3/pffjr_y96bq06blnkf72x_hw0000gn/T/eas-build-local-nodejs/e3c2f18c-efa8-490a-a480-4ca7aa049eaa/build/ios/Pods/StripeFinancialConnections/StripeFinancialConnections/StripeFinancialConnections/Resources/Localizations/da.lproj
build	Build iOS Locally on Free Cloud Mac	2026-08-22T22:41:35.9743930Z [RUN_FASTLANE] › Copying   ios/build/Build/Intermediates.noindex/ArchiveIntermediates/Hence/IntermediateBuildFilesPath/UninstalledProducts/iphoneos/StripeFinancialConnectionsBundle.bundle/cs-CZ.lproj ➜ ../../../../../var/folders/g3/pffjr_y96bq06blnkf72x_hw0000gn/T/eas-build-local-nodejs/e3c2f18c-efa8-490a-a480-4ca7aa049eaa/build/ios/Pods/StripeFinancialConnections/StripeFinancialConnections/StripeFinancialConnections/Resources/Localizations/cs-CZ.lproj
build	Build iOS Locally on Free Cloud Mac	2026-08-22T22:41:35.9858600Z [RUN_FASTLANE] › Copying   ios/build/Build/Intermediates.noindex/ArchiveIntermediates/Hence/IntermediateBuildFilesPath/UninstalledProducts/iphoneos/StripeFinancialConnectionsBundle.bundle/ca-ES.lproj ➜ ../../../../../var/folders/g3/pffjr_y96bq06blnkf72x_hw0000gn/T/eas-build-local-nodejs/e3c2f18c-efa8-490a-a480-4ca7aa049eaa/build/ios/Pods/StripeFinancialConnections/StripeFinancialConnections/StripeFinancialConnections/Resources/Localizations/ca-ES.lproj
build	Build iOS Locally on Free Cloud Mac	2026-08-22T22:41:35.9999180Z [RUN_FASTLANE] › Copying   ios/build/Build/Intermediates.noindex/ArchiveIntermediates/Hence/IntermediateBuildFilesPath/UninstalledProducts/iphoneos/StripeFinancialConnectionsBundle.bundle/bg-BG.lproj ➜ ../../../../../var/folders/g3/pffjr_y96bq06blnkf72x_hw0000gn/T/eas-build-local-nodejs/e3c2f18c-efa8-490a-a480-4ca7aa049eaa/build/ios/Pods/StripeFinancialConnections/StripeFinancialConnections/StripeFinancialConnections/Resources/Localizations/bg-BG.lproj
build	Build iOS Locally on Free Cloud Mac	2026-08-22T22:41:36.0104070Z [RUN_FASTLANE] › Copying   ios/build/Build/Intermediates.noindex/ArchiveIntermediates/Hence/IntermediateBuildFilesPath/UninstalledProducts/iphoneos/StripeFinancialConnectionsBundle.bundle/PrivacyInfo.xcprivacy ➜ ../../../../../var/folders/g3/pffjr_y96bq06blnkf72x_hw0000gn/T/eas-build-local-nodejs/e3c2f18c-efa8-490a-a480-4ca7aa049eaa/build/ios/Pods/StripeFinancialConnections/StripeFinancialConnections/StripeFinancialConnections/PrivacyInfo.xcprivacy
build	Build iOS Locally on Free Cloud Mac	2026-08-22T22:41:36.0208090Z [RUN_FASTLANE] › Preparing Pods/StripePayments-Stripe3DS2 » ResourceBundle-Stripe3DS2-StripePayments-Info.plist
build	Build iOS Locally on Free Cloud Mac	2026-08-22T22:41:36.0310760Z [RUN_FASTLANE] › Preparing Pods/StripeCore-StripeCoreBundle » ResourceBundle-StripeCoreBundle-StripeCore-Info.plist
build	Build iOS Locally on Free Cloud Mac	2026-08-22T22:41:36.0414530Z [RUN_FASTLANE] › Copying   ios/build/Build/Intermediates.noindex/ArchiveIntermediates/Hence/IntermediateBuildFilesPath/UninstalledProducts/iphoneos/StripeCoreBundle.bundle/zh-Hant.lproj ➜ ../../../../../var/folders/g3/pffjr_y96bq06blnkf72x_hw0000gn/T/eas-build-local-nodejs/e3c2f18c-efa8-490a-a480-4ca7aa049eaa/build/ios/Pods/StripeCore/StripeCore/StripeCore/Resources/Localizations/zh-Hant.lproj
build	Build iOS Locally on Free Cloud Mac	2026-08-22T22:41:36.0519470Z [RUN_FASTLANE] › Copying   ios/build/Build/Intermediates.noindex/ArchiveIntermediates/Hence/IntermediateBuildFilesPath/UninstalledProducts/iphoneos/StripeCoreBundle.bundle/zh-Hans.lproj ➜ ../../../../../var/folders/g3/pffjr_y96bq06blnkf72x_hw0000gn/T/eas-build-local-nodejs/e3c2f18c-efa8-490a-a480-4ca7aa049eaa/build/ios/Pods/StripeCore/StripeCore/StripeCore/Resources/Localizations/zh-Hans.lproj
build	Build iOS Locally on Free Cloud Mac	2026-08-22T22:41:36.0623970Z [RUN_FASTLANE] › Copying   ios/build/Build/Intermediates.noindex/ArchiveIntermediates/Hence/IntermediateBuildFilesPath/UninstalledProducts/iphoneos/StripeCoreBundle.bundle/zh-HK.lproj ➜ ../../../../../var/folders/g3/pffjr_y96bq06blnkf72x_hw0000gn/T/eas-build-local-nodejs/e3c2f18c-efa8-490a-a480-4ca7aa049eaa/build/ios/Pods/StripeCore/StripeCore/StripeCore/Resources/Localizations/zh-HK.lproj
build	Build iOS Locally on Free Cloud Mac	2026-08-22T22:41:36.0728270Z [RUN_FASTLANE] › Copying   ios/build/Build/Intermediates.noindex/ArchiveIntermediates/Hence/IntermediateBuildFilesPath/UninstalledProducts/iphoneos/StripeCoreBundle.bundle/vi.lproj ➜ ../../../../../var/folders/g3/pffjr_y96bq06blnkf72x_hw0000gn/T/eas-build-local-nodejs/e3c2f18c-efa8-490a-a480-4ca7aa049eaa/build/ios/Pods/StripeCore/StripeCore/StripeCore/Resources/Localizations/vi.lproj
build	Build iOS Locally on Free Cloud Mac	2026-08-22T22:41:36.0832740Z [RUN_FASTLANE] › Copying   ios/build/Build/Intermediates.noindex/ArchiveIntermediates/Hence/IntermediateBuildFilesPath/UninstalledProducts/iphoneos/StripeCoreBundle.bundle/tr.lproj ➜ ../../../../../var/folders/g3/pffjr_y96bq06blnkf72x_hw0000gn/T/eas-build-local-nodejs/e3c2f18c-efa8-490a-a480-4ca7aa049eaa/build/ios/Pods/StripeCore/StripeCore/StripeCore/Resources/Localizations/tr.lproj
build	Build iOS Locally on Free Cloud Mac	2026-08-22T22:41:36.0937300Z [RUN_FASTLANE] › Copying   ios/build/Build/Intermediates.noindex/ArchiveIntermediates/Hence/IntermediateBuildFilesPath/UninstalledProducts/iphoneos/StripeCoreBundle.bundle/th.lproj ➜ ../../../../../var/folders/g3/pffjr_y96bq06blnkf72x_hw0000gn/T/eas-build-local-nodejs/e3c2f18c-efa8-490a-a480-4ca7aa049eaa/build/ios/Pods/StripeCore/StripeCore/StripeCore/Resources/Localizations/th.lproj
build	Build iOS Locally on Free Cloud Mac	2026-08-22T22:41:36.1041220Z [RUN_FASTLANE] › Copying   ios/build/Build/Intermediates.noindex/ArchiveIntermediates/Hence/IntermediateBuildFilesPath/UninstalledProducts/iphoneos/StripeCoreBundle.bundle/sv.lproj ➜ ../../../../../var/folders/g3/pffjr_y96bq06blnkf72x_hw0000gn/T/eas-build-local-nodejs/e3c2f18c-efa8-490a-a480-4ca7aa049eaa/build/ios/Pods/StripeCore/StripeCore/StripeCore/Resources/Localizations/sv.lproj
build	Build iOS Locally on Free Cloud Mac	2026-08-22T22:41:36.1145200Z [RUN_FASTLANE] › Copying   ios/build/Build/Intermediates.noindex/ArchiveIntermediates/Hence/IntermediateBuildFilesPath/UninstalledProducts/iphoneos/StripeCoreBundle.bundle/sl-SI.lproj ➜ ../../../../../var/folders/g3/pffjr_y96bq06blnkf72x_hw0000gn/T/eas-build-local-nodejs/e3c2f18c-efa8-490a-a480-4ca7aa049eaa/build/ios/Pods/StripeCore/StripeCore/StripeCore/Resources/Localizations/sl-SI.lproj
build	Build iOS Locally on Free Cloud Mac	2026-08-22T22:41:36.1148400Z [RUN_FASTLANE] › Copying   ios/build/Build/Intermediates.noindex/ArchiveIntermediates/Hence/IntermediateBuildFilesPath/UninstalledProducts/iphoneos/StripeCoreBundle.bundle/sk-SK.lproj ➜ ../../../../../var/folders/g3/pffjr_y96bq06blnkf72x_hw0000gn/T/eas-build-local-nodejs/e3c2f18c-efa8-490a-a480-4ca7aa049eaa/build/ios/Pods/StripeCore/StripeCore/StripeCore/Resources/Localizations/sk-SK.lproj
build	Build iOS Locally on Free Cloud Mac	2026-08-22T22:41:36.1252530Z [RUN_FASTLANE] › Copying   ios/build/Build/Intermediates.noindex/ArchiveIntermediates/Hence/IntermediateBuildFilesPath/UninstalledProducts/iphoneos/StripeCoreBundle.bundle/ru.lproj ➜ ../../../../../var/folders/g3/pffjr_y96bq06blnkf72x_hw0000gn/T/eas-build-local-nodejs/e3c2f18c-efa8-490a-a480-4ca7aa049eaa/build/ios/Pods/StripeCore/StripeCore/StripeCore/Resources/Localizations/ru.lproj
build	Build iOS Locally on Free Cloud Mac	2026-08-22T22:41:36.1356740Z [RUN_FASTLANE] › Copying   ios/build/Build/Intermediates.noindex/ArchiveIntermediates/Hence/IntermediateBuildFilesPath/UninstalledProducts/iphoneos/StripeCoreBundle.bundle/ro-RO.lproj ➜ ../../../../../var/folders/g3/pffjr_y96bq06blnkf72x_hw0000gn/T/eas-build-local-nodejs/e3c2f18c-efa8-490a-a480-4ca7aa049eaa/build/ios/Pods/StripeCore/StripeCore/StripeCore/Resources/Localizations/ro-RO.lproj
build	Build iOS Locally on Free Cloud Mac	2026-08-22T22:41:36.1461330Z [RUN_FASTLANE] › Copying   ios/build/Build/Intermediates.noindex/ArchiveIntermediates/Hence/IntermediateBuildFilesPath/UninstalledProducts/iphoneos/StripeCoreBundle.bundle/pt-PT.lproj ➜ ../../../../../var/folders/g3/pffjr_y96bq06blnkf72x_hw0000gn/T/eas-build-local-nodejs/e3c2f18c-efa8-490a-a480-4ca7aa049eaa/build/ios/Pods/StripeCore/StripeCore/StripeCore/Resources/Localizations/pt-PT.lproj
build	Build iOS Locally on Free Cloud Mac	2026-08-22T22:41:36.1565460Z [RUN_FASTLANE] › Copying   ios/build/Build/Intermediates.noindex/ArchiveIntermediates/Hence/IntermediateBuildFilesPath/UninstalledProducts/iphoneos/StripeCoreBundle.bundle/pt-BR.lproj ➜ ../../../../../var/folders/g3/pffjr_y96bq06blnkf72x_hw0000gn/T/eas-build-local-nodejs/e3c2f18c-efa8-490a-a480-4ca7aa049eaa/build/ios/Pods/StripeCore/StripeCore/StripeCore/Resources/Localizations/pt-BR.lproj
build	Build iOS Locally on Free Cloud Mac	2026-08-22T22:41:36.1669640Z [RUN_FASTLANE] › Copying   ios/build/Build/Intermediates.noindex/ArchiveIntermediates/Hence/IntermediateBuildFilesPath/UninstalledProducts/iphoneos/StripeCoreBundle.bundle/pl-PL.lproj ➜ ../../../../../var/folders/g3/pffjr_y96bq06blnkf72x_hw0000gn/T/eas-build-local-nodejs/e3c2f18c-efa8-490a-a480-4ca7aa049eaa/build/ios/Pods/StripeCore/StripeCore/StripeCore/Resources/Localizations/pl-PL.lproj
build	Build iOS Locally on Free Cloud Mac	2026-08-22T22:41:36.1779630Z [RUN_FASTLANE] › Copying   ios/build/Build/Intermediates.noindex/ArchiveIntermediates/Hence/IntermediateBuildFilesPath/UninstalledProducts/iphoneos/StripeCoreBundle.bundle/nl.lproj ➜ ../../../../../var/folders/g3/pffjr_y96bq06blnkf72x_hw0000gn/T/eas-build-local-nodejs/e3c2f18c-efa8-490a-a480-4ca7aa049eaa/build/ios/Pods/StripeCore/StripeCore/StripeCore/Resources/Localizations/nl.lproj
build	Build iOS Locally on Free Cloud Mac	2026-08-22T22:41:36.1883390Z [RUN_FASTLANE] › Copying   ios/build/Build/Intermediates.noindex/ArchiveIntermediates/Hence/IntermediateBuildFilesPath/UninstalledProducts/iphoneos/StripeCoreBundle.bundle/nb.lproj ➜ ../../../../../var/folders/g3/pffjr_y96bq06blnkf72x_hw0000gn/T/eas-build-local-nodejs/e3c2f18c-efa8-490a-a480-4ca7aa049eaa/build/ios/Pods/StripeCore/StripeCore/StripeCore/Resources/Localizations/nb.lproj
build	Build iOS Locally on Free Cloud Mac	2026-08-22T22:41:36.1988250Z [RUN_FASTLANE] › Copying   ios/build/Build/Intermediates.noindex/ArchiveIntermediates/Hence/IntermediateBuildFilesPath/UninstalledProducts/iphoneos/StripeCoreBundle.bundle/mt.lproj ➜ ../../../../../var/folders/g3/pffjr_y96bq06blnkf72x_hw0000gn/T/eas-build-local-nodejs/e3c2f18c-efa8-490a-a480-4ca7aa049eaa/build/ios/Pods/StripeCore/StripeCore/StripeCore/Resources/Localizations/mt.lproj
build	Build iOS Locally on Free Cloud Mac	2026-08-22T22:41:36.2100330Z [RUN_FASTLANE] › Copying   ios/build/Build/Intermediates.noindex/ArchiveIntermediates/Hence/IntermediateBuildFilesPath/UninstalledProducts/iphoneos/StripeCoreBundle.bundle/ms-MY.lproj ➜ ../../../../../var/folders/g3/pffjr_y96bq06blnkf72x_hw0000gn/T/eas-build-local-nodejs/e3c2f18c-efa8-490a-a480-4ca7aa049eaa/build/ios/Pods/StripeCore/StripeCore/StripeCore/Resources/Localizations/ms-MY.lproj
build	Build iOS Locally on Free Cloud Mac	2026-08-22T22:41:36.2204160Z [RUN_FASTLANE] › Copying   ios/build/Build/Intermediates.noindex/ArchiveIntermediates/Hence/IntermediateBuildFilesPath/UninstalledProducts/iphoneos/StripeCoreBundle.bundle/lv-LV.lproj ➜ ../../../../../var/folders/g3/pffjr_y96bq06blnkf72x_hw0000gn/T/eas-build-local-nodejs/e3c2f18c-efa8-490a-a480-4ca7aa049eaa/build/ios/Pods/StripeCore/StripeCore/StripeCore/Resources/Localizations/lv-LV.lproj
build	Build iOS Locally on Free Cloud Mac	2026-08-22T22:41:36.2309130Z [RUN_FASTLANE] › Copying   ios/build/Build/Intermediates.noindex/ArchiveIntermediates/Hence/IntermediateBuildFilesPath/UninstalledProducts/iphoneos/StripeCoreBundle.bundle/lt-LT.lproj ➜ ../../../../../var/folders/g3/pffjr_y96bq06blnkf72x_hw0000gn/T/eas-build-local-nodejs/e3c2f18c-efa8-490a-a480-4ca7aa049eaa/build/ios/Pods/StripeCore/StripeCore/StripeCore/Resources/Localizations/lt-LT.lproj
build	Build iOS Locally on Free Cloud Mac	2026-08-22T22:41:36.2413180Z [RUN_FASTLANE] › Copying   ios/build/Build/Intermediates.noindex/ArchiveIntermediates/Hence/IntermediateBuildFilesPath/UninstalledProducts/iphoneos/StripeCoreBundle.bundle/ko.lproj ➜ ../../../../../var/folders/g3/pffjr_y96bq06blnkf72x_hw0000gn/T/eas-build-local-nodejs/e3c2f18c-efa8-490a-a480-4ca7aa049eaa/build/ios/Pods/StripeCore/StripeCore/StripeCore/Resources/Localizations/ko.lproj
build	Build iOS Locally on Free Cloud Mac	2026-08-22T22:41:36.2517160Z [RUN_FASTLANE] › Copying   ios/build/Build/Intermediates.noindex/ArchiveIntermediates/Hence/IntermediateBuildFilesPath/UninstalledProducts/iphoneos/StripeCoreBundle.bundle/ja.lproj ➜ ../../../../../var/folders/g3/pffjr_y96bq06blnkf72x_hw0000gn/T/eas-build-local-nodejs/e3c2f18c-efa8-490a-a480-4ca7aa049eaa/build/ios/Pods/StripeCore/StripeCore/StripeCore/Resources/Localizations/ja.lproj
build	Build iOS Locally on Free Cloud Mac	2026-08-22T22:41:36.2633010Z [RUN_FASTLANE] › Copying   ios/build/Build/Intermediates.noindex/ArchiveIntermediates/Hence/IntermediateBuildFilesPath/UninstalledProducts/iphoneos/StripeCoreBundle.bundle/it.lproj ➜ ../../../../../var/folders/g3/pffjr_y96bq06blnkf72x_hw0000gn/T/eas-build-local-nodejs/e3c2f18c-efa8-490a-a480-4ca7aa049eaa/build/ios/Pods/StripeCore/StripeCore/StripeCore/Resources/Localizations/it.lproj
build	Build iOS Locally on Free Cloud Mac	2026-08-22T22:41:36.2737810Z [RUN_FASTLANE] › Copying   ios/build/Build/Intermediates.noindex/ArchiveIntermediates/Hence/IntermediateBuildFilesPath/UninstalledProducts/iphoneos/StripeCoreBundle.bundle/id.lproj ➜ ../../../../../var/folders/g3/pffjr_y96bq06blnkf72x_hw0000gn/T/eas-build-local-nodejs/e3c2f18c-efa8-490a-a480-4ca7aa049eaa/build/ios/Pods/StripeCore/StripeCore/StripeCore/Resources/Localizations/id.lproj
build	Build iOS Locally on Free Cloud Mac	2026-08-22T22:41:36.2844950Z [RUN_FASTLANE] › Copying   ios/build/Build/Intermediates.noindex/ArchiveIntermediates/Hence/IntermediateBuildFilesPath/UninstalledProducts/iphoneos/StripeCoreBundle.bundle/hu.lproj ➜ ../../../../../var/folders/g3/pffjr_y96bq06blnkf72x_hw0000gn/T/eas-build-local-nodejs/e3c2f18c-efa8-490a-a480-4ca7aa049eaa/build/ios/Pods/StripeCore/StripeCore/StripeCore/Resources/Localizations/hu.lproj
build	Build iOS Locally on Free Cloud Mac	2026-08-22T22:41:36.2952150Z [RUN_FASTLANE] › Copying   ios/build/Build/Intermediates.noindex/ArchiveIntermediates/Hence/IntermediateBuildFilesPath/UninstalledProducts/iphoneos/StripeCoreBundle.bundle/hr.lproj ➜ ../../../../../var/folders/g3/pffjr_y96bq06blnkf72x_hw0000gn/T/eas-build-local-nodejs/e3c2f18c-efa8-490a-a480-4ca7aa049eaa/build/ios/Pods/StripeCore/StripeCore/StripeCore/Resources/Localizations/hr.lproj
build	Build iOS Locally on Free Cloud Mac	2026-08-22T22:41:36.2955480Z [RUN_FASTLANE] › Copying   ios/build/Build/Intermediates.noindex/ArchiveIntermediates/Hence/IntermediateBuildFilesPath/UninstalledProducts/iphoneos/StripeCoreBundle.bundle/fr.lproj ➜ ../../../../../var/folders/g3/pffjr_y96bq06blnkf72x_hw0000gn/T/eas-build-local-nodejs/e3c2f18c-efa8-490a-a480-4ca7aa049eaa/build/ios/Pods/StripeCore/StripeCore/StripeCore/Resources/Localizations/fr.lproj
build	Build iOS Locally on Free Cloud Mac	2026-08-22T22:41:36.3060770Z [RUN_FASTLANE] › Copying   ios/build/Build/Intermediates.noindex/ArchiveIntermediates/Hence/IntermediateBuildFilesPath/UninstalledProducts/iphoneos/StripeCoreBundle.bundle/fr-CA.lproj ➜ ../../../../../var/folders/g3/pffjr_y96bq06blnkf72x_hw0000gn/T/eas-build-local-nodejs/e3c2f18c-efa8-490a-a480-4ca7aa049eaa/build/ios/Pods/StripeCore/StripeCore/StripeCore/Resources/Localizations/fr-CA.lproj
build	Build iOS Locally on Free Cloud Mac	2026-08-22T22:41:36.3172530Z [RUN_FASTLANE] › Copying   ios/build/Build/Intermediates.noindex/ArchiveIntermediates/Hence/IntermediateBuildFilesPath/UninstalledProducts/iphoneos/StripeCoreBundle.bundle/fil.lproj ➜ ../../../../../var/folders/g3/pffjr_y96bq06blnkf72x_hw0000gn/T/eas-build-local-nodejs/e3c2f18c-efa8-490a-a480-4ca7aa049eaa/build/ios/Pods/StripeCore/StripeCore/StripeCore/Resources/Localizations/fil.lproj
build	Build iOS Locally on Free Cloud Mac	2026-08-22T22:41:36.3280380Z [RUN_FASTLANE] › Copying   ios/build/Build/Intermediates.noindex/ArchiveIntermediates/Hence/IntermediateBuildFilesPath/UninstalledProducts/iphoneos/StripeCoreBundle.bundle/fi.lproj ➜ ../../../../../var/folders/g3/pffjr_y96bq06blnkf72x_hw0000gn/T/eas-build-local-nodejs/e3c2f18c-efa8-490a-a480-4ca7aa049eaa/build/ios/Pods/StripeCore/StripeCore/StripeCore/Resources/Localizations/fi.lproj
build	Build iOS Locally on Free Cloud Mac	2026-08-22T22:41:36.3386090Z [RUN_FASTLANE] › Copying   ios/build/Build/Intermediates.noindex/ArchiveIntermediates/Hence/IntermediateBuildFilesPath/UninstalledProducts/iphoneos/StripeCoreBundle.bundle/et-EE.lproj ➜ ../../../../../var/folders/g3/pffjr_y96bq06blnkf72x_hw0000gn/T/eas-build-local-nodejs/e3c2f18c-efa8-490a-a480-4ca7aa049eaa/build/ios/Pods/StripeCore/StripeCore/StripeCore/Resources/Localizations/et-EE.lproj
build	Build iOS Locally on Free Cloud Mac	2026-08-22T22:41:36.3496000Z [RUN_FASTLANE] › Copying   ios/build/Build/Intermediates.noindex/ArchiveIntermediates/Hence/IntermediateBuildFilesPath/UninstalledProducts/iphoneos/StripeCoreBundle.bundle/es.lproj ➜ ../../../../../var/folders/g3/pffjr_y96bq06blnkf72x_hw0000gn/T/eas-build-local-nodejs/e3c2f18c-efa8-490a-a480-4ca7aa049eaa/build/ios/Pods/StripeCore/StripeCore/StripeCore/Resources/Localizations/es.lproj
build	Build iOS Locally on Free Cloud Mac	2026-08-22T22:41:36.3614530Z [RUN_FASTLANE] › Copying   ios/build/Build/Intermediates.noindex/ArchiveIntermediates/Hence/IntermediateBuildFilesPath/UninstalledProducts/iphoneos/StripeCoreBundle.bundle/es-419.lproj ➜ ../../../../../var/folders/g3/pffjr_y96bq06blnkf72x_hw0000gn/T/eas-build-local-nodejs/e3c2f18c-efa8-490a-a480-4ca7aa049eaa/build/ios/Pods/StripeCore/StripeCore/StripeCore/Resources/Localizations/es-419.lproj
build	Build iOS Locally on Free Cloud Mac	2026-08-22T22:41:36.3725940Z [RUN_FASTLANE] › Copying   ios/build/Build/Intermediates.noindex/ArchiveIntermediates/Hence/IntermediateBuildFilesPath/UninstalledProducts/iphoneos/StripeCoreBundle.bundle/en.lproj ➜ ../../../../../var/folders/g3/pffjr_y96bq06blnkf72x_hw0000gn/T/eas-build-local-nodejs/e3c2f18c-efa8-490a-a480-4ca7aa049eaa/build/ios/Pods/StripeCore/StripeCore/StripeCore/Resources/Localizations/en.lproj
build	Build iOS Locally on Free Cloud Mac	2026-08-22T22:41:36.3837760Z [RUN_FASTLANE] › Copying   ios/build/Build/Intermediates.noindex/ArchiveIntermediates/Hence/IntermediateBuildFilesPath/UninstalledProducts/iphoneos/StripeCoreBundle.bundle/en-GB.lproj ➜ ../../../../../var/folders/g3/pffjr_y96bq06blnkf72x_hw0000gn/T/eas-build-local-nodejs/e3c2f18c-efa8-490a-a480-4ca7aa049eaa/build/ios/Pods/StripeCore/StripeCore/StripeCore/Resources/Localizations/en-GB.lproj
build	Build iOS Locally on Free Cloud Mac	2026-08-22T22:41:36.3943310Z [RUN_FASTLANE] › Copying   ios/build/Build/Intermediates.noindex/ArchiveIntermediates/Hence/IntermediateBuildFilesPath/UninstalledProducts/iphoneos/StripeCoreBundle.bundle/el-GR.lproj ➜ ../../../../../var/folders/g3/pffjr_y96bq06blnkf72x_hw0000gn/T/eas-build-local-nodejs/e3c2f18c-efa8-490a-a480-4ca7aa049eaa/build/ios/Pods/StripeCore/StripeCore/StripeCore/Resources/Localizations/el-GR.lproj
build	Build iOS Locally on Free Cloud Mac	2026-08-22T22:41:36.4056930Z [RUN_FASTLANE] › Copying   ios/build/Build/Intermediates.noindex/ArchiveIntermediates/Hence/IntermediateBuildFilesPath/UninstalledProducts/iphoneos/StripeCoreBundle.bundle/de.lproj ➜ ../../../../../var/folders/g3/pffjr_y96bq06blnkf72x_hw0000gn/T/eas-build-local-nodejs/e3c2f18c-efa8-490a-a480-4ca7aa049eaa/build/ios/Pods/StripeCore/StripeCore/StripeCore/Resources/Localizations/de.lproj
build	Build iOS Locally on Free Cloud Mac	2026-08-22T22:41:36.4060100Z [RUN_FASTLANE] › Copying   ios/build/Build/Intermediates.noindex/ArchiveIntermediates/Hence/IntermediateBuildFilesPath/UninstalledProducts/iphoneos/StripeCoreBundle.bundle/da.lproj ➜ ../../../../../var/folders/g3/pffjr_y96bq06blnkf72x_hw0000gn/T/eas-build-local-nodejs/e3c2f18c-efa8-490a-a480-4ca7aa049eaa/build/ios/Pods/StripeCore/StripeCore/StripeCore/Resources/Localizations/da.lproj
build	Build iOS Locally on Free Cloud Mac	2026-08-22T22:41:36.4171980Z [RUN_FASTLANE] › Copying   ios/build/Build/Intermediates.noindex/ArchiveIntermediates/Hence/IntermediateBuildFilesPath/UninstalledProducts/iphoneos/StripeCoreBundle.bundle/cs-CZ.lproj ➜ ../../../../../var/folders/g3/pffjr_y96bq06blnkf72x_hw0000gn/T/eas-build-local-nodejs/e3c2f18c-efa8-490a-a480-4ca7aa049eaa/build/ios/Pods/StripeCore/StripeCore/StripeCore/Resources/Localizations/cs-CZ.lproj
build	Build iOS Locally on Free Cloud Mac	2026-08-22T22:41:36.4276690Z [RUN_FASTLANE] › Copying   ios/build/Build/Intermediates.noindex/ArchiveIntermediates/Hence/IntermediateBuildFilesPath/UninstalledProducts/iphoneos/StripeCoreBundle.bundle/ca-ES.lproj ➜ ../../../../../var/folders/g3/pffjr_y96bq06blnkf72x_hw0000gn/T/eas-build-local-nodejs/e3c2f18c-efa8-490a-a480-4ca7aa049eaa/build/ios/Pods/StripeCore/StripeCore/StripeCore/Resources/Localizations/ca-ES.lproj
build	Build iOS Locally on Free Cloud Mac	2026-08-22T22:41:36.4458600Z [RUN_FASTLANE] › Copying   ios/build/Build/Intermediates.noindex/ArchiveIntermediates/Hence/IntermediateBuildFilesPath/UninstalledProducts/iphoneos/StripeCoreBundle.bundle/bg-BG.lproj ➜ ../../../../../var/folders/g3/pffjr_y96bq06blnkf72x_hw0000gn/T/eas-build-local-nodejs/e3c2f18c-efa8-490a-a480-4ca7aa049eaa/build/ios/Pods/StripeCore/StripeCore/StripeCore/Resources/Localizations/bg-BG.lproj
build	Build iOS Locally on Free Cloud Mac	2026-08-22T22:41:36.4479560Z [RUN_FASTLANE] › Copying   ios/build/Build/Intermediates.noindex/ArchiveIntermediates/Hence/IntermediateBuildFilesPath/UninstalledProducts/iphoneos/StripeCoreBundle.bundle/PrivacyInfo.xcprivacy ➜ ../../../../../var/folders/g3/pffjr_y96bq06blnkf72x_hw0000gn/T/eas-build-local-nodejs/e3c2f18c-efa8-490a-a480-4ca7aa049eaa/build/ios/Pods/StripeCore/StripeCore/StripeCore/PrivacyInfo.xcprivacy
build	Build iOS Locally on Free Cloud Mac	2026-08-22T22:41:36.4662880Z [RUN_FASTLANE] › Creating  Pods/StripePayments-Stripe3DS2 » Stripe3DS2.bundle
build	Build iOS Locally on Free Cloud Mac	2026-08-22T22:41:36.4770310Z [RUN_FASTLANE] › Creating  Pods/StripeFinancialConnections-StripeFinancialConnectionsBundle » StripeFinancialConnectionsBundle.bundle
build	Build iOS Locally on Free Cloud Mac	2026-08-22T22:41:36.4873810Z [RUN_FASTLANE] › Executing react-native Pods/React-Core-prebuilt » [CP] Copy XCFrameworks
build	Build iOS Locally on Free Cloud Mac	2026-08-22T22:41:41.9561310Z [RUN_FASTLANE] › Preparing Pods/StripePaymentSheet-StripePaymentSheetBundle » ResourceBundle-StripePaymentSheetBundle-StripePaymentSheet-Info.plist
build	Build iOS Locally on Free Cloud Mac	2026-08-22T22:41:41.9663770Z [RUN_FASTLANE] › Creating  Pods/StripeCore-StripeCoreBundle » StripeCoreBundle.bundle
build	Build iOS Locally on Free Cloud Mac	2026-08-22T22:41:41.9765220Z [RUN_FASTLANE] › Copying   ios/build/Build/Intermediates.noindex/ArchiveIntermediates/Hence/IntermediateBuildFilesPath/UninstalledProducts/iphoneos/StripeBundle.bundle/PrivacyInfo.xcprivacy ➜ ../../../../../var/folders/g3/pffjr_y96bq06blnkf72x_hw0000gn/T/eas-build-local-nodejs/e3c2f18c-efa8-490a-a480-4ca7aa049eaa/build/ios/Pods/Stripe/Stripe/StripeiOS/PrivacyInfo.xcprivacy
build	Build iOS Locally on Free Cloud Mac	2026-08-22T22:41:41.9866950Z [RUN_FASTLANE] › Preparing Pods/React-timing-React-timing_privacy » ResourceBundle-React-timing_privacy-React-timing-Info.plist
build	Build iOS Locally on Free Cloud Mac	2026-08-22T22:41:41.9968380Z [RUN_FASTLANE] › Preparing Pods/Stripe-StripeBundle » ResourceBundle-StripeBundle-Stripe-Info.plist
build	Build iOS Locally on Free Cloud Mac	2026-08-22T22:41:42.0071410Z [RUN_FASTLANE] › Copying   ios/build/Build/Intermediates.noindex/ArchiveIntermediates/Hence/IntermediateBuildFilesPath/UninstalledProducts/iphoneos/React-timing_privacy.bundle/PrivacyInfo.xcprivacy ➜ ../../../../../var/folders/g3/pffjr_y96bq06blnkf72x_hw0000gn/T/eas-build-local-nodejs/e3c2f18c-efa8-490a-a480-4ca7aa049eaa/build/node_modules/react-native/ReactCommon/react/timing/PrivacyInfo.xcprivacy
build	Build iOS Locally on Free Cloud Mac	2026-08-22T22:41:42.0171490Z [RUN_FASTLANE] › Creating  Pods/StripePaymentSheet-StripePaymentSheetBundle » StripePaymentSheetBundle.bundle
build	Build iOS Locally on Free Cloud Mac	2026-08-22T22:41:42.0274170Z [RUN_FASTLANE] › Creating  Pods/Stripe-StripeBundle » StripeBundle.bundle
build	Build iOS Locally on Free Cloud Mac	2026-08-22T22:41:42.0376050Z [RUN_FASTLANE] › Preparing Pods/React-cxxreact-React-cxxreact_privacy » ResourceBundle-React-cxxreact_privacy-React-cxxreact-Info.plist
build	Build iOS Locally on Free Cloud Mac	2026-08-22T22:41:42.0479560Z [RUN_FASTLANE] › Copying   ios/build/Build/Intermediates.noindex/ArchiveIntermediates/Hence/IntermediateBuildFilesPath/UninstalledProducts/iphoneos/React-cxxreact_privacy.bundle/PrivacyInfo.xcprivacy ➜ ../../../../../var/folders/g3/pffjr_y96bq06blnkf72x_hw0000gn/T/eas-build-local-nodejs/e3c2f18c-efa8-490a-a480-4ca7aa049eaa/build/node_modules/react-native/ReactCommon/cxxreact/PrivacyInfo.xcprivacy
build	Build iOS Locally on Free Cloud Mac	2026-08-22T22:41:42.0578840Z [RUN_FASTLANE] › Creating  Pods/React-timing-React-timing_privacy » React-timing_privacy.bundle
build	Build iOS Locally on Free Cloud Mac	2026-08-22T22:41:42.0680690Z [RUN_FASTLANE] › Preparing Pods/React-Core-React-Core_privacy » ResourceBundle-React-Core_privacy-React-Core-Info.plist
build	Build iOS Locally on Free Cloud Mac	2026-08-22T22:41:42.0782420Z [RUN_FASTLANE] › Copying   ios/build/Build/Intermediates.noindex/ArchiveIntermediates/Hence/IntermediateBuildFilesPath/UninstalledProducts/iphoneos/React-Core_privacy.bundle/PrivacyInfo.xcprivacy ➜ ../../../../../var/folders/g3/pffjr_y96bq06blnkf72x_hw0000gn/T/eas-build-local-nodejs/e3c2f18c-efa8-490a-a480-4ca7aa049eaa/build/node_modules/react-native/React/Resources/PrivacyInfo.xcprivacy
build	Build iOS Locally on Free Cloud Mac	2026-08-22T22:41:42.0883410Z [RUN_FASTLANE] › Creating  Pods/React-cxxreact-React-cxxreact_privacy » React-cxxreact_privacy.bundle
build	Build iOS Locally on Free Cloud Mac	2026-08-22T22:41:42.0984170Z [RUN_FASTLANE] › Preparing Pods/RNSVG-RNSVGFilters » ResourceBundle-RNSVGFilters-RNSVG-Info.plist
build	Build iOS Locally on Free Cloud Mac	2026-08-22T22:41:42.1086980Z [RUN_FASTLANE] › Copying   ios/build/Build/Intermediates.noindex/ArchiveIntermediates/Hence/IntermediateBuildFilesPath/UninstalledProducts/iphoneos/RNSVGFilters.bundle/RNSVGCompositeXor.iphoneos.metallib ➜ ../../../../../var/folders/g3/pffjr_y96bq06blnkf72x_hw0000gn/T/eas-build-local-nodejs/e3c2f18c-efa8-490a-a480-4ca7aa049eaa/build/node_modules/react-native-svg/apple/Filters/MetalCI/RNSVGCompositeXor.iphoneos.metallib
build	Build iOS Locally on Free Cloud Mac	2026-08-22T22:41:42.1188320Z [RUN_FASTLANE] › Copying   ios/build/Build/Intermediates.noindex/ArchiveIntermediates/Hence/IntermediateBuildFilesPath/UninstalledProducts/iphoneos/RNSVGFilters.bundle/RNSVGArithmeticFilter.iphoneos.metallib ➜ ../../../../../var/folders/g3/pffjr_y96bq06blnkf72x_hw0000gn/T/eas-build-local-nodejs/e3c2f18c-efa8-490a-a480-4ca7aa049eaa/build/node_modules/react-native-svg/apple/Filters/MetalCI/RNSVGArithmeticFilter.iphoneos.metallib
build	Build iOS Locally on Free Cloud Mac	2026-08-22T22:41:42.1287670Z [RUN_FASTLANE] › Creating  Pods/React-Core-React-Core_privacy » React-Core_privacy.bundle
build	Build iOS Locally on Free Cloud Mac	2026-08-22T22:41:42.1389840Z [RUN_FASTLANE] › Preparing Pods/RNCAsyncStorage-RNCAsyncStorage_resources » ResourceBundle-RNCAsyncStorage_resources-RNCAsyncStorage-Info.plist
build	Build iOS Locally on Free Cloud Mac	2026-08-22T22:41:42.1492500Z [RUN_FASTLANE] › Copying   ios/build/Build/Intermediates.noindex/ArchiveIntermediates/Hence/IntermediateBuildFilesPath/UninstalledProducts/iphoneos/RNCAsyncStorage_resources.bundle/PrivacyInfo.xcprivacy ➜ ../../../../../var/folders/g3/pffjr_y96bq06blnkf72x_hw0000gn/T/eas-build-local-nodejs/e3c2f18c-efa8-490a-a480-4ca7aa049eaa/build/node_modules/@react-native-async-storage/async-storage/ios/PrivacyInfo.xcprivacy
build	Build iOS Locally on Free Cloud Mac	2026-08-22T22:41:42.1591440Z [RUN_FASTLANE] › Creating  Pods/RNSVG-RNSVGFilters » RNSVGFilters.bundle
build	Build iOS Locally on Free Cloud Mac	2026-08-22T22:41:42.1692470Z [RUN_FASTLANE] › Preparing Pods/ExpoTaskManager-ExpoTaskManager_privacy » ResourceBundle-ExpoTaskManager_privacy-ExpoTaskManager-Info.plist
build	Build iOS Locally on Free Cloud Mac	2026-08-22T22:41:42.1794080Z [RUN_FASTLANE] › Copying   ios/build/Build/Intermediates.noindex/ArchiveIntermediates/Hence/IntermediateBuildFilesPath/UninstalledProducts/iphoneos/ExpoTaskManager_privacy.bundle/PrivacyInfo.xcprivacy ➜ ../../../../../var/folders/g3/pffjr_y96bq06blnkf72x_hw0000gn/T/eas-build-local-nodejs/e3c2f18c-efa8-490a-a480-4ca7aa049eaa/build/node_modules/expo-task-manager/ios/PrivacyInfo.xcprivacy
build	Build iOS Locally on Free Cloud Mac	2026-08-22T22:41:42.1893300Z [RUN_FASTLANE] › Creating  Pods/RNCAsyncStorage-RNCAsyncStorage_resources » RNCAsyncStorage_resources.bundle
build	Build iOS Locally on Free Cloud Mac	2026-08-22T22:41:42.1995240Z [RUN_FASTLANE] › Preparing Pods/ExpoNotifications-ExpoNotifications_privacy » ResourceBundle-ExpoNotifications_privacy-ExpoNotifications-Info.plist
build	Build iOS Locally on Free Cloud Mac	2026-08-22T22:41:42.2096980Z [RUN_FASTLANE] › Copying   ios/build/Build/Intermediates.noindex/ArchiveIntermediates/Hence/IntermediateBuildFilesPath/UninstalledProducts/iphoneos/ExpoNotifications_privacy.bundle/PrivacyInfo.xcprivacy ➜ ../../../../../var/folders/g3/pffjr_y96bq06blnkf72x_hw0000gn/T/eas-build-local-nodejs/e3c2f18c-efa8-490a-a480-4ca7aa049eaa/build/node_modules/expo-notifications/ios/PrivacyInfo.xcprivacy
build	Build iOS Locally on Free Cloud Mac	2026-08-22T22:41:42.2196290Z [RUN_FASTLANE] › Creating  Pods/ExpoTaskManager-ExpoTaskManager_privacy » ExpoTaskManager_privacy.bundle
build	Build iOS Locally on Free Cloud Mac	2026-08-22T22:41:42.2297530Z [RUN_FASTLANE] › Preparing Pods/ExpoFileSystem-ExpoFileSystem_privacy » ResourceBundle-ExpoFileSystem_privacy-ExpoFileSystem-Info.plist
build	Build iOS Locally on Free Cloud Mac	2026-08-22T22:41:42.2397980Z [RUN_FASTLANE] › Preparing Pods/ExpoDevice-ExpoDevice_privacy » ResourceBundle-ExpoDevice_privacy-ExpoDevice-Info.plist
build	Build iOS Locally on Free Cloud Mac	2026-08-22T22:41:42.2500390Z [RUN_FASTLANE] › Copying   ios/build/Build/Intermediates.noindex/ArchiveIntermediates/Hence/IntermediateBuildFilesPath/UninstalledProducts/iphoneos/ExpoDevice_privacy.bundle/PrivacyInfo.xcprivacy ➜ ../../../../../var/folders/g3/pffjr_y96bq06blnkf72x_hw0000gn/T/eas-build-local-nodejs/e3c2f18c-efa8-490a-a480-4ca7aa049eaa/build/node_modules/expo-device/ios/PrivacyInfo.xcprivacy
build	Build iOS Locally on Free Cloud Mac	2026-08-22T22:41:42.2600140Z [RUN_FASTLANE] › Creating  Pods/ExpoNotifications-ExpoNotifications_privacy » ExpoNotifications_privacy.bundle
build	Build iOS Locally on Free Cloud Mac	2026-08-22T22:41:42.2661680Z [RUN_FASTLANE] › Creating  Pods/ExpoFileSystem-ExpoFileSystem_privacy » ExpoFileSystem_privacy.bundle
build	Build iOS Locally on Free Cloud Mac	2026-08-22T22:41:42.2763510Z [RUN_FASTLANE] › Compiling expo-json-utils Pods/EXJSONUtils » NSDictionary+EXJSONUtils.m
build	Build iOS Locally on Free Cloud Mac	2026-08-22T22:41:42.2822640Z [RUN_FASTLANE] › Compiling expo-json-utils Pods/EXJSONUtils » EXJSONUtils-dummy.m
build	Build iOS Locally on Free Cloud Mac	2026-08-22T22:41:42.2924200Z [RUN_FASTLANE] › Packaging expo-json-utils Pods/EXJSONUtils » libEXJSONUtils.a
build	Build iOS Locally on Free Cloud Mac	2026-08-22T22:41:42.3026310Z [RUN_FASTLANE] › Creating  Pods/ExpoDevice-ExpoDevice_privacy » ExpoDevice_privacy.bundle
build	Build iOS Locally on Free Cloud Mac	2026-08-22T22:41:42.3128530Z [RUN_FASTLANE] › Preparing Pods/EXConstants-ExpoConstants_privacy » ResourceBundle-ExpoConstants_privacy-EXConstants-Info.plist
build	Build iOS Locally on Free Cloud Mac	2026-08-22T22:41:42.3232010Z [RUN_FASTLANE] › Copying   ios/build/Build/Intermediates.noindex/ArchiveIntermediates/Hence/IntermediateBuildFilesPath/UninstalledProducts/iphoneos/ExpoConstants_privacy.bundle/PrivacyInfo.xcprivacy ➜ ../../../../../var/folders/g3/pffjr_y96bq06blnkf72x_hw0000gn/T/eas-build-local-nodejs/e3c2f18c-efa8-490a-a480-4ca7aa049eaa/build/node_modules/expo-constants/ios/PrivacyInfo.xcprivacy
build	Build iOS Locally on Free Cloud Mac	2026-08-22T22:41:42.3335210Z [RUN_FASTLANE] › Preparing expo-constants Pods/EXConstants-EXConstants » ResourceBundle-EXConstants-EXConstants-Info.plist
build	Build iOS Locally on Free Cloud Mac	2026-08-22T22:41:42.3437150Z [RUN_FASTLANE] › Creating  Pods/EXConstants-ExpoConstants_privacy » ExpoConstants_privacy.bundle
build	Build iOS Locally on Free Cloud Mac	2026-08-22T22:41:42.3539470Z [RUN_FASTLANE] › Preparing Pods/EXApplication-ExpoApplication_privacy » ResourceBundle-ExpoApplication_privacy-EXApplication-Info.plist
build	Build iOS Locally on Free Cloud Mac	2026-08-22T22:41:42.3641360Z [RUN_FASTLANE] [!] Error building the application - see the log above
build	Build iOS Locally on Free Cloud Mac	2026-08-22T22:41:42.3642350Z [RUN_FASTLANE] › Creating  expo-constants Pods/EXConstants-EXConstants » EXConstants.bundle
build	Build iOS Locally on Free Cloud Mac	2026-08-22T22:41:42.3744650Z [RUN_FASTLANE] › Creating  Pods/EXApplication-ExpoApplication_privacy » ExpoApplication_privacy.bundle
build	Build iOS Locally on Free Cloud Mac	2026-08-22T22:41:42.3846670Z [RUN_FASTLANE] › Executing react-native Pods/React-RCTFBReactNativeSpec » [CP-User] [RN]Check FBReactNativeSpec
build	Build iOS Locally on Free Cloud Mac	2026-08-22T22:41:42.3959860Z [RUN_FASTLANE] Error: The "Run fastlane" step failed because of an error in the Xcode build process. We automatically detected following errors in your Xcode build logs:
build	Build iOS Locally on Free Cloud Mac	2026-08-22T22:41:42.3961170Z [RUN_FASTLANE] › Executing expo-modules-jsi Pods/ExpoModulesJSI » [CP-User] Build ExpoModulesJSI xcframework
build	Build iOS Locally on Free Cloud Mac	2026-08-22T22:41:42.4021040Z - Could not resolve package dependencies:
build	Build iOS Locally on Free Cloud Mac	2026-08-22T22:41:42.4021950Z [RUN_FASTLANE] › Executing hencelogistics Pods/ReactCodegen » [CP-User] Generate Specs
build	Build iOS Locally on Free Cloud Mac	2026-08-22T22:41:42.4023410Z Refer to "Xcode Logs" below for additional, more detailed logs.
build	Build iOS Locally on Free Cloud Mac	2026-08-22T22:41:42.4024320Z [RUN_FASTLANE] › Executing hencelogistics Pods/ReactCodegen » [Expo] Remove duplicate codegen output
build	Build iOS Locally on Free Cloud Mac	2026-08-22T22:41:42.4026460Z [RUN_FASTLANE] › Compiling hencelogistics Pods/ReactCodegen » safeareacontext-generated.mm
build	Build iOS Locally on Free Cloud Mac	2026-08-22T22:41:42.4027990Z [RUN_FASTLANE] › Compiling hencelogistics Pods/ReactCodegen » rnsvg-generated.mm
build	Build iOS Locally on Free Cloud Mac	2026-08-22T22:41:42.4030460Z [RUN_FASTLANE] › Compiling hencelogistics Pods/ReactCodegen » rnstripe-generated.mm
build	Build iOS Locally on Free Cloud Mac	2026-08-22T22:41:42.4032450Z [RUN_FASTLANE] ⚠️  Script has ambiguous dependencies causing it to run on every build.
build	Build iOS Locally on Free Cloud Mac	2026-08-22T22:41:42.4034270Z    To fix, go to: Xcode » Hence/Hence » Build Phases » '[Expo Dev Launcher] Strip Local Network Keys for Release'
build	Build iOS Locally on Free Cloud Mac	2026-08-22T22:41:42.4035470Z    Either: Uncheck "Based on dependency analysis", or select output files to trigger the script
build	Build iOS Locally on Free Cloud Mac	2026-08-22T22:41:42.4035910Z 
build	Build iOS Locally on Free Cloud Mac	2026-08-22T22:41:42.4036480Z [RUN_FASTLANE] ▸ ** ARCHIVE FAILED **
build	Build iOS Locally on Free Cloud Mac	2026-08-22T22:41:42.4037230Z [RUN_FASTLANE] ▸ The following build commands failed:
build	Build iOS Locally on Free Cloud Mac	2026-08-22T22:41:42.4039910Z [RUN_FASTLANE] ▸ 	PhaseScriptExecution [CP-User]\ Build\ ExpoModulesJSI\ xcframework /var/folders/g3/pffjr_y96bq06blnkf72x_hw0000gn/T/eas-build-local-nodejs/e3c2f18c-efa8-490a-a480-4ca7aa049eaa/build/ios/build/Build/Intermediates.noindex/ArchiveIntermediates/Hence/IntermediateBuildFilesPath/Pods.build/Release-iphoneos/ExpoModulesJSI.build/Script-46EB2E0002C920.sh (in target 'ExpoModulesJSI' from project 'Pods')
build	Build iOS Locally on Free Cloud Mac	2026-08-22T22:41:42.4042180Z [RUN_FASTLANE] ▸ 	Archiving workspace Hence with scheme Hence
build	Build iOS Locally on Free Cloud Mac	2026-08-22T22:41:42.4042980Z [RUN_FASTLANE] ▸ (2 failures)
build	Build iOS Locally on Free Cloud Mac	2026-08-22T22:41:42.4043260Z [RUN_FASTLANE] Exit status: 65
build	Build iOS Locally on Free Cloud Mac	2026-08-22T22:41:42.4043560Z [RUN_FASTLANE] 
build	Build iOS Locally on Free Cloud Mac	2026-08-22T22:41:42.4044060Z [RUN_FASTLANE] Maybe the error shown is caused by using the wrong version of Xcode
build	Build iOS Locally on Free Cloud Mac	2026-08-22T22:41:42.4045010Z [RUN_FASTLANE] Found multiple versions of Xcode in '/Applications/'
build	Build iOS Locally on Free Cloud Mac	2026-08-22T22:41:42.4045800Z [RUN_FASTLANE] Make sure you selected the right version for your project
build	Build iOS Locally on Free Cloud Mac	2026-08-22T22:41:42.4046660Z [RUN_FASTLANE] This build process was executed using '/Applications/Xcode_16.1.app'
build	Build iOS Locally on Free Cloud Mac	2026-08-22T22:41:42.4047360Z [RUN_FASTLANE] If you want to update your Xcode path, either
build	Build iOS Locally on Free Cloud Mac	2026-08-22T22:41:42.4047920Z [RUN_FASTLANE] - Specify the Xcode version in your Fastfile
build	Build iOS Locally on Free Cloud Mac	2026-08-22T22:41:42.4048650Z [RUN_FASTLANE] ▸ xcversion(version: "8.1") # Selects Xcode 8.1.0
build	Build iOS Locally on Free Cloud Mac	2026-08-22T22:41:42.4049060Z [RUN_FASTLANE] 
build	Build iOS Locally on Free Cloud Mac	2026-08-22T22:41:42.4049710Z [RUN_FASTLANE] - Specify an absolute path to your Xcode installation in your Fastfile
build	Build iOS Locally on Free Cloud Mac	2026-08-22T22:41:42.4050320Z [RUN_FASTLANE] ▸ xcode_select "/Applications/Xcode8.app"
build	Build iOS Locally on Free Cloud Mac	2026-08-22T22:41:42.4050640Z [RUN_FASTLANE] 
build	Build iOS Locally on Free Cloud Mac	2026-08-22T22:41:42.4050920Z [RUN_FASTLANE] - Manually update the path using
build	Build iOS Locally on Free Cloud Mac	2026-08-22T22:41:42.4051450Z [RUN_FASTLANE] ▸ sudo xcode-select -s /Applications/Xcode.app
build	Build iOS Locally on Free Cloud Mac	2026-08-22T22:41:42.4051850Z [RUN_FASTLANE] 
build	Build iOS Locally on Free Cloud Mac	2026-08-22T22:41:42.4052060Z [RUN_FASTLANE] 
build	Build iOS Locally on Free Cloud Mac	2026-08-22T22:41:42.4052510Z [RUN_FASTLANE] +--------------------------------------------+
build	Build iOS Locally on Free Cloud Mac	2026-08-22T22:41:42.4052970Z [RUN_FASTLANE] |             Build environment              |
build	Build iOS Locally on Free Cloud Mac	2026-08-22T22:41:42.4053500Z [RUN_FASTLANE] +-------------+------------------------------+
build	Build iOS Locally on Free Cloud Mac	2026-08-22T22:41:42.4054040Z [RUN_FASTLANE] | xcode_path  | /Applications/Xcode_16.1.app |
build	Build iOS Locally on Free Cloud Mac	2026-08-22T22:41:42.4054550Z [RUN_FASTLANE] | gym_version | 2.236.1                      |
build	Build iOS Locally on Free Cloud Mac	2026-08-22T22:41:42.4055080Z [RUN_FASTLANE] | sdk         | iPhoneOS18.1.sdk             |
build	Build iOS Locally on Free Cloud Mac	2026-08-22T22:41:42.4055460Z [RUN_FASTLANE] +-------------+------------------------------+
build	Build iOS Locally on Free Cloud Mac	2026-08-22T22:41:42.4055800Z [RUN_FASTLANE] 
build	Build iOS Locally on Free Cloud Mac	2026-08-22T22:41:42.4056310Z [RUN_FASTLANE] Looks like fastlane ran into a build/archive error with your project
build	Build iOS Locally on Free Cloud Mac	2026-08-22T22:41:42.4057920Z [RUN_FASTLANE] It's hard to tell what's causing the error, so we wrote some guides on how
build	Build iOS Locally on Free Cloud Mac	2026-08-22T22:41:42.4059010Z [RUN_FASTLANE] to troubleshoot build and signing issues: https://docs.fastlane.tools/codesigning/getting-started/
build	Build iOS Locally on Free Cloud Mac	2026-08-22T22:41:42.4059820Z [RUN_FASTLANE] Before submitting an issue on GitHub, please follow the guide above and make
build	Build iOS Locally on Free Cloud Mac	2026-08-22T22:41:42.4060380Z [RUN_FASTLANE] sure your project is set up correctly.
build	Build iOS Locally on Free Cloud Mac	2026-08-22T22:41:42.4061040Z [RUN_FASTLANE] fastlane uses `xcodebuild` commands to generate your binary, you can see the
build	Build iOS Locally on Free Cloud Mac	2026-08-22T22:41:42.4061710Z [RUN_FASTLANE] the full commands printed out in yellow in the above log.
build	Build iOS Locally on Free Cloud Mac	2026-08-22T22:41:42.4062680Z [RUN_FASTLANE] Make sure to inspect the output above, as usually you'll find more error information there
build	Build iOS Locally on Free Cloud Mac	2026-08-22T22:41:42.4063200Z [RUN_FASTLANE] 
build	Build iOS Locally on Free Cloud Mac	2026-08-22T22:41:42.4063930Z [CLEAN_UP_CREDENTIALS] Destroying keychain - /var/folders/g3/pffjr_y96bq06blnkf72x_hw0000gn/T/eas-build-0c9286fe-9543-475d-b6de-f1b5abd783a4.keychain
build	Build iOS Locally on Free Cloud Mac	2026-08-22T22:41:44.0485160Z [CLEAN_UP_CREDENTIALS] Removing provisioning profile
build	Build iOS Locally on Free Cloud Mac	2026-08-22T22:41:44.0513800Z 
build	Build iOS Locally on Free Cloud Mac	2026-08-22T22:41:44.0526530Z Build failed
build	Build iOS Locally on Free Cloud Mac	2026-08-22T22:41:49.9465890Z The "Run fastlane" step failed because of an error in the Xcode build process. We automatically detected following errors in your Xcode build logs:
build	Build iOS Locally on Free Cloud Mac	2026-08-22T22:41:49.9468710Z Error: The "Run fastlane" step failed because of an error in the Xcode build process. We automatically detected following errors in your Xcode build logs:
build	Build iOS Locally on Free Cloud Mac	2026-08-22T22:41:49.9471090Z - Could not resolve package dependencies:
build	Build iOS Locally on Free Cloud Mac	2026-08-22T22:41:49.9471560Z - Could not resolve package dependencies:
build	Build iOS Locally on Free Cloud Mac	2026-08-22T22:41:49.9473280Z Refer to "Xcode Logs" below for additional, more detailed logs.
build	Build iOS Locally on Free Cloud Mac	2026-08-22T22:41:49.9473930Z Refer to "Xcode Logs" below for additional, more detailed logs.
build	Build iOS Locally on Free Cloud Mac	2026-08-22T22:41:49.9554610Z     at resolveBuildPhaseErrorAsync (/Users/runner/.npm/_npx/cec30832843bb978/node_modules/@expo/build-tools/dist/buildErrors/detectError.js:61:12)
build	Build iOS Locally on Free Cloud Mac	2026-08-22T22:41:49.9562590Z     at async BuildContext.handleBuildPhaseErrorAsync (/Users/runner/.npm/_npx/cec30832843bb978/node_modules/@expo/build-tools/dist/context.js:193:28)
build	Build iOS Locally on Free Cloud Mac	2026-08-22T22:41:49.9566450Z     at async BuildContext.runBuildPhase (/Users/runner/.npm/_npx/cec30832843bb978/node_modules/@expo/build-tools/dist/context.js:138:35)
build	Build iOS Locally on Free Cloud Mac	2026-08-22T22:41:49.9567530Z     at async buildInnerAsync (/Users/runner/.npm/_npx/cec30832843bb978/node_modules/@expo/build-tools/dist/builders/ios.js:152:26)
build	Build iOS Locally on Free Cloud Mac	2026-08-22T22:41:49.9568480Z     at async buildAsync (/Users/runner/.npm/_npx/cec30832843bb978/node_modules/@expo/build-tools/dist/builders/ios.js:56:9)
build	Build iOS Locally on Free Cloud Mac	2026-08-22T22:41:49.9569440Z     at async runBuilderWithHooksAsync (/Users/runner/.npm/_npx/cec30832843bb978/node_modules/@expo/build-tools/dist/builders/common.js:13:13)
build	Build iOS Locally on Free Cloud Mac	2026-08-22T22:41:49.9570450Z     at async Object.iosBuilder (/Users/runner/.npm/_npx/cec30832843bb978/node_modules/@expo/build-tools/dist/builders/ios.js:41:16)
build	Build iOS Locally on Free Cloud Mac	2026-08-22T22:41:49.9571440Z     at async buildIosAsync (/Users/runner/.npm/_npx/cec30832843bb978/node_modules/eas-cli-local-build-plugin/dist/ios.js:43:12)
build	Build iOS Locally on Free Cloud Mac	2026-08-22T22:41:49.9572450Z     at async buildAsync (/Users/runner/.npm/_npx/cec30832843bb978/node_modules/eas-cli-local-build-plugin/dist/build.js:58:29)
build	Build iOS Locally on Free Cloud Mac	2026-08-22T22:41:49.9573370Z     at async main (/Users/runner/.npm/_npx/cec30832843bb978/node_modules/eas-cli-local-build-plugin/dist/main.js:16:9)
build	Build iOS Locally on Free Cloud Mac	2026-08-22T22:41:49.9895960Z 
build	Build iOS Locally on Free Cloud Mac	2026-08-22T22:41:49.9906870Z Build context (for debugging this failed local build):
build	Build iOS Locally on Free Cloud Mac	2026-08-22T22:41:49.9912510Z   Platform: ios
build	Build iOS Locally on Free Cloud Mac	2026-08-22T22:41:49.9914230Z   Build profile: production
build	Build iOS Locally on Free Cloud Mac	2026-08-22T22:41:49.9916490Z   Workflow: managed
build	Build iOS Locally on Free Cloud Mac	2026-08-22T22:41:49.9917270Z   Distribution: store
build	Build iOS Locally on Free Cloud Mac	2026-08-22T22:41:49.9917720Z   Credentials source: remote
build	Build iOS Locally on Free Cloud Mac	2026-08-22T22:41:49.9918220Z   Project root directory: .
build	Build iOS Locally on Free Cloud Mac	2026-08-22T22:41:49.9918650Z   Required package manager: npm
build	Build iOS Locally on Free Cloud Mac	2026-08-22T22:41:49.9919030Z   eas-cli version: 22.2.0
build	Build iOS Locally on Free Cloud Mac	2026-08-22T22:41:49.9919420Z   SDK version: 57.0.0
build	Build iOS Locally on Free Cloud Mac	2026-08-22T22:41:49.9919900Z   React Native version: 0.86.2
build	Build iOS Locally on Free Cloud Mac	2026-08-22T22:41:49.9920230Z   Expo package version: 57.0.13
build	Build iOS Locally on Free Cloud Mac	2026-08-22T22:41:49.9920650Z   App version: 1.0.0
build	Build iOS Locally on Free Cloud Mac	2026-08-22T22:41:49.9921030Z   Fingerprint hash: dd58c2c5668b2b4086ca641d026164073975398e
build	Build iOS Locally on Free Cloud Mac	2026-08-22T22:41:49.9948300Z   Build tracking ID: cb1bfbce-086a-4bf3-b1a0-c54bbb305d8e
build	Build iOS Locally on Free Cloud Mac	2026-08-22T22:41:49.9948810Z   Project ID: b0ad43f4-c5c8-4274-9639-2f6965170365
build	Build iOS Locally on Free Cloud Mac	2026-08-22T22:41:49.9949510Z npx -y eas-cli-local-build-plugin@22.0.0 exited with non-zero code: 1
build	Build iOS Locally on Free Cloud Mac	2026-08-22T22:41:50.0043260Z     Error: build command failed.
build	Build iOS Locally on Free Cloud Mac	2026-08-22T22:41:50.0194980Z ##[error]Process completed with exit code 1.
build	Post Checkout Code	﻿2026-08-22T22:41:50.0419910Z Node 20 is being deprecated. This workflow is running with Node 24 by default. If you need to temporarily use Node 20, you can set the ACTIONS_ALLOW_USE_UNSECURE_NODE_VERSION=true environment variable. For more information see: https://github.blog/changelog/2025-09-19-deprecation-of-node-20-on-github-actions-runners/
build	Post Checkout Code	2026-08-22T22:41:50.0420960Z Post job cleanup.
build	Post Checkout Code	2026-08-22T22:41:50.4298810Z [command]/opt/homebrew/bin/git version
build	Post Checkout Code	2026-08-22T22:41:50.4517410Z git version 2.54.0
build	Post Checkout Code	2026-08-22T22:41:50.4560190Z Copying '/Users/runner/.gitconfig' to '/Users/runner/work/_temp/c179a06e-d56d-44bd-a423-ba170c1f3cc3/.gitconfig'
build	Post Checkout Code	2026-08-22T22:41:50.4568160Z Temporarily overriding HOME='/Users/runner/work/_temp/c179a06e-d56d-44bd-a423-ba170c1f3cc3' before making global git config changes
build	Post Checkout Code	2026-08-22T22:41:50.4569160Z Adding repository directory to the temporary git global config as a safe directory
build	Post Checkout Code	2026-08-22T22:41:50.4571670Z [command]/opt/homebrew/bin/git config --global --add safe.directory /Users/runner/work/HenceLogistics/HenceLogistics
build	Post Checkout Code	2026-08-22T22:41:50.4672640Z [command]/opt/homebrew/bin/git config --local --name-only --get-regexp core\.sshCommand
build	Post Checkout Code	2026-08-22T22:41:50.4728900Z [command]/opt/homebrew/bin/git submodule foreach --recursive sh -c "git config --local --name-only --get-regexp 'core\.sshCommand' && git config --local --unset-all 'core.sshCommand' || :"
build	Post Checkout Code	2026-08-22T22:41:50.5564480Z [command]/opt/homebrew/bin/git config --local --name-only --get-regexp http\.https\:\/\/github\.com\/\.extraheader
build	Post Checkout Code	2026-08-22T22:41:50.5604120Z http.https://github.com/.extraheader
build	Post Checkout Code	2026-08-22T22:41:50.5609790Z [command]/opt/homebrew/bin/git config --local --unset-all http.https://github.com/.extraheader
build	Post Checkout Code	2026-08-22T22:41:50.5659240Z [command]/opt/homebrew/bin/git submodule foreach --recursive sh -c "git config --local --name-only --get-regexp 'http\.https\:\/\/github\.com\/\.extraheader' && git config --local --unset-all 'http.https://github.com/.extraheader' || :"
build	Post Checkout Code	2026-08-22T22:41:50.6381540Z [command]/opt/homebrew/bin/git config --local --name-only --get-regexp ^includeIf\.gitdir:
build	Post Checkout Code	2026-08-22T22:41:50.6436910Z [command]/opt/homebrew/bin/git submodule foreach --recursive git config --local --show-origin --name-only --get-regexp remote.origin.url
build	Complete job	﻿2026-08-22T22:41:50.7809460Z Cleaning up orphan processes
build	Complete job	2026-08-22T22:41:51.4751390Z Terminate orphan process: pid (25277) (ibtoold)
build	Complete job	2026-08-22T22:41:51.5375350Z Terminate orphan process: pid (25078) (ibtoold)
build	Complete job	2026-08-22T22:41:51.8178280Z ##[warning]Node.js 20 is deprecated. The following actions target Node.js 20 but are being forced to run on Node.js 24: actions/checkout@v4, actions/setup-node@v4. For more information see: https://github.blog/changelog/2025-09-19-deprecation-of-node-20-on-github-actions-runners/
